store_id,item_id,category,department,hour_ts,units_sold,net_sales,promo_flag
1001,SKU001,produce,produce,2026-05-22T06:00:00,14,8.69,true
1001,SKU001,produce,produce,2026-05-22T07:00:00,16,9.94,true
1001,SKU001,produce,produce,2026-05-22T08:00:00,19,11.80,true
1001,SKU001,produce,produce,2026-05-22T09:00:00,17,10.56,true
1001,SKU001,produce,produce,2026-05-22T10:00:00,14,8.69,true
1001,SKU001,produce,produce,2026-05-22T11:00:00,24,14.90,true
1001,SKU001,produce,produce,2026-05-22T12:00:00,23,14.28,true
1001,SKU001,produce,produce,2026-05-22T13:00:00,7,4.35,true
1001,SKU001,produce,produce,2026-05-22T14:00:00,14,8.69,true
1001,SKU001,produce,produce,2026-05-22T15:00:00,12,7.45,true
1001,SKU001,produce,produce,2026-05-22T16:00:00,20,12.42,true
1001,SKU001,produce,produce,2026-05-22T17:00:00,28,17.39,true
1001,SKU001,produce,produce,2026-05-22T18:00:00,27,16.77,true
1001,SKU001,produce,produce,2026-05-22T19:00:00,13,8.07,true
1001,SKU001,produce,produce,2026-05-22T20:00:00,19,11.80,true
1001,SKU001,produce,produce,2026-05-22T21:00:00,11,6.83,true
1001,SKU001,produce,produce,2026-05-23T06:00:00,23,14.28,true
1001,SKU001,produce,produce,2026-05-23T07:00:00,12,7.45,true
1001,SKU001,produce,produce,2026-05-23T08:00:00,11,6.83,true
1001,SKU001,produce,produce,2026-05-23T09:00:00,8,4.97,true
1001,SKU001,produce,produce,2026-05-23T10:00:00,18,11.18,true
1001,SKU001,produce,produce,2026-05-23T11:00:00,24,14.90,true
1001,SKU001,produce,produce,2026-05-23T12:00:00,19,11.80,true
1001,SKU001,produce,produce,2026-05-23T13:00:00,15,9.31,true
1001,SKU001,produce,produce,2026-05-23T14:00:00,12,7.45,true
1001,SKU001,produce,produce,2026-05-23T15:00:00,14,8.69,true
1001,SKU001,produce,produce,2026-05-23T16:00:00,15,9.31,true
1001,SKU001,produce,produce,2026-05-23T17:00:00,11,6.83,true
1001,SKU001,produce,produce,2026-05-23T18:00:00,22,13.66,true
1001,SKU001,produce,produce,2026-05-23T19:00:00,10,6.21,true
1001,SKU001,produce,produce,2026-05-23T20:00:00,11,6.83,true
1001,SKU001,produce,produce,2026-05-23T21:00:00,10,6.21,true
1001,SKU001,produce,produce,2026-05-24T06:00:00,18,11.18,true
1001,SKU001,produce,produce,2026-05-24T07:00:00,19,11.80,true
1001,SKU001,produce,produce,2026-05-24T08:00:00,13,8.07,true
1001,SKU001,produce,produce,2026-05-24T09:00:00,21,13.04,true
1001,SKU001,produce,produce,2026-05-24T10:00:00,8,4.97,true
1001,SKU001,produce,produce,2026-05-24T11:00:00,22,13.66,true
1001,SKU001,produce,produce,2026-05-24T12:00:00,13,8.07,true
1001,SKU001,produce,produce,2026-05-24T13:00:00,22,13.66,true
1001,SKU001,produce,produce,2026-05-24T14:00:00,9,5.59,true
1001,SKU001,produce,produce,2026-05-24T15:00:00,12,7.45,true
1001,SKU001,produce,produce,2026-05-24T16:00:00,16,9.94,true
1001,SKU001,produce,produce,2026-05-24T17:00:00,28,17.39,true
1001,SKU001,produce,produce,2026-05-24T18:00:00,22,13.66,true
1001,SKU001,produce,produce,2026-05-24T19:00:00,7,4.35,true
1001,SKU001,produce,produce,2026-05-24T20:00:00,7,4.35,true
1001,SKU001,produce,produce,2026-05-24T21:00:00,18,11.18,true
1001,SKU001,produce,produce,2026-05-25T06:00:00,13,8.97,false
1001,SKU001,produce,produce,2026-05-25T07:00:00,10,6.90,false
1001,SKU001,produce,produce,2026-05-25T08:00:00,7,4.83,false
1001,SKU001,produce,produce,2026-05-25T09:00:00,14,9.66,false
1001,SKU001,produce,produce,2026-05-25T10:00:00,8,5.52,false
1001,SKU001,produce,produce,2026-05-25T11:00:00,15,10.35,false
1001,SKU001,produce,produce,2026-05-25T12:00:00,10,6.90,false
1001,SKU001,produce,produce,2026-05-25T13:00:00,11,7.59,false
1001,SKU001,produce,produce,2026-05-25T14:00:00,6,4.14,false
1001,SKU001,produce,produce,2026-05-25T15:00:00,10,6.90,false
1001,SKU001,produce,produce,2026-05-25T16:00:00,8,5.52,false
1001,SKU001,produce,produce,2026-05-25T17:00:00,21,14.49,false
1001,SKU001,produce,produce,2026-05-25T18:00:00,18,12.42,false
1001,SKU001,produce,produce,2026-05-25T19:00:00,15,10.35,false
1001,SKU001,produce,produce,2026-05-25T20:00:00,11,7.59,false
1001,SKU001,produce,produce,2026-05-25T21:00:00,15,10.35,false
1001,SKU001,produce,produce,2026-05-26T06:00:00,11,7.59,false
1001,SKU001,produce,produce,2026-05-26T07:00:00,10,6.90,false
1001,SKU001,produce,produce,2026-05-26T08:00:00,12,8.28,false
1001,SKU001,produce,produce,2026-05-26T09:00:00,9,6.21,false
1001,SKU001,produce,produce,2026-05-26T10:00:00,10,6.90,false
1001,SKU001,produce,produce,2026-05-26T11:00:00,17,11.73,false
1001,SKU001,produce,produce,2026-05-26T12:00:00,19,13.11,false
1001,SKU001,produce,produce,2026-05-26T13:00:00,12,8.28,false
1001,SKU001,produce,produce,2026-05-26T14:00:00,12,8.28,false
1001,SKU001,produce,produce,2026-05-26T15:00:00,12,8.28,false
1001,SKU001,produce,produce,2026-05-26T16:00:00,8,5.52,false
1001,SKU001,produce,produce,2026-05-26T17:00:00,11,7.59,false
1001,SKU001,produce,produce,2026-05-26T18:00:00,13,8.97,false
1001,SKU001,produce,produce,2026-05-26T19:00:00,10,6.90,false
1001,SKU001,produce,produce,2026-05-26T20:00:00,9,6.21,false
1001,SKU001,produce,produce,2026-05-26T21:00:00,11,7.59,false
1001,SKU001,produce,produce,2026-05-27T06:00:00,9,6.21,false
1001,SKU001,produce,produce,2026-05-27T07:00:00,14,9.66,false
1001,SKU001,produce,produce,2026-05-27T08:00:00,7,4.83,false
1001,SKU001,produce,produce,2026-05-27T09:00:00,9,6.21,false
1001,SKU001,produce,produce,2026-05-27T10:00:00,10,6.90,false
1001,SKU001,produce,produce,2026-05-27T11:00:00,16,11.04,false
1001,SKU001,produce,produce,2026-05-27T12:00:00,11,7.59,false
1001,SKU001,produce,produce,2026-05-27T13:00:00,14,9.66,false
1001,SKU001,produce,produce,2026-05-27T14:00:00,12,8.28,false
1001,SKU001,produce,produce,2026-05-27T15:00:00,5,3.45,false
1001,SKU001,produce,produce,2026-05-27T16:00:00,8,5.52,false
1001,SKU001,produce,produce,2026-05-27T17:00:00,16,11.04,false
1001,SKU001,produce,produce,2026-05-27T18:00:00,10,6.90,false
1001,SKU001,produce,produce,2026-05-27T19:00:00,10,6.90,false
1001,SKU001,produce,produce,2026-05-27T20:00:00,10,6.90,false
1001,SKU001,produce,produce,2026-05-27T21:00:00,11,7.59,false
1001,SKU001,produce,produce,2026-05-28T06:00:00,9,6.21,false
1001,SKU001,produce,produce,2026-05-28T07:00:00,12,8.28,false
1001,SKU001,produce,produce,2026-05-28T08:00:00,11,7.59,false
1001,SKU001,produce,produce,2026-05-28T09:00:00,10,6.90,false
1001,SKU001,produce,produce,2026-05-28T10:00:00,10,6.90,false
1001,SKU001,produce,produce,2026-05-28T11:00:00,8,5.52,false
1001,SKU001,produce,produce,2026-05-28T12:00:00,11,7.59,false
1001,SKU001,produce,produce,2026-05-28T13:00:00,14,9.66,false
1001,SKU001,produce,produce,2026-05-28T14:00:00,11,7.59,false
1001,SKU001,produce,produce,2026-05-28T15:00:00,12,8.28,false
1001,SKU001,produce,produce,2026-05-28T16:00:00,13,8.97,false
1001,SKU001,produce,produce,2026-05-28T17:00:00,21,14.49,false
1001,SKU001,produce,produce,2026-05-28T18:00:00,7,4.83,false
1001,SKU001,produce,produce,2026-05-28T19:00:00,9,6.21,false
1001,SKU001,produce,produce,2026-05-28T20:00:00,11,7.59,false
1001,SKU001,produce,produce,2026-05-28T21:00:00,13,8.97,false
1001,SKU001,produce,produce,2026-05-29T06:00:00,9,5.59,true
1001,SKU001,produce,produce,2026-05-29T07:00:00,15,9.31,true
1001,SKU001,produce,produce,2026-05-29T08:00:00,14,8.69,true
1001,SKU001,produce,produce,2026-05-29T09:00:00,12,7.45,true
1001,SKU001,produce,produce,2026-05-29T10:00:00,11,6.83,true
1001,SKU001,produce,produce,2026-05-29T11:00:00,19,11.80,true
1001,SKU001,produce,produce,2026-05-29T12:00:00,37,22.98,true
1001,SKU001,produce,produce,2026-05-29T13:00:00,14,8.69,true
1001,SKU001,produce,produce,2026-05-29T14:00:00,14,8.69,true
1001,SKU001,produce,produce,2026-05-29T15:00:00,11,6.83,true
1001,SKU001,produce,produce,2026-05-29T16:00:00,19,11.80,true
1001,SKU001,produce,produce,2026-05-29T17:00:00,24,14.90,true
1001,SKU001,produce,produce,2026-05-29T18:00:00,28,17.39,true
1001,SKU001,produce,produce,2026-05-29T19:00:00,15,9.31,true
1001,SKU001,produce,produce,2026-05-29T20:00:00,15,9.31,true
1001,SKU001,produce,produce,2026-05-29T21:00:00,14,8.69,true
1001,SKU001,produce,produce,2026-05-30T06:00:00,21,13.04,true
1001,SKU001,produce,produce,2026-05-30T07:00:00,18,11.18,true
1001,SKU001,produce,produce,2026-05-30T08:00:00,19,11.80,true
1001,SKU001,produce,produce,2026-05-30T09:00:00,7,4.35,true
1001,SKU001,produce,produce,2026-05-30T10:00:00,13,8.07,true
1001,SKU001,produce,produce,2026-05-30T11:00:00,17,10.56,true
1001,SKU001,produce,produce,2026-05-30T12:00:00,26,16.15,true
1001,SKU001,produce,produce,2026-05-30T13:00:00,9,5.59,true
1001,SKU001,produce,produce,2026-05-30T14:00:00,13,8.07,true
1001,SKU001,produce,produce,2026-05-30T15:00:00,12,7.45,true
1001,SKU001,produce,produce,2026-05-30T16:00:00,13,8.07,true
1001,SKU001,produce,produce,2026-05-30T17:00:00,16,9.94,true
1001,SKU001,produce,produce,2026-05-30T18:00:00,17,10.56,true
1001,SKU001,produce,produce,2026-05-30T19:00:00,15,9.31,true
1001,SKU001,produce,produce,2026-05-30T20:00:00,11,6.83,true
1001,SKU001,produce,produce,2026-05-30T21:00:00,15,9.31,true
1001,SKU001,produce,produce,2026-05-31T06:00:00,18,11.18,true
1001,SKU001,produce,produce,2026-05-31T07:00:00,9,5.59,true
1001,SKU001,produce,produce,2026-05-31T08:00:00,14,8.69,true
1001,SKU001,produce,produce,2026-05-31T09:00:00,13,8.07,true
1001,SKU001,produce,produce,2026-05-31T10:00:00,15,9.31,true
1001,SKU001,produce,produce,2026-05-31T11:00:00,25,15.53,true
1001,SKU001,produce,produce,2026-05-31T12:00:00,20,12.42,true
1001,SKU001,produce,produce,2026-05-31T13:00:00,15,9.31,true
1001,SKU001,produce,produce,2026-05-31T14:00:00,15,9.31,true
1001,SKU001,produce,produce,2026-05-31T15:00:00,18,11.18,true
1001,SKU001,produce,produce,2026-05-31T16:00:00,11,6.83,true
1001,SKU001,produce,produce,2026-05-31T17:00:00,23,14.28,true
1001,SKU001,produce,produce,2026-05-31T18:00:00,10,6.21,true
1001,SKU001,produce,produce,2026-05-31T19:00:00,10,6.21,true
1001,SKU001,produce,produce,2026-05-31T20:00:00,16,9.94,true
1001,SKU001,produce,produce,2026-05-31T21:00:00,13,8.07,true
1001,SKU001,produce,produce,2026-06-01T06:00:00,12,8.28,false
1001,SKU001,produce,produce,2026-06-01T07:00:00,16,11.04,false
1001,SKU001,produce,produce,2026-06-01T08:00:00,2,1.38,false
1001,SKU001,produce,produce,2026-06-01T09:00:00,10,6.90,false
1001,SKU001,produce,produce,2026-06-01T10:00:00,9,6.21,false
1001,SKU001,produce,produce,2026-06-01T11:00:00,14,9.66,false
1001,SKU001,produce,produce,2026-06-01T12:00:00,12,8.28,false
1001,SKU001,produce,produce,2026-06-01T13:00:00,7,4.83,false
1001,SKU001,produce,produce,2026-06-01T14:00:00,10,6.90,false
1001,SKU001,produce,produce,2026-06-01T15:00:00,9,6.21,false
1001,SKU001,produce,produce,2026-06-01T16:00:00,13,8.97,false
1001,SKU001,produce,produce,2026-06-01T17:00:00,14,9.66,false
1001,SKU001,produce,produce,2026-06-01T18:00:00,12,8.28,false
1001,SKU001,produce,produce,2026-06-01T19:00:00,6,4.14,false
1001,SKU001,produce,produce,2026-06-01T20:00:00,16,11.04,false
1001,SKU001,produce,produce,2026-06-01T21:00:00,12,8.28,false
1001,SKU001,produce,produce,2026-06-02T06:00:00,9,6.21,false
1001,SKU001,produce,produce,2026-06-02T07:00:00,9,6.21,false
1001,SKU001,produce,produce,2026-06-02T08:00:00,8,5.52,false
1001,SKU001,produce,produce,2026-06-02T09:00:00,10,6.90,false
1001,SKU001,produce,produce,2026-06-02T10:00:00,10,6.90,false
1001,SKU001,produce,produce,2026-06-02T11:00:00,14,9.66,false
1001,SKU001,produce,produce,2026-06-02T12:00:00,21,14.49,false
1001,SKU001,produce,produce,2026-06-02T13:00:00,7,4.83,false
1001,SKU001,produce,produce,2026-06-02T14:00:00,11,7.59,false
1001,SKU001,produce,produce,2026-06-02T15:00:00,12,8.28,false
1001,SKU001,produce,produce,2026-06-02T16:00:00,12,8.28,false
1001,SKU001,produce,produce,2026-06-02T17:00:00,14,9.66,false
1001,SKU001,produce,produce,2026-06-02T18:00:00,11,7.59,false
1001,SKU001,produce,produce,2026-06-02T19:00:00,12,8.28,false
1001,SKU001,produce,produce,2026-06-02T20:00:00,10,6.90,false
1001,SKU001,produce,produce,2026-06-02T21:00:00,12,8.28,false
1001,SKU001,produce,produce,2026-06-03T06:00:00,11,7.59,false
1001,SKU001,produce,produce,2026-06-03T07:00:00,7,4.83,false
1001,SKU001,produce,produce,2026-06-03T08:00:00,8,5.52,false
1001,SKU001,produce,produce,2026-06-03T09:00:00,13,8.97,false
1001,SKU001,produce,produce,2026-06-03T10:00:00,13,8.97,false
1001,SKU001,produce,produce,2026-06-03T11:00:00,17,11.73,false
1001,SKU001,produce,produce,2026-06-03T12:00:00,16,11.04,false
1001,SKU001,produce,produce,2026-06-03T13:00:00,13,8.97,false
1001,SKU001,produce,produce,2026-06-03T14:00:00,6,4.14,false
1001,SKU001,produce,produce,2026-06-03T15:00:00,12,8.28,false
1001,SKU001,produce,produce,2026-06-03T16:00:00,14,9.66,false
1001,SKU001,produce,produce,2026-06-03T17:00:00,12,8.28,false
1001,SKU001,produce,produce,2026-06-03T18:00:00,19,13.11,false
1001,SKU001,produce,produce,2026-06-03T19:00:00,11,7.59,false
1001,SKU001,produce,produce,2026-06-03T20:00:00,7,4.83,false
1001,SKU001,produce,produce,2026-06-03T21:00:00,11,7.59,false
1001,SKU001,produce,produce,2026-06-04T06:00:00,12,8.28,false
1001,SKU001,produce,produce,2026-06-04T07:00:00,11,7.59,false
1001,SKU001,produce,produce,2026-06-04T08:00:00,11,7.59,false
1001,SKU001,produce,produce,2026-06-04T09:00:00,11,7.59,false
1001,SKU001,produce,produce,2026-06-04T10:00:00,5,3.45,false
1001,SKU001,produce,produce,2026-06-04T11:00:00,15,10.35,false
1001,SKU001,produce,produce,2026-06-04T12:00:00,22,15.18,false
1001,SKU001,produce,produce,2026-06-04T13:00:00,9,6.21,false
1001,SKU001,produce,produce,2026-06-04T14:00:00,9,6.21,false
1001,SKU001,produce,produce,2026-06-04T15:00:00,12,8.28,false
1001,SKU001,produce,produce,2026-06-04T16:00:00,9,6.21,false
1001,SKU001,produce,produce,2026-06-04T17:00:00,14,9.66,false
1001,SKU001,produce,produce,2026-06-04T18:00:00,8,5.52,false
1001,SKU001,produce,produce,2026-06-04T19:00:00,14,9.66,false
1001,SKU001,produce,produce,2026-06-04T20:00:00,8,5.52,false
1001,SKU001,produce,produce,2026-06-04T21:00:00,11,7.59,false
1001,SKU002,produce,produce,2026-05-22T06:00:00,3,4.47,false
1001,SKU002,produce,produce,2026-05-22T07:00:00,4,5.96,false
1001,SKU002,produce,produce,2026-05-22T08:00:00,4,5.96,false
1001,SKU002,produce,produce,2026-05-22T09:00:00,5,7.45,false
1001,SKU002,produce,produce,2026-05-22T10:00:00,2,2.98,false
1001,SKU002,produce,produce,2026-05-22T11:00:00,2,2.98,false
1001,SKU002,produce,produce,2026-05-22T12:00:00,4,5.96,false
1001,SKU002,produce,produce,2026-05-22T13:00:00,2,2.98,false
1001,SKU002,produce,produce,2026-05-22T14:00:00,3,4.47,false
1001,SKU002,produce,produce,2026-05-22T15:00:00,4,5.96,false
1001,SKU002,produce,produce,2026-05-22T16:00:00,2,2.98,false
1001,SKU002,produce,produce,2026-05-22T17:00:00,5,7.45,false
1001,SKU002,produce,produce,2026-05-22T18:00:00,2,2.98,false
1001,SKU002,produce,produce,2026-05-22T19:00:00,2,2.98,false
1001,SKU002,produce,produce,2026-05-22T20:00:00,3,4.47,false
1001,SKU002,produce,produce,2026-05-22T21:00:00,3,4.47,false
1001,SKU002,produce,produce,2026-05-23T06:00:00,5,7.45,false
1001,SKU002,produce,produce,2026-05-23T07:00:00,2,2.98,false
1001,SKU002,produce,produce,2026-05-23T08:00:00,4,5.96,false
1001,SKU002,produce,produce,2026-05-23T09:00:00,3,4.47,false
1001,SKU002,produce,produce,2026-05-23T10:00:00,3,4.47,false
1001,SKU002,produce,produce,2026-05-23T11:00:00,6,8.94,false
1001,SKU002,produce,produce,2026-05-23T12:00:00,6,8.94,false
1001,SKU002,produce,produce,2026-05-23T13:00:00,4,5.96,false
1001,SKU002,produce,produce,2026-05-23T14:00:00,4,5.96,false
1001,SKU002,produce,produce,2026-05-23T15:00:00,5,7.45,false
1001,SKU002,produce,produce,2026-05-23T16:00:00,4,5.96,false
1001,SKU002,produce,produce,2026-05-23T17:00:00,6,8.94,false
1001,SKU002,produce,produce,2026-05-23T18:00:00,6,8.94,false
1001,SKU002,produce,produce,2026-05-23T19:00:00,3,4.47,false
1001,SKU002,produce,produce,2026-05-23T20:00:00,4,5.96,false
1001,SKU002,produce,produce,2026-05-23T21:00:00,3,4.47,false
1001,SKU002,produce,produce,2026-05-24T06:00:00,5,7.45,false
1001,SKU002,produce,produce,2026-05-24T07:00:00,2,2.98,false
1001,SKU002,produce,produce,2026-05-24T08:00:00,6,8.94,false
1001,SKU002,produce,produce,2026-05-24T09:00:00,4,5.96,false
1001,SKU002,produce,produce,2026-05-24T10:00:00,4,5.96,false
1001,SKU002,produce,produce,2026-05-24T11:00:00,4,5.96,false
1001,SKU002,produce,produce,2026-05-24T12:00:00,5,7.45,false
1001,SKU002,produce,produce,2026-05-24T13:00:00,3,4.47,false
1001,SKU002,produce,produce,2026-05-24T14:00:00,3,4.47,false
1001,SKU002,produce,produce,2026-05-24T15:00:00,3,4.47,false
1001,SKU002,produce,produce,2026-05-24T16:00:00,4,5.96,false
1001,SKU002,produce,produce,2026-05-24T17:00:00,6,8.94,false
1001,SKU002,produce,produce,2026-05-24T18:00:00,5,7.45,false
1001,SKU002,produce,produce,2026-05-24T19:00:00,1,1.49,false
1001,SKU002,produce,produce,2026-05-24T20:00:00,4,5.96,false
1001,SKU002,produce,produce,2026-05-24T21:00:00,3,4.47,false
1001,SKU002,produce,produce,2026-05-25T06:00:00,4,5.96,false
1001,SKU002,produce,produce,2026-05-25T07:00:00,4,5.96,false
1001,SKU002,produce,produce,2026-05-25T08:00:00,4,5.96,false
1001,SKU002,produce,produce,2026-05-25T09:00:00,4,5.96,false
1001,SKU002,produce,produce,2026-05-25T10:00:00,3,4.47,false
1001,SKU002,produce,produce,2026-05-25T11:00:00,6,8.94,false
1001,SKU002,produce,produce,2026-05-25T12:00:00,5,7.45,false
1001,SKU002,produce,produce,2026-05-25T13:00:00,4,5.96,false
1001,SKU002,produce,produce,2026-05-25T14:00:00,4,5.96,false
1001,SKU002,produce,produce,2026-05-25T15:00:00,4,5.96,false
1001,SKU002,produce,produce,2026-05-25T16:00:00,2,2.98,false
1001,SKU002,produce,produce,2026-05-25T17:00:00,4,5.96,false
1001,SKU002,produce,produce,2026-05-25T18:00:00,6,8.94,false
1001,SKU002,produce,produce,2026-05-25T19:00:00,4,5.96,false
1001,SKU002,produce,produce,2026-05-25T20:00:00,5,7.45,false
1001,SKU002,produce,produce,2026-05-25T21:00:00,4,5.96,false
1001,SKU002,produce,produce,2026-05-26T06:00:00,4,5.96,false
1001,SKU002,produce,produce,2026-05-26T07:00:00,4,5.96,false
1001,SKU002,produce,produce,2026-05-26T08:00:00,3,4.47,false
1001,SKU002,produce,produce,2026-05-26T09:00:00,2,2.98,false
1001,SKU002,produce,produce,2026-05-26T10:00:00,4,5.96,false
1001,SKU002,produce,produce,2026-05-26T11:00:00,5,7.45,false
1001,SKU002,produce,produce,2026-05-26T12:00:00,5,7.45,false
1001,SKU002,produce,produce,2026-05-26T13:00:00,4,5.96,false
1001,SKU002,produce,produce,2026-05-26T14:00:00,3,4.47,false
1001,SKU002,produce,produce,2026-05-26T15:00:00,3,4.47,false
1001,SKU002,produce,produce,2026-05-26T16:00:00,5,7.45,false
1001,SKU002,produce,produce,2026-05-26T17:00:00,4,5.96,false
1001,SKU002,produce,produce,2026-05-26T18:00:00,5,7.45,false
1001,SKU002,produce,produce,2026-05-26T19:00:00,4,5.96,false
1001,SKU002,produce,produce,2026-05-26T20:00:00,4,5.96,false
1001,SKU002,produce,produce,2026-05-26T21:00:00,3,4.47,false
1001,SKU002,produce,produce,2026-05-27T06:00:00,3,4.47,false
1001,SKU002,produce,produce,2026-05-27T07:00:00,4,5.96,false
1001,SKU002,produce,produce,2026-05-27T08:00:00,4,5.96,false
1001,SKU002,produce,produce,2026-05-27T09:00:00,5,7.45,false
1001,SKU002,produce,produce,2026-05-27T10:00:00,2,2.98,false
1001,SKU002,produce,produce,2026-05-27T11:00:00,7,10.43,false
1001,SKU002,produce,produce,2026-05-27T12:00:00,5,7.45,false
1001,SKU002,produce,produce,2026-05-27T13:00:00,2,2.98,false
1001,SKU002,produce,produce,2026-05-27T14:00:00,4,5.96,false
1001,SKU002,produce,produce,2026-05-27T15:00:00,4,5.96,false
1001,SKU002,produce,produce,2026-05-27T16:00:00,4,5.96,false
1001,SKU002,produce,produce,2026-05-27T17:00:00,4,5.96,false
1001,SKU002,produce,produce,2026-05-27T18:00:00,6,8.94,false
1001,SKU002,produce,produce,2026-05-27T19:00:00,1,1.49,false
1001,SKU002,produce,produce,2026-05-27T20:00:00,4,5.96,false
1001,SKU002,produce,produce,2026-05-27T21:00:00,3,4.47,false
1001,SKU002,produce,produce,2026-05-28T06:00:00,5,7.45,false
1001,SKU002,produce,produce,2026-05-28T07:00:00,3,4.47,false
1001,SKU002,produce,produce,2026-05-28T08:00:00,3,4.47,false
1001,SKU002,produce,produce,2026-05-28T09:00:00,3,4.47,false
1001,SKU002,produce,produce,2026-05-28T10:00:00,4,5.96,false
1001,SKU002,produce,produce,2026-05-28T11:00:00,5,7.45,false
1001,SKU002,produce,produce,2026-05-28T12:00:00,6,8.94,false
1001,SKU002,produce,produce,2026-05-28T13:00:00,2,2.98,false
1001,SKU002,produce,produce,2026-05-28T14:00:00,3,4.47,false
1001,SKU002,produce,produce,2026-05-28T15:00:00,4,5.96,false
1001,SKU002,produce,produce,2026-05-28T16:00:00,5,7.45,false
1001,SKU002,produce,produce,2026-05-28T17:00:00,6,8.94,false
1001,SKU002,produce,produce,2026-05-28T18:00:00,5,7.45,false
1001,SKU002,produce,produce,2026-05-28T19:00:00,4,5.96,false
1001,SKU002,produce,produce,2026-05-28T20:00:00,4,5.96,false
1001,SKU002,produce,produce,2026-05-28T21:00:00,3,4.47,false
1001,SKU002,produce,produce,2026-05-29T06:00:00,4,5.96,false
1001,SKU002,produce,produce,2026-05-29T07:00:00,3,4.47,false
1001,SKU002,produce,produce,2026-05-29T08:00:00,3,4.47,false
1001,SKU002,produce,produce,2026-05-29T09:00:00,5,7.45,false
1001,SKU002,produce,produce,2026-05-29T10:00:00,4,5.96,false
1001,SKU002,produce,produce,2026-05-29T11:00:00,4,5.96,false
1001,SKU002,produce,produce,2026-05-29T12:00:00,5,7.45,false
1001,SKU002,produce,produce,2026-05-29T13:00:00,4,5.96,false
1001,SKU002,produce,produce,2026-05-29T14:00:00,3,4.47,false
1001,SKU002,produce,produce,2026-05-29T15:00:00,5,7.45,false
1001,SKU002,produce,produce,2026-05-29T16:00:00,3,4.47,false
1001,SKU002,produce,produce,2026-05-29T17:00:00,5,7.45,false
1001,SKU002,produce,produce,2026-05-29T18:00:00,5,7.45,false
1001,SKU002,produce,produce,2026-05-29T19:00:00,4,5.96,false
1001,SKU002,produce,produce,2026-05-29T20:00:00,5,7.45,false
1001,SKU002,produce,produce,2026-05-29T21:00:00,4,5.96,false
1001,SKU002,produce,produce,2026-05-30T06:00:00,4,5.96,false
1001,SKU002,produce,produce,2026-05-30T07:00:00,3,4.47,false
1001,SKU002,produce,produce,2026-05-30T08:00:00,5,7.45,false
1001,SKU002,produce,produce,2026-05-30T09:00:00,4,5.96,false
1001,SKU002,produce,produce,2026-05-30T10:00:00,3,4.47,false
1001,SKU002,produce,produce,2026-05-30T11:00:00,4,5.96,false
1001,SKU002,produce,produce,2026-05-30T12:00:00,8,11.92,false
1001,SKU002,produce,produce,2026-05-30T13:00:00,4,5.96,false
1001,SKU002,produce,produce,2026-05-30T14:00:00,2,2.98,false
1001,SKU002,produce,produce,2026-05-30T15:00:00,2,2.98,false
1001,SKU002,produce,produce,2026-05-30T16:00:00,2,2.98,false
1001,SKU002,produce,produce,2026-05-30T17:00:00,5,7.45,false
1001,SKU002,produce,produce,2026-05-30T18:00:00,4,5.96,false
1001,SKU002,produce,produce,2026-05-30T19:00:00,4,5.96,false
1001,SKU002,produce,produce,2026-05-30T20:00:00,3,4.47,false
1001,SKU002,produce,produce,2026-05-30T21:00:00,5,7.45,false
1001,SKU002,produce,produce,2026-05-31T06:00:00,5,7.45,false
1001,SKU002,produce,produce,2026-05-31T07:00:00,2,2.98,false
1001,SKU002,produce,produce,2026-05-31T08:00:00,1,1.49,false
1001,SKU002,produce,produce,2026-05-31T09:00:00,5,7.45,false
1001,SKU002,produce,produce,2026-05-31T10:00:00,2,2.98,false
1001,SKU002,produce,produce,2026-05-31T11:00:00,7,10.43,false
1001,SKU002,produce,produce,2026-05-31T12:00:00,6,8.94,false
1001,SKU002,produce,produce,2026-05-31T13:00:00,2,2.98,false
1001,SKU002,produce,produce,2026-05-31T14:00:00,4,5.96,false
1001,SKU002,produce,produce,2026-05-31T15:00:00,3,4.47,false
1001,SKU002,produce,produce,2026-05-31T16:00:00,3,4.47,false
1001,SKU002,produce,produce,2026-05-31T17:00:00,4,5.96,false
1001,SKU002,produce,produce,2026-05-31T18:00:00,6,8.94,false
1001,SKU002,produce,produce,2026-05-31T19:00:00,3,4.47,false
1001,SKU002,produce,produce,2026-05-31T20:00:00,2,2.98,false
1001,SKU002,produce,produce,2026-05-31T21:00:00,5,7.45,false
1001,SKU002,produce,produce,2026-06-01T06:00:00,3,4.47,false
1001,SKU002,produce,produce,2026-06-01T07:00:00,3,4.47,false
1001,SKU002,produce,produce,2026-06-01T08:00:00,5,7.45,false
1001,SKU002,produce,produce,2026-06-01T09:00:00,4,5.96,false
1001,SKU002,produce,produce,2026-06-01T10:00:00,4,5.96,false
1001,SKU002,produce,produce,2026-06-01T11:00:00,5,7.45,false
1001,SKU002,produce,produce,2026-06-01T12:00:00,6,8.94,false
1001,SKU002,produce,produce,2026-06-01T13:00:00,3,4.47,false
1001,SKU002,produce,produce,2026-06-01T14:00:00,2,2.98,false
1001,SKU002,produce,produce,2026-06-01T15:00:00,3,4.47,false
1001,SKU002,produce,produce,2026-06-01T16:00:00,3,4.47,false
1001,SKU002,produce,produce,2026-06-01T17:00:00,6,8.94,false
1001,SKU002,produce,produce,2026-06-01T18:00:00,3,4.47,false
1001,SKU002,produce,produce,2026-06-01T19:00:00,3,4.47,false
1001,SKU002,produce,produce,2026-06-01T20:00:00,4,5.96,false
1001,SKU002,produce,produce,2026-06-01T21:00:00,3,4.47,false
1001,SKU002,produce,produce,2026-06-02T06:00:00,4,5.96,false
1001,SKU002,produce,produce,2026-06-02T07:00:00,3,4.47,false
1001,SKU002,produce,produce,2026-06-02T08:00:00,5,7.45,false
1001,SKU002,produce,produce,2026-06-02T09:00:00,5,7.45,false
1001,SKU002,produce,produce,2026-06-02T10:00:00,3,4.47,false
1001,SKU002,produce,produce,2026-06-02T11:00:00,4,5.96,false
1001,SKU002,produce,produce,2026-06-02T12:00:00,2,2.98,false
1001,SKU002,produce,produce,2026-06-02T13:00:00,5,7.45,false
1001,SKU002,produce,produce,2026-06-02T14:00:00,2,2.98,false
1001,SKU002,produce,produce,2026-06-02T15:00:00,3,4.47,false
1001,SKU002,produce,produce,2026-06-02T16:00:00,4,5.96,false
1001,SKU002,produce,produce,2026-06-02T17:00:00,2,2.98,false
1001,SKU002,produce,produce,2026-06-02T18:00:00,3,4.47,false
1001,SKU002,produce,produce,2026-06-02T19:00:00,4,5.96,false
1001,SKU002,produce,produce,2026-06-02T20:00:00,5,7.45,false
1001,SKU002,produce,produce,2026-06-02T21:00:00,3,4.47,false
1001,SKU002,produce,produce,2026-06-03T06:00:00,5,7.45,false
1001,SKU002,produce,produce,2026-06-03T07:00:00,3,4.47,false
1001,SKU002,produce,produce,2026-06-03T08:00:00,3,4.47,false
1001,SKU002,produce,produce,2026-06-03T09:00:00,6,8.94,false
1001,SKU002,produce,produce,2026-06-03T10:00:00,3,4.47,false
1001,SKU002,produce,produce,2026-06-03T11:00:00,3,4.47,false
1001,SKU002,produce,produce,2026-06-03T12:00:00,5,7.45,false
1001,SKU002,produce,produce,2026-06-03T13:00:00,4,5.96,false
1001,SKU002,produce,produce,2026-06-03T14:00:00,2,2.98,false
1001,SKU002,produce,produce,2026-06-03T15:00:00,4,5.96,false
1001,SKU002,produce,produce,2026-06-03T16:00:00,4,5.96,false
1001,SKU002,produce,produce,2026-06-03T17:00:00,4,5.96,false
1001,SKU002,produce,produce,2026-06-03T18:00:00,5,7.45,false
1001,SKU002,produce,produce,2026-06-03T19:00:00,3,4.47,false
1001,SKU002,produce,produce,2026-06-03T20:00:00,3,4.47,false
1001,SKU002,produce,produce,2026-06-03T21:00:00,4,5.96,false
1001,SKU002,produce,produce,2026-06-04T06:00:00,3,4.47,false
1001,SKU002,produce,produce,2026-06-04T07:00:00,3,4.47,false
1001,SKU002,produce,produce,2026-06-04T08:00:00,3,4.47,false
1001,SKU002,produce,produce,2026-06-04T09:00:00,4,5.96,false
1001,SKU002,produce,produce,2026-06-04T10:00:00,6,8.94,false
1001,SKU002,produce,produce,2026-06-04T11:00:00,6,8.94,false
1001,SKU002,produce,produce,2026-06-04T12:00:00,5,7.45,false
1001,SKU002,produce,produce,2026-06-04T13:00:00,3,4.47,false
1001,SKU002,produce,produce,2026-06-04T14:00:00,7,10.43,false
1001,SKU002,produce,produce,2026-06-04T15:00:00,3,4.47,false
1001,SKU002,produce,produce,2026-06-04T16:00:00,3,4.47,false
1001,SKU002,produce,produce,2026-06-04T17:00:00,8,11.92,false
1001,SKU002,produce,produce,2026-06-04T18:00:00,6,8.94,false
1001,SKU002,produce,produce,2026-06-04T19:00:00,5,7.45,false
1001,SKU002,produce,produce,2026-06-04T20:00:00,5,7.45,false
1001,SKU002,produce,produce,2026-06-04T21:00:00,1,1.49,false
1001,SKU003,dairy,dairy,2026-05-22T06:00:00,4,15.44,true
1001,SKU003,dairy,dairy,2026-05-22T07:00:00,5,19.30,true
1001,SKU003,dairy,dairy,2026-05-22T08:00:00,5,19.30,true
1001,SKU003,dairy,dairy,2026-05-22T09:00:00,5,19.30,true
1001,SKU003,dairy,dairy,2026-05-22T10:00:00,5,19.30,true
1001,SKU003,dairy,dairy,2026-05-22T11:00:00,6,23.17,true
1001,SKU003,dairy,dairy,2026-05-22T12:00:00,4,15.44,true
1001,SKU003,dairy,dairy,2026-05-22T13:00:00,5,19.30,true
1001,SKU003,dairy,dairy,2026-05-22T14:00:00,3,11.58,true
1001,SKU003,dairy,dairy,2026-05-22T15:00:00,5,19.30,true
1001,SKU003,dairy,dairy,2026-05-22T16:00:00,3,11.58,true
1001,SKU003,dairy,dairy,2026-05-22T17:00:00,7,27.03,true
1001,SKU003,dairy,dairy,2026-05-22T18:00:00,7,27.03,true
1001,SKU003,dairy,dairy,2026-05-22T19:00:00,5,19.30,true
1001,SKU003,dairy,dairy,2026-05-22T20:00:00,4,15.44,true
1001,SKU003,dairy,dairy,2026-05-22T21:00:00,1,3.86,true
1001,SKU003,dairy,dairy,2026-05-23T06:00:00,5,19.30,true
1001,SKU003,dairy,dairy,2026-05-23T07:00:00,5,19.30,true
1001,SKU003,dairy,dairy,2026-05-23T08:00:00,5,19.30,true
1001,SKU003,dairy,dairy,2026-05-23T09:00:00,3,11.58,true
1001,SKU003,dairy,dairy,2026-05-23T10:00:00,6,23.17,true
1001,SKU003,dairy,dairy,2026-05-23T11:00:00,6,23.17,true
1001,SKU003,dairy,dairy,2026-05-23T12:00:00,5,19.30,true
1001,SKU003,dairy,dairy,2026-05-23T13:00:00,5,19.30,true
1001,SKU003,dairy,dairy,2026-05-23T14:00:00,4,15.44,true
1001,SKU003,dairy,dairy,2026-05-23T15:00:00,3,11.58,true
1001,SKU003,dairy,dairy,2026-05-23T16:00:00,4,15.44,true
1001,SKU003,dairy,dairy,2026-05-23T17:00:00,5,19.30,true
1001,SKU003,dairy,dairy,2026-05-23T18:00:00,10,38.61,true
1001,SKU003,dairy,dairy,2026-05-23T19:00:00,3,11.58,true
1001,SKU003,dairy,dairy,2026-05-23T20:00:00,7,27.03,true
1001,SKU003,dairy,dairy,2026-05-23T21:00:00,3,11.58,true
1001,SKU003,dairy,dairy,2026-05-24T06:00:00,3,11.58,true
1001,SKU003,dairy,dairy,2026-05-24T07:00:00,5,19.30,true
1001,SKU003,dairy,dairy,2026-05-24T08:00:00,4,15.44,true
1001,SKU003,dairy,dairy,2026-05-24T09:00:00,3,11.58,true
1001,SKU003,dairy,dairy,2026-05-24T10:00:00,4,15.44,true
1001,SKU003,dairy,dairy,2026-05-24T11:00:00,5,19.30,true
1001,SKU003,dairy,dairy,2026-05-24T12:00:00,6,23.17,true
1001,SKU003,dairy,dairy,2026-05-24T13:00:00,5,19.30,true
1001,SKU003,dairy,dairy,2026-05-24T14:00:00,6,23.17,true
1001,SKU003,dairy,dairy,2026-05-24T15:00:00,5,19.30,true
1001,SKU003,dairy,dairy,2026-05-24T16:00:00,4,15.44,true
1001,SKU003,dairy,dairy,2026-05-24T17:00:00,6,23.17,true
1001,SKU003,dairy,dairy,2026-05-24T18:00:00,4,15.44,true
1001,SKU003,dairy,dairy,2026-05-24T19:00:00,3,11.58,true
1001,SKU003,dairy,dairy,2026-05-24T20:00:00,5,19.30,true
1001,SKU003,dairy,dairy,2026-05-24T21:00:00,3,11.58,true
1001,SKU003,dairy,dairy,2026-05-25T06:00:00,4,17.16,false
1001,SKU003,dairy,dairy,2026-05-25T07:00:00,2,8.58,false
1001,SKU003,dairy,dairy,2026-05-25T08:00:00,4,17.16,false
1001,SKU003,dairy,dairy,2026-05-25T09:00:00,1,4.29,false
1001,SKU003,dairy,dairy,2026-05-25T10:00:00,3,12.87,false
1001,SKU003,dairy,dairy,2026-05-25T11:00:00,4,17.16,false
1001,SKU003,dairy,dairy,2026-05-25T12:00:00,4,17.16,false
1001,SKU003,dairy,dairy,2026-05-25T13:00:00,4,17.16,false
1001,SKU003,dairy,dairy,2026-05-25T14:00:00,3,12.87,false
1001,SKU003,dairy,dairy,2026-05-25T15:00:00,4,17.16,false
1001,SKU003,dairy,dairy,2026-05-25T16:00:00,2,8.58,false
1001,SKU003,dairy,dairy,2026-05-25T17:00:00,4,17.16,false
1001,SKU003,dairy,dairy,2026-05-25T18:00:00,4,17.16,false
1001,SKU003,dairy,dairy,2026-05-25T19:00:00,2,8.58,false
1001,SKU003,dairy,dairy,2026-05-25T20:00:00,2,8.58,false
1001,SKU003,dairy,dairy,2026-05-25T21:00:00,3,12.87,false
1001,SKU003,dairy,dairy,2026-05-26T06:00:00,3,12.87,false
1001,SKU003,dairy,dairy,2026-05-26T07:00:00,3,12.87,false
1001,SKU003,dairy,dairy,2026-05-26T08:00:00,1,4.29,false
1001,SKU003,dairy,dairy,2026-05-26T09:00:00,2,8.58,false
1001,SKU003,dairy,dairy,2026-05-26T10:00:00,4,17.16,false
1001,SKU003,dairy,dairy,2026-05-26T11:00:00,5,21.45,false
1001,SKU003,dairy,dairy,2026-05-26T12:00:00,5,21.45,false
1001,SKU003,dairy,dairy,2026-05-26T13:00:00,4,17.16,false
1001,SKU003,dairy,dairy,2026-05-26T14:00:00,4,17.16,false
1001,SKU003,dairy,dairy,2026-05-26T15:00:00,5,21.45,false
1001,SKU003,dairy,dairy,2026-05-26T16:00:00,3,12.87,false
1001,SKU003,dairy,dairy,2026-05-26T17:00:00,5,21.45,false
1001,SKU003,dairy,dairy,2026-05-26T18:00:00,5,21.45,false
1001,SKU003,dairy,dairy,2026-05-26T19:00:00,3,12.87,false
1001,SKU003,dairy,dairy,2026-05-26T20:00:00,1,4.29,false
1001,SKU003,dairy,dairy,2026-05-26T21:00:00,2,8.58,false
1001,SKU003,dairy,dairy,2026-05-27T06:00:00,2,8.58,false
1001,SKU003,dairy,dairy,2026-05-27T07:00:00,2,8.58,false
1001,SKU003,dairy,dairy,2026-05-27T08:00:00,2,8.58,false
1001,SKU003,dairy,dairy,2026-05-27T09:00:00,5,21.45,false
1001,SKU003,dairy,dairy,2026-05-27T10:00:00,2,8.58,false
1001,SKU003,dairy,dairy,2026-05-27T11:00:00,5,21.45,false
1001,SKU003,dairy,dairy,2026-05-27T12:00:00,2,8.58,false
1001,SKU003,dairy,dairy,2026-05-27T13:00:00,3,12.87,false
1001,SKU003,dairy,dairy,2026-05-27T14:00:00,4,17.16,false
1001,SKU003,dairy,dairy,2026-05-27T15:00:00,1,4.29,false
1001,SKU003,dairy,dairy,2026-05-27T16:00:00,3,12.87,false
1001,SKU003,dairy,dairy,2026-05-27T17:00:00,4,17.16,false
1001,SKU003,dairy,dairy,2026-05-27T18:00:00,5,21.45,false
1001,SKU003,dairy,dairy,2026-05-27T19:00:00,3,12.87,false
1001,SKU003,dairy,dairy,2026-05-27T20:00:00,2,8.58,false
1001,SKU003,dairy,dairy,2026-05-27T21:00:00,2,8.58,false
1001,SKU003,dairy,dairy,2026-05-28T06:00:00,4,17.16,false
1001,SKU003,dairy,dairy,2026-05-28T07:00:00,2,8.58,false
1001,SKU003,dairy,dairy,2026-05-28T08:00:00,3,12.87,false
1001,SKU003,dairy,dairy,2026-05-28T09:00:00,3,12.87,false
1001,SKU003,dairy,dairy,2026-05-28T10:00:00,4,17.16,false
1001,SKU003,dairy,dairy,2026-05-28T11:00:00,5,21.45,false
1001,SKU003,dairy,dairy,2026-05-28T12:00:00,4,17.16,false
1001,SKU003,dairy,dairy,2026-05-28T13:00:00,4,17.16,false
1001,SKU003,dairy,dairy,2026-05-28T14:00:00,2,8.58,false
1001,SKU003,dairy,dairy,2026-05-28T15:00:00,2,8.58,false
1001,SKU003,dairy,dairy,2026-05-28T16:00:00,3,12.87,false
1001,SKU003,dairy,dairy,2026-05-28T17:00:00,5,21.45,false
1001,SKU003,dairy,dairy,2026-05-28T18:00:00,5,21.45,false
1001,SKU003,dairy,dairy,2026-05-28T19:00:00,4,17.16,false
1001,SKU003,dairy,dairy,2026-05-28T20:00:00,3,12.87,false
1001,SKU003,dairy,dairy,2026-05-28T21:00:00,4,17.16,false
1001,SKU003,dairy,dairy,2026-05-29T06:00:00,6,23.17,true
1001,SKU003,dairy,dairy,2026-05-29T07:00:00,4,15.44,true
1001,SKU003,dairy,dairy,2026-05-29T08:00:00,4,15.44,true
1001,SKU003,dairy,dairy,2026-05-29T09:00:00,5,19.30,true
1001,SKU003,dairy,dairy,2026-05-29T10:00:00,4,15.44,true
1001,SKU003,dairy,dairy,2026-05-29T11:00:00,7,27.03,true
1001,SKU003,dairy,dairy,2026-05-29T12:00:00,7,27.03,true
1001,SKU003,dairy,dairy,2026-05-29T13:00:00,5,19.30,true
1001,SKU003,dairy,dairy,2026-05-29T14:00:00,6,23.17,true
1001,SKU003,dairy,dairy,2026-05-29T15:00:00,3,11.58,true
1001,SKU003,dairy,dairy,2026-05-29T16:00:00,2,7.72,true
1001,SKU003,dairy,dairy,2026-05-29T17:00:00,9,34.75,true
1001,SKU003,dairy,dairy,2026-05-29T18:00:00,9,34.75,true
1001,SKU003,dairy,dairy,2026-05-29T19:00:00,5,19.30,true
1001,SKU003,dairy,dairy,2026-05-29T20:00:00,2,7.72,true
1001,SKU003,dairy,dairy,2026-05-29T21:00:00,4,15.44,true
1001,SKU003,dairy,dairy,2026-05-30T06:00:00,4,15.44,true
1001,SKU003,dairy,dairy,2026-05-30T07:00:00,5,19.30,true
1001,SKU003,dairy,dairy,2026-05-30T08:00:00,4,15.44,true
1001,SKU003,dairy,dairy,2026-05-30T09:00:00,6,23.17,true
1001,SKU003,dairy,dairy,2026-05-30T10:00:00,5,19.30,true
1001,SKU003,dairy,dairy,2026-05-30T11:00:00,5,19.30,true
1001,SKU003,dairy,dairy,2026-05-30T12:00:00,4,15.44,true
1001,SKU003,dairy,dairy,2026-05-30T13:00:00,2,7.72,true
1001,SKU003,dairy,dairy,2026-05-30T14:00:00,5,19.30,true
1001,SKU003,dairy,dairy,2026-05-30T15:00:00,5,19.30,true
1001,SKU003,dairy,dairy,2026-05-30T16:00:00,6,23.17,true
1001,SKU003,dairy,dairy,2026-05-30T17:00:00,9,34.75,true
1001,SKU003,dairy,dairy,2026-05-30T18:00:00,7,27.03,true
1001,SKU003,dairy,dairy,2026-05-30T19:00:00,5,19.30,true
1001,SKU003,dairy,dairy,2026-05-30T20:00:00,2,7.72,true
1001,SKU003,dairy,dairy,2026-05-30T21:00:00,3,11.58,true
1001,SKU003,dairy,dairy,2026-05-31T06:00:00,7,27.03,true
1001,SKU003,dairy,dairy,2026-05-31T07:00:00,6,23.17,true
1001,SKU003,dairy,dairy,2026-05-31T08:00:00,4,15.44,true
1001,SKU003,dairy,dairy,2026-05-31T09:00:00,5,19.30,true
1001,SKU003,dairy,dairy,2026-05-31T10:00:00,5,19.30,true
1001,SKU003,dairy,dairy,2026-05-31T11:00:00,8,30.89,true
1001,SKU003,dairy,dairy,2026-05-31T12:00:00,7,27.03,true
1001,SKU003,dairy,dairy,2026-05-31T13:00:00,4,15.44,true
1001,SKU003,dairy,dairy,2026-05-31T14:00:00,5,19.30,true
1001,SKU003,dairy,dairy,2026-05-31T15:00:00,5,19.30,true
1001,SKU003,dairy,dairy,2026-05-31T16:00:00,3,11.58,true
1001,SKU003,dairy,dairy,2026-05-31T17:00:00,5,19.30,true
1001,SKU003,dairy,dairy,2026-05-31T18:00:00,2,7.72,true
1001,SKU003,dairy,dairy,2026-05-31T19:00:00,3,11.58,true
1001,SKU003,dairy,dairy,2026-05-31T20:00:00,4,15.44,true
1001,SKU003,dairy,dairy,2026-05-31T21:00:00,4,15.44,true
1001,SKU003,dairy,dairy,2026-06-01T06:00:00,2,8.58,false
1001,SKU003,dairy,dairy,2026-06-01T07:00:00,3,12.87,false
1001,SKU003,dairy,dairy,2026-06-01T08:00:00,3,12.87,false
1001,SKU003,dairy,dairy,2026-06-01T09:00:00,3,12.87,false
1001,SKU003,dairy,dairy,2026-06-01T10:00:00,4,17.16,false
1001,SKU003,dairy,dairy,2026-06-01T11:00:00,4,17.16,false
1001,SKU003,dairy,dairy,2026-06-01T12:00:00,2,8.58,false
1001,SKU003,dairy,dairy,2026-06-01T13:00:00,4,17.16,false
1001,SKU003,dairy,dairy,2026-06-01T14:00:00,2,8.58,false
1001,SKU003,dairy,dairy,2026-06-01T15:00:00,2,8.58,false
1001,SKU003,dairy,dairy,2026-06-01T16:00:00,1,4.29,false
1001,SKU003,dairy,dairy,2026-06-01T17:00:00,4,17.16,false
1001,SKU003,dairy,dairy,2026-06-01T18:00:00,5,21.45,false
1001,SKU003,dairy,dairy,2026-06-01T19:00:00,3,12.87,false
1001,SKU003,dairy,dairy,2026-06-01T20:00:00,1,4.29,false
1001,SKU003,dairy,dairy,2026-06-01T21:00:00,4,17.16,false
1001,SKU003,dairy,dairy,2026-06-02T06:00:00,4,17.16,false
1001,SKU003,dairy,dairy,2026-06-02T07:00:00,3,12.87,false
1001,SKU003,dairy,dairy,2026-06-02T08:00:00,1,4.29,false
1001,SKU003,dairy,dairy,2026-06-02T09:00:00,6,25.74,false
1001,SKU003,dairy,dairy,2026-06-02T10:00:00,5,21.45,false
1001,SKU003,dairy,dairy,2026-06-02T11:00:00,6,25.74,false
1001,SKU003,dairy,dairy,2026-06-02T12:00:00,3,12.87,false
1001,SKU003,dairy,dairy,2026-06-02T13:00:00,3,12.87,false
1001,SKU003,dairy,dairy,2026-06-02T14:00:00,2,8.58,false
1001,SKU003,dairy,dairy,2026-06-02T15:00:00,5,21.45,false
1001,SKU003,dairy,dairy,2026-06-02T16:00:00,4,17.16,false
1001,SKU003,dairy,dairy,2026-06-02T17:00:00,6,25.74,false
1001,SKU003,dairy,dairy,2026-06-02T18:00:00,4,17.16,false
1001,SKU003,dairy,dairy,2026-06-02T19:00:00,4,17.16,false
1001,SKU003,dairy,dairy,2026-06-02T20:00:00,1,4.29,false
1001,SKU003,dairy,dairy,2026-06-02T21:00:00,4,17.16,false
1001,SKU003,dairy,dairy,2026-06-03T06:00:00,3,12.87,false
1001,SKU003,dairy,dairy,2026-06-03T07:00:00,4,17.16,false
1001,SKU003,dairy,dairy,2026-06-03T08:00:00,3,12.87,false
1001,SKU003,dairy,dairy,2026-06-03T09:00:00,3,12.87,false
1001,SKU003,dairy,dairy,2026-06-03T10:00:00,3,12.87,false
1001,SKU003,dairy,dairy,2026-06-03T11:00:00,4,17.16,false
1001,SKU003,dairy,dairy,2026-06-03T12:00:00,2,8.58,false
1001,SKU003,dairy,dairy,2026-06-03T13:00:00,2,8.58,false
1001,SKU003,dairy,dairy,2026-06-03T14:00:00,3,12.87,false
1001,SKU003,dairy,dairy,2026-06-03T15:00:00,3,12.87,false
1001,SKU003,dairy,dairy,2026-06-03T16:00:00,5,21.45,false
1001,SKU003,dairy,dairy,2026-06-03T17:00:00,5,21.45,false
1001,SKU003,dairy,dairy,2026-06-03T18:00:00,7,30.03,false
1001,SKU003,dairy,dairy,2026-06-03T19:00:00,3,12.87,false
1001,SKU003,dairy,dairy,2026-06-03T20:00:00,4,17.16,false
1001,SKU003,dairy,dairy,2026-06-03T21:00:00,3,12.87,false
1001,SKU003,dairy,dairy,2026-06-04T06:00:00,2,8.58,false
1001,SKU003,dairy,dairy,2026-06-04T07:00:00,2,8.58,false
1001,SKU003,dairy,dairy,2026-06-04T08:00:00,3,12.87,false
1001,SKU003,dairy,dairy,2026-06-04T09:00:00,4,17.16,false
1001,SKU003,dairy,dairy,2026-06-04T10:00:00,4,17.16,false
1001,SKU003,dairy,dairy,2026-06-04T11:00:00,5,21.45,false
1001,SKU003,dairy,dairy,2026-06-04T12:00:00,4,17.16,false
1001,SKU003,dairy,dairy,2026-06-04T13:00:00,4,17.16,false
1001,SKU003,dairy,dairy,2026-06-04T14:00:00,3,12.87,false
1001,SKU003,dairy,dairy,2026-06-04T15:00:00,2,8.58,false
1001,SKU003,dairy,dairy,2026-06-04T16:00:00,3,12.87,false
1001,SKU003,dairy,dairy,2026-06-04T17:00:00,3,12.87,false
1001,SKU003,dairy,dairy,2026-06-04T18:00:00,7,30.03,false
1001,SKU003,dairy,dairy,2026-06-04T19:00:00,2,8.58,false
1001,SKU003,dairy,dairy,2026-06-04T20:00:00,4,17.16,false
1001,SKU003,dairy,dairy,2026-06-04T21:00:00,4,17.16,false
1001,SKU004,dairy,dairy,2026-05-22T06:00:00,3,4.17,false
1001,SKU004,dairy,dairy,2026-05-22T07:00:00,2,2.78,false
1001,SKU004,dairy,dairy,2026-05-22T08:00:00,1,1.39,false
1001,SKU004,dairy,dairy,2026-05-22T09:00:00,2,2.78,false
1001,SKU004,dairy,dairy,2026-05-22T10:00:00,2,2.78,false
1001,SKU004,dairy,dairy,2026-05-22T11:00:00,5,6.95,false
1001,SKU004,dairy,dairy,2026-05-22T12:00:00,1,1.39,false
1001,SKU004,dairy,dairy,2026-05-22T13:00:00,4,5.56,false
1001,SKU004,dairy,dairy,2026-05-22T14:00:00,2,2.78,false
1001,SKU004,dairy,dairy,2026-05-22T15:00:00,2,2.78,false
1001,SKU004,dairy,dairy,2026-05-22T16:00:00,2,2.78,false
1001,SKU004,dairy,dairy,2026-05-22T17:00:00,3,4.17,false
1001,SKU004,dairy,dairy,2026-05-22T18:00:00,4,5.56,false
1001,SKU004,dairy,dairy,2026-05-22T19:00:00,2,2.78,false
1001,SKU004,dairy,dairy,2026-05-22T20:00:00,3,4.17,false
1001,SKU004,dairy,dairy,2026-05-22T21:00:00,2,2.78,false
1001,SKU004,dairy,dairy,2026-05-23T06:00:00,1,1.39,false
1001,SKU004,dairy,dairy,2026-05-23T07:00:00,4,5.56,false
1001,SKU004,dairy,dairy,2026-05-23T08:00:00,4,5.56,false
1001,SKU004,dairy,dairy,2026-05-23T09:00:00,3,4.17,false
1001,SKU004,dairy,dairy,2026-05-23T10:00:00,2,2.78,false
1001,SKU004,dairy,dairy,2026-05-23T11:00:00,5,6.95,false
1001,SKU004,dairy,dairy,2026-05-23T12:00:00,4,5.56,false
1001,SKU004,dairy,dairy,2026-05-23T13:00:00,2,2.78,false
1001,SKU004,dairy,dairy,2026-05-23T14:00:00,3,4.17,false
1001,SKU004,dairy,dairy,2026-05-23T15:00:00,2,2.78,false
1001,SKU004,dairy,dairy,2026-05-23T16:00:00,3,4.17,false
1001,SKU004,dairy,dairy,2026-05-23T17:00:00,4,5.56,false
1001,SKU004,dairy,dairy,2026-05-23T18:00:00,5,6.95,false
1001,SKU004,dairy,dairy,2026-05-23T19:00:00,2,2.78,false
1001,SKU004,dairy,dairy,2026-05-23T20:00:00,2,2.78,false
1001,SKU004,dairy,dairy,2026-05-23T21:00:00,3,4.17,false
1001,SKU004,dairy,dairy,2026-05-24T06:00:00,3,4.17,false
1001,SKU004,dairy,dairy,2026-05-24T07:00:00,2,2.78,false
1001,SKU004,dairy,dairy,2026-05-24T08:00:00,2,2.78,false
1001,SKU004,dairy,dairy,2026-05-24T09:00:00,3,4.17,false
1001,SKU004,dairy,dairy,2026-05-24T10:00:00,2,2.78,false
1001,SKU004,dairy,dairy,2026-05-24T11:00:00,2,2.78,false
1001,SKU004,dairy,dairy,2026-05-24T12:00:00,5,6.95,false
1001,SKU004,dairy,dairy,2026-05-24T13:00:00,2,2.78,false
1001,SKU004,dairy,dairy,2026-05-24T14:00:00,3,4.17,false
1001,SKU004,dairy,dairy,2026-05-24T15:00:00,3,4.17,false
1001,SKU004,dairy,dairy,2026-05-24T16:00:00,1,1.39,false
1001,SKU004,dairy,dairy,2026-05-24T17:00:00,4,5.56,false
1001,SKU004,dairy,dairy,2026-05-24T18:00:00,3,4.17,false
1001,SKU004,dairy,dairy,2026-05-24T19:00:00,2,2.78,false
1001,SKU004,dairy,dairy,2026-05-24T20:00:00,2,2.78,false
1001,SKU004,dairy,dairy,2026-05-24T21:00:00,1,1.39,false
1001,SKU004,dairy,dairy,2026-05-25T06:00:00,2,2.78,false
1001,SKU004,dairy,dairy,2026-05-25T07:00:00,2,2.78,false
1001,SKU004,dairy,dairy,2026-05-25T08:00:00,3,4.17,false
1001,SKU004,dairy,dairy,2026-05-25T09:00:00,1,1.39,false
1001,SKU004,dairy,dairy,2026-05-25T10:00:00,2,2.78,false
1001,SKU004,dairy,dairy,2026-05-25T11:00:00,3,4.17,false
1001,SKU004,dairy,dairy,2026-05-25T12:00:00,3,4.17,false
1001,SKU004,dairy,dairy,2026-05-25T13:00:00,3,4.17,false
1001,SKU004,dairy,dairy,2026-05-25T14:00:00,3,4.17,false
1001,SKU004,dairy,dairy,2026-05-25T15:00:00,4,5.56,false
1001,SKU004,dairy,dairy,2026-05-25T16:00:00,2,2.78,false
1001,SKU004,dairy,dairy,2026-05-25T17:00:00,2,2.78,false
1001,SKU004,dairy,dairy,2026-05-25T18:00:00,3,4.17,false
1001,SKU004,dairy,dairy,2026-05-25T19:00:00,3,4.17,false
1001,SKU004,dairy,dairy,2026-05-25T20:00:00,2,2.78,false
1001,SKU004,dairy,dairy,2026-05-25T21:00:00,3,4.17,false
1001,SKU004,dairy,dairy,2026-05-26T06:00:00,4,5.56,false
1001,SKU004,dairy,dairy,2026-05-26T07:00:00,2,2.78,false
1001,SKU004,dairy,dairy,2026-05-26T08:00:00,1,1.39,false
1001,SKU004,dairy,dairy,2026-05-26T09:00:00,2,2.78,false
1001,SKU004,dairy,dairy,2026-05-26T10:00:00,3,4.17,false
1001,SKU004,dairy,dairy,2026-05-26T11:00:00,2,2.78,false
1001,SKU004,dairy,dairy,2026-05-26T12:00:00,3,4.17,false
1001,SKU004,dairy,dairy,2026-05-26T13:00:00,4,5.56,false
1001,SKU004,dairy,dairy,2026-05-26T14:00:00,4,5.56,false
1001,SKU004,dairy,dairy,2026-05-26T16:00:00,4,5.56,false
1001,SKU004,dairy,dairy,2026-05-26T17:00:00,3,4.17,false
1001,SKU004,dairy,dairy,2026-05-26T18:00:00,4,5.56,false
1001,SKU004,dairy,dairy,2026-05-26T19:00:00,2,2.78,false
1001,SKU004,dairy,dairy,2026-05-26T20:00:00,2,2.78,false
1001,SKU004,dairy,dairy,2026-05-27T06:00:00,2,2.78,false
1001,SKU004,dairy,dairy,2026-05-27T07:00:00,1,1.39,false
1001,SKU004,dairy,dairy,2026-05-27T08:00:00,4,5.56,false
1001,SKU004,dairy,dairy,2026-05-27T09:00:00,2,2.78,false
1001,SKU004,dairy,dairy,2026-05-27T10:00:00,3,4.17,false
1001,SKU004,dairy,dairy,2026-05-27T11:00:00,3,4.17,false
1001,SKU004,dairy,dairy,2026-05-27T12:00:00,2,2.78,false
1001,SKU004,dairy,dairy,2026-05-27T13:00:00,3,4.17,false
1001,SKU004,dairy,dairy,2026-05-27T14:00:00,5,6.95,false
1001,SKU004,dairy,dairy,2026-05-27T15:00:00,1,1.39,false
1001,SKU004,dairy,dairy,2026-05-27T16:00:00,3,4.17,false
1001,SKU004,dairy,dairy,2026-05-27T17:00:00,4,5.56,false
1001,SKU004,dairy,dairy,2026-05-27T18:00:00,4,5.56,false
1001,SKU004,dairy,dairy,2026-05-27T19:00:00,4,5.56,false
1001,SKU004,dairy,dairy,2026-05-27T20:00:00,3,4.17,false
1001,SKU004,dairy,dairy,2026-05-27T21:00:00,3,4.17,false
1001,SKU004,dairy,dairy,2026-05-28T06:00:00,4,5.56,false
1001,SKU004,dairy,dairy,2026-05-28T07:00:00,3,4.17,false
1001,SKU004,dairy,dairy,2026-05-28T08:00:00,2,2.78,false
1001,SKU004,dairy,dairy,2026-05-28T09:00:00,3,4.17,false
1001,SKU004,dairy,dairy,2026-05-28T10:00:00,1,1.39,false
1001,SKU004,dairy,dairy,2026-05-28T11:00:00,4,5.56,false
1001,SKU004,dairy,dairy,2026-05-28T12:00:00,1,1.39,false
1001,SKU004,dairy,dairy,2026-05-28T13:00:00,3,4.17,false
1001,SKU004,dairy,dairy,2026-05-28T14:00:00,1,1.39,false
1001,SKU004,dairy,dairy,2026-05-28T15:00:00,4,5.56,false
1001,SKU004,dairy,dairy,2026-05-28T16:00:00,2,2.78,false
1001,SKU004,dairy,dairy,2026-05-28T17:00:00,4,5.56,false
1001,SKU004,dairy,dairy,2026-05-28T18:00:00,2,2.78,false
1001,SKU004,dairy,dairy,2026-05-28T19:00:00,1,1.39,false
1001,SKU004,dairy,dairy,2026-05-28T20:00:00,2,2.78,false
1001,SKU004,dairy,dairy,2026-05-28T21:00:00,3,4.17,false
1001,SKU004,dairy,dairy,2026-05-29T06:00:00,1,1.39,false
1001,SKU004,dairy,dairy,2026-05-29T07:00:00,4,5.56,false
1001,SKU004,dairy,dairy,2026-05-29T08:00:00,3,4.17,false
1001,SKU004,dairy,dairy,2026-05-29T09:00:00,2,2.78,false
1001,SKU004,dairy,dairy,2026-05-29T10:00:00,2,2.78,false
1001,SKU004,dairy,dairy,2026-05-29T11:00:00,2,2.78,false
1001,SKU004,dairy,dairy,2026-05-29T12:00:00,2,2.78,false
1001,SKU004,dairy,dairy,2026-05-29T13:00:00,2,2.78,false
1001,SKU004,dairy,dairy,2026-05-29T14:00:00,2,2.78,false
1001,SKU004,dairy,dairy,2026-05-29T15:00:00,2,2.78,false
1001,SKU004,dairy,dairy,2026-05-29T16:00:00,2,2.78,false
1001,SKU004,dairy,dairy,2026-05-29T17:00:00,4,5.56,false
1001,SKU004,dairy,dairy,2026-05-29T18:00:00,5,6.95,false
1001,SKU004,dairy,dairy,2026-05-29T19:00:00,3,4.17,false
1001,SKU004,dairy,dairy,2026-05-29T20:00:00,2,2.78,false
1001,SKU004,dairy,dairy,2026-05-29T21:00:00,1,1.39,false
1001,SKU004,dairy,dairy,2026-05-30T06:00:00,2,2.78,false
1001,SKU004,dairy,dairy,2026-05-30T07:00:00,3,4.17,false
1001,SKU004,dairy,dairy,2026-05-30T08:00:00,1,1.39,false
1001,SKU004,dairy,dairy,2026-05-30T09:00:00,2,2.78,false
1001,SKU004,dairy,dairy,2026-05-30T10:00:00,3,4.17,false
1001,SKU004,dairy,dairy,2026-05-30T11:00:00,3,4.17,false
1001,SKU004,dairy,dairy,2026-05-30T12:00:00,2,2.78,false
1001,SKU004,dairy,dairy,2026-05-30T13:00:00,3,4.17,false
1001,SKU004,dairy,dairy,2026-05-30T14:00:00,2,2.78,false
1001,SKU004,dairy,dairy,2026-05-30T15:00:00,1,1.39,false
1001,SKU004,dairy,dairy,2026-05-30T16:00:00,3,4.17,false
1001,SKU004,dairy,dairy,2026-05-30T17:00:00,1,1.39,false
1001,SKU004,dairy,dairy,2026-05-30T18:00:00,3,4.17,false
1001,SKU004,dairy,dairy,2026-05-30T19:00:00,3,4.17,false
1001,SKU004,dairy,dairy,2026-05-30T20:00:00,4,5.56,false
1001,SKU004,dairy,dairy,2026-05-30T21:00:00,3,4.17,false
1001,SKU004,dairy,dairy,2026-05-31T06:00:00,2,2.78,false
1001,SKU004,dairy,dairy,2026-05-31T07:00:00,2,2.78,false
1001,SKU004,dairy,dairy,2026-05-31T08:00:00,4,5.56,false
1001,SKU004,dairy,dairy,2026-05-31T09:00:00,1,1.39,false
1001,SKU004,dairy,dairy,2026-05-31T10:00:00,3,4.17,false
1001,SKU004,dairy,dairy,2026-05-31T11:00:00,3,4.17,false
1001,SKU004,dairy,dairy,2026-05-31T12:00:00,4,5.56,false
1001,SKU004,dairy,dairy,2026-05-31T13:00:00,2,2.78,false
1001,SKU004,dairy,dairy,2026-05-31T14:00:00,2,2.78,false
1001,SKU004,dairy,dairy,2026-05-31T15:00:00,3,4.17,false
1001,SKU004,dairy,dairy,2026-05-31T16:00:00,3,4.17,false
1001,SKU004,dairy,dairy,2026-05-31T17:00:00,5,6.95,false
1001,SKU004,dairy,dairy,2026-05-31T18:00:00,4,5.56,false
1001,SKU004,dairy,dairy,2026-05-31T19:00:00,2,2.78,false
1001,SKU004,dairy,dairy,2026-05-31T20:00:00,2,2.78,false
1001,SKU004,dairy,dairy,2026-05-31T21:00:00,2,2.78,false
1001,SKU004,dairy,dairy,2026-06-01T06:00:00,1,1.39,false
1001,SKU004,dairy,dairy,2026-06-01T07:00:00,2,2.78,false
1001,SKU004,dairy,dairy,2026-06-01T08:00:00,4,5.56,false
1001,SKU004,dairy,dairy,2026-06-01T09:00:00,2,2.78,false
1001,SKU004,dairy,dairy,2026-06-01T10:00:00,2,2.78,false
1001,SKU004,dairy,dairy,2026-06-01T11:00:00,5,6.95,false
1001,SKU004,dairy,dairy,2026-06-01T12:00:00,2,2.78,false
1001,SKU004,dairy,dairy,2026-06-01T13:00:00,3,4.17,false
1001,SKU004,dairy,dairy,2026-06-01T14:00:00,3,4.17,false
1001,SKU004,dairy,dairy,2026-06-01T15:00:00,1,1.39,false
1001,SKU004,dairy,dairy,2026-06-01T16:00:00,2,2.78,false
1001,SKU004,dairy,dairy,2026-06-01T17:00:00,5,6.95,false
1001,SKU004,dairy,dairy,2026-06-01T18:00:00,2,2.78,false
1001,SKU004,dairy,dairy,2026-06-01T19:00:00,2,2.78,false
1001,SKU004,dairy,dairy,2026-06-01T20:00:00,1,1.39,false
1001,SKU004,dairy,dairy,2026-06-01T21:00:00,2,2.78,false
1001,SKU004,dairy,dairy,2026-06-02T06:00:00,2,2.78,false
1001,SKU004,dairy,dairy,2026-06-02T07:00:00,1,1.39,false
1001,SKU004,dairy,dairy,2026-06-02T08:00:00,2,2.78,false
1001,SKU004,dairy,dairy,2026-06-02T09:00:00,4,5.56,false
1001,SKU004,dairy,dairy,2026-06-02T10:00:00,1,1.39,false
1001,SKU004,dairy,dairy,2026-06-02T11:00:00,4,5.56,false
1001,SKU004,dairy,dairy,2026-06-02T12:00:00,3,4.17,false
1001,SKU004,dairy,dairy,2026-06-02T13:00:00,2,2.78,false
1001,SKU004,dairy,dairy,2026-06-02T14:00:00,2,2.78,false
1001,SKU004,dairy,dairy,2026-06-02T15:00:00,4,5.56,false
1001,SKU004,dairy,dairy,2026-06-02T16:00:00,2,2.78,false
1001,SKU004,dairy,dairy,2026-06-02T17:00:00,5,6.95,false
1001,SKU004,dairy,dairy,2026-06-02T18:00:00,3,4.17,false
1001,SKU004,dairy,dairy,2026-06-02T19:00:00,2,2.78,false
1001,SKU004,dairy,dairy,2026-06-02T20:00:00,5,6.95,false
1001,SKU004,dairy,dairy,2026-06-02T21:00:00,2,2.78,false
1001,SKU004,dairy,dairy,2026-06-03T06:00:00,2,2.78,false
1001,SKU004,dairy,dairy,2026-06-03T07:00:00,2,2.78,false
1001,SKU004,dairy,dairy,2026-06-03T08:00:00,2,2.78,false
1001,SKU004,dairy,dairy,2026-06-03T09:00:00,3,4.17,false
1001,SKU004,dairy,dairy,2026-06-03T10:00:00,3,4.17,false
1001,SKU004,dairy,dairy,2026-06-03T11:00:00,4,5.56,false
1001,SKU004,dairy,dairy,2026-06-03T12:00:00,3,4.17,false
1001,SKU004,dairy,dairy,2026-06-03T13:00:00,3,4.17,false
1001,SKU004,dairy,dairy,2026-06-03T14:00:00,3,4.17,false
1001,SKU004,dairy,dairy,2026-06-03T15:00:00,2,2.78,false
1001,SKU004,dairy,dairy,2026-06-03T16:00:00,1,1.39,false
1001,SKU004,dairy,dairy,2026-06-03T17:00:00,2,2.78,false
1001,SKU004,dairy,dairy,2026-06-03T18:00:00,4,5.56,false
1001,SKU004,dairy,dairy,2026-06-03T19:00:00,3,4.17,false
1001,SKU004,dairy,dairy,2026-06-03T20:00:00,3,4.17,false
1001,SKU004,dairy,dairy,2026-06-03T21:00:00,1,1.39,false
1001,SKU004,dairy,dairy,2026-06-04T06:00:00,2,2.78,false
1001,SKU004,dairy,dairy,2026-06-04T07:00:00,2,2.78,false
1001,SKU004,dairy,dairy,2026-06-04T08:00:00,2,2.78,false
1001,SKU004,dairy,dairy,2026-06-04T09:00:00,4,5.56,false
1001,SKU004,dairy,dairy,2026-06-04T10:00:00,1,1.39,false
1001,SKU004,dairy,dairy,2026-06-04T11:00:00,4,5.56,false
1001,SKU004,dairy,dairy,2026-06-04T12:00:00,3,4.17,false
1001,SKU004,dairy,dairy,2026-06-04T13:00:00,3,4.17,false
1001,SKU004,dairy,dairy,2026-06-04T14:00:00,4,5.56,false
1001,SKU004,dairy,dairy,2026-06-04T15:00:00,2,2.78,false
1001,SKU004,dairy,dairy,2026-06-04T16:00:00,3,4.17,false
1001,SKU004,dairy,dairy,2026-06-04T17:00:00,2,2.78,false
1001,SKU004,dairy,dairy,2026-06-04T18:00:00,3,4.17,false
1001,SKU004,dairy,dairy,2026-06-04T20:00:00,3,4.17,false
1001,SKU004,dairy,dairy,2026-06-04T21:00:00,3,4.17,false
1001,SKU005,meat,meat,2026-05-22T06:00:00,2,16.98,false
1001,SKU005,meat,meat,2026-05-22T07:00:00,1,8.49,false
1001,SKU005,meat,meat,2026-05-22T08:00:00,3,25.47,false
1001,SKU005,meat,meat,2026-05-22T09:00:00,2,16.98,false
1001,SKU005,meat,meat,2026-05-22T10:00:00,1,8.49,false
1001,SKU005,meat,meat,2026-05-22T11:00:00,5,42.45,false
1001,SKU005,meat,meat,2026-05-22T12:00:00,4,33.96,false
1001,SKU005,meat,meat,2026-05-22T13:00:00,4,33.96,false
1001,SKU005,meat,meat,2026-05-22T14:00:00,1,8.49,false
1001,SKU005,meat,meat,2026-05-22T15:00:00,1,8.49,false
1001,SKU005,meat,meat,2026-05-22T16:00:00,2,16.98,false
1001,SKU005,meat,meat,2026-05-22T17:00:00,3,25.47,false
1001,SKU005,meat,meat,2026-05-22T18:00:00,3,25.47,false
1001,SKU005,meat,meat,2026-05-22T19:00:00,2,16.98,false
1001,SKU005,meat,meat,2026-05-22T20:00:00,2,16.98,false
1001,SKU005,meat,meat,2026-05-22T21:00:00,3,25.47,false
1001,SKU005,meat,meat,2026-05-23T06:00:00,6,50.94,false
1001,SKU005,meat,meat,2026-05-23T07:00:00,4,33.96,false
1001,SKU005,meat,meat,2026-05-23T08:00:00,1,8.49,false
1001,SKU005,meat,meat,2026-05-23T09:00:00,3,25.47,false
1001,SKU005,meat,meat,2026-05-23T10:00:00,2,16.98,false
1001,SKU005,meat,meat,2026-05-23T11:00:00,3,25.47,false
1001,SKU005,meat,meat,2026-05-23T12:00:00,3,25.47,false
1001,SKU005,meat,meat,2026-05-23T13:00:00,2,16.98,false
1001,SKU005,meat,meat,2026-05-23T14:00:00,2,16.98,false
1001,SKU005,meat,meat,2026-05-23T15:00:00,3,25.47,false
1001,SKU005,meat,meat,2026-05-23T16:00:00,4,33.96,false
1001,SKU005,meat,meat,2026-05-23T17:00:00,4,33.96,false
1001,SKU005,meat,meat,2026-05-23T18:00:00,2,16.98,false
1001,SKU005,meat,meat,2026-05-23T19:00:00,3,25.47,false
1001,SKU005,meat,meat,2026-05-23T20:00:00,2,16.98,false
1001,SKU005,meat,meat,2026-05-23T21:00:00,3,25.47,false
1001,SKU005,meat,meat,2026-05-24T06:00:00,1,8.49,false
1001,SKU005,meat,meat,2026-05-24T07:00:00,2,16.98,false
1001,SKU005,meat,meat,2026-05-24T08:00:00,3,25.47,false
1001,SKU005,meat,meat,2026-05-24T09:00:00,4,33.96,false
1001,SKU005,meat,meat,2026-05-24T10:00:00,2,16.98,false
1001,SKU005,meat,meat,2026-05-24T11:00:00,3,25.47,false
1001,SKU005,meat,meat,2026-05-24T12:00:00,2,16.98,false
1001,SKU005,meat,meat,2026-05-24T14:00:00,2,16.98,false
1001,SKU005,meat,meat,2026-05-24T15:00:00,2,16.98,false
1001,SKU005,meat,meat,2026-05-24T16:00:00,1,8.49,false
1001,SKU005,meat,meat,2026-05-24T17:00:00,3,25.47,false
1001,SKU005,meat,meat,2026-05-24T18:00:00,5,42.45,false
1001,SKU005,meat,meat,2026-05-24T19:00:00,2,16.98,false
1001,SKU005,meat,meat,2026-05-24T20:00:00,1,8.49,false
1001,SKU005,meat,meat,2026-05-24T21:00:00,2,16.98,false
1001,SKU005,meat,meat,2026-05-25T06:00:00,3,25.47,false
1001,SKU005,meat,meat,2026-05-25T07:00:00,1,8.49,false
1001,SKU005,meat,meat,2026-05-25T08:00:00,2,16.98,false
1001,SKU005,meat,meat,2026-05-25T09:00:00,3,25.47,false
1001,SKU005,meat,meat,2026-05-25T11:00:00,4,33.96,false
1001,SKU005,meat,meat,2026-05-25T12:00:00,4,33.96,false
1001,SKU005,meat,meat,2026-05-25T13:00:00,2,16.98,false
1001,SKU005,meat,meat,2026-05-25T14:00:00,1,8.49,false
1001,SKU005,meat,meat,2026-05-25T15:00:00,2,16.98,false
1001,SKU005,meat,meat,2026-05-25T16:00:00,1,8.49,false
1001,SKU005,meat,meat,2026-05-25T17:00:00,2,16.98,false
1001,SKU005,meat,meat,2026-05-25T18:00:00,3,25.47,false
1001,SKU005,meat,meat,2026-05-25T19:00:00,2,16.98,false
1001,SKU005,meat,meat,2026-05-25T20:00:00,3,25.47,false
1001,SKU005,meat,meat,2026-05-25T21:00:00,1,8.49,false
1001,SKU005,meat,meat,2026-05-26T06:00:00,2,16.98,false
1001,SKU005,meat,meat,2026-05-26T08:00:00,3,25.47,false
1001,SKU005,meat,meat,2026-05-26T09:00:00,2,16.98,false
1001,SKU005,meat,meat,2026-05-26T10:00:00,2,16.98,false
1001,SKU005,meat,meat,2026-05-26T11:00:00,4,33.96,false
1001,SKU005,meat,meat,2026-05-26T12:00:00,2,16.98,false
1001,SKU005,meat,meat,2026-05-26T13:00:00,2,16.98,false
1001,SKU005,meat,meat,2026-05-26T14:00:00,4,33.96,false
1001,SKU005,meat,meat,2026-05-26T15:00:00,2,16.98,false
1001,SKU005,meat,meat,2026-05-26T16:00:00,2,16.98,false
1001,SKU005,meat,meat,2026-05-26T17:00:00,3,25.47,false
1001,SKU005,meat,meat,2026-05-26T18:00:00,3,25.47,false
1001,SKU005,meat,meat,2026-05-26T19:00:00,2,16.98,false
1001,SKU005,meat,meat,2026-05-26T20:00:00,3,25.47,false
1001,SKU005,meat,meat,2026-05-26T21:00:00,3,25.47,false
1001,SKU005,meat,meat,2026-05-27T06:00:00,1,8.49,false
1001,SKU005,meat,meat,2026-05-27T08:00:00,2,16.98,false
1001,SKU005,meat,meat,2026-05-27T09:00:00,2,16.98,false
1001,SKU005,meat,meat,2026-05-27T10:00:00,1,8.49,false
1001,SKU005,meat,meat,2026-05-27T11:00:00,3,25.47,false
1001,SKU005,meat,meat,2026-05-27T12:00:00,2,16.98,false
1001,SKU005,meat,meat,2026-05-27T13:00:00,1,8.49,false
1001,SKU005,meat,meat,2026-05-27T14:00:00,1,8.49,false
1001,SKU005,meat,meat,2026-05-27T15:00:00,2,16.98,false
1001,SKU005,meat,meat,2026-05-27T16:00:00,1,8.49,false
1001,SKU005,meat,meat,2026-05-27T17:00:00,3,25.47,false
1001,SKU005,meat,meat,2026-05-27T18:00:00,5,42.45,false
1001,SKU005,meat,meat,2026-05-27T19:00:00,1,8.49,false
1001,SKU005,meat,meat,2026-05-27T20:00:00,4,33.96,false
1001,SKU005,meat,meat,2026-05-27T21:00:00,4,33.96,false
1001,SKU005,meat,meat,2026-05-28T06:00:00,4,33.96,false
1001,SKU005,meat,meat,2026-05-28T07:00:00,3,25.47,false
1001,SKU005,meat,meat,2026-05-28T08:00:00,1,8.49,false
1001,SKU005,meat,meat,2026-05-28T09:00:00,2,16.98,false
1001,SKU005,meat,meat,2026-05-28T10:00:00,2,16.98,false
1001,SKU005,meat,meat,2026-05-28T11:00:00,4,33.96,false
1001,SKU005,meat,meat,2026-05-28T12:00:00,2,16.98,false
1001,SKU005,meat,meat,2026-05-28T13:00:00,2,16.98,false
1001,SKU005,meat,meat,2026-05-28T14:00:00,2,16.98,false
1001,SKU005,meat,meat,2026-05-28T15:00:00,3,25.47,false
1001,SKU005,meat,meat,2026-05-28T17:00:00,2,16.98,false
1001,SKU005,meat,meat,2026-05-28T18:00:00,1,8.49,false
1001,SKU005,meat,meat,2026-05-28T19:00:00,3,25.47,false
1001,SKU005,meat,meat,2026-05-28T20:00:00,3,25.47,false
1001,SKU005,meat,meat,2026-05-28T21:00:00,2,16.98,false
1001,SKU005,meat,meat,2026-05-29T06:00:00,1,8.49,false
1001,SKU005,meat,meat,2026-05-29T07:00:00,1,8.49,false
1001,SKU005,meat,meat,2026-05-29T08:00:00,1,8.49,false
1001,SKU005,meat,meat,2026-05-29T09:00:00,3,25.47,false
1001,SKU005,meat,meat,2026-05-29T10:00:00,3,25.47,false
1001,SKU005,meat,meat,2026-05-29T11:00:00,5,42.45,false
1001,SKU005,meat,meat,2026-05-29T12:00:00,5,42.45,false
1001,SKU005,meat,meat,2026-05-29T13:00:00,2,16.98,false
1001,SKU005,meat,meat,2026-05-29T14:00:00,3,25.47,false
1001,SKU005,meat,meat,2026-05-29T15:00:00,3,25.47,false
1001,SKU005,meat,meat,2026-05-29T16:00:00,1,8.49,false
1001,SKU005,meat,meat,2026-05-29T17:00:00,2,16.98,false
1001,SKU005,meat,meat,2026-05-29T18:00:00,4,33.96,false
1001,SKU005,meat,meat,2026-05-29T19:00:00,3,25.47,false
1001,SKU005,meat,meat,2026-05-29T20:00:00,3,25.47,false
1001,SKU005,meat,meat,2026-05-29T21:00:00,2,16.98,false
1001,SKU005,meat,meat,2026-05-30T06:00:00,3,25.47,false
1001,SKU005,meat,meat,2026-05-30T07:00:00,2,16.98,false
1001,SKU005,meat,meat,2026-05-30T08:00:00,4,33.96,false
1001,SKU005,meat,meat,2026-05-30T09:00:00,3,25.47,false
1001,SKU005,meat,meat,2026-05-30T10:00:00,4,33.96,false
1001,SKU005,meat,meat,2026-05-30T11:00:00,3,25.47,false
1001,SKU005,meat,meat,2026-05-30T12:00:00,2,16.98,false
1001,SKU005,meat,meat,2026-05-30T13:00:00,4,33.96,false
1001,SKU005,meat,meat,2026-05-30T14:00:00,3,25.47,false
1001,SKU005,meat,meat,2026-05-30T15:00:00,3,25.47,false
1001,SKU005,meat,meat,2026-05-30T16:00:00,2,16.98,false
1001,SKU005,meat,meat,2026-05-30T17:00:00,2,16.98,false
1001,SKU005,meat,meat,2026-05-30T18:00:00,5,42.45,false
1001,SKU005,meat,meat,2026-05-30T19:00:00,1,8.49,false
1001,SKU005,meat,meat,2026-05-30T20:00:00,2,16.98,false
1001,SKU005,meat,meat,2026-05-30T21:00:00,2,16.98,false
1001,SKU005,meat,meat,2026-05-31T06:00:00,2,16.98,false
1001,SKU005,meat,meat,2026-05-31T07:00:00,2,16.98,false
1001,SKU005,meat,meat,2026-05-31T08:00:00,1,8.49,false
1001,SKU005,meat,meat,2026-05-31T11:00:00,3,25.47,false
1001,SKU005,meat,meat,2026-05-31T12:00:00,6,50.94,false
1001,SKU005,meat,meat,2026-05-31T13:00:00,2,16.98,false
1001,SKU005,meat,meat,2026-05-31T14:00:00,3,25.47,false
1001,SKU005,meat,meat,2026-05-31T15:00:00,1,8.49,false
1001,SKU005,meat,meat,2026-05-31T16:00:00,1,8.49,false
1001,SKU005,meat,meat,2026-05-31T17:00:00,4,33.96,false
1001,SKU005,meat,meat,2026-05-31T18:00:00,3,25.47,false
1001,SKU005,meat,meat,2026-05-31T19:00:00,1,8.49,false
1001,SKU005,meat,meat,2026-05-31T20:00:00,2,16.98,false
1001,SKU005,meat,meat,2026-05-31T21:00:00,3,25.47,false
1001,SKU005,meat,meat,2026-06-01T06:00:00,2,16.98,false
1001,SKU005,meat,meat,2026-06-01T07:00:00,2,16.98,false
1001,SKU005,meat,meat,2026-06-01T08:00:00,1,8.49,false
1001,SKU005,meat,meat,2026-06-01T09:00:00,2,16.98,false
1001,SKU005,meat,meat,2026-06-01T10:00:00,1,8.49,false
1001,SKU005,meat,meat,2026-06-01T11:00:00,6,50.94,false
1001,SKU005,meat,meat,2026-06-01T12:00:00,3,25.47,false
1001,SKU005,meat,meat,2026-06-01T13:00:00,2,16.98,false
1001,SKU005,meat,meat,2026-06-01T14:00:00,1,8.49,false
1001,SKU005,meat,meat,2026-06-01T15:00:00,1,8.49,false
1001,SKU005,meat,meat,2026-06-01T16:00:00,2,16.98,false
1001,SKU005,meat,meat,2026-06-01T17:00:00,4,33.96,false
1001,SKU005,meat,meat,2026-06-01T18:00:00,3,25.47,false
1001,SKU005,meat,meat,2026-06-01T19:00:00,3,25.47,false
1001,SKU005,meat,meat,2026-06-01T20:00:00,2,16.98,false
1001,SKU005,meat,meat,2026-06-01T21:00:00,1,8.49,false
1001,SKU005,meat,meat,2026-06-02T06:00:00,1,8.49,false
1001,SKU005,meat,meat,2026-06-02T07:00:00,3,25.47,false
1001,SKU005,meat,meat,2026-06-02T08:00:00,2,16.98,false
1001,SKU005,meat,meat,2026-06-02T09:00:00,2,16.98,false
1001,SKU005,meat,meat,2026-06-02T10:00:00,2,16.98,false
1001,SKU005,meat,meat,2026-06-02T11:00:00,2,16.98,false
1001,SKU005,meat,meat,2026-06-02T12:00:00,2,16.98,false
1001,SKU005,meat,meat,2026-06-02T13:00:00,2,16.98,false
1001,SKU005,meat,meat,2026-06-02T14:00:00,2,16.98,false
1001,SKU005,meat,meat,2026-06-02T15:00:00,2,16.98,false
1001,SKU005,meat,meat,2026-06-02T16:00:00,4,33.96,false
1001,SKU005,meat,meat,2026-06-02T17:00:00,2,16.98,false
1001,SKU005,meat,meat,2026-06-02T18:00:00,5,42.45,false
1001,SKU005,meat,meat,2026-06-02T19:00:00,3,25.47,false
1001,SKU005,meat,meat,2026-06-02T20:00:00,2,16.98,false
1001,SKU005,meat,meat,2026-06-02T21:00:00,3,25.47,false
1001,SKU005,meat,meat,2026-06-03T06:00:00,1,8.49,false
1001,SKU005,meat,meat,2026-06-03T07:00:00,1,8.49,false
1001,SKU005,meat,meat,2026-06-03T08:00:00,2,16.98,false
1001,SKU005,meat,meat,2026-06-03T09:00:00,2,16.98,false
1001,SKU005,meat,meat,2026-06-03T10:00:00,1,8.49,false
1001,SKU005,meat,meat,2026-06-03T11:00:00,2,16.98,false
1001,SKU005,meat,meat,2026-06-03T12:00:00,4,33.96,false
1001,SKU005,meat,meat,2026-06-03T13:00:00,1,8.49,false
1001,SKU005,meat,meat,2026-06-03T15:00:00,1,8.49,false
1001,SKU005,meat,meat,2026-06-03T16:00:00,2,16.98,false
1001,SKU005,meat,meat,2026-06-03T17:00:00,3,25.47,false
1001,SKU005,meat,meat,2026-06-03T18:00:00,5,42.45,false
1001,SKU005,meat,meat,2026-06-03T19:00:00,3,25.47,false
1001,SKU005,meat,meat,2026-06-03T20:00:00,1,8.49,false
1001,SKU005,meat,meat,2026-06-03T21:00:00,2,16.98,false
1001,SKU005,meat,meat,2026-06-04T06:00:00,2,16.98,false
1001,SKU005,meat,meat,2026-06-04T07:00:00,2,16.98,false
1001,SKU005,meat,meat,2026-06-04T08:00:00,4,33.96,false
1001,SKU005,meat,meat,2026-06-04T09:00:00,3,25.47,false
1001,SKU005,meat,meat,2026-06-04T10:00:00,2,16.98,false
1001,SKU005,meat,meat,2026-06-04T11:00:00,5,42.45,false
1001,SKU005,meat,meat,2026-06-04T12:00:00,3,25.47,false
1001,SKU005,meat,meat,2026-06-04T13:00:00,1,8.49,false
1001,SKU005,meat,meat,2026-06-04T14:00:00,3,25.47,false
1001,SKU005,meat,meat,2026-06-04T15:00:00,3,25.47,false
1001,SKU005,meat,meat,2026-06-04T17:00:00,4,33.96,false
1001,SKU005,meat,meat,2026-06-04T18:00:00,3,25.47,false
1001,SKU005,meat,meat,2026-06-04T19:00:00,2,16.98,false
1001,SKU005,meat,meat,2026-06-04T20:00:00,2,16.98,false
1001,SKU005,meat,meat,2026-06-04T21:00:00,2,16.98,false
1001,SKU006,meat,meat,2026-05-22T07:00:00,1,7.99,false
1001,SKU006,meat,meat,2026-05-22T08:00:00,2,15.98,false
1001,SKU006,meat,meat,2026-05-22T10:00:00,2,15.98,false
1001,SKU006,meat,meat,2026-05-22T11:00:00,3,23.97,false
1001,SKU006,meat,meat,2026-05-22T12:00:00,3,23.97,false
1001,SKU006,meat,meat,2026-05-22T13:00:00,3,23.97,false
1001,SKU006,meat,meat,2026-05-22T14:00:00,3,23.97,false
1001,SKU006,meat,meat,2026-05-22T15:00:00,2,15.98,false
1001,SKU006,meat,meat,2026-05-22T16:00:00,3,23.97,false
1001,SKU006,meat,meat,2026-05-22T17:00:00,2,15.98,false
1001,SKU006,meat,meat,2026-05-22T18:00:00,4,31.96,false
1001,SKU006,meat,meat,2026-05-22T19:00:00,2,15.98,false
1001,SKU006,meat,meat,2026-05-22T20:00:00,2,15.98,false
1001,SKU006,meat,meat,2026-05-22T21:00:00,1,7.99,false
1001,SKU006,meat,meat,2026-05-23T07:00:00,1,7.99,false
1001,SKU006,meat,meat,2026-05-23T08:00:00,1,7.99,false
1001,SKU006,meat,meat,2026-05-23T09:00:00,2,15.98,false
1001,SKU006,meat,meat,2026-05-23T10:00:00,3,23.97,false
1001,SKU006,meat,meat,2026-05-23T11:00:00,2,15.98,false
1001,SKU006,meat,meat,2026-05-23T12:00:00,3,23.97,false
1001,SKU006,meat,meat,2026-05-23T13:00:00,2,15.98,false
1001,SKU006,meat,meat,2026-05-23T14:00:00,2,15.98,false
1001,SKU006,meat,meat,2026-05-23T15:00:00,1,7.99,false
1001,SKU006,meat,meat,2026-05-23T16:00:00,2,15.98,false
1001,SKU006,meat,meat,2026-05-23T17:00:00,1,7.99,false
1001,SKU006,meat,meat,2026-05-23T18:00:00,4,31.96,false
1001,SKU006,meat,meat,2026-05-23T19:00:00,2,15.98,false
1001,SKU006,meat,meat,2026-05-23T20:00:00,1,7.99,false
1001,SKU006,meat,meat,2026-05-23T21:00:00,2,15.98,false
1001,SKU006,meat,meat,2026-05-24T07:00:00,2,15.98,false
1001,SKU006,meat,meat,2026-05-24T08:00:00,1,7.99,false
1001,SKU006,meat,meat,2026-05-24T10:00:00,2,15.98,false
1001,SKU006,meat,meat,2026-05-24T11:00:00,1,7.99,false
1001,SKU006,meat,meat,2026-05-24T12:00:00,4,31.96,false
1001,SKU006,meat,meat,2026-05-24T13:00:00,1,7.99,false
1001,SKU006,meat,meat,2026-05-24T14:00:00,1,7.99,false
1001,SKU006,meat,meat,2026-05-24T15:00:00,1,7.99,false
1001,SKU006,meat,meat,2026-05-24T16:00:00,2,15.98,false
1001,SKU006,meat,meat,2026-05-24T17:00:00,1,7.99,false
1001,SKU006,meat,meat,2026-05-24T18:00:00,3,23.97,false
1001,SKU006,meat,meat,2026-05-24T19:00:00,2,15.98,false
1001,SKU006,meat,meat,2026-05-24T20:00:00,2,15.98,false
1001,SKU006,meat,meat,2026-05-24T21:00:00,3,23.97,false
1001,SKU006,meat,meat,2026-05-25T07:00:00,3,23.97,false
1001,SKU006,meat,meat,2026-05-25T08:00:00,3,23.97,false
1001,SKU006,meat,meat,2026-05-25T09:00:00,1,7.99,false
1001,SKU006,meat,meat,2026-05-25T10:00:00,3,23.97,false
1001,SKU006,meat,meat,2026-05-25T11:00:00,2,15.98,false
1001,SKU006,meat,meat,2026-05-25T12:00:00,2,15.98,false
1001,SKU006,meat,meat,2026-05-25T13:00:00,1,7.99,false
1001,SKU006,meat,meat,2026-05-25T14:00:00,2,15.98,false
1001,SKU006,meat,meat,2026-05-25T15:00:00,3,23.97,false
1001,SKU006,meat,meat,2026-05-25T16:00:00,2,15.98,false
1001,SKU006,meat,meat,2026-05-25T17:00:00,2,15.98,false
1001,SKU006,meat,meat,2026-05-25T18:00:00,3,23.97,false
1001,SKU006,meat,meat,2026-05-25T19:00:00,2,15.98,false
1001,SKU006,meat,meat,2026-05-25T20:00:00,3,23.97,false
1001,SKU006,meat,meat,2026-05-25T21:00:00,3,23.97,false
1001,SKU006,meat,meat,2026-05-26T06:00:00,1,7.99,false
1001,SKU006,meat,meat,2026-05-26T07:00:00,2,15.98,false
1001,SKU006,meat,meat,2026-05-26T08:00:00,3,23.97,false
1001,SKU006,meat,meat,2026-05-26T09:00:00,2,15.98,false
1001,SKU006,meat,meat,2026-05-26T10:00:00,1,7.99,false
1001,SKU006,meat,meat,2026-05-26T11:00:00,3,23.97,false
1001,SKU006,meat,meat,2026-05-26T12:00:00,3,23.97,false
1001,SKU006,meat,meat,2026-05-26T13:00:00,1,7.99,false
1001,SKU006,meat,meat,2026-05-26T14:00:00,1,7.99,false
1001,SKU006,meat,meat,2026-05-26T16:00:00,1,7.99,false
1001,SKU006,meat,meat,2026-05-26T17:00:00,2,15.98,false
1001,SKU006,meat,meat,2026-05-26T18:00:00,4,31.96,false
1001,SKU006,meat,meat,2026-05-26T19:00:00,2,15.98,false
1001,SKU006,meat,meat,2026-05-26T20:00:00,2,15.98,false
1001,SKU006,meat,meat,2026-05-26T21:00:00,2,15.98,false
1001,SKU006,meat,meat,2026-05-27T06:00:00,3,23.97,false
1001,SKU006,meat,meat,2026-05-27T08:00:00,2,15.98,false
1001,SKU006,meat,meat,2026-05-27T09:00:00,3,23.97,false
1001,SKU006,meat,meat,2026-05-27T10:00:00,2,15.98,false
1001,SKU006,meat,meat,2026-05-27T11:00:00,4,31.96,false
1001,SKU006,meat,meat,2026-05-27T12:00:00,2,15.98,false
1001,SKU006,meat,meat,2026-05-27T13:00:00,1,7.99,false
1001,SKU006,meat,meat,2026-05-27T14:00:00,1,7.99,false
1001,SKU006,meat,meat,2026-05-27T15:00:00,3,23.97,false
1001,SKU006,meat,meat,2026-05-27T16:00:00,3,23.97,false
1001,SKU006,meat,meat,2026-05-27T17:00:00,3,23.97,false
1001,SKU006,meat,meat,2026-05-27T18:00:00,3,23.97,false
1001,SKU006,meat,meat,2026-05-27T20:00:00,4,31.96,false
1001,SKU006,meat,meat,2026-05-27T21:00:00,1,7.99,false
1001,SKU006,meat,meat,2026-05-28T06:00:00,2,15.98,false
1001,SKU006,meat,meat,2026-05-28T07:00:00,1,7.99,false
1001,SKU006,meat,meat,2026-05-28T08:00:00,2,15.98,false
1001,SKU006,meat,meat,2026-05-28T10:00:00,3,23.97,false
1001,SKU006,meat,meat,2026-05-28T11:00:00,5,39.95,false
1001,SKU006,meat,meat,2026-05-28T12:00:00,2,15.98,false
1001,SKU006,meat,meat,2026-05-28T13:00:00,1,7.99,false
1001,SKU006,meat,meat,2026-05-28T14:00:00,2,15.98,false
1001,SKU006,meat,meat,2026-05-28T15:00:00,3,23.97,false
1001,SKU006,meat,meat,2026-05-28T16:00:00,3,23.97,false
1001,SKU006,meat,meat,2026-05-28T17:00:00,3,23.97,false
1001,SKU006,meat,meat,2026-05-28T18:00:00,3,23.97,false
1001,SKU006,meat,meat,2026-05-28T21:00:00,3,23.97,false
1001,SKU006,meat,meat,2026-05-29T06:00:00,3,23.97,false
1001,SKU006,meat,meat,2026-05-29T08:00:00,1,7.99,false
1001,SKU006,meat,meat,2026-05-29T09:00:00,2,15.98,false
1001,SKU006,meat,meat,2026-05-29T11:00:00,3,23.97,false
1001,SKU006,meat,meat,2026-05-29T12:00:00,4,31.96,false
1001,SKU006,meat,meat,2026-05-29T14:00:00,1,7.99,false
1001,SKU006,meat,meat,2026-05-29T15:00:00,3,23.97,false
1001,SKU006,meat,meat,2026-05-29T16:00:00,2,15.98,false
1001,SKU006,meat,meat,2026-05-29T17:00:00,3,23.97,false
1001,SKU006,meat,meat,2026-05-29T18:00:00,1,7.99,false
1001,SKU006,meat,meat,2026-05-29T19:00:00,2,15.98,false
1001,SKU006,meat,meat,2026-05-29T20:00:00,3,23.97,false
1001,SKU006,meat,meat,2026-05-29T21:00:00,3,23.97,false
1001,SKU006,meat,meat,2026-05-30T06:00:00,1,7.99,false
1001,SKU006,meat,meat,2026-05-30T07:00:00,2,15.98,false
1001,SKU006,meat,meat,2026-05-30T08:00:00,1,7.99,false
1001,SKU006,meat,meat,2026-05-30T09:00:00,2,15.98,false
1001,SKU006,meat,meat,2026-05-30T11:00:00,1,7.99,false
1001,SKU006,meat,meat,2026-05-30T12:00:00,2,15.98,false
1001,SKU006,meat,meat,2026-05-30T13:00:00,2,15.98,false
1001,SKU006,meat,meat,2026-05-30T14:00:00,2,15.98,false
1001,SKU006,meat,meat,2026-05-30T15:00:00,1,7.99,false
1001,SKU006,meat,meat,2026-05-30T16:00:00,2,15.98,false
1001,SKU006,meat,meat,2026-05-30T17:00:00,2,15.98,false
1001,SKU006,meat,meat,2026-05-30T18:00:00,3,23.97,false
1001,SKU006,meat,meat,2026-05-30T19:00:00,3,23.97,false
1001,SKU006,meat,meat,2026-05-30T20:00:00,3,23.97,false
1001,SKU006,meat,meat,2026-05-31T06:00:00,4,31.96,false
1001,SKU006,meat,meat,2026-05-31T07:00:00,2,15.98,false
1001,SKU006,meat,meat,2026-05-31T08:00:00,1,7.99,false
1001,SKU006,meat,meat,2026-05-31T09:00:00,3,23.97,false
1001,SKU006,meat,meat,2026-05-31T10:00:00,2,15.98,false
1001,SKU006,meat,meat,2026-05-31T11:00:00,3,23.97,false
1001,SKU006,meat,meat,2026-05-31T12:00:00,3,23.97,false
1001,SKU006,meat,meat,2026-05-31T13:00:00,2,15.98,false
1001,SKU006,meat,meat,2026-05-31T14:00:00,3,23.97,false
1001,SKU006,meat,meat,2026-05-31T16:00:00,1,7.99,false
1001,SKU006,meat,meat,2026-05-31T17:00:00,3,23.97,false
1001,SKU006,meat,meat,2026-05-31T18:00:00,2,15.98,false
1001,SKU006,meat,meat,2026-05-31T19:00:00,1,7.99,false
1001,SKU006,meat,meat,2026-05-31T20:00:00,2,15.98,false
1001,SKU006,meat,meat,2026-05-31T21:00:00,2,15.98,false
1001,SKU006,meat,meat,2026-06-01T06:00:00,3,23.97,false
1001,SKU006,meat,meat,2026-06-01T07:00:00,2,15.98,false
1001,SKU006,meat,meat,2026-06-01T08:00:00,2,15.98,false
1001,SKU006,meat,meat,2026-06-01T09:00:00,3,23.97,false
1001,SKU006,meat,meat,2026-06-01T10:00:00,4,31.96,false
1001,SKU006,meat,meat,2026-06-01T11:00:00,2,15.98,false
1001,SKU006,meat,meat,2026-06-01T12:00:00,3,23.97,false
1001,SKU006,meat,meat,2026-06-01T13:00:00,1,7.99,false
1001,SKU006,meat,meat,2026-06-01T14:00:00,1,7.99,false
1001,SKU006,meat,meat,2026-06-01T15:00:00,2,15.98,false
1001,SKU006,meat,meat,2026-06-01T16:00:00,2,15.98,false
1001,SKU006,meat,meat,2026-06-01T17:00:00,2,15.98,false
1001,SKU006,meat,meat,2026-06-01T18:00:00,1,7.99,false
1001,SKU006,meat,meat,2026-06-01T20:00:00,1,7.99,false
1001,SKU006,meat,meat,2026-06-01T21:00:00,2,15.98,false
1001,SKU006,meat,meat,2026-06-02T06:00:00,1,7.99,false
1001,SKU006,meat,meat,2026-06-02T07:00:00,2,15.98,false
1001,SKU006,meat,meat,2026-06-02T08:00:00,2,15.98,false
1001,SKU006,meat,meat,2026-06-02T09:00:00,3,23.97,false
1001,SKU006,meat,meat,2026-06-02T10:00:00,1,7.99,false
1001,SKU006,meat,meat,2026-06-02T11:00:00,2,15.98,false
1001,SKU006,meat,meat,2026-06-02T13:00:00,2,15.98,false
1001,SKU006,meat,meat,2026-06-02T15:00:00,2,15.98,false
1001,SKU006,meat,meat,2026-06-02T16:00:00,3,23.97,false
1001,SKU006,meat,meat,2026-06-02T17:00:00,2,15.98,false
1001,SKU006,meat,meat,2026-06-02T18:00:00,4,31.96,false
1001,SKU006,meat,meat,2026-06-02T19:00:00,1,7.99,false
1001,SKU006,meat,meat,2026-06-02T20:00:00,1,7.99,false
1001,SKU006,meat,meat,2026-06-02T21:00:00,2,15.98,false
1001,SKU006,meat,meat,2026-06-03T06:00:00,1,7.99,false
1001,SKU006,meat,meat,2026-06-03T07:00:00,2,15.98,false
1001,SKU006,meat,meat,2026-06-03T08:00:00,3,23.97,false
1001,SKU006,meat,meat,2026-06-03T09:00:00,2,15.98,false
1001,SKU006,meat,meat,2026-06-03T10:00:00,1,7.99,false
1001,SKU006,meat,meat,2026-06-03T11:00:00,2,15.98,false
1001,SKU006,meat,meat,2026-06-03T12:00:00,3,23.97,false
1001,SKU006,meat,meat,2026-06-03T13:00:00,2,15.98,false
1001,SKU006,meat,meat,2026-06-03T14:00:00,2,15.98,false
1001,SKU006,meat,meat,2026-06-03T15:00:00,1,7.99,false
1001,SKU006,meat,meat,2026-06-03T16:00:00,1,7.99,false
1001,SKU006,meat,meat,2026-06-03T17:00:00,3,23.97,false
1001,SKU006,meat,meat,2026-06-03T18:00:00,3,23.97,false
1001,SKU006,meat,meat,2026-06-03T19:00:00,4,31.96,false
1001,SKU006,meat,meat,2026-06-03T20:00:00,2,15.98,false
1001,SKU006,meat,meat,2026-06-03T21:00:00,2,15.98,false
1001,SKU006,meat,meat,2026-06-04T06:00:00,1,7.99,false
1001,SKU006,meat,meat,2026-06-04T07:00:00,2,15.98,false
1001,SKU006,meat,meat,2026-06-04T08:00:00,3,23.97,false
1001,SKU006,meat,meat,2026-06-04T09:00:00,2,15.98,false
1001,SKU006,meat,meat,2026-06-04T10:00:00,1,7.99,false
1001,SKU006,meat,meat,2026-06-04T11:00:00,2,15.98,false
1001,SKU006,meat,meat,2026-06-04T12:00:00,3,23.97,false
1001,SKU006,meat,meat,2026-06-04T14:00:00,2,15.98,false
1001,SKU006,meat,meat,2026-06-04T15:00:00,3,23.97,false
1001,SKU006,meat,meat,2026-06-04T16:00:00,2,15.98,false
1001,SKU006,meat,meat,2026-06-04T17:00:00,2,15.98,false
1001,SKU006,meat,meat,2026-06-04T18:00:00,2,15.98,false
1001,SKU006,meat,meat,2026-06-04T19:00:00,1,7.99,false
1001,SKU006,meat,meat,2026-06-04T21:00:00,2,15.98,false
1001,SKU007,bakery,bakery,2026-05-22T06:00:00,2,7.98,false
1001,SKU007,bakery,bakery,2026-05-22T07:00:00,2,7.98,false
1001,SKU007,bakery,bakery,2026-05-22T08:00:00,3,11.97,false
1001,SKU007,bakery,bakery,2026-05-22T09:00:00,2,7.98,false
1001,SKU007,bakery,bakery,2026-05-22T10:00:00,2,7.98,false
1001,SKU007,bakery,bakery,2026-05-22T11:00:00,3,11.97,false
1001,SKU007,bakery,bakery,2026-05-22T12:00:00,4,15.96,false
1001,SKU007,bakery,bakery,2026-05-22T14:00:00,2,7.98,false
1001,SKU007,bakery,bakery,2026-05-22T16:00:00,2,7.98,false
1001,SKU007,bakery,bakery,2026-05-22T17:00:00,3,11.97,false
1001,SKU007,bakery,bakery,2026-05-22T18:00:00,4,15.96,false
1001,SKU007,bakery,bakery,2026-05-22T19:00:00,1,3.99,false
1001,SKU007,bakery,bakery,2026-05-22T20:00:00,2,7.98,false
1001,SKU007,bakery,bakery,2026-05-22T21:00:00,1,3.99,false
1001,SKU007,bakery,bakery,2026-05-23T06:00:00,2,7.98,false
1001,SKU007,bakery,bakery,2026-05-23T07:00:00,1,3.99,false
1001,SKU007,bakery,bakery,2026-05-23T08:00:00,2,7.98,false
1001,SKU007,bakery,bakery,2026-05-23T09:00:00,1,3.99,false
1001,SKU007,bakery,bakery,2026-05-23T10:00:00,1,3.99,false
1001,SKU007,bakery,bakery,2026-05-23T12:00:00,2,7.98,false
1001,SKU007,bakery,bakery,2026-05-23T13:00:00,1,3.99,false
1001,SKU007,bakery,bakery,2026-05-23T14:00:00,1,3.99,false
1001,SKU007,bakery,bakery,2026-05-23T15:00:00,1,3.99,false
1001,SKU007,bakery,bakery,2026-05-23T16:00:00,2,7.98,false
1001,SKU007,bakery,bakery,2026-05-23T17:00:00,2,7.98,false
1001,SKU007,bakery,bakery,2026-05-23T18:00:00,2,7.98,false
1001,SKU007,bakery,bakery,2026-05-23T19:00:00,3,11.97,false
1001,SKU007,bakery,bakery,2026-05-23T20:00:00,2,7.98,false
1001,SKU007,bakery,bakery,2026-05-23T21:00:00,2,7.98,false
1001,SKU007,bakery,bakery,2026-05-24T06:00:00,3,11.97,false
1001,SKU007,bakery,bakery,2026-05-24T07:00:00,1,3.99,false
1001,SKU007,bakery,bakery,2026-05-24T08:00:00,3,11.97,false
1001,SKU007,bakery,bakery,2026-05-24T09:00:00,3,11.97,false
1001,SKU007,bakery,bakery,2026-05-24T10:00:00,1,3.99,false
1001,SKU007,bakery,bakery,2026-05-24T11:00:00,4,15.96,false
1001,SKU007,bakery,bakery,2026-05-24T12:00:00,4,15.96,false
1001,SKU007,bakery,bakery,2026-05-24T13:00:00,1,3.99,false
1001,SKU007,bakery,bakery,2026-05-24T14:00:00,2,7.98,false
1001,SKU007,bakery,bakery,2026-05-24T15:00:00,2,7.98,false
1001,SKU007,bakery,bakery,2026-05-24T16:00:00,1,3.99,false
1001,SKU007,bakery,bakery,2026-05-24T17:00:00,4,15.96,false
1001,SKU007,bakery,bakery,2026-05-24T18:00:00,2,7.98,false
1001,SKU007,bakery,bakery,2026-05-24T19:00:00,3,11.97,false
1001,SKU007,bakery,bakery,2026-05-24T20:00:00,2,7.98,false
1001,SKU007,bakery,bakery,2026-05-24T21:00:00,2,7.98,false
1001,SKU007,bakery,bakery,2026-05-25T06:00:00,2,7.98,false
1001,SKU007,bakery,bakery,2026-05-25T07:00:00,3,11.97,false
1001,SKU007,bakery,bakery,2026-05-25T08:00:00,1,3.99,false
1001,SKU007,bakery,bakery,2026-05-25T09:00:00,1,3.99,false
1001,SKU007,bakery,bakery,2026-05-25T10:00:00,4,15.96,false
1001,SKU007,bakery,bakery,2026-05-25T11:00:00,5,19.95,false
1001,SKU007,bakery,bakery,2026-05-25T12:00:00,3,11.97,false
1001,SKU007,bakery,bakery,2026-05-25T13:00:00,3,11.97,false
1001,SKU007,bakery,bakery,2026-05-25T14:00:00,1,3.99,false
1001,SKU007,bakery,bakery,2026-05-25T16:00:00,2,7.98,false
1001,SKU007,bakery,bakery,2026-05-25T17:00:00,3,11.97,false
1001,SKU007,bakery,bakery,2026-05-25T18:00:00,3,11.97,false
1001,SKU007,bakery,bakery,2026-05-25T19:00:00,3,11.97,false
1001,SKU007,bakery,bakery,2026-05-25T20:00:00,1,3.99,false
1001,SKU007,bakery,bakery,2026-05-25T21:00:00,3,11.97,false
1001,SKU007,bakery,bakery,2026-05-26T06:00:00,3,11.97,false
1001,SKU007,bakery,bakery,2026-05-26T07:00:00,1,3.99,false
1001,SKU007,bakery,bakery,2026-05-26T08:00:00,2,7.98,false
1001,SKU007,bakery,bakery,2026-05-26T09:00:00,2,7.98,false
1001,SKU007,bakery,bakery,2026-05-26T10:00:00,1,3.99,false
1001,SKU007,bakery,bakery,2026-05-26T11:00:00,2,7.98,false
1001,SKU007,bakery,bakery,2026-05-26T12:00:00,3,11.97,false
1001,SKU007,bakery,bakery,2026-05-26T13:00:00,1,3.99,false
1001,SKU007,bakery,bakery,2026-05-26T14:00:00,2,7.98,false
1001,SKU007,bakery,bakery,2026-05-26T15:00:00,1,3.99,false
1001,SKU007,bakery,bakery,2026-05-26T16:00:00,2,7.98,false
1001,SKU007,bakery,bakery,2026-05-26T17:00:00,2,7.98,false
1001,SKU007,bakery,bakery,2026-05-26T18:00:00,2,7.98,false
1001,SKU007,bakery,bakery,2026-05-26T19:00:00,3,11.97,false
1001,SKU007,bakery,bakery,2026-05-26T20:00:00,2,7.98,false
1001,SKU007,bakery,bakery,2026-05-26T21:00:00,1,3.99,false
1001,SKU007,bakery,bakery,2026-05-27T06:00:00,3,11.97,false
1001,SKU007,bakery,bakery,2026-05-27T07:00:00,4,15.96,false
1001,SKU007,bakery,bakery,2026-05-27T08:00:00,2,7.98,false
1001,SKU007,bakery,bakery,2026-05-27T09:00:00,2,7.98,false
1001,SKU007,bakery,bakery,2026-05-27T10:00:00,3,11.97,false
1001,SKU007,bakery,bakery,2026-05-27T11:00:00,4,15.96,false
1001,SKU007,bakery,bakery,2026-05-27T12:00:00,4,15.96,false
1001,SKU007,bakery,bakery,2026-05-27T13:00:00,2,7.98,false
1001,SKU007,bakery,bakery,2026-05-27T14:00:00,3,11.97,false
1001,SKU007,bakery,bakery,2026-05-27T15:00:00,2,7.98,false
1001,SKU007,bakery,bakery,2026-05-27T16:00:00,2,7.98,false
1001,SKU007,bakery,bakery,2026-05-27T17:00:00,3,11.97,false
1001,SKU007,bakery,bakery,2026-05-27T18:00:00,4,15.96,false
1001,SKU007,bakery,bakery,2026-05-27T19:00:00,2,7.98,false
1001,SKU007,bakery,bakery,2026-05-27T20:00:00,3,11.97,false
1001,SKU007,bakery,bakery,2026-05-27T21:00:00,3,11.97,false
1001,SKU007,bakery,bakery,2026-05-28T06:00:00,2,7.98,false
1001,SKU007,bakery,bakery,2026-05-28T07:00:00,2,7.98,false
1001,SKU007,bakery,bakery,2026-05-28T08:00:00,3,11.97,false
1001,SKU007,bakery,bakery,2026-05-28T10:00:00,1,3.99,false
1001,SKU007,bakery,bakery,2026-05-28T11:00:00,2,7.98,false
1001,SKU007,bakery,bakery,2026-05-28T12:00:00,4,15.96,false
1001,SKU007,bakery,bakery,2026-05-28T13:00:00,1,3.99,false
1001,SKU007,bakery,bakery,2026-05-28T14:00:00,2,7.98,false
1001,SKU007,bakery,bakery,2026-05-28T15:00:00,2,7.98,false
1001,SKU007,bakery,bakery,2026-05-28T16:00:00,1,3.99,false
1001,SKU007,bakery,bakery,2026-05-28T17:00:00,4,15.96,false
1001,SKU007,bakery,bakery,2026-05-28T18:00:00,6,23.94,false
1001,SKU007,bakery,bakery,2026-05-28T19:00:00,3,11.97,false
1001,SKU007,bakery,bakery,2026-05-28T20:00:00,2,7.98,false
1001,SKU007,bakery,bakery,2026-05-28T21:00:00,3,11.97,false
1001,SKU007,bakery,bakery,2026-05-29T07:00:00,2,7.98,false
1001,SKU007,bakery,bakery,2026-05-29T08:00:00,1,3.99,false
1001,SKU007,bakery,bakery,2026-05-29T09:00:00,3,11.97,false
1001,SKU007,bakery,bakery,2026-05-29T10:00:00,3,11.97,false
1001,SKU007,bakery,bakery,2026-05-29T11:00:00,2,7.98,false
1001,SKU007,bakery,bakery,2026-05-29T12:00:00,4,15.96,false
1001,SKU007,bakery,bakery,2026-05-29T13:00:00,2,7.98,false
1001,SKU007,bakery,bakery,2026-05-29T14:00:00,4,15.96,false
1001,SKU007,bakery,bakery,2026-05-29T15:00:00,1,3.99,false
1001,SKU007,bakery,bakery,2026-05-29T16:00:00,3,11.97,false
1001,SKU007,bakery,bakery,2026-05-29T17:00:00,3,11.97,false
1001,SKU007,bakery,bakery,2026-05-29T18:00:00,2,7.98,false
1001,SKU007,bakery,bakery,2026-05-29T19:00:00,1,3.99,false
1001,SKU007,bakery,bakery,2026-05-29T20:00:00,1,3.99,false
1001,SKU007,bakery,bakery,2026-05-29T21:00:00,2,7.98,false
1001,SKU007,bakery,bakery,2026-05-30T06:00:00,2,7.98,false
1001,SKU007,bakery,bakery,2026-05-30T07:00:00,2,7.98,false
1001,SKU007,bakery,bakery,2026-05-30T08:00:00,1,3.99,false
1001,SKU007,bakery,bakery,2026-05-30T09:00:00,1,3.99,false
1001,SKU007,bakery,bakery,2026-05-30T10:00:00,4,15.96,false
1001,SKU007,bakery,bakery,2026-05-30T11:00:00,3,11.97,false
1001,SKU007,bakery,bakery,2026-05-30T12:00:00,1,3.99,false
1001,SKU007,bakery,bakery,2026-05-30T13:00:00,3,11.97,false
1001,SKU007,bakery,bakery,2026-05-30T14:00:00,1,3.99,false
1001,SKU007,bakery,bakery,2026-05-30T15:00:00,4,15.96,false
1001,SKU007,bakery,bakery,2026-05-30T16:00:00,1,3.99,false
1001,SKU007,bakery,bakery,2026-05-30T17:00:00,4,15.96,false
1001,SKU007,bakery,bakery,2026-05-30T18:00:00,4,15.96,false
1001,SKU007,bakery,bakery,2026-05-30T19:00:00,4,15.96,false
1001,SKU007,bakery,bakery,2026-05-30T20:00:00,1,3.99,false
1001,SKU007,bakery,bakery,2026-05-30T21:00:00,3,11.97,false
1001,SKU007,bakery,bakery,2026-05-31T06:00:00,3,11.97,false
1001,SKU007,bakery,bakery,2026-05-31T07:00:00,3,11.97,false
1001,SKU007,bakery,bakery,2026-05-31T08:00:00,2,7.98,false
1001,SKU007,bakery,bakery,2026-05-31T09:00:00,2,7.98,false
1001,SKU007,bakery,bakery,2026-05-31T10:00:00,1,3.99,false
1001,SKU007,bakery,bakery,2026-05-31T11:00:00,3,11.97,false
1001,SKU007,bakery,bakery,2026-05-31T12:00:00,3,11.97,false
1001,SKU007,bakery,bakery,2026-05-31T13:00:00,1,3.99,false
1001,SKU007,bakery,bakery,2026-05-31T14:00:00,2,7.98,false
1001,SKU007,bakery,bakery,2026-05-31T15:00:00,3,11.97,false
1001,SKU007,bakery,bakery,2026-05-31T16:00:00,2,7.98,false
1001,SKU007,bakery,bakery,2026-05-31T17:00:00,4,15.96,false
1001,SKU007,bakery,bakery,2026-05-31T18:00:00,4,15.96,false
1001,SKU007,bakery,bakery,2026-05-31T19:00:00,2,7.98,false
1001,SKU007,bakery,bakery,2026-05-31T20:00:00,1,3.99,false
1001,SKU007,bakery,bakery,2026-05-31T21:00:00,1,3.99,false
1001,SKU007,bakery,bakery,2026-06-01T06:00:00,1,3.99,false
1001,SKU007,bakery,bakery,2026-06-01T07:00:00,1,3.99,false
1001,SKU007,bakery,bakery,2026-06-01T08:00:00,2,7.98,false
1001,SKU007,bakery,bakery,2026-06-01T09:00:00,3,11.97,false
1001,SKU007,bakery,bakery,2026-06-01T10:00:00,2,7.98,false
1001,SKU007,bakery,bakery,2026-06-01T11:00:00,3,11.97,false
1001,SKU007,bakery,bakery,2026-06-01T12:00:00,2,7.98,false
1001,SKU007,bakery,bakery,2026-06-01T13:00:00,2,7.98,false
1001,SKU007,bakery,bakery,2026-06-01T15:00:00,2,7.98,false
1001,SKU007,bakery,bakery,2026-06-01T16:00:00,2,7.98,false
1001,SKU007,bakery,bakery,2026-06-01T17:00:00,4,15.96,false
1001,SKU007,bakery,bakery,2026-06-01T18:00:00,2,7.98,false
1001,SKU007,bakery,bakery,2026-06-01T20:00:00,2,7.98,false
1001,SKU007,bakery,bakery,2026-06-01T21:00:00,1,3.99,false
1001,SKU007,bakery,bakery,2026-06-02T06:00:00,1,3.99,false
1001,SKU007,bakery,bakery,2026-06-02T07:00:00,1,3.99,false
1001,SKU007,bakery,bakery,2026-06-02T08:00:00,2,7.98,false
1001,SKU007,bakery,bakery,2026-06-02T09:00:00,2,7.98,false
1001,SKU007,bakery,bakery,2026-06-02T10:00:00,2,7.98,false
1001,SKU007,bakery,bakery,2026-06-02T11:00:00,3,11.97,false
1001,SKU007,bakery,bakery,2026-06-02T12:00:00,3,11.97,false
1001,SKU007,bakery,bakery,2026-06-02T13:00:00,3,11.97,false
1001,SKU007,bakery,bakery,2026-06-02T14:00:00,3,11.97,false
1001,SKU007,bakery,bakery,2026-06-02T15:00:00,3,11.97,false
1001,SKU007,bakery,bakery,2026-06-02T16:00:00,3,11.97,false
1001,SKU007,bakery,bakery,2026-06-02T17:00:00,5,19.95,false
1001,SKU007,bakery,bakery,2026-06-02T19:00:00,3,11.97,false
1001,SKU007,bakery,bakery,2026-06-02T20:00:00,2,7.98,false
1001,SKU007,bakery,bakery,2026-06-02T21:00:00,2,7.98,false
1001,SKU007,bakery,bakery,2026-06-03T06:00:00,3,11.97,false
1001,SKU007,bakery,bakery,2026-06-03T07:00:00,2,7.98,false
1001,SKU007,bakery,bakery,2026-06-03T08:00:00,2,7.98,false
1001,SKU007,bakery,bakery,2026-06-03T09:00:00,1,3.99,false
1001,SKU007,bakery,bakery,2026-06-03T10:00:00,3,11.97,false
1001,SKU007,bakery,bakery,2026-06-03T11:00:00,2,7.98,false
1001,SKU007,bakery,bakery,2026-06-03T12:00:00,3,11.97,false
1001,SKU007,bakery,bakery,2026-06-03T13:00:00,2,7.98,false
1001,SKU007,bakery,bakery,2026-06-03T14:00:00,3,11.97,false
1001,SKU007,bakery,bakery,2026-06-03T15:00:00,2,7.98,false
1001,SKU007,bakery,bakery,2026-06-03T16:00:00,1,3.99,false
1001,SKU007,bakery,bakery,2026-06-03T17:00:00,4,15.96,false
1001,SKU007,bakery,bakery,2026-06-03T18:00:00,1,3.99,false
1001,SKU007,bakery,bakery,2026-06-03T19:00:00,4,15.96,false
1001,SKU007,bakery,bakery,2026-06-03T20:00:00,2,7.98,false
1001,SKU007,bakery,bakery,2026-06-03T21:00:00,1,3.99,false
1001,SKU007,bakery,bakery,2026-06-04T06:00:00,1,3.99,false
1001,SKU007,bakery,bakery,2026-06-04T07:00:00,2,7.98,false
1001,SKU007,bakery,bakery,2026-06-04T08:00:00,2,7.98,false
1001,SKU007,bakery,bakery,2026-06-04T10:00:00,2,7.98,false
1001,SKU007,bakery,bakery,2026-06-04T11:00:00,2,7.98,false
1001,SKU007,bakery,bakery,2026-06-04T12:00:00,2,7.98,false
1001,SKU007,bakery,bakery,2026-06-04T13:00:00,3,11.97,false
1001,SKU007,bakery,bakery,2026-06-04T14:00:00,1,3.99,false
1001,SKU007,bakery,bakery,2026-06-04T15:00:00,3,11.97,false
1001,SKU007,bakery,bakery,2026-06-04T16:00:00,2,7.98,false
1001,SKU007,bakery,bakery,2026-06-04T17:00:00,6,23.94,false
1001,SKU007,bakery,bakery,2026-06-04T18:00:00,3,11.97,false
1001,SKU007,bakery,bakery,2026-06-04T19:00:00,1,3.99,false
1001,SKU007,bakery,bakery,2026-06-04T20:00:00,1,3.99,false
1001,SKU007,bakery,bakery,2026-06-04T21:00:00,3,11.97,false
1001,SKU008,bakery,bakery,2026-05-22T06:00:00,1,4.99,false
1001,SKU008,bakery,bakery,2026-05-22T07:00:00,1,4.99,false
1001,SKU008,bakery,bakery,2026-05-22T08:00:00,1,4.99,false
1001,SKU008,bakery,bakery,2026-05-22T09:00:00,1,4.99,false
1001,SKU008,bakery,bakery,2026-05-22T10:00:00,1,4.99,false
1001,SKU008,bakery,bakery,2026-05-22T11:00:00,1,4.99,false
1001,SKU008,bakery,bakery,2026-05-22T12:00:00,3,14.97,false
1001,SKU008,bakery,bakery,2026-05-22T13:00:00,2,9.98,false
1001,SKU008,bakery,bakery,2026-05-22T14:00:00,3,14.97,false
1001,SKU008,bakery,bakery,2026-05-22T15:00:00,1,4.99,false
1001,SKU008,bakery,bakery,2026-05-22T17:00:00,1,4.99,false
1001,SKU008,bakery,bakery,2026-05-22T18:00:00,2,9.98,false
1001,SKU008,bakery,bakery,2026-05-22T19:00:00,2,9.98,false
1001,SKU008,bakery,bakery,2026-05-22T20:00:00,1,4.99,false
1001,SKU008,bakery,bakery,2026-05-22T21:00:00,1,4.99,false
1001,SKU008,bakery,bakery,2026-05-23T07:00:00,2,9.98,false
1001,SKU008,bakery,bakery,2026-05-23T08:00:00,1,4.99,false
1001,SKU008,bakery,bakery,2026-05-23T11:00:00,4,19.96,false
1001,SKU008,bakery,bakery,2026-05-23T12:00:00,3,14.97,false
1001,SKU008,bakery,bakery,2026-05-23T13:00:00,1,4.99,false
1001,SKU008,bakery,bakery,2026-05-23T14:00:00,2,9.98,false
1001,SKU008,bakery,bakery,2026-05-23T15:00:00,1,4.99,false
1001,SKU008,bakery,bakery,2026-05-23T16:00:00,2,9.98,false
1001,SKU008,bakery,bakery,2026-05-23T17:00:00,2,9.98,false
1001,SKU008,bakery,bakery,2026-05-23T18:00:00,2,9.98,false
1001,SKU008,bakery,bakery,2026-05-23T19:00:00,2,9.98,false
1001,SKU008,bakery,bakery,2026-05-23T20:00:00,3,14.97,false
1001,SKU008,bakery,bakery,2026-05-24T06:00:00,2,9.98,false
1001,SKU008,bakery,bakery,2026-05-24T07:00:00,2,9.98,false
1001,SKU008,bakery,bakery,2026-05-24T08:00:00,1,4.99,false
1001,SKU008,bakery,bakery,2026-05-24T09:00:00,2,9.98,false
1001,SKU008,bakery,bakery,2026-05-24T10:00:00,2,9.98,false
1001,SKU008,bakery,bakery,2026-05-24T11:00:00,2,9.98,false
1001,SKU008,bakery,bakery,2026-05-24T12:00:00,2,9.98,false
1001,SKU008,bakery,bakery,2026-05-24T13:00:00,1,4.99,false
1001,SKU008,bakery,bakery,2026-05-24T14:00:00,1,4.99,false
1001,SKU008,bakery,bakery,2026-05-24T15:00:00,2,9.98,false
1001,SKU008,bakery,bakery,2026-05-24T16:00:00,1,4.99,false
1001,SKU008,bakery,bakery,2026-05-24T17:00:00,2,9.98,false
1001,SKU008,bakery,bakery,2026-05-24T18:00:00,2,9.98,false
1001,SKU008,bakery,bakery,2026-05-24T20:00:00,2,9.98,false
1001,SKU008,bakery,bakery,2026-05-24T21:00:00,2,9.98,false
1001,SKU008,bakery,bakery,2026-05-25T06:00:00,1,4.99,false
1001,SKU008,bakery,bakery,2026-05-25T07:00:00,2,9.98,false
1001,SKU008,bakery,bakery,2026-05-25T08:00:00,1,4.99,false
1001,SKU008,bakery,bakery,2026-05-25T10:00:00,3,14.97,false
1001,SKU008,bakery,bakery,2026-05-25T11:00:00,1,4.99,false
1001,SKU008,bakery,bakery,2026-05-25T12:00:00,2,9.98,false
1001,SKU008,bakery,bakery,2026-05-25T14:00:00,1,4.99,false
1001,SKU008,bakery,bakery,2026-05-25T15:00:00,1,4.99,false
1001,SKU008,bakery,bakery,2026-05-25T17:00:00,1,4.99,false
1001,SKU008,bakery,bakery,2026-05-25T18:00:00,1,4.99,false
1001,SKU008,bakery,bakery,2026-05-25T19:00:00,2,9.98,false
1001,SKU008,bakery,bakery,2026-05-25T20:00:00,2,9.98,false
1001,SKU008,bakery,bakery,2026-05-25T21:00:00,2,9.98,false
1001,SKU008,bakery,bakery,2026-05-26T06:00:00,1,4.99,false
1001,SKU008,bakery,bakery,2026-05-26T07:00:00,2,9.98,false
1001,SKU008,bakery,bakery,2026-05-26T08:00:00,4,19.96,false
1001,SKU008,bakery,bakery,2026-05-26T09:00:00,2,9.98,false
1001,SKU008,bakery,bakery,2026-05-26T10:00:00,2,9.98,false
1001,SKU008,bakery,bakery,2026-05-26T11:00:00,1,4.99,false
1001,SKU008,bakery,bakery,2026-05-26T12:00:00,3,14.97,false
1001,SKU008,bakery,bakery,2026-05-26T13:00:00,1,4.99,false
1001,SKU008,bakery,bakery,2026-05-26T15:00:00,3,14.97,false
1001,SKU008,bakery,bakery,2026-05-26T17:00:00,1,4.99,false
1001,SKU008,bakery,bakery,2026-05-26T18:00:00,3,14.97,false
1001,SKU008,bakery,bakery,2026-05-26T19:00:00,1,4.99,false
1001,SKU008,bakery,bakery,2026-05-26T20:00:00,1,4.99,false
1001,SKU008,bakery,bakery,2026-05-26T21:00:00,1,4.99,false
1001,SKU008,bakery,bakery,2026-05-27T06:00:00,1,4.99,false
1001,SKU008,bakery,bakery,2026-05-27T07:00:00,2,9.98,false
1001,SKU008,bakery,bakery,2026-05-27T08:00:00,2,9.98,false
1001,SKU008,bakery,bakery,2026-05-27T09:00:00,1,4.99,false
1001,SKU008,bakery,bakery,2026-05-27T10:00:00,2,9.98,false
1001,SKU008,bakery,bakery,2026-05-27T11:00:00,3,14.97,false
1001,SKU008,bakery,bakery,2026-05-27T12:00:00,2,9.98,false
1001,SKU008,bakery,bakery,2026-05-27T13:00:00,1,4.99,false
1001,SKU008,bakery,bakery,2026-05-27T14:00:00,1,4.99,false
1001,SKU008,bakery,bakery,2026-05-27T15:00:00,1,4.99,false
1001,SKU008,bakery,bakery,2026-05-27T17:00:00,4,19.96,false
1001,SKU008,bakery,bakery,2026-05-27T18:00:00,2,9.98,false
1001,SKU008,bakery,bakery,2026-05-27T19:00:00,2,9.98,false
1001,SKU008,bakery,bakery,2026-05-27T20:00:00,3,14.97,false
1001,SKU008,bakery,bakery,2026-05-28T06:00:00,1,4.99,false
1001,SKU008,bakery,bakery,2026-05-28T07:00:00,1,4.99,false
1001,SKU008,bakery,bakery,2026-05-28T09:00:00,3,14.97,false
1001,SKU008,bakery,bakery,2026-05-28T11:00:00,3,14.97,false
1001,SKU008,bakery,bakery,2026-05-28T12:00:00,2,9.98,false
1001,SKU008,bakery,bakery,2026-05-28T13:00:00,3,14.97,false
1001,SKU008,bakery,bakery,2026-05-28T14:00:00,1,4.99,false
1001,SKU008,bakery,bakery,2026-05-28T15:00:00,1,4.99,false
1001,SKU008,bakery,bakery,2026-05-28T17:00:00,2,9.98,false
1001,SKU008,bakery,bakery,2026-05-28T18:00:00,3,14.97,false
1001,SKU008,bakery,bakery,2026-05-29T06:00:00,2,9.98,false
1001,SKU008,bakery,bakery,2026-05-29T07:00:00,2,9.98,false
1001,SKU008,bakery,bakery,2026-05-29T08:00:00,1,4.99,false
1001,SKU008,bakery,bakery,2026-05-29T09:00:00,1,4.99,false
1001,SKU008,bakery,bakery,2026-05-29T11:00:00,3,14.97,false
1001,SKU008,bakery,bakery,2026-05-29T12:00:00,3,14.97,false
1001,SKU008,bakery,bakery,2026-05-29T13:00:00,1,4.99,false
1001,SKU008,bakery,bakery,2026-05-29T15:00:00,2,9.98,false
1001,SKU008,bakery,bakery,2026-05-29T17:00:00,4,19.96,false
1001,SKU008,bakery,bakery,2026-05-29T18:00:00,1,4.99,false
1001,SKU008,bakery,bakery,2026-05-29T19:00:00,2,9.98,false
1001,SKU008,bakery,bakery,2026-05-29T20:00:00,1,4.99,false
1001,SKU008,bakery,bakery,2026-05-30T06:00:00,1,4.99,false
1001,SKU008,bakery,bakery,2026-05-30T07:00:00,1,4.99,false
1001,SKU008,bakery,bakery,2026-05-30T09:00:00,1,4.99,false
1001,SKU008,bakery,bakery,2026-05-30T10:00:00,2,9.98,false
1001,SKU008,bakery,bakery,2026-05-30T11:00:00,2,9.98,false
1001,SKU008,bakery,bakery,2026-05-30T12:00:00,1,4.99,false
1001,SKU008,bakery,bakery,2026-05-30T13:00:00,3,14.97,false
1001,SKU008,bakery,bakery,2026-05-30T14:00:00,1,4.99,false
1001,SKU008,bakery,bakery,2026-05-30T15:00:00,2,9.98,false
1001,SKU008,bakery,bakery,2026-05-30T18:00:00,1,4.99,false
1001,SKU008,bakery,bakery,2026-05-30T19:00:00,2,9.98,false
1001,SKU008,bakery,bakery,2026-05-30T21:00:00,1,4.99,false
1001,SKU008,bakery,bakery,2026-05-31T06:00:00,1,4.99,false
1001,SKU008,bakery,bakery,2026-05-31T07:00:00,1,4.99,false
1001,SKU008,bakery,bakery,2026-05-31T08:00:00,2,9.98,false
1001,SKU008,bakery,bakery,2026-05-31T09:00:00,1,4.99,false
1001,SKU008,bakery,bakery,2026-05-31T10:00:00,3,14.97,false
1001,SKU008,bakery,bakery,2026-05-31T11:00:00,1,4.99,false
1001,SKU008,bakery,bakery,2026-05-31T12:00:00,1,4.99,false
1001,SKU008,bakery,bakery,2026-05-31T14:00:00,1,4.99,false
1001,SKU008,bakery,bakery,2026-05-31T15:00:00,1,4.99,false
1001,SKU008,bakery,bakery,2026-05-31T17:00:00,2,9.98,false
1001,SKU008,bakery,bakery,2026-05-31T18:00:00,3,14.97,false
1001,SKU008,bakery,bakery,2026-05-31T20:00:00,2,9.98,false
1001,SKU008,bakery,bakery,2026-05-31T21:00:00,1,4.99,false
1001,SKU008,bakery,bakery,2026-06-01T06:00:00,1,4.99,false
1001,SKU008,bakery,bakery,2026-06-01T10:00:00,1,4.99,false
1001,SKU008,bakery,bakery,2026-06-01T11:00:00,2,9.98,false
1001,SKU008,bakery,bakery,2026-06-01T12:00:00,1,4.99,false
1001,SKU008,bakery,bakery,2026-06-01T14:00:00,1,4.99,false
1001,SKU008,bakery,bakery,2026-06-01T16:00:00,1,4.99,false
1001,SKU008,bakery,bakery,2026-06-01T17:00:00,2,9.98,false
1001,SKU008,bakery,bakery,2026-06-01T18:00:00,2,9.98,false
1001,SKU008,bakery,bakery,2026-06-01T19:00:00,2,9.98,false
1001,SKU008,bakery,bakery,2026-06-01T20:00:00,3,14.97,false
1001,SKU008,bakery,bakery,2026-06-01T21:00:00,2,9.98,false
1001,SKU008,bakery,bakery,2026-06-02T06:00:00,1,4.99,false
1001,SKU008,bakery,bakery,2026-06-02T08:00:00,1,4.99,false
1001,SKU008,bakery,bakery,2026-06-02T09:00:00,3,14.97,false
1001,SKU008,bakery,bakery,2026-06-02T10:00:00,2,9.98,false
1001,SKU008,bakery,bakery,2026-06-02T11:00:00,1,4.99,false
1001,SKU008,bakery,bakery,2026-06-02T12:00:00,1,4.99,false
1001,SKU008,bakery,bakery,2026-06-02T14:00:00,2,9.98,false
1001,SKU008,bakery,bakery,2026-06-02T15:00:00,2,9.98,false
1001,SKU008,bakery,bakery,2026-06-02T16:00:00,3,14.97,false
1001,SKU008,bakery,bakery,2026-06-02T17:00:00,3,14.97,false
1001,SKU008,bakery,bakery,2026-06-02T18:00:00,2,9.98,false
1001,SKU008,bakery,bakery,2026-06-02T19:00:00,2,9.98,false
1001,SKU008,bakery,bakery,2026-06-02T20:00:00,2,9.98,false
1001,SKU008,bakery,bakery,2026-06-02T21:00:00,3,14.97,false
1001,SKU008,bakery,bakery,2026-06-03T07:00:00,1,4.99,false
1001,SKU008,bakery,bakery,2026-06-03T09:00:00,1,4.99,false
1001,SKU008,bakery,bakery,2026-06-03T10:00:00,2,9.98,false
1001,SKU008,bakery,bakery,2026-06-03T11:00:00,1,4.99,false
1001,SKU008,bakery,bakery,2026-06-03T13:00:00,2,9.98,false
1001,SKU008,bakery,bakery,2026-06-03T14:00:00,2,9.98,false
1001,SKU008,bakery,bakery,2026-06-03T15:00:00,2,9.98,false
1001,SKU008,bakery,bakery,2026-06-03T16:00:00,2,9.98,false
1001,SKU008,bakery,bakery,2026-06-03T17:00:00,1,4.99,false
1001,SKU008,bakery,bakery,2026-06-03T18:00:00,2,9.98,false
1001,SKU008,bakery,bakery,2026-06-03T19:00:00,2,9.98,false
1001,SKU008,bakery,bakery,2026-06-03T21:00:00,1,4.99,false
1001,SKU008,bakery,bakery,2026-06-04T06:00:00,1,4.99,false
1001,SKU008,bakery,bakery,2026-06-04T07:00:00,1,4.99,false
1001,SKU008,bakery,bakery,2026-06-04T09:00:00,2,9.98,false
1001,SKU008,bakery,bakery,2026-06-04T10:00:00,2,9.98,false
1001,SKU008,bakery,bakery,2026-06-04T11:00:00,3,14.97,false
1001,SKU008,bakery,bakery,2026-06-04T12:00:00,3,14.97,false
1001,SKU008,bakery,bakery,2026-06-04T13:00:00,1,4.99,false
1001,SKU008,bakery,bakery,2026-06-04T14:00:00,1,4.99,false
1001,SKU008,bakery,bakery,2026-06-04T16:00:00,1,4.99,false
1001,SKU008,bakery,bakery,2026-06-04T17:00:00,1,4.99,false
1001,SKU008,bakery,bakery,2026-06-04T18:00:00,2,9.98,false
1001,SKU008,bakery,bakery,2026-06-04T21:00:00,2,9.98,false
1001,SKU009,beverages,grocery,2026-05-22T06:00:00,2,9.88,true
1001,SKU009,beverages,grocery,2026-05-22T07:00:00,4,19.76,true
1001,SKU009,beverages,grocery,2026-05-22T08:00:00,4,19.76,true
1001,SKU009,beverages,grocery,2026-05-22T09:00:00,4,19.76,true
1001,SKU009,beverages,grocery,2026-05-22T10:00:00,2,9.88,true
1001,SKU009,beverages,grocery,2026-05-22T11:00:00,2,9.88,true
1001,SKU009,beverages,grocery,2026-05-22T12:00:00,3,14.82,true
1001,SKU009,beverages,grocery,2026-05-22T14:00:00,4,19.76,true
1001,SKU009,beverages,grocery,2026-05-22T15:00:00,1,4.94,true
1001,SKU009,beverages,grocery,2026-05-22T16:00:00,2,9.88,true
1001,SKU009,beverages,grocery,2026-05-22T17:00:00,4,19.76,true
1001,SKU009,beverages,grocery,2026-05-22T18:00:00,3,14.82,true
1001,SKU009,beverages,grocery,2026-05-22T19:00:00,4,19.76,true
1001,SKU009,beverages,grocery,2026-05-22T20:00:00,1,4.94,true
1001,SKU009,beverages,grocery,2026-05-22T21:00:00,2,9.88,true
1001,SKU009,beverages,grocery,2026-05-23T06:00:00,4,19.76,true
1001,SKU009,beverages,grocery,2026-05-23T07:00:00,3,14.82,true
1001,SKU009,beverages,grocery,2026-05-23T08:00:00,2,9.88,true
1001,SKU009,beverages,grocery,2026-05-23T10:00:00,3,14.82,true
1001,SKU009,beverages,grocery,2026-05-23T11:00:00,3,14.82,true
1001,SKU009,beverages,grocery,2026-05-23T12:00:00,5,24.71,true
1001,SKU009,beverages,grocery,2026-05-23T13:00:00,1,4.94,true
1001,SKU009,beverages,grocery,2026-05-23T14:00:00,2,9.88,true
1001,SKU009,beverages,grocery,2026-05-23T15:00:00,2,9.88,true
1001,SKU009,beverages,grocery,2026-05-23T16:00:00,2,9.88,true
1001,SKU009,beverages,grocery,2026-05-23T17:00:00,3,14.82,true
1001,SKU009,beverages,grocery,2026-05-23T18:00:00,3,14.82,true
1001,SKU009,beverages,grocery,2026-05-23T19:00:00,2,9.88,true
1001,SKU009,beverages,grocery,2026-05-23T20:00:00,3,14.82,true
1001,SKU009,beverages,grocery,2026-05-23T21:00:00,3,14.82,true
1001,SKU009,beverages,grocery,2026-05-24T06:00:00,1,4.94,true
1001,SKU009,beverages,grocery,2026-05-24T07:00:00,2,9.88,true
1001,SKU009,beverages,grocery,2026-05-24T08:00:00,3,14.82,true
1001,SKU009,beverages,grocery,2026-05-24T09:00:00,2,9.88,true
1001,SKU009,beverages,grocery,2026-05-24T10:00:00,2,9.88,true
1001,SKU009,beverages,grocery,2026-05-24T11:00:00,2,9.88,true
1001,SKU009,beverages,grocery,2026-05-24T12:00:00,4,19.76,true
1001,SKU009,beverages,grocery,2026-05-24T13:00:00,2,9.88,true
1001,SKU009,beverages,grocery,2026-05-24T15:00:00,4,19.76,true
1001,SKU009,beverages,grocery,2026-05-24T16:00:00,2,9.88,true
1001,SKU009,beverages,grocery,2026-05-24T18:00:00,4,19.76,true
1001,SKU009,beverages,grocery,2026-05-24T20:00:00,2,9.88,true
1001,SKU009,beverages,grocery,2026-05-24T21:00:00,2,9.88,true
1001,SKU009,beverages,grocery,2026-05-25T06:00:00,3,16.47,false
1001,SKU009,beverages,grocery,2026-05-25T08:00:00,2,10.98,false
1001,SKU009,beverages,grocery,2026-05-25T10:00:00,2,10.98,false
1001,SKU009,beverages,grocery,2026-05-25T11:00:00,2,10.98,false
1001,SKU009,beverages,grocery,2026-05-25T12:00:00,2,10.98,false
1001,SKU009,beverages,grocery,2026-05-25T13:00:00,3,16.47,false
1001,SKU009,beverages,grocery,2026-05-25T14:00:00,1,5.49,false
1001,SKU009,beverages,grocery,2026-05-25T15:00:00,2,10.98,false
1001,SKU009,beverages,grocery,2026-05-25T16:00:00,3,16.47,false
1001,SKU009,beverages,grocery,2026-05-25T17:00:00,1,5.49,false
1001,SKU009,beverages,grocery,2026-05-25T18:00:00,1,5.49,false
1001,SKU009,beverages,grocery,2026-05-25T20:00:00,2,10.98,false
1001,SKU009,beverages,grocery,2026-05-26T06:00:00,2,10.98,false
1001,SKU009,beverages,grocery,2026-05-26T07:00:00,1,5.49,false
1001,SKU009,beverages,grocery,2026-05-26T08:00:00,2,10.98,false
1001,SKU009,beverages,grocery,2026-05-26T09:00:00,1,5.49,false
1001,SKU009,beverages,grocery,2026-05-26T10:00:00,3,16.47,false
1001,SKU009,beverages,grocery,2026-05-26T11:00:00,2,10.98,false
1001,SKU009,beverages,grocery,2026-05-26T12:00:00,3,16.47,false
1001,SKU009,beverages,grocery,2026-05-26T13:00:00,2,10.98,false
1001,SKU009,beverages,grocery,2026-05-26T15:00:00,2,10.98,false
1001,SKU009,beverages,grocery,2026-05-26T16:00:00,2,10.98,false
1001,SKU009,beverages,grocery,2026-05-26T17:00:00,3,16.47,false
1001,SKU009,beverages,grocery,2026-05-26T18:00:00,3,16.47,false
1001,SKU009,beverages,grocery,2026-05-26T20:00:00,2,10.98,false
1001,SKU009,beverages,grocery,2026-05-27T06:00:00,2,10.98,false
1001,SKU009,beverages,grocery,2026-05-27T07:00:00,1,5.49,false
1001,SKU009,beverages,grocery,2026-05-27T10:00:00,2,10.98,false
1001,SKU009,beverages,grocery,2026-05-27T11:00:00,3,16.47,false
1001,SKU009,beverages,grocery,2026-05-27T12:00:00,2,10.98,false
1001,SKU009,beverages,grocery,2026-05-27T14:00:00,1,5.49,false
1001,SKU009,beverages,grocery,2026-05-27T15:00:00,3,16.47,false
1001,SKU009,beverages,grocery,2026-05-27T17:00:00,5,27.45,false
1001,SKU009,beverages,grocery,2026-05-27T18:00:00,2,10.98,false
1001,SKU009,beverages,grocery,2026-05-27T19:00:00,1,5.49,false
1001,SKU009,beverages,grocery,2026-05-27T20:00:00,2,10.98,false
1001,SKU009,beverages,grocery,2026-05-28T07:00:00,2,10.98,false
1001,SKU009,beverages,grocery,2026-05-28T08:00:00,2,10.98,false
1001,SKU009,beverages,grocery,2026-05-28T09:00:00,1,5.49,false
1001,SKU009,beverages,grocery,2026-05-28T11:00:00,3,16.47,false
1001,SKU009,beverages,grocery,2026-05-28T12:00:00,2,10.98,false
1001,SKU009,beverages,grocery,2026-05-28T13:00:00,1,5.49,false
1001,SKU009,beverages,grocery,2026-05-28T15:00:00,3,16.47,false
1001,SKU009,beverages,grocery,2026-05-28T16:00:00,1,5.49,false
1001,SKU009,beverages,grocery,2026-05-28T17:00:00,3,16.47,false
1001,SKU009,beverages,grocery,2026-05-28T18:00:00,1,5.49,false
1001,SKU009,beverages,grocery,2026-05-28T19:00:00,1,5.49,false
1001,SKU009,beverages,grocery,2026-05-28T20:00:00,2,10.98,false
1001,SKU009,beverages,grocery,2026-05-28T21:00:00,1,5.49,false
1001,SKU009,beverages,grocery,2026-05-29T06:00:00,3,14.82,true
1001,SKU009,beverages,grocery,2026-05-29T07:00:00,4,19.76,true
1001,SKU009,beverages,grocery,2026-05-29T08:00:00,1,4.94,true
1001,SKU009,beverages,grocery,2026-05-29T09:00:00,2,9.88,true
1001,SKU009,beverages,grocery,2026-05-29T10:00:00,3,14.82,true
1001,SKU009,beverages,grocery,2026-05-29T11:00:00,3,14.82,true
1001,SKU009,beverages,grocery,2026-05-29T12:00:00,3,14.82,true
1001,SKU009,beverages,grocery,2026-05-29T13:00:00,4,19.76,true
1001,SKU009,beverages,grocery,2026-05-29T14:00:00,2,9.88,true
1001,SKU009,beverages,grocery,2026-05-29T15:00:00,2,9.88,true
1001,SKU009,beverages,grocery,2026-05-29T16:00:00,2,9.88,true
1001,SKU009,beverages,grocery,2026-05-29T17:00:00,4,19.76,true
1001,SKU009,beverages,grocery,2026-05-29T18:00:00,4,19.76,true
1001,SKU009,beverages,grocery,2026-05-29T19:00:00,4,19.76,true
1001,SKU009,beverages,grocery,2026-05-29T20:00:00,3,14.82,true
1001,SKU009,beverages,grocery,2026-05-29T21:00:00,2,9.88,true
1001,SKU009,beverages,grocery,2026-05-30T06:00:00,1,4.94,true
1001,SKU009,beverages,grocery,2026-05-30T07:00:00,4,19.76,true
1001,SKU009,beverages,grocery,2026-05-30T08:00:00,3,14.82,true
1001,SKU009,beverages,grocery,2026-05-30T09:00:00,2,9.88,true
1001,SKU009,beverages,grocery,2026-05-30T10:00:00,2,9.88,true
1001,SKU009,beverages,grocery,2026-05-30T11:00:00,3,14.82,true
1001,SKU009,beverages,grocery,2026-05-30T12:00:00,4,19.76,true
1001,SKU009,beverages,grocery,2026-05-30T13:00:00,3,14.82,true
1001,SKU009,beverages,grocery,2026-05-30T14:00:00,3,14.82,true
1001,SKU009,beverages,grocery,2026-05-30T15:00:00,3,14.82,true
1001,SKU009,beverages,grocery,2026-05-30T16:00:00,2,9.88,true
1001,SKU009,beverages,grocery,2026-05-30T17:00:00,2,9.88,true
1001,SKU009,beverages,grocery,2026-05-30T18:00:00,4,19.76,true
1001,SKU009,beverages,grocery,2026-05-30T19:00:00,2,9.88,true
1001,SKU009,beverages,grocery,2026-05-30T20:00:00,4,19.76,true
1001,SKU009,beverages,grocery,2026-05-31T06:00:00,1,4.94,true
1001,SKU009,beverages,grocery,2026-05-31T07:00:00,1,4.94,true
1001,SKU009,beverages,grocery,2026-05-31T08:00:00,3,14.82,true
1001,SKU009,beverages,grocery,2026-05-31T09:00:00,1,4.94,true
1001,SKU009,beverages,grocery,2026-05-31T10:00:00,3,14.82,true
1001,SKU009,beverages,grocery,2026-05-31T11:00:00,3,14.82,true
1001,SKU009,beverages,grocery,2026-05-31T12:00:00,2,9.88,true
1001,SKU009,beverages,grocery,2026-05-31T13:00:00,2,9.88,true
1001,SKU009,beverages,grocery,2026-05-31T14:00:00,3,14.82,true
1001,SKU009,beverages,grocery,2026-05-31T15:00:00,4,19.76,true
1001,SKU009,beverages,grocery,2026-05-31T16:00:00,3,14.82,true
1001,SKU009,beverages,grocery,2026-05-31T17:00:00,2,9.88,true
1001,SKU009,beverages,grocery,2026-05-31T18:00:00,4,19.76,true
1001,SKU009,beverages,grocery,2026-05-31T19:00:00,3,14.82,true
1001,SKU009,beverages,grocery,2026-05-31T20:00:00,3,14.82,true
1001,SKU009,beverages,grocery,2026-05-31T21:00:00,2,9.88,true
1001,SKU009,beverages,grocery,2026-06-01T06:00:00,2,10.98,false
1001,SKU009,beverages,grocery,2026-06-01T07:00:00,1,5.49,false
1001,SKU009,beverages,grocery,2026-06-01T08:00:00,1,5.49,false
1001,SKU009,beverages,grocery,2026-06-01T09:00:00,2,10.98,false
1001,SKU009,beverages,grocery,2026-06-01T10:00:00,1,5.49,false
1001,SKU009,beverages,grocery,2026-06-01T11:00:00,2,10.98,false
1001,SKU009,beverages,grocery,2026-06-01T13:00:00,1,5.49,false
1001,SKU009,beverages,grocery,2026-06-01T14:00:00,2,10.98,false
1001,SKU009,beverages,grocery,2026-06-01T15:00:00,2,10.98,false
1001,SKU009,beverages,grocery,2026-06-01T17:00:00,3,16.47,false
1001,SKU009,beverages,grocery,2026-06-01T18:00:00,2,10.98,false
1001,SKU009,beverages,grocery,2026-06-01T19:00:00,2,10.98,false
1001,SKU009,beverages,grocery,2026-06-01T20:00:00,1,5.49,false
1001,SKU009,beverages,grocery,2026-06-01T21:00:00,1,5.49,false
1001,SKU009,beverages,grocery,2026-06-02T06:00:00,3,16.47,false
1001,SKU009,beverages,grocery,2026-06-02T09:00:00,2,10.98,false
1001,SKU009,beverages,grocery,2026-06-02T10:00:00,2,10.98,false
1001,SKU009,beverages,grocery,2026-06-02T11:00:00,3,16.47,false
1001,SKU009,beverages,grocery,2026-06-02T12:00:00,1,5.49,false
1001,SKU009,beverages,grocery,2026-06-02T14:00:00,3,16.47,false
1001,SKU009,beverages,grocery,2026-06-02T15:00:00,2,10.98,false
1001,SKU009,beverages,grocery,2026-06-02T16:00:00,1,5.49,false
1001,SKU009,beverages,grocery,2026-06-02T17:00:00,2,10.98,false
1001,SKU009,beverages,grocery,2026-06-02T18:00:00,1,5.49,false
1001,SKU009,beverages,grocery,2026-06-02T19:00:00,3,16.47,false
1001,SKU009,beverages,grocery,2026-06-02T20:00:00,1,5.49,false
1001,SKU009,beverages,grocery,2026-06-02T21:00:00,2,10.98,false
1001,SKU009,beverages,grocery,2026-06-03T06:00:00,4,21.96,false
1001,SKU009,beverages,grocery,2026-06-03T07:00:00,2,10.98,false
1001,SKU009,beverages,grocery,2026-06-03T08:00:00,2,10.98,false
1001,SKU009,beverages,grocery,2026-06-03T09:00:00,1,5.49,false
1001,SKU009,beverages,grocery,2026-06-03T10:00:00,1,5.49,false
1001,SKU009,beverages,grocery,2026-06-03T11:00:00,1,5.49,false
1001,SKU009,beverages,grocery,2026-06-03T12:00:00,2,10.98,false
1001,SKU009,beverages,grocery,2026-06-03T13:00:00,2,10.98,false
1001,SKU009,beverages,grocery,2026-06-03T14:00:00,3,16.47,false
1001,SKU009,beverages,grocery,2026-06-03T16:00:00,2,10.98,false
1001,SKU009,beverages,grocery,2026-06-03T17:00:00,3,16.47,false
1001,SKU009,beverages,grocery,2026-06-03T18:00:00,2,10.98,false
1001,SKU009,beverages,grocery,2026-06-03T19:00:00,1,5.49,false
1001,SKU009,beverages,grocery,2026-06-03T20:00:00,1,5.49,false
1001,SKU009,beverages,grocery,2026-06-03T21:00:00,1,5.49,false
1001,SKU009,beverages,grocery,2026-06-04T06:00:00,1,5.49,false
1001,SKU009,beverages,grocery,2026-06-04T07:00:00,2,10.98,false
1001,SKU009,beverages,grocery,2026-06-04T08:00:00,1,5.49,false
1001,SKU009,beverages,grocery,2026-06-04T09:00:00,1,5.49,false
1001,SKU009,beverages,grocery,2026-06-04T10:00:00,1,5.49,false
1001,SKU009,beverages,grocery,2026-06-04T11:00:00,3,16.47,false
1001,SKU009,beverages,grocery,2026-06-04T12:00:00,1,5.49,false
1001,SKU009,beverages,grocery,2026-06-04T13:00:00,2,10.98,false
1001,SKU009,beverages,grocery,2026-06-04T14:00:00,2,10.98,false
1001,SKU009,beverages,grocery,2026-06-04T15:00:00,1,5.49,false
1001,SKU009,beverages,grocery,2026-06-04T16:00:00,2,10.98,false
1001,SKU009,beverages,grocery,2026-06-04T17:00:00,4,21.96,false
1001,SKU009,beverages,grocery,2026-06-04T18:00:00,3,16.47,false
1001,SKU009,beverages,grocery,2026-06-04T19:00:00,2,10.98,false
1001,SKU009,beverages,grocery,2026-06-04T20:00:00,1,5.49,false
1001,SKU009,beverages,grocery,2026-06-04T21:00:00,2,10.98,false
1001,SKU010,beverages,grocery,2026-05-22T06:00:00,2,9.98,false
1001,SKU010,beverages,grocery,2026-05-22T07:00:00,1,4.99,false
1001,SKU010,beverages,grocery,2026-05-22T08:00:00,1,4.99,false
1001,SKU010,beverages,grocery,2026-05-22T09:00:00,1,4.99,false
1001,SKU010,beverages,grocery,2026-05-22T10:00:00,2,9.98,false
1001,SKU010,beverages,grocery,2026-05-22T11:00:00,2,9.98,false
1001,SKU010,beverages,grocery,2026-05-22T12:00:00,4,19.96,false
1001,SKU010,beverages,grocery,2026-05-22T13:00:00,3,14.97,false
1001,SKU010,beverages,grocery,2026-05-22T14:00:00,2,9.98,false
1001,SKU010,beverages,grocery,2026-05-22T15:00:00,2,9.98,false
1001,SKU010,beverages,grocery,2026-05-22T16:00:00,1,4.99,false
1001,SKU010,beverages,grocery,2026-05-22T17:00:00,4,19.96,false
1001,SKU010,beverages,grocery,2026-05-22T18:00:00,2,9.98,false
1001,SKU010,beverages,grocery,2026-05-22T20:00:00,1,4.99,false
1001,SKU010,beverages,grocery,2026-05-22T21:00:00,3,14.97,false
1001,SKU010,beverages,grocery,2026-05-23T06:00:00,2,9.98,false
1001,SKU010,beverages,grocery,2026-05-23T07:00:00,1,4.99,false
1001,SKU010,beverages,grocery,2026-05-23T09:00:00,3,14.97,false
1001,SKU010,beverages,grocery,2026-05-23T10:00:00,2,9.98,false
1001,SKU010,beverages,grocery,2026-05-23T11:00:00,1,4.99,false
1001,SKU010,beverages,grocery,2026-05-23T12:00:00,2,9.98,false
1001,SKU010,beverages,grocery,2026-05-23T13:00:00,2,9.98,false
1001,SKU010,beverages,grocery,2026-05-23T14:00:00,2,9.98,false
1001,SKU010,beverages,grocery,2026-05-23T15:00:00,2,9.98,false
1001,SKU010,beverages,grocery,2026-05-23T17:00:00,3,14.97,false
1001,SKU010,beverages,grocery,2026-05-23T18:00:00,3,14.97,false
1001,SKU010,beverages,grocery,2026-05-23T19:00:00,2,9.98,false
1001,SKU010,beverages,grocery,2026-05-23T20:00:00,1,4.99,false
1001,SKU010,beverages,grocery,2026-05-23T21:00:00,1,4.99,false
1001,SKU010,beverages,grocery,2026-05-24T06:00:00,2,9.98,false
1001,SKU010,beverages,grocery,2026-05-24T07:00:00,4,19.96,false
1001,SKU010,beverages,grocery,2026-05-24T08:00:00,2,9.98,false
1001,SKU010,beverages,grocery,2026-05-24T09:00:00,2,9.98,false
1001,SKU010,beverages,grocery,2026-05-24T10:00:00,3,14.97,false
1001,SKU010,beverages,grocery,2026-05-24T11:00:00,2,9.98,false
1001,SKU010,beverages,grocery,2026-05-24T12:00:00,1,4.99,false
1001,SKU010,beverages,grocery,2026-05-24T13:00:00,2,9.98,false
1001,SKU010,beverages,grocery,2026-05-24T14:00:00,1,4.99,false
1001,SKU010,beverages,grocery,2026-05-24T15:00:00,2,9.98,false
1001,SKU010,beverages,grocery,2026-05-24T16:00:00,1,4.99,false
1001,SKU010,beverages,grocery,2026-05-24T17:00:00,2,9.98,false
1001,SKU010,beverages,grocery,2026-05-24T18:00:00,4,19.96,false
1001,SKU010,beverages,grocery,2026-05-24T19:00:00,2,9.98,false
1001,SKU010,beverages,grocery,2026-05-24T20:00:00,4,19.96,false
1001,SKU010,beverages,grocery,2026-05-24T21:00:00,1,4.99,false
1001,SKU010,beverages,grocery,2026-05-25T06:00:00,3,14.97,false
1001,SKU010,beverages,grocery,2026-05-25T07:00:00,2,9.98,false
1001,SKU010,beverages,grocery,2026-05-25T08:00:00,2,9.98,false
1001,SKU010,beverages,grocery,2026-05-25T09:00:00,2,9.98,false
1001,SKU010,beverages,grocery,2026-05-25T10:00:00,2,9.98,false
1001,SKU010,beverages,grocery,2026-05-25T11:00:00,1,4.99,false
1001,SKU010,beverages,grocery,2026-05-25T12:00:00,2,9.98,false
1001,SKU010,beverages,grocery,2026-05-25T13:00:00,1,4.99,false
1001,SKU010,beverages,grocery,2026-05-25T14:00:00,3,14.97,false
1001,SKU010,beverages,grocery,2026-05-25T15:00:00,2,9.98,false
1001,SKU010,beverages,grocery,2026-05-25T16:00:00,2,9.98,false
1001,SKU010,beverages,grocery,2026-05-25T17:00:00,3,14.97,false
1001,SKU010,beverages,grocery,2026-05-25T18:00:00,3,14.97,false
1001,SKU010,beverages,grocery,2026-05-25T19:00:00,2,9.98,false
1001,SKU010,beverages,grocery,2026-05-25T20:00:00,1,4.99,false
1001,SKU010,beverages,grocery,2026-05-25T21:00:00,3,14.97,false
1001,SKU010,beverages,grocery,2026-05-26T07:00:00,3,14.97,false
1001,SKU010,beverages,grocery,2026-05-26T08:00:00,3,14.97,false
1001,SKU010,beverages,grocery,2026-05-26T09:00:00,2,9.98,false
1001,SKU010,beverages,grocery,2026-05-26T10:00:00,1,4.99,false
1001,SKU010,beverages,grocery,2026-05-26T11:00:00,2,9.98,false
1001,SKU010,beverages,grocery,2026-05-26T12:00:00,1,4.99,false
1001,SKU010,beverages,grocery,2026-05-26T13:00:00,3,14.97,false
1001,SKU010,beverages,grocery,2026-05-26T16:00:00,2,9.98,false
1001,SKU010,beverages,grocery,2026-05-26T17:00:00,2,9.98,false
1001,SKU010,beverages,grocery,2026-05-26T18:00:00,3,14.97,false
1001,SKU010,beverages,grocery,2026-05-26T19:00:00,2,9.98,false
1001,SKU010,beverages,grocery,2026-05-26T20:00:00,2,9.98,false
1001,SKU010,beverages,grocery,2026-05-27T06:00:00,1,4.99,false
1001,SKU010,beverages,grocery,2026-05-27T07:00:00,1,4.99,false
1001,SKU010,beverages,grocery,2026-05-27T08:00:00,1,4.99,false
1001,SKU010,beverages,grocery,2026-05-27T09:00:00,1,4.99,false
1001,SKU010,beverages,grocery,2026-05-27T11:00:00,3,14.97,false
1001,SKU010,beverages,grocery,2026-05-27T12:00:00,1,4.99,false
1001,SKU010,beverages,grocery,2026-05-27T14:00:00,1,4.99,false
1001,SKU010,beverages,grocery,2026-05-27T15:00:00,2,9.98,false
1001,SKU010,beverages,grocery,2026-05-27T17:00:00,3,14.97,false
1001,SKU010,beverages,grocery,2026-05-27T18:00:00,3,14.97,false
1001,SKU010,beverages,grocery,2026-05-27T19:00:00,2,9.98,false
1001,SKU010,beverages,grocery,2026-05-27T20:00:00,3,14.97,false
1001,SKU010,beverages,grocery,2026-05-27T21:00:00,2,9.98,false
1001,SKU010,beverages,grocery,2026-05-28T06:00:00,2,9.98,false
1001,SKU010,beverages,grocery,2026-05-28T07:00:00,2,9.98,false
1001,SKU010,beverages,grocery,2026-05-28T08:00:00,1,4.99,false
1001,SKU010,beverages,grocery,2026-05-28T09:00:00,3,14.97,false
1001,SKU010,beverages,grocery,2026-05-28T10:00:00,2,9.98,false
1001,SKU010,beverages,grocery,2026-05-28T11:00:00,2,9.98,false
1001,SKU010,beverages,grocery,2026-05-28T12:00:00,3,14.97,false
1001,SKU010,beverages,grocery,2026-05-28T13:00:00,1,4.99,false
1001,SKU010,beverages,grocery,2026-05-28T14:00:00,4,19.96,false
1001,SKU010,beverages,grocery,2026-05-28T16:00:00,2,9.98,false
1001,SKU010,beverages,grocery,2026-05-28T17:00:00,2,9.98,false
1001,SKU010,beverages,grocery,2026-05-28T18:00:00,2,9.98,false
1001,SKU010,beverages,grocery,2026-05-28T19:00:00,1,4.99,false
1001,SKU010,beverages,grocery,2026-05-28T20:00:00,1,4.99,false
1001,SKU010,beverages,grocery,2026-05-28T21:00:00,1,4.99,false
1001,SKU010,beverages,grocery,2026-05-29T06:00:00,1,4.99,false
1001,SKU010,beverages,grocery,2026-05-29T07:00:00,3,14.97,false
1001,SKU010,beverages,grocery,2026-05-29T08:00:00,2,9.98,false
1001,SKU010,beverages,grocery,2026-05-29T09:00:00,3,14.97,false
1001,SKU010,beverages,grocery,2026-05-29T10:00:00,1,4.99,false
1001,SKU010,beverages,grocery,2026-05-29T11:00:00,3,14.97,false
1001,SKU010,beverages,grocery,2026-05-29T14:00:00,2,9.98,false
1001,SKU010,beverages,grocery,2026-05-29T17:00:00,3,14.97,false
1001,SKU010,beverages,grocery,2026-05-29T18:00:00,3,14.97,false
1001,SKU010,beverages,grocery,2026-05-29T19:00:00,1,4.99,false
1001,SKU010,beverages,grocery,2026-05-29T20:00:00,3,14.97,false
1001,SKU010,beverages,grocery,2026-05-29T21:00:00,2,9.98,false
1001,SKU010,beverages,grocery,2026-05-30T06:00:00,3,14.97,false
1001,SKU010,beverages,grocery,2026-05-30T08:00:00,2,9.98,false
1001,SKU010,beverages,grocery,2026-05-30T09:00:00,1,4.99,false
1001,SKU010,beverages,grocery,2026-05-30T10:00:00,1,4.99,false
1001,SKU010,beverages,grocery,2026-05-30T11:00:00,3,14.97,false
1001,SKU010,beverages,grocery,2026-05-30T12:00:00,3,14.97,false
1001,SKU010,beverages,grocery,2026-05-30T13:00:00,4,19.96,false
1001,SKU010,beverages,grocery,2026-05-30T14:00:00,1,4.99,false
1001,SKU010,beverages,grocery,2026-05-30T17:00:00,4,19.96,false
1001,SKU010,beverages,grocery,2026-05-30T18:00:00,5,24.95,false
1001,SKU010,beverages,grocery,2026-05-30T19:00:00,3,14.97,false
1001,SKU010,beverages,grocery,2026-05-30T21:00:00,2,9.98,false
1001,SKU010,beverages,grocery,2026-05-31T07:00:00,1,4.99,false
1001,SKU010,beverages,grocery,2026-05-31T08:00:00,1,4.99,false
1001,SKU010,beverages,grocery,2026-05-31T10:00:00,3,14.97,false
1001,SKU010,beverages,grocery,2026-05-31T11:00:00,2,9.98,false
1001,SKU010,beverages,grocery,2026-05-31T12:00:00,1,4.99,false
1001,SKU010,beverages,grocery,2026-05-31T13:00:00,2,9.98,false
1001,SKU010,beverages,grocery,2026-05-31T14:00:00,2,9.98,false
1001,SKU010,beverages,grocery,2026-05-31T15:00:00,1,4.99,false
1001,SKU010,beverages,grocery,2026-05-31T16:00:00,2,9.98,false
1001,SKU010,beverages,grocery,2026-05-31T17:00:00,4,19.96,false
1001,SKU010,beverages,grocery,2026-05-31T18:00:00,3,14.97,false
1001,SKU010,beverages,grocery,2026-05-31T19:00:00,1,4.99,false
1001,SKU010,beverages,grocery,2026-05-31T20:00:00,1,4.99,false
1001,SKU010,beverages,grocery,2026-05-31T21:00:00,1,4.99,false
1001,SKU010,beverages,grocery,2026-06-01T06:00:00,1,4.99,false
1001,SKU010,beverages,grocery,2026-06-01T07:00:00,1,4.99,false
1001,SKU010,beverages,grocery,2026-06-01T08:00:00,2,9.98,false
1001,SKU010,beverages,grocery,2026-06-01T09:00:00,1,4.99,false
1001,SKU010,beverages,grocery,2026-06-01T10:00:00,2,9.98,false
1001,SKU010,beverages,grocery,2026-06-01T11:00:00,2,9.98,false
1001,SKU010,beverages,grocery,2026-06-01T12:00:00,2,9.98,false
1001,SKU010,beverages,grocery,2026-06-01T13:00:00,1,4.99,false
1001,SKU010,beverages,grocery,2026-06-01T14:00:00,2,9.98,false
1001,SKU010,beverages,grocery,2026-06-01T15:00:00,2,9.98,false
1001,SKU010,beverages,grocery,2026-06-01T16:00:00,3,14.97,false
1001,SKU010,beverages,grocery,2026-06-01T17:00:00,2,9.98,false
1001,SKU010,beverages,grocery,2026-06-01T18:00:00,2,9.98,false
1001,SKU010,beverages,grocery,2026-06-01T19:00:00,3,14.97,false
1001,SKU010,beverages,grocery,2026-06-01T21:00:00,2,9.98,false
1001,SKU010,beverages,grocery,2026-06-02T06:00:00,1,4.99,false
1001,SKU010,beverages,grocery,2026-06-02T07:00:00,1,4.99,false
1001,SKU010,beverages,grocery,2026-06-02T09:00:00,1,4.99,false
1001,SKU010,beverages,grocery,2026-06-02T10:00:00,1,4.99,false
1001,SKU010,beverages,grocery,2026-06-02T11:00:00,2,9.98,false
1001,SKU010,beverages,grocery,2026-06-02T12:00:00,2,9.98,false
1001,SKU010,beverages,grocery,2026-06-02T13:00:00,1,4.99,false
1001,SKU010,beverages,grocery,2026-06-02T14:00:00,1,4.99,false
1001,SKU010,beverages,grocery,2026-06-02T15:00:00,2,9.98,false
1001,SKU010,beverages,grocery,2026-06-02T16:00:00,3,14.97,false
1001,SKU010,beverages,grocery,2026-06-02T17:00:00,2,9.98,false
1001,SKU010,beverages,grocery,2026-06-02T18:00:00,3,14.97,false
1001,SKU010,beverages,grocery,2026-06-02T19:00:00,2,9.98,false
1001,SKU010,beverages,grocery,2026-06-02T20:00:00,1,4.99,false
1001,SKU010,beverages,grocery,2026-06-02T21:00:00,2,9.98,false
1001,SKU010,beverages,grocery,2026-06-03T07:00:00,3,14.97,false
1001,SKU010,beverages,grocery,2026-06-03T08:00:00,2,9.98,false
1001,SKU010,beverages,grocery,2026-06-03T10:00:00,3,14.97,false
1001,SKU010,beverages,grocery,2026-06-03T11:00:00,2,9.98,false
1001,SKU010,beverages,grocery,2026-06-03T12:00:00,2,9.98,false
1001,SKU010,beverages,grocery,2026-06-03T13:00:00,2,9.98,false
1001,SKU010,beverages,grocery,2026-06-03T15:00:00,2,9.98,false
1001,SKU010,beverages,grocery,2026-06-03T16:00:00,1,4.99,false
1001,SKU010,beverages,grocery,2026-06-03T17:00:00,2,9.98,false
1001,SKU010,beverages,grocery,2026-06-03T18:00:00,1,4.99,false
1001,SKU010,beverages,grocery,2026-06-03T19:00:00,2,9.98,false
1001,SKU010,beverages,grocery,2026-06-03T20:00:00,1,4.99,false
1001,SKU010,beverages,grocery,2026-06-03T21:00:00,4,19.96,false
1001,SKU010,beverages,grocery,2026-06-04T06:00:00,2,9.98,false
1001,SKU010,beverages,grocery,2026-06-04T07:00:00,2,9.98,false
1001,SKU010,beverages,grocery,2026-06-04T09:00:00,1,4.99,false
1001,SKU010,beverages,grocery,2026-06-04T10:00:00,3,14.97,false
1001,SKU010,beverages,grocery,2026-06-04T11:00:00,3,14.97,false
1001,SKU010,beverages,grocery,2026-06-04T12:00:00,3,14.97,false
1001,SKU010,beverages,grocery,2026-06-04T13:00:00,1,4.99,false
1001,SKU010,beverages,grocery,2026-06-04T15:00:00,2,9.98,false
1001,SKU010,beverages,grocery,2026-06-04T16:00:00,2,9.98,false
1001,SKU010,beverages,grocery,2026-06-04T17:00:00,1,4.99,false
1001,SKU010,beverages,grocery,2026-06-04T18:00:00,1,4.99,false
1001,SKU010,beverages,grocery,2026-06-04T19:00:00,1,4.99,false
1001,SKU010,beverages,grocery,2026-06-04T20:00:00,2,9.98,false
1001,SKU010,beverages,grocery,2026-06-04T21:00:00,1,4.99,false
1001,SKU011,frozen,frozen,2026-05-22T06:00:00,2,12.58,true
1001,SKU011,frozen,frozen,2026-05-22T08:00:00,3,18.87,true
1001,SKU011,frozen,frozen,2026-05-22T09:00:00,2,12.58,true
1001,SKU011,frozen,frozen,2026-05-22T10:00:00,1,6.29,true
1001,SKU011,frozen,frozen,2026-05-22T11:00:00,3,18.87,true
1001,SKU011,frozen,frozen,2026-05-22T12:00:00,2,12.58,true
1001,SKU011,frozen,frozen,2026-05-22T13:00:00,2,12.58,true
1001,SKU011,frozen,frozen,2026-05-22T15:00:00,2,12.58,true
1001,SKU011,frozen,frozen,2026-05-22T16:00:00,2,12.58,true
1001,SKU011,frozen,frozen,2026-05-22T17:00:00,3,18.87,true
1001,SKU011,frozen,frozen,2026-05-22T18:00:00,2,12.58,true
1001,SKU011,frozen,frozen,2026-05-22T19:00:00,3,18.87,true
1001,SKU011,frozen,frozen,2026-05-22T20:00:00,3,18.87,true
1001,SKU011,frozen,frozen,2026-05-22T21:00:00,2,12.58,true
1001,SKU011,frozen,frozen,2026-05-23T07:00:00,1,6.29,true
1001,SKU011,frozen,frozen,2026-05-23T08:00:00,2,12.58,true
1001,SKU011,frozen,frozen,2026-05-23T09:00:00,2,12.58,true
1001,SKU011,frozen,frozen,2026-05-23T11:00:00,4,25.16,true
1001,SKU011,frozen,frozen,2026-05-23T12:00:00,4,25.16,true
1001,SKU011,frozen,frozen,2026-05-23T14:00:00,2,12.58,true
1001,SKU011,frozen,frozen,2026-05-23T15:00:00,1,6.29,true
1001,SKU011,frozen,frozen,2026-05-23T16:00:00,2,12.58,true
1001,SKU011,frozen,frozen,2026-05-23T17:00:00,1,6.29,true
1001,SKU011,frozen,frozen,2026-05-23T18:00:00,1,6.29,true
1001,SKU011,frozen,frozen,2026-05-23T19:00:00,2,12.58,true
1001,SKU011,frozen,frozen,2026-05-23T20:00:00,3,18.87,true
1001,SKU011,frozen,frozen,2026-05-23T21:00:00,2,12.58,true
1001,SKU011,frozen,frozen,2026-05-24T06:00:00,2,12.58,true
1001,SKU011,frozen,frozen,2026-05-24T07:00:00,1,6.29,true
1001,SKU011,frozen,frozen,2026-05-24T08:00:00,2,12.58,true
1001,SKU011,frozen,frozen,2026-05-24T09:00:00,2,12.58,true
1001,SKU011,frozen,frozen,2026-05-24T10:00:00,1,6.29,true
1001,SKU011,frozen,frozen,2026-05-24T11:00:00,3,18.87,true
1001,SKU011,frozen,frozen,2026-05-24T12:00:00,2,12.58,true
1001,SKU011,frozen,frozen,2026-05-24T13:00:00,3,18.87,true
1001,SKU011,frozen,frozen,2026-05-24T16:00:00,2,12.58,true
1001,SKU011,frozen,frozen,2026-05-24T17:00:00,2,12.58,true
1001,SKU011,frozen,frozen,2026-05-24T18:00:00,4,25.16,true
1001,SKU011,frozen,frozen,2026-05-24T19:00:00,1,6.29,true
1001,SKU011,frozen,frozen,2026-05-24T20:00:00,1,6.29,true
1001,SKU011,frozen,frozen,2026-05-24T21:00:00,4,25.16,true
1001,SKU011,frozen,frozen,2026-05-25T06:00:00,2,13.98,false
1001,SKU011,frozen,frozen,2026-05-25T07:00:00,1,6.99,false
1001,SKU011,frozen,frozen,2026-05-25T08:00:00,2,13.98,false
1001,SKU011,frozen,frozen,2026-05-25T09:00:00,1,6.99,false
1001,SKU011,frozen,frozen,2026-05-25T11:00:00,1,6.99,false
1001,SKU011,frozen,frozen,2026-05-25T12:00:00,1,6.99,false
1001,SKU011,frozen,frozen,2026-05-25T13:00:00,2,13.98,false
1001,SKU011,frozen,frozen,2026-05-25T15:00:00,1,6.99,false
1001,SKU011,frozen,frozen,2026-05-25T16:00:00,2,13.98,false
1001,SKU011,frozen,frozen,2026-05-25T17:00:00,1,6.99,false
1001,SKU011,frozen,frozen,2026-05-25T18:00:00,3,20.97,false
1001,SKU011,frozen,frozen,2026-05-25T19:00:00,1,6.99,false
1001,SKU011,frozen,frozen,2026-05-25T20:00:00,1,6.99,false
1001,SKU011,frozen,frozen,2026-05-25T21:00:00,1,6.99,false
1001,SKU011,frozen,frozen,2026-05-26T06:00:00,1,6.99,false
1001,SKU011,frozen,frozen,2026-05-26T08:00:00,2,13.98,false
1001,SKU011,frozen,frozen,2026-05-26T09:00:00,1,6.99,false
1001,SKU011,frozen,frozen,2026-05-26T11:00:00,2,13.98,false
1001,SKU011,frozen,frozen,2026-05-26T12:00:00,2,13.98,false
1001,SKU011,frozen,frozen,2026-05-26T13:00:00,1,6.99,false
1001,SKU011,frozen,frozen,2026-05-26T14:00:00,1,6.99,false
1001,SKU011,frozen,frozen,2026-05-26T15:00:00,1,6.99,false
1001,SKU011,frozen,frozen,2026-05-26T17:00:00,1,6.99,false
1001,SKU011,frozen,frozen,2026-05-26T18:00:00,3,20.97,false
1001,SKU011,frozen,frozen,2026-05-27T06:00:00,1,6.99,false
1001,SKU011,frozen,frozen,2026-05-27T07:00:00,1,6.99,false
1001,SKU011,frozen,frozen,2026-05-27T09:00:00,1,6.99,false
1001,SKU011,frozen,frozen,2026-05-27T10:00:00,1,6.99,false
1001,SKU011,frozen,frozen,2026-05-27T11:00:00,1,6.99,false
1001,SKU011,frozen,frozen,2026-05-27T12:00:00,2,13.98,false
1001,SKU011,frozen,frozen,2026-05-27T14:00:00,2,13.98,false
1001,SKU011,frozen,frozen,2026-05-27T17:00:00,1,6.99,false
1001,SKU011,frozen,frozen,2026-05-27T18:00:00,3,20.97,false
1001,SKU011,frozen,frozen,2026-05-27T19:00:00,2,13.98,false
1001,SKU011,frozen,frozen,2026-05-27T20:00:00,3,20.97,false
1001,SKU011,frozen,frozen,2026-05-27T21:00:00,1,6.99,false
1001,SKU011,frozen,frozen,2026-05-28T07:00:00,3,20.97,false
1001,SKU011,frozen,frozen,2026-05-28T08:00:00,1,6.99,false
1001,SKU011,frozen,frozen,2026-05-28T09:00:00,1,6.99,false
1001,SKU011,frozen,frozen,2026-05-28T11:00:00,1,6.99,false
1001,SKU011,frozen,frozen,2026-05-28T12:00:00,2,13.98,false
1001,SKU011,frozen,frozen,2026-05-28T13:00:00,1,6.99,false
1001,SKU011,frozen,frozen,2026-05-28T16:00:00,2,13.98,false
1001,SKU011,frozen,frozen,2026-05-28T17:00:00,1,6.99,false
1001,SKU011,frozen,frozen,2026-05-28T18:00:00,1,6.99,false
1001,SKU011,frozen,frozen,2026-05-28T19:00:00,2,13.98,false
1001,SKU011,frozen,frozen,2026-05-28T21:00:00,1,6.99,false
1001,SKU011,frozen,frozen,2026-05-29T06:00:00,1,6.29,true
1001,SKU011,frozen,frozen,2026-05-29T08:00:00,2,12.58,true
1001,SKU011,frozen,frozen,2026-05-29T09:00:00,3,18.87,true
1001,SKU011,frozen,frozen,2026-05-29T10:00:00,2,12.58,true
1001,SKU011,frozen,frozen,2026-05-29T11:00:00,3,18.87,true
1001,SKU011,frozen,frozen,2026-05-29T12:00:00,4,25.16,true
1001,SKU011,frozen,frozen,2026-05-29T13:00:00,2,12.58,true
1001,SKU011,frozen,frozen,2026-05-29T14:00:00,3,18.87,true
1001,SKU011,frozen,frozen,2026-05-29T15:00:00,2,12.58,true
1001,SKU011,frozen,frozen,2026-05-29T16:00:00,4,25.16,true
1001,SKU011,frozen,frozen,2026-05-29T17:00:00,3,18.87,true
1001,SKU011,frozen,frozen,2026-05-29T18:00:00,1,6.29,true
1001,SKU011,frozen,frozen,2026-05-29T19:00:00,1,6.29,true
1001,SKU011,frozen,frozen,2026-05-29T21:00:00,1,6.29,true
1001,SKU011,frozen,frozen,2026-05-30T06:00:00,1,6.29,true
1001,SKU011,frozen,frozen,2026-05-30T07:00:00,2,12.58,true
1001,SKU011,frozen,frozen,2026-05-30T08:00:00,2,12.58,true
1001,SKU011,frozen,frozen,2026-05-30T11:00:00,3,18.87,true
1001,SKU011,frozen,frozen,2026-05-30T12:00:00,4,25.16,true
1001,SKU011,frozen,frozen,2026-05-30T13:00:00,1,6.29,true
1001,SKU011,frozen,frozen,2026-05-30T14:00:00,1,6.29,true
1001,SKU011,frozen,frozen,2026-05-30T15:00:00,2,12.58,true
1001,SKU011,frozen,frozen,2026-05-30T17:00:00,3,18.87,true
1001,SKU011,frozen,frozen,2026-05-30T18:00:00,2,12.58,true
1001,SKU011,frozen,frozen,2026-05-30T19:00:00,2,12.58,true
1001,SKU011,frozen,frozen,2026-05-31T06:00:00,2,12.58,true
1001,SKU011,frozen,frozen,2026-05-31T08:00:00,3,18.87,true
1001,SKU011,frozen,frozen,2026-05-31T10:00:00,2,12.58,true
1001,SKU011,frozen,frozen,2026-05-31T11:00:00,2,12.58,true
1001,SKU011,frozen,frozen,2026-05-31T12:00:00,1,6.29,true
1001,SKU011,frozen,frozen,2026-05-31T13:00:00,1,6.29,true
1001,SKU011,frozen,frozen,2026-05-31T14:00:00,1,6.29,true
1001,SKU011,frozen,frozen,2026-05-31T15:00:00,3,18.87,true
1001,SKU011,frozen,frozen,2026-05-31T17:00:00,2,12.58,true
1001,SKU011,frozen,frozen,2026-05-31T18:00:00,3,18.87,true
1001,SKU011,frozen,frozen,2026-05-31T19:00:00,3,18.87,true
1001,SKU011,frozen,frozen,2026-05-31T20:00:00,1,6.29,true
1001,SKU011,frozen,frozen,2026-05-31T21:00:00,1,6.29,true
1001,SKU011,frozen,frozen,2026-06-01T07:00:00,3,20.97,false
1001,SKU011,frozen,frozen,2026-06-01T09:00:00,1,6.99,false
1001,SKU011,frozen,frozen,2026-06-01T10:00:00,1,6.99,false
1001,SKU011,frozen,frozen,2026-06-01T11:00:00,2,13.98,false
1001,SKU011,frozen,frozen,2026-06-01T12:00:00,1,6.99,false
1001,SKU011,frozen,frozen,2026-06-01T14:00:00,1,6.99,false
1001,SKU011,frozen,frozen,2026-06-01T15:00:00,1,6.99,false
1001,SKU011,frozen,frozen,2026-06-01T17:00:00,2,13.98,false
1001,SKU011,frozen,frozen,2026-06-01T18:00:00,2,13.98,false
1001,SKU011,frozen,frozen,2026-06-01T19:00:00,1,6.99,false
1001,SKU011,frozen,frozen,2026-06-01T20:00:00,2,13.98,false
1001,SKU011,frozen,frozen,2026-06-01T21:00:00,2,13.98,false
1001,SKU011,frozen,frozen,2026-06-02T07:00:00,1,6.99,false
1001,SKU011,frozen,frozen,2026-06-02T08:00:00,2,13.98,false
1001,SKU011,frozen,frozen,2026-06-02T09:00:00,2,13.98,false
1001,SKU011,frozen,frozen,2026-06-02T10:00:00,2,13.98,false
1001,SKU011,frozen,frozen,2026-06-02T11:00:00,2,13.98,false
1001,SKU011,frozen,frozen,2026-06-02T12:00:00,1,6.99,false
1001,SKU011,frozen,frozen,2026-06-02T14:00:00,1,6.99,false
1001,SKU011,frozen,frozen,2026-06-02T15:00:00,1,6.99,false
1001,SKU011,frozen,frozen,2026-06-02T17:00:00,2,13.98,false
1001,SKU011,frozen,frozen,2026-06-02T18:00:00,1,6.99,false
1001,SKU011,frozen,frozen,2026-06-02T19:00:00,2,13.98,false
1001,SKU011,frozen,frozen,2026-06-02T20:00:00,2,13.98,false
1001,SKU011,frozen,frozen,2026-06-02T21:00:00,2,13.98,false
1001,SKU011,frozen,frozen,2026-06-03T06:00:00,2,13.98,false
1001,SKU011,frozen,frozen,2026-06-03T07:00:00,3,20.97,false
1001,SKU011,frozen,frozen,2026-06-03T08:00:00,1,6.99,false
1001,SKU011,frozen,frozen,2026-06-03T09:00:00,1,6.99,false
1001,SKU011,frozen,frozen,2026-06-03T10:00:00,1,6.99,false
1001,SKU011,frozen,frozen,2026-06-03T12:00:00,1,6.99,false
1001,SKU011,frozen,frozen,2026-06-03T13:00:00,1,6.99,false
1001,SKU011,frozen,frozen,2026-06-03T15:00:00,1,6.99,false
1001,SKU011,frozen,frozen,2026-06-03T16:00:00,1,6.99,false
1001,SKU011,frozen,frozen,2026-06-03T17:00:00,2,13.98,false
1001,SKU011,frozen,frozen,2026-06-03T18:00:00,1,6.99,false
1001,SKU011,frozen,frozen,2026-06-03T21:00:00,2,13.98,false
1001,SKU011,frozen,frozen,2026-06-04T09:00:00,1,6.99,false
1001,SKU011,frozen,frozen,2026-06-04T10:00:00,1,6.99,false
1001,SKU011,frozen,frozen,2026-06-04T11:00:00,1,6.99,false
1001,SKU011,frozen,frozen,2026-06-04T12:00:00,2,13.98,false
1001,SKU011,frozen,frozen,2026-06-04T13:00:00,1,6.99,false
1001,SKU011,frozen,frozen,2026-06-04T16:00:00,3,20.97,false
1001,SKU011,frozen,frozen,2026-06-04T17:00:00,1,6.99,false
1001,SKU011,frozen,frozen,2026-06-04T18:00:00,1,6.99,false
1001,SKU011,frozen,frozen,2026-06-04T19:00:00,1,6.99,false
1001,SKU011,frozen,frozen,2026-06-04T20:00:00,3,20.97,false
1001,SKU011,frozen,frozen,2026-06-04T21:00:00,1,6.99,false
1001,SKU012,frozen,frozen,2026-05-22T06:00:00,2,11.98,false
1001,SKU012,frozen,frozen,2026-05-22T07:00:00,2,11.98,false
1001,SKU012,frozen,frozen,2026-05-22T08:00:00,1,5.99,false
1001,SKU012,frozen,frozen,2026-05-22T10:00:00,1,5.99,false
1001,SKU012,frozen,frozen,2026-05-22T11:00:00,2,11.98,false
1001,SKU012,frozen,frozen,2026-05-22T12:00:00,1,5.99,false
1001,SKU012,frozen,frozen,2026-05-22T14:00:00,1,5.99,false
1001,SKU012,frozen,frozen,2026-05-22T15:00:00,1,5.99,false
1001,SKU012,frozen,frozen,2026-05-22T16:00:00,1,5.99,false
1001,SKU012,frozen,frozen,2026-05-22T17:00:00,2,11.98,false
1001,SKU012,frozen,frozen,2026-05-22T19:00:00,1,5.99,false
1001,SKU012,frozen,frozen,2026-05-22T20:00:00,1,5.99,false
1001,SKU012,frozen,frozen,2026-05-23T06:00:00,1,5.99,false
1001,SKU012,frozen,frozen,2026-05-23T07:00:00,3,17.97,false
1001,SKU012,frozen,frozen,2026-05-23T09:00:00,1,5.99,false
1001,SKU012,frozen,frozen,2026-05-23T10:00:00,1,5.99,false
1001,SKU012,frozen,frozen,2026-05-23T11:00:00,3,17.97,false
1001,SKU012,frozen,frozen,2026-05-23T12:00:00,3,17.97,false
1001,SKU012,frozen,frozen,2026-05-23T13:00:00,2,11.98,false
1001,SKU012,frozen,frozen,2026-05-23T14:00:00,1,5.99,false
1001,SKU012,frozen,frozen,2026-05-23T15:00:00,1,5.99,false
1001,SKU012,frozen,frozen,2026-05-23T17:00:00,2,11.98,false
1001,SKU012,frozen,frozen,2026-05-23T18:00:00,2,11.98,false
1001,SKU012,frozen,frozen,2026-05-23T19:00:00,3,17.97,false
1001,SKU012,frozen,frozen,2026-05-23T20:00:00,2,11.98,false
1001,SKU012,frozen,frozen,2026-05-23T21:00:00,2,11.98,false
1001,SKU012,frozen,frozen,2026-05-24T06:00:00,1,5.99,false
1001,SKU012,frozen,frozen,2026-05-24T07:00:00,2,11.98,false
1001,SKU012,frozen,frozen,2026-05-24T10:00:00,2,11.98,false
1001,SKU012,frozen,frozen,2026-05-24T11:00:00,1,5.99,false
1001,SKU012,frozen,frozen,2026-05-24T12:00:00,1,5.99,false
1001,SKU012,frozen,frozen,2026-05-24T13:00:00,1,5.99,false
1001,SKU012,frozen,frozen,2026-05-24T14:00:00,2,11.98,false
1001,SKU012,frozen,frozen,2026-05-24T15:00:00,1,5.99,false
1001,SKU012,frozen,frozen,2026-05-24T16:00:00,3,17.97,false
1001,SKU012,frozen,frozen,2026-05-24T17:00:00,3,17.97,false
1001,SKU012,frozen,frozen,2026-05-24T18:00:00,2,11.98,false
1001,SKU012,frozen,frozen,2026-05-24T19:00:00,1,5.99,false
1001,SKU012,frozen,frozen,2026-05-24T21:00:00,3,17.97,false
1001,SKU012,frozen,frozen,2026-05-25T07:00:00,1,5.99,false
1001,SKU012,frozen,frozen,2026-05-25T08:00:00,1,5.99,false
1001,SKU012,frozen,frozen,2026-05-25T09:00:00,2,11.98,false
1001,SKU012,frozen,frozen,2026-05-25T10:00:00,1,5.99,false
1001,SKU012,frozen,frozen,2026-05-25T11:00:00,1,5.99,false
1001,SKU012,frozen,frozen,2026-05-25T12:00:00,3,17.97,false
1001,SKU012,frozen,frozen,2026-05-25T13:00:00,3,17.97,false
1001,SKU012,frozen,frozen,2026-05-25T14:00:00,2,11.98,false
1001,SKU012,frozen,frozen,2026-05-25T15:00:00,1,5.99,false
1001,SKU012,frozen,frozen,2026-05-25T16:00:00,1,5.99,false
1001,SKU012,frozen,frozen,2026-05-25T17:00:00,3,17.97,false
1001,SKU012,frozen,frozen,2026-05-25T18:00:00,4,23.96,false
1001,SKU012,frozen,frozen,2026-05-25T20:00:00,2,11.98,false
1001,SKU012,frozen,frozen,2026-05-25T21:00:00,2,11.98,false
1001,SKU012,frozen,frozen,2026-05-26T06:00:00,1,5.99,false
1001,SKU012,frozen,frozen,2026-05-26T07:00:00,2,11.98,false
1001,SKU012,frozen,frozen,2026-05-26T08:00:00,2,11.98,false
1001,SKU012,frozen,frozen,2026-05-26T09:00:00,2,11.98,false
1001,SKU012,frozen,frozen,2026-05-26T13:00:00,1,5.99,false
1001,SKU012,frozen,frozen,2026-05-26T16:00:00,1,5.99,false
1001,SKU012,frozen,frozen,2026-05-26T17:00:00,1,5.99,false
1001,SKU012,frozen,frozen,2026-05-26T18:00:00,2,11.98,false
1001,SKU012,frozen,frozen,2026-05-26T21:00:00,2,11.98,false
1001,SKU012,frozen,frozen,2026-05-27T07:00:00,1,5.99,false
1001,SKU012,frozen,frozen,2026-05-27T08:00:00,1,5.99,false
1001,SKU012,frozen,frozen,2026-05-27T10:00:00,1,5.99,false
1001,SKU012,frozen,frozen,2026-05-27T12:00:00,3,17.97,false
1001,SKU012,frozen,frozen,2026-05-27T14:00:00,2,11.98,false
1001,SKU012,frozen,frozen,2026-05-27T16:00:00,1,5.99,false
1001,SKU012,frozen,frozen,2026-05-27T17:00:00,1,5.99,false
1001,SKU012,frozen,frozen,2026-05-27T18:00:00,1,5.99,false
1001,SKU012,frozen,frozen,2026-05-27T19:00:00,3,17.97,false
1001,SKU012,frozen,frozen,2026-05-27T20:00:00,1,5.99,false
1001,SKU012,frozen,frozen,2026-05-27T21:00:00,1,5.99,false
1001,SKU012,frozen,frozen,2026-05-28T06:00:00,1,5.99,false
1001,SKU012,frozen,frozen,2026-05-28T07:00:00,3,17.97,false
1001,SKU012,frozen,frozen,2026-05-28T10:00:00,1,5.99,false
1001,SKU012,frozen,frozen,2026-05-28T11:00:00,1,5.99,false
1001,SKU012,frozen,frozen,2026-05-28T12:00:00,1,5.99,false
1001,SKU012,frozen,frozen,2026-05-28T13:00:00,2,11.98,false
1001,SKU012,frozen,frozen,2026-05-28T15:00:00,3,17.97,false
1001,SKU012,frozen,frozen,2026-05-28T16:00:00,3,17.97,false
1001,SKU012,frozen,frozen,2026-05-28T17:00:00,1,5.99,false
1001,SKU012,frozen,frozen,2026-05-28T19:00:00,1,5.99,false
1001,SKU012,frozen,frozen,2026-05-28T20:00:00,1,5.99,false
1001,SKU012,frozen,frozen,2026-05-29T07:00:00,1,5.99,false
1001,SKU012,frozen,frozen,2026-05-29T08:00:00,1,5.99,false
1001,SKU012,frozen,frozen,2026-05-29T09:00:00,1,5.99,false
1001,SKU012,frozen,frozen,2026-05-29T10:00:00,2,11.98,false
1001,SKU012,frozen,frozen,2026-05-29T11:00:00,3,17.97,false
1001,SKU012,frozen,frozen,2026-05-29T12:00:00,2,11.98,false
1001,SKU012,frozen,frozen,2026-05-29T13:00:00,2,11.98,false
1001,SKU012,frozen,frozen,2026-05-29T14:00:00,2,11.98,false
1001,SKU012,frozen,frozen,2026-05-29T15:00:00,1,5.99,false
1001,SKU012,frozen,frozen,2026-05-29T16:00:00,1,5.99,false
1001,SKU012,frozen,frozen,2026-05-29T17:00:00,2,11.98,false
1001,SKU012,frozen,frozen,2026-05-29T18:00:00,2,11.98,false
1001,SKU012,frozen,frozen,2026-05-29T19:00:00,2,11.98,false
1001,SKU012,frozen,frozen,2026-05-29T21:00:00,1,5.99,false
1001,SKU012,frozen,frozen,2026-05-30T06:00:00,1,5.99,false
1001,SKU012,frozen,frozen,2026-05-30T08:00:00,1,5.99,false
1001,SKU012,frozen,frozen,2026-05-30T09:00:00,1,5.99,false
1001,SKU012,frozen,frozen,2026-05-30T10:00:00,2,11.98,false
1001,SKU012,frozen,frozen,2026-05-30T11:00:00,2,11.98,false
1001,SKU012,frozen,frozen,2026-05-30T12:00:00,2,11.98,false
1001,SKU012,frozen,frozen,2026-05-30T13:00:00,1,5.99,false
1001,SKU012,frozen,frozen,2026-05-30T14:00:00,1,5.99,false
1001,SKU012,frozen,frozen,2026-05-30T15:00:00,1,5.99,false
1001,SKU012,frozen,frozen,2026-05-30T16:00:00,1,5.99,false
1001,SKU012,frozen,frozen,2026-05-30T17:00:00,1,5.99,false
1001,SKU012,frozen,frozen,2026-05-30T18:00:00,1,5.99,false
1001,SKU012,frozen,frozen,2026-05-30T19:00:00,2,11.98,false
1001,SKU012,frozen,frozen,2026-05-30T20:00:00,2,11.98,false
1001,SKU012,frozen,frozen,2026-05-30T21:00:00,1,5.99,false
1001,SKU012,frozen,frozen,2026-05-31T06:00:00,1,5.99,false
1001,SKU012,frozen,frozen,2026-05-31T07:00:00,1,5.99,false
1001,SKU012,frozen,frozen,2026-05-31T08:00:00,1,5.99,false
1001,SKU012,frozen,frozen,2026-05-31T09:00:00,1,5.99,false
1001,SKU012,frozen,frozen,2026-05-31T11:00:00,2,11.98,false
1001,SKU012,frozen,frozen,2026-05-31T12:00:00,2,11.98,false
1001,SKU012,frozen,frozen,2026-05-31T13:00:00,1,5.99,false
1001,SKU012,frozen,frozen,2026-05-31T14:00:00,1,5.99,false
1001,SKU012,frozen,frozen,2026-05-31T15:00:00,2,11.98,false
1001,SKU012,frozen,frozen,2026-05-31T16:00:00,1,5.99,false
1001,SKU012,frozen,frozen,2026-05-31T17:00:00,3,17.97,false
1001,SKU012,frozen,frozen,2026-05-31T18:00:00,1,5.99,false
1001,SKU012,frozen,frozen,2026-05-31T20:00:00,1,5.99,false
1001,SKU012,frozen,frozen,2026-05-31T21:00:00,2,11.98,false
1001,SKU012,frozen,frozen,2026-06-01T06:00:00,1,5.99,false
1001,SKU012,frozen,frozen,2026-06-01T07:00:00,1,5.99,false
1001,SKU012,frozen,frozen,2026-06-01T08:00:00,2,11.98,false
1001,SKU012,frozen,frozen,2026-06-01T10:00:00,1,5.99,false
1001,SKU012,frozen,frozen,2026-06-01T12:00:00,2,11.98,false
1001,SKU012,frozen,frozen,2026-06-01T14:00:00,3,17.97,false
1001,SKU012,frozen,frozen,2026-06-01T16:00:00,1,5.99,false
1001,SKU012,frozen,frozen,2026-06-01T17:00:00,1,5.99,false
1001,SKU012,frozen,frozen,2026-06-01T19:00:00,2,11.98,false
1001,SKU012,frozen,frozen,2026-06-01T20:00:00,1,5.99,false
1001,SKU012,frozen,frozen,2026-06-02T06:00:00,1,5.99,false
1001,SKU012,frozen,frozen,2026-06-02T07:00:00,1,5.99,false
1001,SKU012,frozen,frozen,2026-06-02T08:00:00,2,11.98,false
1001,SKU012,frozen,frozen,2026-06-02T10:00:00,2,11.98,false
1001,SKU012,frozen,frozen,2026-06-02T11:00:00,3,17.97,false
1001,SKU012,frozen,frozen,2026-06-02T12:00:00,1,5.99,false
1001,SKU012,frozen,frozen,2026-06-02T14:00:00,2,11.98,false
1001,SKU012,frozen,frozen,2026-06-02T16:00:00,1,5.99,false
1001,SKU012,frozen,frozen,2026-06-02T17:00:00,3,17.97,false
1001,SKU012,frozen,frozen,2026-06-02T18:00:00,2,11.98,false
1001,SKU012,frozen,frozen,2026-06-02T19:00:00,1,5.99,false
1001,SKU012,frozen,frozen,2026-06-02T20:00:00,2,11.98,false
1001,SKU012,frozen,frozen,2026-06-02T21:00:00,1,5.99,false
1001,SKU012,frozen,frozen,2026-06-03T07:00:00,2,11.98,false
1001,SKU012,frozen,frozen,2026-06-03T10:00:00,1,5.99,false
1001,SKU012,frozen,frozen,2026-06-03T11:00:00,2,11.98,false
1001,SKU012,frozen,frozen,2026-06-03T12:00:00,2,11.98,false
1001,SKU012,frozen,frozen,2026-06-03T13:00:00,1,5.99,false
1001,SKU012,frozen,frozen,2026-06-03T15:00:00,1,5.99,false
1001,SKU012,frozen,frozen,2026-06-03T17:00:00,2,11.98,false
1001,SKU012,frozen,frozen,2026-06-03T18:00:00,2,11.98,false
1001,SKU012,frozen,frozen,2026-06-03T19:00:00,1,5.99,false
1001,SKU012,frozen,frozen,2026-06-03T21:00:00,2,11.98,false
1001,SKU012,frozen,frozen,2026-06-04T08:00:00,1,5.99,false
1001,SKU012,frozen,frozen,2026-06-04T10:00:00,1,5.99,false
1001,SKU012,frozen,frozen,2026-06-04T11:00:00,2,11.98,false
1001,SKU012,frozen,frozen,2026-06-04T12:00:00,2,11.98,false
1001,SKU012,frozen,frozen,2026-06-04T14:00:00,2,11.98,false
1001,SKU012,frozen,frozen,2026-06-04T15:00:00,1,5.99,false
1001,SKU012,frozen,frozen,2026-06-04T16:00:00,1,5.99,false
1001,SKU012,frozen,frozen,2026-06-04T17:00:00,1,5.99,false
1001,SKU012,frozen,frozen,2026-06-04T18:00:00,2,11.98,false
1001,SKU012,frozen,frozen,2026-06-04T19:00:00,2,11.98,false
1001,SKU012,frozen,frozen,2026-06-04T21:00:00,1,5.99,false
1001,SKU013,grocery,grocery,2026-05-22T06:00:00,1,3.49,false
1001,SKU013,grocery,grocery,2026-05-22T07:00:00,2,6.98,false
1001,SKU013,grocery,grocery,2026-05-22T10:00:00,1,3.49,false
1001,SKU013,grocery,grocery,2026-05-22T11:00:00,1,3.49,false
1001,SKU013,grocery,grocery,2026-05-22T12:00:00,1,3.49,false
1001,SKU013,grocery,grocery,2026-05-22T13:00:00,3,10.47,false
1001,SKU013,grocery,grocery,2026-05-22T14:00:00,1,3.49,false
1001,SKU013,grocery,grocery,2026-05-22T15:00:00,2,6.98,false
1001,SKU013,grocery,grocery,2026-05-22T16:00:00,1,3.49,false
1001,SKU013,grocery,grocery,2026-05-22T17:00:00,2,6.98,false
1001,SKU013,grocery,grocery,2026-05-22T18:00:00,3,10.47,false
1001,SKU013,grocery,grocery,2026-05-22T20:00:00,1,3.49,false
1001,SKU013,grocery,grocery,2026-05-23T06:00:00,1,3.49,false
1001,SKU013,grocery,grocery,2026-05-23T07:00:00,1,3.49,false
1001,SKU013,grocery,grocery,2026-05-23T09:00:00,2,6.98,false
1001,SKU013,grocery,grocery,2026-05-23T11:00:00,1,3.49,false
1001,SKU013,grocery,grocery,2026-05-23T13:00:00,2,6.98,false
1001,SKU013,grocery,grocery,2026-05-23T14:00:00,1,3.49,false
1001,SKU013,grocery,grocery,2026-05-23T15:00:00,1,3.49,false
1001,SKU013,grocery,grocery,2026-05-23T16:00:00,3,10.47,false
1001,SKU013,grocery,grocery,2026-05-23T18:00:00,2,6.98,false
1001,SKU013,grocery,grocery,2026-05-23T19:00:00,2,6.98,false
1001,SKU013,grocery,grocery,2026-05-23T20:00:00,1,3.49,false
1001,SKU013,grocery,grocery,2026-05-24T06:00:00,3,10.47,false
1001,SKU013,grocery,grocery,2026-05-24T07:00:00,1,3.49,false
1001,SKU013,grocery,grocery,2026-05-24T08:00:00,1,3.49,false
1001,SKU013,grocery,grocery,2026-05-24T09:00:00,2,6.98,false
1001,SKU013,grocery,grocery,2026-05-24T10:00:00,1,3.49,false
1001,SKU013,grocery,grocery,2026-05-24T11:00:00,1,3.49,false
1001,SKU013,grocery,grocery,2026-05-24T13:00:00,3,10.47,false
1001,SKU013,grocery,grocery,2026-05-24T14:00:00,2,6.98,false
1001,SKU013,grocery,grocery,2026-05-24T16:00:00,1,3.49,false
1001,SKU013,grocery,grocery,2026-05-24T17:00:00,1,3.49,false
1001,SKU013,grocery,grocery,2026-05-24T18:00:00,1,3.49,false
1001,SKU013,grocery,grocery,2026-05-24T20:00:00,1,3.49,false
1001,SKU013,grocery,grocery,2026-05-24T21:00:00,1,3.49,false
1001,SKU013,grocery,grocery,2026-05-25T06:00:00,3,10.47,false
1001,SKU013,grocery,grocery,2026-05-25T09:00:00,1,3.49,false
1001,SKU013,grocery,grocery,2026-05-25T11:00:00,1,3.49,false
1001,SKU013,grocery,grocery,2026-05-25T12:00:00,2,6.98,false
1001,SKU013,grocery,grocery,2026-05-25T16:00:00,2,6.98,false
1001,SKU013,grocery,grocery,2026-05-25T17:00:00,2,6.98,false
1001,SKU013,grocery,grocery,2026-05-25T18:00:00,2,6.98,false
1001,SKU013,grocery,grocery,2026-05-25T20:00:00,1,3.49,false
1001,SKU013,grocery,grocery,2026-05-25T21:00:00,2,6.98,false
1001,SKU013,grocery,grocery,2026-05-26T09:00:00,2,6.98,false
1001,SKU013,grocery,grocery,2026-05-26T10:00:00,1,3.49,false
1001,SKU013,grocery,grocery,2026-05-26T12:00:00,2,6.98,false
1001,SKU013,grocery,grocery,2026-05-26T13:00:00,1,3.49,false
1001,SKU013,grocery,grocery,2026-05-26T14:00:00,2,6.98,false
1001,SKU013,grocery,grocery,2026-05-26T15:00:00,1,3.49,false
1001,SKU013,grocery,grocery,2026-05-26T16:00:00,1,3.49,false
1001,SKU013,grocery,grocery,2026-05-26T17:00:00,1,3.49,false
1001,SKU013,grocery,grocery,2026-05-26T18:00:00,1,3.49,false
1001,SKU013,grocery,grocery,2026-05-26T21:00:00,2,6.98,false
1001,SKU013,grocery,grocery,2026-05-27T06:00:00,1,3.49,false
1001,SKU013,grocery,grocery,2026-05-27T07:00:00,2,6.98,false
1001,SKU013,grocery,grocery,2026-05-27T08:00:00,1,3.49,false
1001,SKU013,grocery,grocery,2026-05-27T11:00:00,2,6.98,false
1001,SKU013,grocery,grocery,2026-05-27T12:00:00,1,3.49,false
1001,SKU013,grocery,grocery,2026-05-27T13:00:00,1,3.49,false
1001,SKU013,grocery,grocery,2026-05-27T14:00:00,3,10.47,false
1001,SKU013,grocery,grocery,2026-05-27T16:00:00,1,3.49,false
1001,SKU013,grocery,grocery,2026-05-27T17:00:00,2,6.98,false
1001,SKU013,grocery,grocery,2026-05-27T18:00:00,3,10.47,false
1001,SKU013,grocery,grocery,2026-05-27T19:00:00,1,3.49,false
1001,SKU013,grocery,grocery,2026-05-27T21:00:00,2,6.98,false
1001,SKU013,grocery,grocery,2026-05-28T08:00:00,1,3.49,false
1001,SKU013,grocery,grocery,2026-05-28T11:00:00,1,3.49,false
1001,SKU013,grocery,grocery,2026-05-28T12:00:00,2,6.98,false
1001,SKU013,grocery,grocery,2026-05-28T13:00:00,1,3.49,false
1001,SKU013,grocery,grocery,2026-05-28T15:00:00,1,3.49,false
1001,SKU013,grocery,grocery,2026-05-28T16:00:00,2,6.98,false
1001,SKU013,grocery,grocery,2026-05-29T11:00:00,2,6.98,false
1001,SKU013,grocery,grocery,2026-05-29T12:00:00,2,6.98,false
1001,SKU013,grocery,grocery,2026-05-29T16:00:00,1,3.49,false
1001,SKU013,grocery,grocery,2026-05-29T19:00:00,2,6.98,false
1001,SKU013,grocery,grocery,2026-05-29T20:00:00,1,3.49,false
1001,SKU013,grocery,grocery,2026-05-29T21:00:00,2,6.98,false
1001,SKU013,grocery,grocery,2026-05-30T07:00:00,1,3.49,false
1001,SKU013,grocery,grocery,2026-05-30T08:00:00,1,3.49,false
1001,SKU013,grocery,grocery,2026-05-30T09:00:00,3,10.47,false
1001,SKU013,grocery,grocery,2026-05-30T11:00:00,1,3.49,false
1001,SKU013,grocery,grocery,2026-05-30T12:00:00,2,6.98,false
1001,SKU013,grocery,grocery,2026-05-30T13:00:00,1,3.49,false
1001,SKU013,grocery,grocery,2026-05-30T14:00:00,1,3.49,false
1001,SKU013,grocery,grocery,2026-05-30T15:00:00,1,3.49,false
1001,SKU013,grocery,grocery,2026-05-30T17:00:00,2,6.98,false
1001,SKU013,grocery,grocery,2026-05-30T18:00:00,2,6.98,false
1001,SKU013,grocery,grocery,2026-05-30T19:00:00,1,3.49,false
1001,SKU013,grocery,grocery,2026-05-30T20:00:00,1,3.49,false
1001,SKU013,grocery,grocery,2026-05-31T06:00:00,1,3.49,false
1001,SKU013,grocery,grocery,2026-05-31T08:00:00,2,6.98,false
1001,SKU013,grocery,grocery,2026-05-31T11:00:00,2,6.98,false
1001,SKU013,grocery,grocery,2026-05-31T12:00:00,2,6.98,false
1001,SKU013,grocery,grocery,2026-05-31T13:00:00,1,3.49,false
1001,SKU013,grocery,grocery,2026-05-31T14:00:00,1,3.49,false
1001,SKU013,grocery,grocery,2026-05-31T15:00:00,1,3.49,false
1001,SKU013,grocery,grocery,2026-05-31T17:00:00,1,3.49,false
1001,SKU013,grocery,grocery,2026-05-31T18:00:00,2,6.98,false
1001,SKU013,grocery,grocery,2026-05-31T20:00:00,1,3.49,false
1001,SKU013,grocery,grocery,2026-05-31T21:00:00,1,3.49,false
1001,SKU013,grocery,grocery,2026-06-01T06:00:00,2,6.98,false
1001,SKU013,grocery,grocery,2026-06-01T08:00:00,1,3.49,false
1001,SKU013,grocery,grocery,2026-06-01T12:00:00,2,6.98,false
1001,SKU013,grocery,grocery,2026-06-01T13:00:00,1,3.49,false
1001,SKU013,grocery,grocery,2026-06-01T16:00:00,2,6.98,false
1001,SKU013,grocery,grocery,2026-06-01T18:00:00,2,6.98,false
1001,SKU013,grocery,grocery,2026-06-01T19:00:00,3,10.47,false
1001,SKU013,grocery,grocery,2026-06-01T20:00:00,1,3.49,false
1001,SKU013,grocery,grocery,2026-06-01T21:00:00,1,3.49,false
1001,SKU013,grocery,grocery,2026-06-02T08:00:00,2,6.98,false
1001,SKU013,grocery,grocery,2026-06-02T10:00:00,1,3.49,false
1001,SKU013,grocery,grocery,2026-06-02T11:00:00,1,3.49,false
1001,SKU013,grocery,grocery,2026-06-02T12:00:00,2,6.98,false
1001,SKU013,grocery,grocery,2026-06-02T14:00:00,1,3.49,false
1001,SKU013,grocery,grocery,2026-06-02T15:00:00,2,6.98,false
1001,SKU013,grocery,grocery,2026-06-02T17:00:00,2,6.98,false
1001,SKU013,grocery,grocery,2026-06-02T18:00:00,2,6.98,false
1001,SKU013,grocery,grocery,2026-06-02T20:00:00,1,3.49,false
1001,SKU013,grocery,grocery,2026-06-02T21:00:00,1,3.49,false
1001,SKU013,grocery,grocery,2026-06-03T08:00:00,1,3.49,false
1001,SKU013,grocery,grocery,2026-06-03T09:00:00,1,3.49,false
1001,SKU013,grocery,grocery,2026-06-03T10:00:00,2,6.98,false
1001,SKU013,grocery,grocery,2026-06-03T11:00:00,1,3.49,false
1001,SKU013,grocery,grocery,2026-06-03T12:00:00,2,6.98,false
1001,SKU013,grocery,grocery,2026-06-03T13:00:00,2,6.98,false
1001,SKU013,grocery,grocery,2026-06-03T14:00:00,2,6.98,false
1001,SKU013,grocery,grocery,2026-06-03T15:00:00,1,3.49,false
1001,SKU013,grocery,grocery,2026-06-03T16:00:00,1,3.49,false
1001,SKU013,grocery,grocery,2026-06-03T18:00:00,1,3.49,false
1001,SKU013,grocery,grocery,2026-06-03T19:00:00,1,3.49,false
1001,SKU013,grocery,grocery,2026-06-03T20:00:00,1,3.49,false
1001,SKU013,grocery,grocery,2026-06-03T21:00:00,1,3.49,false
1001,SKU013,grocery,grocery,2026-06-04T06:00:00,1,3.49,false
1001,SKU013,grocery,grocery,2026-06-04T09:00:00,1,3.49,false
1001,SKU013,grocery,grocery,2026-06-04T10:00:00,2,6.98,false
1001,SKU013,grocery,grocery,2026-06-04T11:00:00,3,10.47,false
1001,SKU013,grocery,grocery,2026-06-04T14:00:00,1,3.49,false
1001,SKU013,grocery,grocery,2026-06-04T15:00:00,1,3.49,false
1001,SKU013,grocery,grocery,2026-06-04T16:00:00,1,3.49,false
1001,SKU013,grocery,grocery,2026-06-04T18:00:00,1,3.49,false
1001,SKU013,grocery,grocery,2026-06-04T19:00:00,1,3.49,false
1001,SKU014,grocery,grocery,2026-05-22T06:00:00,1,1.89,false
1001,SKU014,grocery,grocery,2026-05-22T07:00:00,1,1.89,false
1001,SKU014,grocery,grocery,2026-05-22T09:00:00,1,1.89,false
1001,SKU014,grocery,grocery,2026-05-22T10:00:00,3,5.67,false
1001,SKU014,grocery,grocery,2026-05-22T12:00:00,1,1.89,false
1001,SKU014,grocery,grocery,2026-05-22T13:00:00,1,1.89,false
1001,SKU014,grocery,grocery,2026-05-22T15:00:00,1,1.89,false
1001,SKU014,grocery,grocery,2026-05-22T16:00:00,2,3.78,false
1001,SKU014,grocery,grocery,2026-05-22T17:00:00,2,3.78,false
1001,SKU014,grocery,grocery,2026-05-22T18:00:00,2,3.78,false
1001,SKU014,grocery,grocery,2026-05-22T19:00:00,3,5.67,false
1001,SKU014,grocery,grocery,2026-05-22T21:00:00,1,1.89,false
1001,SKU014,grocery,grocery,2026-05-23T09:00:00,1,1.89,false
1001,SKU014,grocery,grocery,2026-05-23T10:00:00,2,3.78,false
1001,SKU014,grocery,grocery,2026-05-23T13:00:00,1,1.89,false
1001,SKU014,grocery,grocery,2026-05-23T15:00:00,1,1.89,false
1001,SKU014,grocery,grocery,2026-05-23T16:00:00,2,3.78,false
1001,SKU014,grocery,grocery,2026-05-23T18:00:00,2,3.78,false
1001,SKU014,grocery,grocery,2026-05-23T19:00:00,2,3.78,false
1001,SKU014,grocery,grocery,2026-05-23T21:00:00,2,3.78,false
1001,SKU014,grocery,grocery,2026-05-24T06:00:00,1,1.89,false
1001,SKU014,grocery,grocery,2026-05-24T08:00:00,1,1.89,false
1001,SKU014,grocery,grocery,2026-05-24T11:00:00,1,1.89,false
1001,SKU014,grocery,grocery,2026-05-24T12:00:00,2,3.78,false
1001,SKU014,grocery,grocery,2026-05-24T15:00:00,2,3.78,false
1001,SKU014,grocery,grocery,2026-05-24T17:00:00,3,5.67,false
1001,SKU014,grocery,grocery,2026-05-24T18:00:00,3,5.67,false
1001,SKU014,grocery,grocery,2026-05-24T19:00:00,1,1.89,false
1001,SKU014,grocery,grocery,2026-05-24T20:00:00,1,1.89,false
1001,SKU014,grocery,grocery,2026-05-25T06:00:00,1,1.89,false
1001,SKU014,grocery,grocery,2026-05-25T07:00:00,1,1.89,false
1001,SKU014,grocery,grocery,2026-05-25T10:00:00,1,1.89,false
1001,SKU014,grocery,grocery,2026-05-25T11:00:00,2,3.78,false
1001,SKU014,grocery,grocery,2026-05-25T12:00:00,2,3.78,false
1001,SKU014,grocery,grocery,2026-05-25T16:00:00,1,1.89,false
1001,SKU014,grocery,grocery,2026-05-25T19:00:00,1,1.89,false
1001,SKU014,grocery,grocery,2026-05-25T20:00:00,1,1.89,false
1001,SKU014,grocery,grocery,2026-05-25T21:00:00,1,1.89,false
1001,SKU014,grocery,grocery,2026-05-26T07:00:00,2,3.78,false
1001,SKU014,grocery,grocery,2026-05-26T11:00:00,3,5.67,false
1001,SKU014,grocery,grocery,2026-05-26T13:00:00,2,3.78,false
1001,SKU014,grocery,grocery,2026-05-26T14:00:00,1,1.89,false
1001,SKU014,grocery,grocery,2026-05-26T15:00:00,3,5.67,false
1001,SKU014,grocery,grocery,2026-05-26T17:00:00,1,1.89,false
1001,SKU014,grocery,grocery,2026-05-26T18:00:00,1,1.89,false
1001,SKU014,grocery,grocery,2026-05-26T20:00:00,1,1.89,false
1001,SKU014,grocery,grocery,2026-05-27T06:00:00,1,1.89,false
1001,SKU014,grocery,grocery,2026-05-27T07:00:00,1,1.89,false
1001,SKU014,grocery,grocery,2026-05-27T08:00:00,1,1.89,false
1001,SKU014,grocery,grocery,2026-05-27T09:00:00,2,3.78,false
1001,SKU014,grocery,grocery,2026-05-27T11:00:00,1,1.89,false
1001,SKU014,grocery,grocery,2026-05-27T13:00:00,2,3.78,false
1001,SKU014,grocery,grocery,2026-05-27T14:00:00,1,1.89,false
1001,SKU014,grocery,grocery,2026-05-27T15:00:00,1,1.89,false
1001,SKU014,grocery,grocery,2026-05-27T16:00:00,1,1.89,false
1001,SKU014,grocery,grocery,2026-05-27T18:00:00,1,1.89,false
1001,SKU014,grocery,grocery,2026-05-27T20:00:00,1,1.89,false
1001,SKU014,grocery,grocery,2026-05-28T06:00:00,2,3.78,false
1001,SKU014,grocery,grocery,2026-05-28T09:00:00,1,1.89,false
1001,SKU014,grocery,grocery,2026-05-28T11:00:00,1,1.89,false
1001,SKU014,grocery,grocery,2026-05-28T13:00:00,1,1.89,false
1001,SKU014,grocery,grocery,2026-05-28T14:00:00,1,1.89,false
1001,SKU014,grocery,grocery,2026-05-28T18:00:00,1,1.89,false
1001,SKU014,grocery,grocery,2026-05-28T21:00:00,1,1.89,false
1001,SKU014,grocery,grocery,2026-05-29T06:00:00,1,1.89,false
1001,SKU014,grocery,grocery,2026-05-29T07:00:00,1,1.89,false
1001,SKU014,grocery,grocery,2026-05-29T08:00:00,1,1.89,false
1001,SKU014,grocery,grocery,2026-05-29T10:00:00,2,3.78,false
1001,SKU014,grocery,grocery,2026-05-29T13:00:00,1,1.89,false
1001,SKU014,grocery,grocery,2026-05-29T14:00:00,2,3.78,false
1001,SKU014,grocery,grocery,2026-05-29T15:00:00,1,1.89,false
1001,SKU014,grocery,grocery,2026-05-29T18:00:00,1,1.89,false
1001,SKU014,grocery,grocery,2026-05-29T20:00:00,1,1.89,false
1001,SKU014,grocery,grocery,2026-05-29T21:00:00,2,3.78,false
1001,SKU014,grocery,grocery,2026-05-30T06:00:00,1,1.89,false
1001,SKU014,grocery,grocery,2026-05-30T08:00:00,1,1.89,false
1001,SKU014,grocery,grocery,2026-05-30T09:00:00,1,1.89,false
1001,SKU014,grocery,grocery,2026-05-30T10:00:00,1,1.89,false
1001,SKU014,grocery,grocery,2026-05-30T11:00:00,2,3.78,false
1001,SKU014,grocery,grocery,2026-05-30T12:00:00,1,1.89,false
1001,SKU014,grocery,grocery,2026-05-30T15:00:00,1,1.89,false
1001,SKU014,grocery,grocery,2026-05-30T16:00:00,1,1.89,false
1001,SKU014,grocery,grocery,2026-05-30T17:00:00,1,1.89,false
1001,SKU014,grocery,grocery,2026-05-30T18:00:00,1,1.89,false
1001,SKU014,grocery,grocery,2026-05-30T19:00:00,2,3.78,false
1001,SKU014,grocery,grocery,2026-05-30T20:00:00,1,1.89,false
1001,SKU014,grocery,grocery,2026-05-31T07:00:00,1,1.89,false
1001,SKU014,grocery,grocery,2026-05-31T08:00:00,2,3.78,false
1001,SKU014,grocery,grocery,2026-05-31T09:00:00,2,3.78,false
1001,SKU014,grocery,grocery,2026-05-31T10:00:00,1,1.89,false
1001,SKU014,grocery,grocery,2026-05-31T11:00:00,3,5.67,false
1001,SKU014,grocery,grocery,2026-05-31T12:00:00,1,1.89,false
1001,SKU014,grocery,grocery,2026-05-31T13:00:00,1,1.89,false
1001,SKU014,grocery,grocery,2026-05-31T14:00:00,1,1.89,false
1001,SKU014,grocery,grocery,2026-05-31T15:00:00,1,1.89,false
1001,SKU014,grocery,grocery,2026-05-31T17:00:00,2,3.78,false
1001,SKU014,grocery,grocery,2026-05-31T18:00:00,2,3.78,false
1001,SKU014,grocery,grocery,2026-05-31T19:00:00,1,1.89,false
1001,SKU014,grocery,grocery,2026-05-31T20:00:00,1,1.89,false
1001,SKU014,grocery,grocery,2026-05-31T21:00:00,2,3.78,false
1001,SKU014,grocery,grocery,2026-06-01T06:00:00,1,1.89,false
1001,SKU014,grocery,grocery,2026-06-01T07:00:00,1,1.89,false
1001,SKU014,grocery,grocery,2026-06-01T08:00:00,1,1.89,false
1001,SKU014,grocery,grocery,2026-06-01T11:00:00,1,1.89,false
1001,SKU014,grocery,grocery,2026-06-01T13:00:00,1,1.89,false
1001,SKU014,grocery,grocery,2026-06-01T14:00:00,1,1.89,false
1001,SKU014,grocery,grocery,2026-06-01T15:00:00,1,1.89,false
1001,SKU014,grocery,grocery,2026-06-01T18:00:00,1,1.89,false
1001,SKU014,grocery,grocery,2026-06-01T20:00:00,1,1.89,false
1001,SKU014,grocery,grocery,2026-06-01T21:00:00,1,1.89,false
1001,SKU014,grocery,grocery,2026-06-02T08:00:00,1,1.89,false
1001,SKU014,grocery,grocery,2026-06-02T14:00:00,2,3.78,false
1001,SKU014,grocery,grocery,2026-06-02T17:00:00,2,3.78,false
1001,SKU014,grocery,grocery,2026-06-02T18:00:00,1,1.89,false
1001,SKU014,grocery,grocery,2026-06-02T20:00:00,2,3.78,false
1001,SKU014,grocery,grocery,2026-06-02T21:00:00,2,3.78,false
1001,SKU014,grocery,grocery,2026-06-03T07:00:00,1,1.89,false
1001,SKU014,grocery,grocery,2026-06-03T11:00:00,1,1.89,false
1001,SKU014,grocery,grocery,2026-06-03T13:00:00,2,3.78,false
1001,SKU014,grocery,grocery,2026-06-03T14:00:00,3,5.67,false
1001,SKU014,grocery,grocery,2026-06-03T15:00:00,1,1.89,false
1001,SKU014,grocery,grocery,2026-06-03T16:00:00,1,1.89,false
1001,SKU014,grocery,grocery,2026-06-03T17:00:00,3,5.67,false
1001,SKU014,grocery,grocery,2026-06-03T18:00:00,2,3.78,false
1001,SKU014,grocery,grocery,2026-06-03T20:00:00,1,1.89,false
1001,SKU014,grocery,grocery,2026-06-04T06:00:00,2,3.78,false
1001,SKU014,grocery,grocery,2026-06-04T11:00:00,1,1.89,false
1001,SKU014,grocery,grocery,2026-06-04T12:00:00,1,1.89,false
1001,SKU014,grocery,grocery,2026-06-04T14:00:00,1,1.89,false
1001,SKU014,grocery,grocery,2026-06-04T15:00:00,1,1.89,false
1001,SKU014,grocery,grocery,2026-06-04T17:00:00,3,5.67,false
1001,SKU014,grocery,grocery,2026-06-04T18:00:00,1,1.89,false
1001,SKU014,grocery,grocery,2026-06-04T21:00:00,1,1.89,false
1001,SKU015,household,grocery,2026-05-22T07:00:00,1,12.99,false
1001,SKU015,household,grocery,2026-05-22T09:00:00,1,12.99,false
1001,SKU015,household,grocery,2026-05-22T17:00:00,1,12.99,false
1001,SKU015,household,grocery,2026-05-22T18:00:00,1,12.99,false
1001,SKU015,household,grocery,2026-05-22T20:00:00,1,12.99,false
1001,SKU015,household,grocery,2026-05-22T21:00:00,2,25.98,false
1001,SKU015,household,grocery,2026-05-23T08:00:00,1,12.99,false
1001,SKU015,household,grocery,2026-05-23T09:00:00,1,12.99,false
1001,SKU015,household,grocery,2026-05-23T11:00:00,1,12.99,false
1001,SKU015,household,grocery,2026-05-23T14:00:00,2,25.98,false
1001,SKU015,household,grocery,2026-05-23T17:00:00,1,12.99,false
1001,SKU015,household,grocery,2026-05-23T19:00:00,1,12.99,false
1001,SKU015,household,grocery,2026-05-24T07:00:00,2,25.98,false
1001,SKU015,household,grocery,2026-05-24T09:00:00,2,25.98,false
1001,SKU015,household,grocery,2026-05-24T10:00:00,1,12.99,false
1001,SKU015,household,grocery,2026-05-24T12:00:00,1,12.99,false
1001,SKU015,household,grocery,2026-05-24T13:00:00,1,12.99,false
1001,SKU015,household,grocery,2026-05-24T14:00:00,1,12.99,false
1001,SKU015,household,grocery,2026-05-24T19:00:00,2,25.98,false
1001,SKU015,household,grocery,2026-05-25T09:00:00,1,12.99,false
1001,SKU015,household,grocery,2026-05-25T15:00:00,2,25.98,false
1001,SKU015,household,grocery,2026-05-25T17:00:00,1,12.99,false
1001,SKU015,household,grocery,2026-05-25T18:00:00,2,25.98,false
1001,SKU015,household,grocery,2026-05-26T06:00:00,1,12.99,false
1001,SKU015,household,grocery,2026-05-26T12:00:00,1,12.99,false
1001,SKU015,household,grocery,2026-05-26T15:00:00,1,12.99,false
1001,SKU015,household,grocery,2026-05-27T10:00:00,1,12.99,false
1001,SKU015,household,grocery,2026-05-27T11:00:00,2,25.98,false
1001,SKU015,household,grocery,2026-05-27T14:00:00,1,12.99,false
1001,SKU015,household,grocery,2026-05-27T18:00:00,1,12.99,false
1001,SKU015,household,grocery,2026-05-27T21:00:00,1,12.99,false
1001,SKU015,household,grocery,2026-05-28T09:00:00,1,12.99,false
1001,SKU015,household,grocery,2026-05-28T13:00:00,1,12.99,false
1001,SKU015,household,grocery,2026-05-28T14:00:00,2,25.98,false
1001,SKU015,household,grocery,2026-05-28T18:00:00,1,12.99,false
1001,SKU015,household,grocery,2026-05-29T10:00:00,1,12.99,false
1001,SKU015,household,grocery,2026-05-29T11:00:00,1,12.99,false
1001,SKU015,household,grocery,2026-05-29T12:00:00,1,12.99,false
1001,SKU015,household,grocery,2026-05-29T15:00:00,1,12.99,false
1001,SKU015,household,grocery,2026-05-29T17:00:00,1,12.99,false
1001,SKU015,household,grocery,2026-05-29T18:00:00,1,12.99,false
1001,SKU015,household,grocery,2026-05-30T07:00:00,3,38.97,false
1001,SKU015,household,grocery,2026-05-30T08:00:00,1,12.99,false
1001,SKU015,household,grocery,2026-05-30T11:00:00,1,12.99,false
1001,SKU015,household,grocery,2026-05-30T14:00:00,2,25.98,false
1001,SKU015,household,grocery,2026-05-30T20:00:00,2,25.98,false
1001,SKU015,household,grocery,2026-05-30T21:00:00,1,12.99,false
1001,SKU015,household,grocery,2026-05-31T09:00:00,1,12.99,false
1001,SKU015,household,grocery,2026-05-31T11:00:00,2,25.98,false
1001,SKU015,household,grocery,2026-05-31T13:00:00,1,12.99,false
1001,SKU015,household,grocery,2026-05-31T16:00:00,1,12.99,false
1001,SKU015,household,grocery,2026-05-31T19:00:00,1,12.99,false
1001,SKU015,household,grocery,2026-05-31T20:00:00,1,12.99,false
1001,SKU015,household,grocery,2026-06-01T07:00:00,2,25.98,false
1001,SKU015,household,grocery,2026-06-01T08:00:00,1,12.99,false
1001,SKU015,household,grocery,2026-06-01T09:00:00,1,12.99,false
1001,SKU015,household,grocery,2026-06-01T10:00:00,1,12.99,false
1001,SKU015,household,grocery,2026-06-01T11:00:00,1,12.99,false
1001,SKU015,household,grocery,2026-06-01T12:00:00,2,25.98,false
1001,SKU015,household,grocery,2026-06-01T14:00:00,1,12.99,false
1001,SKU015,household,grocery,2026-06-01T17:00:00,2,25.98,false
1001,SKU015,household,grocery,2026-06-01T18:00:00,1,12.99,false
1001,SKU015,household,grocery,2026-06-01T20:00:00,1,12.99,false
1001,SKU015,household,grocery,2026-06-02T07:00:00,1,12.99,false
1001,SKU015,household,grocery,2026-06-02T08:00:00,2,25.98,false
1001,SKU015,household,grocery,2026-06-02T11:00:00,1,12.99,false
1001,SKU015,household,grocery,2026-06-02T12:00:00,2,25.98,false
1001,SKU015,household,grocery,2026-06-02T19:00:00,1,12.99,false
1001,SKU015,household,grocery,2026-06-02T20:00:00,2,25.98,false
1001,SKU015,household,grocery,2026-06-02T21:00:00,2,25.98,false
1001,SKU015,household,grocery,2026-06-03T06:00:00,1,12.99,false
1001,SKU015,household,grocery,2026-06-03T09:00:00,1,12.99,false
1001,SKU015,household,grocery,2026-06-03T10:00:00,2,25.98,false
1001,SKU015,household,grocery,2026-06-03T13:00:00,1,12.99,false
1001,SKU015,household,grocery,2026-06-03T16:00:00,1,12.99,false
1001,SKU015,household,grocery,2026-06-03T17:00:00,1,12.99,false
1001,SKU015,household,grocery,2026-06-03T19:00:00,1,12.99,false
1001,SKU015,household,grocery,2026-06-03T21:00:00,1,12.99,false
1001,SKU015,household,grocery,2026-06-04T11:00:00,1,12.99,false
1001,SKU015,household,grocery,2026-06-04T12:00:00,1,12.99,false
1001,SKU015,household,grocery,2026-06-04T13:00:00,1,12.99,false
1001,SKU015,household,grocery,2026-06-04T16:00:00,1,12.99,false
1001,SKU015,household,grocery,2026-06-04T17:00:00,1,12.99,false
1001,SKU015,household,grocery,2026-06-04T18:00:00,1,12.99,false
1001,SKU015,household,grocery,2026-06-04T20:00:00,3,38.97,false
1002,SKU001,produce,produce,2026-05-22T06:00:00,10,6.21,true
1002,SKU001,produce,produce,2026-05-22T07:00:00,18,11.18,true
1002,SKU001,produce,produce,2026-05-22T08:00:00,18,11.18,true
1002,SKU001,produce,produce,2026-05-22T09:00:00,18,11.18,true
1002,SKU001,produce,produce,2026-05-22T10:00:00,16,9.94,true
1002,SKU001,produce,produce,2026-05-22T11:00:00,14,8.69,true
1002,SKU001,produce,produce,2026-05-22T12:00:00,20,12.42,true
1002,SKU001,produce,produce,2026-05-22T13:00:00,14,8.69,true
1002,SKU001,produce,produce,2026-05-22T14:00:00,14,8.69,true
1002,SKU001,produce,produce,2026-05-22T15:00:00,9,5.59,true
1002,SKU001,produce,produce,2026-05-22T16:00:00,13,8.07,true
1002,SKU001,produce,produce,2026-05-22T17:00:00,20,12.42,true
1002,SKU001,produce,produce,2026-05-22T18:00:00,14,8.69,true
1002,SKU001,produce,produce,2026-05-22T19:00:00,18,11.18,true
1002,SKU001,produce,produce,2026-05-22T20:00:00,10,6.21,true
1002,SKU001,produce,produce,2026-05-22T21:00:00,12,7.45,true
1002,SKU001,produce,produce,2026-05-23T06:00:00,11,6.83,true
1002,SKU001,produce,produce,2026-05-23T07:00:00,15,9.31,true
1002,SKU001,produce,produce,2026-05-23T08:00:00,13,8.07,true
1002,SKU001,produce,produce,2026-05-23T09:00:00,8,4.97,true
1002,SKU001,produce,produce,2026-05-23T10:00:00,11,6.83,true
1002,SKU001,produce,produce,2026-05-23T11:00:00,16,9.94,true
1002,SKU001,produce,produce,2026-05-23T12:00:00,23,14.28,true
1002,SKU001,produce,produce,2026-05-23T13:00:00,15,9.31,true
1002,SKU001,produce,produce,2026-05-23T14:00:00,16,9.94,true
1002,SKU001,produce,produce,2026-05-23T15:00:00,13,8.07,true
1002,SKU001,produce,produce,2026-05-23T16:00:00,13,8.07,true
1002,SKU001,produce,produce,2026-05-23T17:00:00,13,8.07,true
1002,SKU001,produce,produce,2026-05-23T18:00:00,24,14.90,true
1002,SKU001,produce,produce,2026-05-23T19:00:00,17,10.56,true
1002,SKU001,produce,produce,2026-05-23T20:00:00,10,6.21,true
1002,SKU001,produce,produce,2026-05-23T21:00:00,13,8.07,true
1002,SKU001,produce,produce,2026-05-24T06:00:00,12,7.45,true
1002,SKU001,produce,produce,2026-05-24T07:00:00,10,6.21,true
1002,SKU001,produce,produce,2026-05-24T08:00:00,11,6.83,true
1002,SKU001,produce,produce,2026-05-24T09:00:00,18,11.18,true
1002,SKU001,produce,produce,2026-05-24T10:00:00,13,8.07,true
1002,SKU001,produce,produce,2026-05-24T11:00:00,11,6.83,true
1002,SKU001,produce,produce,2026-05-24T12:00:00,11,6.83,true
1002,SKU001,produce,produce,2026-05-24T13:00:00,15,9.31,true
1002,SKU001,produce,produce,2026-05-24T14:00:00,22,13.66,true
1002,SKU001,produce,produce,2026-05-24T15:00:00,15,9.31,true
1002,SKU001,produce,produce,2026-05-24T16:00:00,15,9.31,true
1002,SKU001,produce,produce,2026-05-24T17:00:00,14,8.69,true
1002,SKU001,produce,produce,2026-05-24T18:00:00,15,9.31,true
1002,SKU001,produce,produce,2026-05-24T19:00:00,8,4.97,true
1002,SKU001,produce,produce,2026-05-24T20:00:00,18,11.18,true
1002,SKU001,produce,produce,2026-05-24T21:00:00,15,9.31,true
1002,SKU001,produce,produce,2026-05-25T06:00:00,14,9.66,false
1002,SKU001,produce,produce,2026-05-25T07:00:00,9,6.21,false
1002,SKU001,produce,produce,2026-05-25T08:00:00,11,7.59,false
1002,SKU001,produce,produce,2026-05-25T09:00:00,12,8.28,false
1002,SKU001,produce,produce,2026-05-25T10:00:00,10,6.90,false
1002,SKU001,produce,produce,2026-05-25T11:00:00,15,10.35,false
1002,SKU001,produce,produce,2026-05-25T12:00:00,7,4.83,false
1002,SKU001,produce,produce,2026-05-25T13:00:00,13,8.97,false
1002,SKU001,produce,produce,2026-05-25T14:00:00,12,8.28,false
1002,SKU001,produce,produce,2026-05-25T15:00:00,12,8.28,false
1002,SKU001,produce,produce,2026-05-25T16:00:00,7,4.83,false
1002,SKU001,produce,produce,2026-05-25T17:00:00,11,7.59,false
1002,SKU001,produce,produce,2026-05-25T18:00:00,10,6.90,false
1002,SKU001,produce,produce,2026-05-25T19:00:00,7,4.83,false
1002,SKU001,produce,produce,2026-05-25T20:00:00,5,3.45,false
1002,SKU001,produce,produce,2026-05-25T21:00:00,12,8.28,false
1002,SKU001,produce,produce,2026-05-26T06:00:00,4,2.76,false
1002,SKU001,produce,produce,2026-05-26T07:00:00,11,7.59,false
1002,SKU001,produce,produce,2026-05-26T08:00:00,10,6.90,false
1002,SKU001,produce,produce,2026-05-26T09:00:00,9,6.21,false
1002,SKU001,produce,produce,2026-05-26T10:00:00,8,5.52,false
1002,SKU001,produce,produce,2026-05-26T11:00:00,12,8.28,false
1002,SKU001,produce,produce,2026-05-26T12:00:00,16,11.04,false
1002,SKU001,produce,produce,2026-05-26T13:00:00,9,6.21,false
1002,SKU001,produce,produce,2026-05-26T14:00:00,10,6.90,false
1002,SKU001,produce,produce,2026-05-26T15:00:00,10,6.90,false
1002,SKU001,produce,produce,2026-05-26T16:00:00,13,8.97,false
1002,SKU001,produce,produce,2026-05-26T17:00:00,13,8.97,false
1002,SKU001,produce,produce,2026-05-26T18:00:00,16,11.04,false
1002,SKU001,produce,produce,2026-05-26T19:00:00,5,3.45,false
1002,SKU001,produce,produce,2026-05-26T20:00:00,4,2.76,false
1002,SKU001,produce,produce,2026-05-26T21:00:00,13,8.97,false
1002,SKU001,produce,produce,2026-05-27T06:00:00,9,6.21,false
1002,SKU001,produce,produce,2026-05-27T07:00:00,11,7.59,false
1002,SKU001,produce,produce,2026-05-27T08:00:00,11,7.59,false
1002,SKU001,produce,produce,2026-05-27T09:00:00,6,4.14,false
1002,SKU001,produce,produce,2026-05-27T10:00:00,5,3.45,false
1002,SKU001,produce,produce,2026-05-27T11:00:00,10,6.90,false
1002,SKU001,produce,produce,2026-05-27T12:00:00,14,9.66,false
1002,SKU001,produce,produce,2026-05-27T13:00:00,6,4.14,false
1002,SKU001,produce,produce,2026-05-27T14:00:00,13,8.97,false
1002,SKU001,produce,produce,2026-05-27T15:00:00,10,6.90,false
1002,SKU001,produce,produce,2026-05-27T16:00:00,10,6.90,false
1002,SKU001,produce,produce,2026-05-27T17:00:00,14,9.66,false
1002,SKU001,produce,produce,2026-05-27T18:00:00,15,10.35,false
1002,SKU001,produce,produce,2026-05-27T19:00:00,7,4.83,false
1002,SKU001,produce,produce,2026-05-27T20:00:00,7,4.83,false
1002,SKU001,produce,produce,2026-05-27T21:00:00,8,5.52,false
1002,SKU001,produce,produce,2026-05-28T06:00:00,8,5.52,false
1002,SKU001,produce,produce,2026-05-28T07:00:00,9,6.21,false
1002,SKU001,produce,produce,2026-05-28T08:00:00,8,5.52,false
1002,SKU001,produce,produce,2026-05-28T09:00:00,13,8.97,false
1002,SKU001,produce,produce,2026-05-28T10:00:00,8,5.52,false
1002,SKU001,produce,produce,2026-05-28T11:00:00,13,8.97,false
1002,SKU001,produce,produce,2026-05-28T12:00:00,17,11.73,false
1002,SKU001,produce,produce,2026-05-28T13:00:00,9,6.21,false
1002,SKU001,produce,produce,2026-05-28T14:00:00,10,6.90,false
1002,SKU001,produce,produce,2026-05-28T15:00:00,4,2.76,false
1002,SKU001,produce,produce,2026-05-28T16:00:00,9,6.21,false
1002,SKU001,produce,produce,2026-05-28T17:00:00,12,8.28,false
1002,SKU001,produce,produce,2026-05-28T18:00:00,14,9.66,false
1002,SKU001,produce,produce,2026-05-28T19:00:00,12,8.28,false
1002,SKU001,produce,produce,2026-05-28T20:00:00,6,4.14,false
1002,SKU001,produce,produce,2026-05-28T21:00:00,12,8.28,false
1002,SKU001,produce,produce,2026-05-29T06:00:00,8,4.97,true
1002,SKU001,produce,produce,2026-05-29T07:00:00,12,7.45,true
1002,SKU001,produce,produce,2026-05-29T08:00:00,11,6.83,true
1002,SKU001,produce,produce,2026-05-29T09:00:00,10,6.21,true
1002,SKU001,produce,produce,2026-05-29T10:00:00,18,11.18,true
1002,SKU001,produce,produce,2026-05-29T11:00:00,21,13.04,true
1002,SKU001,produce,produce,2026-05-29T12:00:00,21,13.04,true
1002,SKU001,produce,produce,2026-05-29T13:00:00,15,9.31,true
1002,SKU001,produce,produce,2026-05-29T14:00:00,8,4.97,true
1002,SKU001,produce,produce,2026-05-29T15:00:00,14,8.69,true
1002,SKU001,produce,produce,2026-05-29T16:00:00,10,6.21,true
1002,SKU001,produce,produce,2026-05-29T17:00:00,21,13.04,true
1002,SKU001,produce,produce,2026-05-29T18:00:00,19,11.80,true
1002,SKU001,produce,produce,2026-05-29T19:00:00,11,6.83,true
1002,SKU001,produce,produce,2026-05-29T20:00:00,12,7.45,true
1002,SKU001,produce,produce,2026-05-29T21:00:00,15,9.31,true
1002,SKU001,produce,produce,2026-05-30T06:00:00,11,6.83,true
1002,SKU001,produce,produce,2026-05-30T07:00:00,11,6.83,true
1002,SKU001,produce,produce,2026-05-30T08:00:00,17,10.56,true
1002,SKU001,produce,produce,2026-05-30T09:00:00,10,6.21,true
1002,SKU001,produce,produce,2026-05-30T10:00:00,8,4.97,true
1002,SKU001,produce,produce,2026-05-30T11:00:00,10,6.21,true
1002,SKU001,produce,produce,2026-05-30T12:00:00,24,14.90,true
1002,SKU001,produce,produce,2026-05-30T13:00:00,13,8.07,true
1002,SKU001,produce,produce,2026-05-30T14:00:00,16,9.94,true
1002,SKU001,produce,produce,2026-05-30T15:00:00,9,5.59,true
1002,SKU001,produce,produce,2026-05-30T16:00:00,14,8.69,true
1002,SKU001,produce,produce,2026-05-30T17:00:00,16,9.94,true
1002,SKU001,produce,produce,2026-05-30T18:00:00,14,8.69,true
1002,SKU001,produce,produce,2026-05-30T19:00:00,10,6.21,true
1002,SKU001,produce,produce,2026-05-30T20:00:00,12,7.45,true
1002,SKU001,produce,produce,2026-05-30T21:00:00,15,9.31,true
1002,SKU001,produce,produce,2026-05-31T06:00:00,15,9.31,true
1002,SKU001,produce,produce,2026-05-31T07:00:00,12,7.45,true
1002,SKU001,produce,produce,2026-05-31T08:00:00,8,4.97,true
1002,SKU001,produce,produce,2026-05-31T09:00:00,11,6.83,true
1002,SKU001,produce,produce,2026-05-31T10:00:00,14,8.69,true
1002,SKU001,produce,produce,2026-05-31T11:00:00,17,10.56,true
1002,SKU001,produce,produce,2026-05-31T12:00:00,25,15.53,true
1002,SKU001,produce,produce,2026-05-31T13:00:00,12,7.45,true
1002,SKU001,produce,produce,2026-05-31T14:00:00,16,9.94,true
1002,SKU001,produce,produce,2026-05-31T15:00:00,12,7.45,true
1002,SKU001,produce,produce,2026-05-31T16:00:00,17,10.56,true
1002,SKU001,produce,produce,2026-05-31T17:00:00,13,8.07,true
1002,SKU001,produce,produce,2026-05-31T18:00:00,7,4.35,true
1002,SKU001,produce,produce,2026-05-31T19:00:00,5,3.10,true
1002,SKU001,produce,produce,2026-05-31T20:00:00,15,9.31,true
1002,SKU001,produce,produce,2026-05-31T21:00:00,10,6.21,true
1002,SKU001,produce,produce,2026-06-01T06:00:00,9,6.21,false
1002,SKU001,produce,produce,2026-06-01T07:00:00,5,3.45,false
1002,SKU001,produce,produce,2026-06-01T08:00:00,10,6.90,false
1002,SKU001,produce,produce,2026-06-01T09:00:00,12,8.28,false
1002,SKU001,produce,produce,2026-06-01T10:00:00,10,6.90,false
1002,SKU001,produce,produce,2026-06-01T11:00:00,14,9.66,false
1002,SKU001,produce,produce,2026-06-01T12:00:00,6,4.14,false
1002,SKU001,produce,produce,2026-06-01T13:00:00,8,5.52,false
1002,SKU001,produce,produce,2026-06-01T14:00:00,5,3.45,false
1002,SKU001,produce,produce,2026-06-01T15:00:00,11,7.59,false
1002,SKU001,produce,produce,2026-06-01T16:00:00,7,4.83,false
1002,SKU001,produce,produce,2026-06-01T17:00:00,15,10.35,false
1002,SKU001,produce,produce,2026-06-01T18:00:00,15,10.35,false
1002,SKU001,produce,produce,2026-06-01T19:00:00,8,5.52,false
1002,SKU001,produce,produce,2026-06-01T20:00:00,7,4.83,false
1002,SKU001,produce,produce,2026-06-01T21:00:00,9,6.21,false
1002,SKU001,produce,produce,2026-06-02T06:00:00,5,3.45,false
1002,SKU001,produce,produce,2026-06-02T07:00:00,13,8.97,false
1002,SKU001,produce,produce,2026-06-02T08:00:00,9,6.21,false
1002,SKU001,produce,produce,2026-06-02T09:00:00,4,2.76,false
1002,SKU001,produce,produce,2026-06-02T10:00:00,4,2.76,false
1002,SKU001,produce,produce,2026-06-02T11:00:00,12,8.28,false
1002,SKU001,produce,produce,2026-06-02T12:00:00,17,11.73,false
1002,SKU001,produce,produce,2026-06-02T13:00:00,11,7.59,false
1002,SKU001,produce,produce,2026-06-02T14:00:00,8,5.52,false
1002,SKU001,produce,produce,2026-06-02T15:00:00,9,6.21,false
1002,SKU001,produce,produce,2026-06-02T16:00:00,8,5.52,false
1002,SKU001,produce,produce,2026-06-02T17:00:00,18,12.42,false
1002,SKU001,produce,produce,2026-06-02T18:00:00,12,8.28,false
1002,SKU001,produce,produce,2026-06-02T19:00:00,6,4.14,false
1002,SKU001,produce,produce,2026-06-02T20:00:00,3,2.07,false
1002,SKU001,produce,produce,2026-06-02T21:00:00,8,5.52,false
1002,SKU001,produce,produce,2026-06-03T06:00:00,10,6.90,false
1002,SKU001,produce,produce,2026-06-03T07:00:00,9,6.21,false
1002,SKU001,produce,produce,2026-06-03T08:00:00,10,6.90,false
1002,SKU001,produce,produce,2026-06-03T09:00:00,12,8.28,false
1002,SKU001,produce,produce,2026-06-03T10:00:00,7,4.83,false
1002,SKU001,produce,produce,2026-06-03T11:00:00,5,3.45,false
1002,SKU001,produce,produce,2026-06-03T12:00:00,15,10.35,false
1002,SKU001,produce,produce,2026-06-03T13:00:00,9,6.21,false
1002,SKU001,produce,produce,2026-06-03T14:00:00,9,6.21,false
1002,SKU001,produce,produce,2026-06-03T15:00:00,12,8.28,false
1002,SKU001,produce,produce,2026-06-03T16:00:00,11,7.59,false
1002,SKU001,produce,produce,2026-06-03T17:00:00,11,7.59,false
1002,SKU001,produce,produce,2026-06-03T18:00:00,12,8.28,false
1002,SKU001,produce,produce,2026-06-03T19:00:00,8,5.52,false
1002,SKU001,produce,produce,2026-06-03T20:00:00,10,6.90,false
1002,SKU001,produce,produce,2026-06-03T21:00:00,13,8.97,false
1002,SKU001,produce,produce,2026-06-04T06:00:00,7,4.83,false
1002,SKU001,produce,produce,2026-06-04T07:00:00,10,6.90,false
1002,SKU001,produce,produce,2026-06-04T08:00:00,6,4.14,false
1002,SKU001,produce,produce,2026-06-04T09:00:00,7,4.83,false
1002,SKU001,produce,produce,2026-06-04T10:00:00,14,9.66,false
1002,SKU001,produce,produce,2026-06-04T11:00:00,9,6.21,false
1002,SKU001,produce,produce,2026-06-04T12:00:00,13,8.97,false
1002,SKU001,produce,produce,2026-06-04T13:00:00,9,6.21,false
1002,SKU001,produce,produce,2026-06-04T14:00:00,11,7.59,false
1002,SKU001,produce,produce,2026-06-04T15:00:00,8,5.52,false
1002,SKU001,produce,produce,2026-06-04T16:00:00,6,4.14,false
1002,SKU001,produce,produce,2026-06-04T17:00:00,10,6.90,false
1002,SKU001,produce,produce,2026-06-04T18:00:00,12,8.28,false
1002,SKU001,produce,produce,2026-06-04T19:00:00,13,8.97,false
1002,SKU001,produce,produce,2026-06-04T20:00:00,10,6.90,false
1002,SKU001,produce,produce,2026-06-04T21:00:00,9,6.21,false
1002,SKU002,produce,produce,2026-05-22T06:00:00,3,4.47,false
1002,SKU002,produce,produce,2026-05-22T07:00:00,3,4.47,false
1002,SKU002,produce,produce,2026-05-22T08:00:00,4,5.96,false
1002,SKU002,produce,produce,2026-05-22T09:00:00,3,4.47,false
1002,SKU002,produce,produce,2026-05-22T10:00:00,3,4.47,false
1002,SKU002,produce,produce,2026-05-22T11:00:00,6,8.94,false
1002,SKU002,produce,produce,2026-05-22T12:00:00,5,7.45,false
1002,SKU002,produce,produce,2026-05-22T13:00:00,2,2.98,false
1002,SKU002,produce,produce,2026-05-22T14:00:00,3,4.47,false
1002,SKU002,produce,produce,2026-05-22T15:00:00,4,5.96,false
1002,SKU002,produce,produce,2026-05-22T16:00:00,3,4.47,false
1002,SKU002,produce,produce,2026-05-22T17:00:00,6,8.94,false
1002,SKU002,produce,produce,2026-05-22T18:00:00,7,10.43,false
1002,SKU002,produce,produce,2026-05-22T19:00:00,4,5.96,false
1002,SKU002,produce,produce,2026-05-22T20:00:00,4,5.96,false
1002,SKU002,produce,produce,2026-05-22T21:00:00,2,2.98,false
1002,SKU002,produce,produce,2026-05-23T06:00:00,3,4.47,false
1002,SKU002,produce,produce,2026-05-23T07:00:00,2,2.98,false
1002,SKU002,produce,produce,2026-05-23T08:00:00,4,5.96,false
1002,SKU002,produce,produce,2026-05-23T09:00:00,2,2.98,false
1002,SKU002,produce,produce,2026-05-23T10:00:00,2,2.98,false
1002,SKU002,produce,produce,2026-05-23T11:00:00,3,4.47,false
1002,SKU002,produce,produce,2026-05-23T12:00:00,5,7.45,false
1002,SKU002,produce,produce,2026-05-23T13:00:00,1,1.49,false
1002,SKU002,produce,produce,2026-05-23T14:00:00,4,5.96,false
1002,SKU002,produce,produce,2026-05-23T15:00:00,2,2.98,false
1002,SKU002,produce,produce,2026-05-23T16:00:00,5,7.45,false
1002,SKU002,produce,produce,2026-05-23T17:00:00,4,5.96,false
1002,SKU002,produce,produce,2026-05-23T18:00:00,4,5.96,false
1002,SKU002,produce,produce,2026-05-23T19:00:00,1,1.49,false
1002,SKU002,produce,produce,2026-05-23T20:00:00,4,5.96,false
1002,SKU002,produce,produce,2026-05-23T21:00:00,4,5.96,false
1002,SKU002,produce,produce,2026-05-24T06:00:00,2,2.98,false
1002,SKU002,produce,produce,2026-05-24T07:00:00,1,1.49,false
1002,SKU002,produce,produce,2026-05-24T08:00:00,4,5.96,false
1002,SKU002,produce,produce,2026-05-24T09:00:00,2,2.98,false
1002,SKU002,produce,produce,2026-05-24T10:00:00,2,2.98,false
1002,SKU002,produce,produce,2026-05-24T11:00:00,5,7.45,false
1002,SKU002,produce,produce,2026-05-24T12:00:00,3,4.47,false
1002,SKU002,produce,produce,2026-05-24T13:00:00,5,7.45,false
1002,SKU002,produce,produce,2026-05-24T14:00:00,2,2.98,false
1002,SKU002,produce,produce,2026-05-24T15:00:00,2,2.98,false
1002,SKU002,produce,produce,2026-05-24T16:00:00,4,5.96,false
1002,SKU002,produce,produce,2026-05-24T17:00:00,6,8.94,false
1002,SKU002,produce,produce,2026-05-24T18:00:00,3,4.47,false
1002,SKU002,produce,produce,2026-05-24T19:00:00,2,2.98,false
1002,SKU002,produce,produce,2026-05-24T20:00:00,2,2.98,false
1002,SKU002,produce,produce,2026-05-24T21:00:00,3,4.47,false
1002,SKU002,produce,produce,2026-05-25T06:00:00,2,2.98,false
1002,SKU002,produce,produce,2026-05-25T07:00:00,3,4.47,false
1002,SKU002,produce,produce,2026-05-25T08:00:00,4,5.96,false
1002,SKU002,produce,produce,2026-05-25T09:00:00,2,2.98,false
1002,SKU002,produce,produce,2026-05-25T10:00:00,3,4.47,false
1002,SKU002,produce,produce,2026-05-25T11:00:00,3,4.47,false
1002,SKU002,produce,produce,2026-05-25T12:00:00,4,5.96,false
1002,SKU002,produce,produce,2026-05-25T13:00:00,3,4.47,false
1002,SKU002,produce,produce,2026-05-25T14:00:00,4,5.96,false
1002,SKU002,produce,produce,2026-05-25T15:00:00,4,5.96,false
1002,SKU002,produce,produce,2026-05-25T16:00:00,6,8.94,false
1002,SKU002,produce,produce,2026-05-25T17:00:00,7,10.43,false
1002,SKU002,produce,produce,2026-05-25T18:00:00,4,5.96,false
1002,SKU002,produce,produce,2026-05-25T19:00:00,3,4.47,false
1002,SKU002,produce,produce,2026-05-25T20:00:00,3,4.47,false
1002,SKU002,produce,produce,2026-05-25T21:00:00,3,4.47,false
1002,SKU002,produce,produce,2026-05-26T06:00:00,6,8.94,false
1002,SKU002,produce,produce,2026-05-26T07:00:00,3,4.47,false
1002,SKU002,produce,produce,2026-05-26T08:00:00,3,4.47,false
1002,SKU002,produce,produce,2026-05-26T09:00:00,4,5.96,false
1002,SKU002,produce,produce,2026-05-26T10:00:00,1,1.49,false
1002,SKU002,produce,produce,2026-05-26T11:00:00,4,5.96,false
1002,SKU002,produce,produce,2026-05-26T12:00:00,4,5.96,false
1002,SKU002,produce,produce,2026-05-26T13:00:00,3,4.47,false
1002,SKU002,produce,produce,2026-05-26T14:00:00,5,7.45,false
1002,SKU002,produce,produce,2026-05-26T15:00:00,4,5.96,false
1002,SKU002,produce,produce,2026-05-26T16:00:00,2,2.98,false
1002,SKU002,produce,produce,2026-05-26T17:00:00,4,5.96,false
1002,SKU002,produce,produce,2026-05-26T18:00:00,3,4.47,false
1002,SKU002,produce,produce,2026-05-26T19:00:00,3,4.47,false
1002,SKU002,produce,produce,2026-05-26T20:00:00,3,4.47,false
1002,SKU002,produce,produce,2026-05-26T21:00:00,2,2.98,false
1002,SKU002,produce,produce,2026-05-27T06:00:00,3,4.47,false
1002,SKU002,produce,produce,2026-05-27T07:00:00,1,1.49,false
1002,SKU002,produce,produce,2026-05-27T08:00:00,3,4.47,false
1002,SKU002,produce,produce,2026-05-27T09:00:00,1,1.49,false
1002,SKU002,produce,produce,2026-05-27T10:00:00,1,1.49,false
1002,SKU002,produce,produce,2026-05-27T11:00:00,4,5.96,false
1002,SKU002,produce,produce,2026-05-27T12:00:00,3,4.47,false
1002,SKU002,produce,produce,2026-05-27T13:00:00,5,7.45,false
1002,SKU002,produce,produce,2026-05-27T14:00:00,2,2.98,false
1002,SKU002,produce,produce,2026-05-27T15:00:00,3,4.47,false
1002,SKU002,produce,produce,2026-05-27T16:00:00,2,2.98,false
1002,SKU002,produce,produce,2026-05-27T17:00:00,5,7.45,false
1002,SKU002,produce,produce,2026-05-27T18:00:00,4,5.96,false
1002,SKU002,produce,produce,2026-05-27T19:00:00,3,4.47,false
1002,SKU002,produce,produce,2026-05-27T20:00:00,2,2.98,false
1002,SKU002,produce,produce,2026-05-27T21:00:00,2,2.98,false
1002,SKU002,produce,produce,2026-05-28T06:00:00,2,2.98,false
1002,SKU002,produce,produce,2026-05-28T07:00:00,1,1.49,false
1002,SKU002,produce,produce,2026-05-28T08:00:00,1,1.49,false
1002,SKU002,produce,produce,2026-05-28T09:00:00,3,4.47,false
1002,SKU002,produce,produce,2026-05-28T10:00:00,3,4.47,false
1002,SKU002,produce,produce,2026-05-28T11:00:00,3,4.47,false
1002,SKU002,produce,produce,2026-05-28T12:00:00,2,2.98,false
1002,SKU002,produce,produce,2026-05-28T13:00:00,3,4.47,false
1002,SKU002,produce,produce,2026-05-28T14:00:00,3,4.47,false
1002,SKU002,produce,produce,2026-05-28T15:00:00,5,7.45,false
1002,SKU002,produce,produce,2026-05-28T16:00:00,4,5.96,false
1002,SKU002,produce,produce,2026-05-28T17:00:00,3,4.47,false
1002,SKU002,produce,produce,2026-05-28T18:00:00,4,5.96,false
1002,SKU002,produce,produce,2026-05-28T19:00:00,5,7.45,false
1002,SKU002,produce,produce,2026-05-28T20:00:00,3,4.47,false
1002,SKU002,produce,produce,2026-05-28T21:00:00,3,4.47,false
1002,SKU002,produce,produce,2026-05-29T06:00:00,4,5.96,false
1002,SKU002,produce,produce,2026-05-29T07:00:00,2,2.98,false
1002,SKU002,produce,produce,2026-05-29T08:00:00,4,5.96,false
1002,SKU002,produce,produce,2026-05-29T09:00:00,3,4.47,false
1002,SKU002,produce,produce,2026-05-29T10:00:00,3,4.47,false
1002,SKU002,produce,produce,2026-05-29T11:00:00,5,7.45,false
1002,SKU002,produce,produce,2026-05-29T12:00:00,5,7.45,false
1002,SKU002,produce,produce,2026-05-29T13:00:00,3,4.47,false
1002,SKU002,produce,produce,2026-05-29T14:00:00,3,4.47,false
1002,SKU002,produce,produce,2026-05-29T15:00:00,2,2.98,false
1002,SKU002,produce,produce,2026-05-29T16:00:00,2,2.98,false
1002,SKU002,produce,produce,2026-05-29T17:00:00,4,5.96,false
1002,SKU002,produce,produce,2026-05-29T18:00:00,7,10.43,false
1002,SKU002,produce,produce,2026-05-29T19:00:00,3,4.47,false
1002,SKU002,produce,produce,2026-05-29T20:00:00,4,5.96,false
1002,SKU002,produce,produce,2026-05-29T21:00:00,3,4.47,false
1002,SKU002,produce,produce,2026-05-30T06:00:00,4,5.96,false
1002,SKU002,produce,produce,2026-05-30T07:00:00,3,4.47,false
1002,SKU002,produce,produce,2026-05-30T08:00:00,4,5.96,false
1002,SKU002,produce,produce,2026-05-30T09:00:00,3,4.47,false
1002,SKU002,produce,produce,2026-05-30T10:00:00,4,5.96,false
1002,SKU002,produce,produce,2026-05-30T11:00:00,6,8.94,false
1002,SKU002,produce,produce,2026-05-30T12:00:00,6,8.94,false
1002,SKU002,produce,produce,2026-05-30T13:00:00,4,5.96,false
1002,SKU002,produce,produce,2026-05-30T14:00:00,2,2.98,false
1002,SKU002,produce,produce,2026-05-30T15:00:00,1,1.49,false
1002,SKU002,produce,produce,2026-05-30T16:00:00,2,2.98,false
1002,SKU002,produce,produce,2026-05-30T17:00:00,4,5.96,false
1002,SKU002,produce,produce,2026-05-30T18:00:00,3,4.47,false
1002,SKU002,produce,produce,2026-05-30T19:00:00,4,5.96,false
1002,SKU002,produce,produce,2026-05-30T20:00:00,4,5.96,false
1002,SKU002,produce,produce,2026-05-30T21:00:00,2,2.98,false
1002,SKU002,produce,produce,2026-05-31T06:00:00,3,4.47,false
1002,SKU002,produce,produce,2026-05-31T07:00:00,4,5.96,false
1002,SKU002,produce,produce,2026-05-31T08:00:00,4,5.96,false
1002,SKU002,produce,produce,2026-05-31T09:00:00,2,2.98,false
1002,SKU002,produce,produce,2026-05-31T10:00:00,2,2.98,false
1002,SKU002,produce,produce,2026-05-31T11:00:00,6,8.94,false
1002,SKU002,produce,produce,2026-05-31T12:00:00,4,5.96,false
1002,SKU002,produce,produce,2026-05-31T13:00:00,4,5.96,false
1002,SKU002,produce,produce,2026-05-31T14:00:00,5,7.45,false
1002,SKU002,produce,produce,2026-05-31T15:00:00,3,4.47,false
1002,SKU002,produce,produce,2026-05-31T16:00:00,3,4.47,false
1002,SKU002,produce,produce,2026-05-31T17:00:00,4,5.96,false
1002,SKU002,produce,produce,2026-05-31T18:00:00,3,4.47,false
1002,SKU002,produce,produce,2026-05-31T19:00:00,2,2.98,false
1002,SKU002,produce,produce,2026-05-31T20:00:00,4,5.96,false
1002,SKU002,produce,produce,2026-05-31T21:00:00,3,4.47,false
1002,SKU002,produce,produce,2026-06-01T06:00:00,1,1.49,false
1002,SKU002,produce,produce,2026-06-01T07:00:00,4,5.96,false
1002,SKU002,produce,produce,2026-06-01T08:00:00,5,7.45,false
1002,SKU002,produce,produce,2026-06-01T09:00:00,4,5.96,false
1002,SKU002,produce,produce,2026-06-01T10:00:00,4,5.96,false
1002,SKU002,produce,produce,2026-06-01T11:00:00,5,7.45,false
1002,SKU002,produce,produce,2026-06-01T12:00:00,5,7.45,false
1002,SKU002,produce,produce,2026-06-01T13:00:00,4,5.96,false
1002,SKU002,produce,produce,2026-06-01T14:00:00,3,4.47,false
1002,SKU002,produce,produce,2026-06-01T15:00:00,4,5.96,false
1002,SKU002,produce,produce,2026-06-01T16:00:00,3,4.47,false
1002,SKU002,produce,produce,2026-06-01T17:00:00,4,5.96,false
1002,SKU002,produce,produce,2026-06-01T18:00:00,1,1.49,false
1002,SKU002,produce,produce,2026-06-01T19:00:00,2,2.98,false
1002,SKU002,produce,produce,2026-06-01T20:00:00,3,4.47,false
1002,SKU002,produce,produce,2026-06-01T21:00:00,3,4.47,false
1002,SKU002,produce,produce,2026-06-02T06:00:00,3,4.47,false
1002,SKU002,produce,produce,2026-06-02T07:00:00,3,4.47,false
1002,SKU002,produce,produce,2026-06-02T08:00:00,4,5.96,false
1002,SKU002,produce,produce,2026-06-02T09:00:00,4,5.96,false
1002,SKU002,produce,produce,2026-06-02T10:00:00,5,7.45,false
1002,SKU002,produce,produce,2026-06-02T11:00:00,4,5.96,false
1002,SKU002,produce,produce,2026-06-02T12:00:00,3,4.47,false
1002,SKU002,produce,produce,2026-06-02T13:00:00,2,2.98,false
1002,SKU002,produce,produce,2026-06-02T14:00:00,4,5.96,false
1002,SKU002,produce,produce,2026-06-02T15:00:00,4,5.96,false
1002,SKU002,produce,produce,2026-06-02T16:00:00,4,5.96,false
1002,SKU002,produce,produce,2026-06-02T17:00:00,5,7.45,false
1002,SKU002,produce,produce,2026-06-02T18:00:00,6,8.94,false
1002,SKU002,produce,produce,2026-06-02T19:00:00,5,7.45,false
1002,SKU002,produce,produce,2026-06-02T20:00:00,3,4.47,false
1002,SKU002,produce,produce,2026-06-02T21:00:00,4,5.96,false
1002,SKU002,produce,produce,2026-06-03T06:00:00,4,5.96,false
1002,SKU002,produce,produce,2026-06-03T07:00:00,5,7.45,false
1002,SKU002,produce,produce,2026-06-03T08:00:00,4,5.96,false
1002,SKU002,produce,produce,2026-06-03T09:00:00,4,5.96,false
1002,SKU002,produce,produce,2026-06-03T10:00:00,3,4.47,false
1002,SKU002,produce,produce,2026-06-03T11:00:00,4,5.96,false
1002,SKU002,produce,produce,2026-06-03T12:00:00,5,7.45,false
1002,SKU002,produce,produce,2026-06-03T13:00:00,2,2.98,false
1002,SKU002,produce,produce,2026-06-03T14:00:00,2,2.98,false
1002,SKU002,produce,produce,2026-06-03T15:00:00,1,1.49,false
1002,SKU002,produce,produce,2026-06-03T16:00:00,3,4.47,false
1002,SKU002,produce,produce,2026-06-03T17:00:00,4,5.96,false
1002,SKU002,produce,produce,2026-06-03T18:00:00,5,7.45,false
1002,SKU002,produce,produce,2026-06-03T19:00:00,5,7.45,false
1002,SKU002,produce,produce,2026-06-03T20:00:00,3,4.47,false
1002,SKU002,produce,produce,2026-06-03T21:00:00,2,2.98,false
1002,SKU002,produce,produce,2026-06-04T06:00:00,2,2.98,false
1002,SKU002,produce,produce,2026-06-04T07:00:00,4,5.96,false
1002,SKU002,produce,produce,2026-06-04T08:00:00,5,7.45,false
1002,SKU002,produce,produce,2026-06-04T09:00:00,5,7.45,false
1002,SKU002,produce,produce,2026-06-04T10:00:00,3,4.47,false
1002,SKU002,produce,produce,2026-06-04T11:00:00,3,4.47,false
1002,SKU002,produce,produce,2026-06-04T12:00:00,4,5.96,false
1002,SKU002,produce,produce,2026-06-04T13:00:00,2,2.98,false
1002,SKU002,produce,produce,2026-06-04T14:00:00,2,2.98,false
1002,SKU002,produce,produce,2026-06-04T15:00:00,3,4.47,false
1002,SKU002,produce,produce,2026-06-04T16:00:00,4,5.96,false
1002,SKU002,produce,produce,2026-06-04T17:00:00,6,8.94,false
1002,SKU002,produce,produce,2026-06-04T18:00:00,5,7.45,false
1002,SKU002,produce,produce,2026-06-04T19:00:00,4,5.96,false
1002,SKU002,produce,produce,2026-06-04T20:00:00,4,5.96,false
1002,SKU002,produce,produce,2026-06-04T21:00:00,3,4.47,false
1002,SKU003,dairy,dairy,2026-05-22T06:00:00,5,19.30,true
1002,SKU003,dairy,dairy,2026-05-22T07:00:00,2,7.72,true
1002,SKU003,dairy,dairy,2026-05-22T08:00:00,5,19.30,true
1002,SKU003,dairy,dairy,2026-05-22T09:00:00,3,11.58,true
1002,SKU003,dairy,dairy,2026-05-22T10:00:00,4,15.44,true
1002,SKU003,dairy,dairy,2026-05-22T11:00:00,2,7.72,true
1002,SKU003,dairy,dairy,2026-05-22T12:00:00,5,19.30,true
1002,SKU003,dairy,dairy,2026-05-22T13:00:00,4,15.44,true
1002,SKU003,dairy,dairy,2026-05-22T14:00:00,3,11.58,true
1002,SKU003,dairy,dairy,2026-05-22T15:00:00,5,19.30,true
1002,SKU003,dairy,dairy,2026-05-22T16:00:00,6,23.17,true
1002,SKU003,dairy,dairy,2026-05-22T17:00:00,6,23.17,true
1002,SKU003,dairy,dairy,2026-05-22T18:00:00,9,34.75,true
1002,SKU003,dairy,dairy,2026-05-22T19:00:00,2,7.72,true
1002,SKU003,dairy,dairy,2026-05-22T20:00:00,3,11.58,true
1002,SKU003,dairy,dairy,2026-05-22T21:00:00,3,11.58,true
1002,SKU003,dairy,dairy,2026-05-23T06:00:00,4,15.44,true
1002,SKU003,dairy,dairy,2026-05-23T07:00:00,4,15.44,true
1002,SKU003,dairy,dairy,2026-05-23T08:00:00,4,15.44,true
1002,SKU003,dairy,dairy,2026-05-23T09:00:00,4,15.44,true
1002,SKU003,dairy,dairy,2026-05-23T10:00:00,3,11.58,true
1002,SKU003,dairy,dairy,2026-05-23T11:00:00,8,30.89,true
1002,SKU003,dairy,dairy,2026-05-23T12:00:00,7,27.03,true
1002,SKU003,dairy,dairy,2026-05-23T13:00:00,3,11.58,true
1002,SKU003,dairy,dairy,2026-05-23T14:00:00,3,11.58,true
1002,SKU003,dairy,dairy,2026-05-23T15:00:00,3,11.58,true
1002,SKU003,dairy,dairy,2026-05-23T16:00:00,3,11.58,true
1002,SKU003,dairy,dairy,2026-05-23T17:00:00,4,15.44,true
1002,SKU003,dairy,dairy,2026-05-23T18:00:00,8,30.89,true
1002,SKU003,dairy,dairy,2026-05-23T19:00:00,5,19.30,true
1002,SKU003,dairy,dairy,2026-05-23T20:00:00,4,15.44,true
1002,SKU003,dairy,dairy,2026-05-23T21:00:00,3,11.58,true
1002,SKU003,dairy,dairy,2026-05-24T06:00:00,4,15.44,true
1002,SKU003,dairy,dairy,2026-05-24T07:00:00,5,19.30,true
1002,SKU003,dairy,dairy,2026-05-24T08:00:00,3,11.58,true
1002,SKU003,dairy,dairy,2026-05-24T09:00:00,4,15.44,true
1002,SKU003,dairy,dairy,2026-05-24T10:00:00,5,19.30,true
1002,SKU003,dairy,dairy,2026-05-24T11:00:00,5,19.30,true
1002,SKU003,dairy,dairy,2026-05-24T12:00:00,5,19.30,true
1002,SKU003,dairy,dairy,2026-05-24T13:00:00,4,15.44,true
1002,SKU003,dairy,dairy,2026-05-24T14:00:00,5,19.30,true
1002,SKU003,dairy,dairy,2026-05-24T15:00:00,5,19.30,true
1002,SKU003,dairy,dairy,2026-05-24T16:00:00,5,19.30,true
1002,SKU003,dairy,dairy,2026-05-24T17:00:00,5,19.30,true
1002,SKU003,dairy,dairy,2026-05-24T18:00:00,5,19.30,true
1002,SKU003,dairy,dairy,2026-05-24T19:00:00,5,19.30,true
1002,SKU003,dairy,dairy,2026-05-24T20:00:00,4,15.44,true
1002,SKU003,dairy,dairy,2026-05-24T21:00:00,4,15.44,true
1002,SKU003,dairy,dairy,2026-05-25T06:00:00,2,8.58,false
1002,SKU003,dairy,dairy,2026-05-25T07:00:00,2,8.58,false
1002,SKU003,dairy,dairy,2026-05-25T08:00:00,1,4.29,false
1002,SKU003,dairy,dairy,2026-05-25T09:00:00,1,4.29,false
1002,SKU003,dairy,dairy,2026-05-25T10:00:00,3,12.87,false
1002,SKU003,dairy,dairy,2026-05-25T11:00:00,3,12.87,false
1002,SKU003,dairy,dairy,2026-05-25T12:00:00,4,17.16,false
1002,SKU003,dairy,dairy,2026-05-25T13:00:00,5,21.45,false
1002,SKU003,dairy,dairy,2026-05-25T14:00:00,3,12.87,false
1002,SKU003,dairy,dairy,2026-05-25T15:00:00,3,12.87,false
1002,SKU003,dairy,dairy,2026-05-25T16:00:00,2,8.58,false
1002,SKU003,dairy,dairy,2026-05-25T17:00:00,4,17.16,false
1002,SKU003,dairy,dairy,2026-05-25T18:00:00,4,17.16,false
1002,SKU003,dairy,dairy,2026-05-25T19:00:00,2,8.58,false
1002,SKU003,dairy,dairy,2026-05-25T20:00:00,2,8.58,false
1002,SKU003,dairy,dairy,2026-05-25T21:00:00,3,12.87,false
1002,SKU003,dairy,dairy,2026-05-26T06:00:00,4,17.16,false
1002,SKU003,dairy,dairy,2026-05-26T07:00:00,3,12.87,false
1002,SKU003,dairy,dairy,2026-05-26T08:00:00,3,12.87,false
1002,SKU003,dairy,dairy,2026-05-26T09:00:00,3,12.87,false
1002,SKU003,dairy,dairy,2026-05-26T10:00:00,3,12.87,false
1002,SKU003,dairy,dairy,2026-05-26T11:00:00,4,17.16,false
1002,SKU003,dairy,dairy,2026-05-26T12:00:00,4,17.16,false
1002,SKU003,dairy,dairy,2026-05-26T13:00:00,3,12.87,false
1002,SKU003,dairy,dairy,2026-05-26T14:00:00,3,12.87,false
1002,SKU003,dairy,dairy,2026-05-26T15:00:00,1,4.29,false
1002,SKU003,dairy,dairy,2026-05-26T16:00:00,2,8.58,false
1002,SKU003,dairy,dairy,2026-05-26T17:00:00,4,17.16,false
1002,SKU003,dairy,dairy,2026-05-26T18:00:00,2,8.58,false
1002,SKU003,dairy,dairy,2026-05-26T19:00:00,4,17.16,false
1002,SKU003,dairy,dairy,2026-05-26T20:00:00,3,12.87,false
1002,SKU003,dairy,dairy,2026-05-26T21:00:00,1,4.29,false
1002,SKU003,dairy,dairy,2026-05-27T06:00:00,2,8.58,false
1002,SKU003,dairy,dairy,2026-05-27T07:00:00,2,8.58,false
1002,SKU003,dairy,dairy,2026-05-27T08:00:00,4,17.16,false
1002,SKU003,dairy,dairy,2026-05-27T09:00:00,3,12.87,false
1002,SKU003,dairy,dairy,2026-05-27T10:00:00,4,17.16,false
1002,SKU003,dairy,dairy,2026-05-27T11:00:00,3,12.87,false
1002,SKU003,dairy,dairy,2026-05-27T12:00:00,5,21.45,false
1002,SKU003,dairy,dairy,2026-05-27T13:00:00,1,4.29,false
1002,SKU003,dairy,dairy,2026-05-27T14:00:00,2,8.58,false
1002,SKU003,dairy,dairy,2026-05-27T15:00:00,2,8.58,false
1002,SKU003,dairy,dairy,2026-05-27T16:00:00,2,8.58,false
1002,SKU003,dairy,dairy,2026-05-27T17:00:00,3,12.87,false
1002,SKU003,dairy,dairy,2026-05-27T18:00:00,2,8.58,false
1002,SKU003,dairy,dairy,2026-05-27T19:00:00,2,8.58,false
1002,SKU003,dairy,dairy,2026-05-27T20:00:00,2,8.58,false
1002,SKU003,dairy,dairy,2026-05-27T21:00:00,1,4.29,false
1002,SKU003,dairy,dairy,2026-05-28T06:00:00,2,8.58,false
1002,SKU003,dairy,dairy,2026-05-28T07:00:00,1,4.29,false
1002,SKU003,dairy,dairy,2026-05-28T08:00:00,3,12.87,false
1002,SKU003,dairy,dairy,2026-05-28T09:00:00,3,12.87,false
1002,SKU003,dairy,dairy,2026-05-28T10:00:00,3,12.87,false
1002,SKU003,dairy,dairy,2026-05-28T11:00:00,5,21.45,false
1002,SKU003,dairy,dairy,2026-05-28T12:00:00,3,12.87,false
1002,SKU003,dairy,dairy,2026-05-28T13:00:00,2,8.58,false
1002,SKU003,dairy,dairy,2026-05-28T14:00:00,3,12.87,false
1002,SKU003,dairy,dairy,2026-05-28T15:00:00,3,12.87,false
1002,SKU003,dairy,dairy,2026-05-28T16:00:00,4,17.16,false
1002,SKU003,dairy,dairy,2026-05-28T17:00:00,5,21.45,false
1002,SKU003,dairy,dairy,2026-05-28T18:00:00,4,17.16,false
1002,SKU003,dairy,dairy,2026-05-28T19:00:00,3,12.87,false
1002,SKU003,dairy,dairy,2026-05-28T20:00:00,2,8.58,false
1002,SKU003,dairy,dairy,2026-05-28T21:00:00,4,17.16,false
1002,SKU003,dairy,dairy,2026-05-29T06:00:00,3,11.58,true
1002,SKU003,dairy,dairy,2026-05-29T07:00:00,7,27.03,true
1002,SKU003,dairy,dairy,2026-05-29T08:00:00,2,7.72,true
1002,SKU003,dairy,dairy,2026-05-29T09:00:00,3,11.58,true
1002,SKU003,dairy,dairy,2026-05-29T10:00:00,5,19.30,true
1002,SKU003,dairy,dairy,2026-05-29T11:00:00,5,19.30,true
1002,SKU003,dairy,dairy,2026-05-29T12:00:00,4,15.44,true
1002,SKU003,dairy,dairy,2026-05-29T14:00:00,4,15.44,true
1002,SKU003,dairy,dairy,2026-05-29T15:00:00,4,15.44,true
1002,SKU003,dairy,dairy,2026-05-29T16:00:00,5,19.30,true
1002,SKU003,dairy,dairy,2026-05-29T17:00:00,3,11.58,true
1002,SKU003,dairy,dairy,2026-05-29T18:00:00,8,30.89,true
1002,SKU003,dairy,dairy,2026-05-29T19:00:00,4,15.44,true
1002,SKU003,dairy,dairy,2026-05-29T20:00:00,6,23.17,true
1002,SKU003,dairy,dairy,2026-05-29T21:00:00,3,11.58,true
1002,SKU003,dairy,dairy,2026-05-30T06:00:00,4,15.44,true
1002,SKU003,dairy,dairy,2026-05-30T07:00:00,3,11.58,true
1002,SKU003,dairy,dairy,2026-05-30T08:00:00,4,15.44,true
1002,SKU003,dairy,dairy,2026-05-30T09:00:00,4,15.44,true
1002,SKU003,dairy,dairy,2026-05-30T10:00:00,4,15.44,true
1002,SKU003,dairy,dairy,2026-05-30T11:00:00,5,19.30,true
1002,SKU003,dairy,dairy,2026-05-30T12:00:00,3,11.58,true
1002,SKU003,dairy,dairy,2026-05-30T13:00:00,5,19.30,true
1002,SKU003,dairy,dairy,2026-05-30T14:00:00,4,15.44,true
1002,SKU003,dairy,dairy,2026-05-30T15:00:00,3,11.58,true
1002,SKU003,dairy,dairy,2026-05-30T16:00:00,3,11.58,true
1002,SKU003,dairy,dairy,2026-05-30T17:00:00,4,15.44,true
1002,SKU003,dairy,dairy,2026-05-30T18:00:00,7,27.03,true
1002,SKU003,dairy,dairy,2026-05-30T19:00:00,4,15.44,true
1002,SKU003,dairy,dairy,2026-05-30T20:00:00,3,11.58,true
1002,SKU003,dairy,dairy,2026-05-30T21:00:00,4,15.44,true
1002,SKU003,dairy,dairy,2026-05-31T06:00:00,4,15.44,true
1002,SKU003,dairy,dairy,2026-05-31T07:00:00,7,27.03,true
1002,SKU003,dairy,dairy,2026-05-31T08:00:00,4,15.44,true
1002,SKU003,dairy,dairy,2026-05-31T09:00:00,5,19.30,true
1002,SKU003,dairy,dairy,2026-05-31T10:00:00,5,19.30,true
1002,SKU003,dairy,dairy,2026-05-31T11:00:00,4,15.44,true
1002,SKU003,dairy,dairy,2026-05-31T12:00:00,6,23.17,true
1002,SKU003,dairy,dairy,2026-05-31T13:00:00,4,15.44,true
1002,SKU003,dairy,dairy,2026-05-31T14:00:00,5,19.30,true
1002,SKU003,dairy,dairy,2026-05-31T15:00:00,4,15.44,true
1002,SKU003,dairy,dairy,2026-05-31T16:00:00,2,7.72,true
1002,SKU003,dairy,dairy,2026-05-31T17:00:00,5,19.30,true
1002,SKU003,dairy,dairy,2026-05-31T18:00:00,9,34.75,true
1002,SKU003,dairy,dairy,2026-05-31T19:00:00,5,19.30,true
1002,SKU003,dairy,dairy,2026-05-31T20:00:00,4,15.44,true
1002,SKU003,dairy,dairy,2026-05-31T21:00:00,5,19.30,true
1002,SKU003,dairy,dairy,2026-06-01T06:00:00,3,12.87,false
1002,SKU003,dairy,dairy,2026-06-01T07:00:00,2,8.58,false
1002,SKU003,dairy,dairy,2026-06-01T08:00:00,3,12.87,false
1002,SKU003,dairy,dairy,2026-06-01T09:00:00,3,12.87,false
1002,SKU003,dairy,dairy,2026-06-01T10:00:00,1,4.29,false
1002,SKU003,dairy,dairy,2026-06-01T11:00:00,5,21.45,false
1002,SKU003,dairy,dairy,2026-06-01T12:00:00,3,12.87,false
1002,SKU003,dairy,dairy,2026-06-01T13:00:00,3,12.87,false
1002,SKU003,dairy,dairy,2026-06-01T14:00:00,1,4.29,false
1002,SKU003,dairy,dairy,2026-06-01T15:00:00,4,17.16,false
1002,SKU003,dairy,dairy,2026-06-01T16:00:00,5,21.45,false
1002,SKU003,dairy,dairy,2026-06-01T17:00:00,4,17.16,false
1002,SKU003,dairy,dairy,2026-06-01T18:00:00,5,21.45,false
1002,SKU003,dairy,dairy,2026-06-01T19:00:00,4,17.16,false
1002,SKU003,dairy,dairy,2026-06-01T20:00:00,4,17.16,false
1002,SKU003,dairy,dairy,2026-06-01T21:00:00,1,4.29,false
1002,SKU003,dairy,dairy,2026-06-02T06:00:00,2,8.58,false
1002,SKU003,dairy,dairy,2026-06-02T07:00:00,3,12.87,false
1002,SKU003,dairy,dairy,2026-06-02T08:00:00,2,8.58,false
1002,SKU003,dairy,dairy,2026-06-02T09:00:00,5,21.45,false
1002,SKU003,dairy,dairy,2026-06-02T10:00:00,2,8.58,false
1002,SKU003,dairy,dairy,2026-06-02T11:00:00,3,12.87,false
1002,SKU003,dairy,dairy,2026-06-02T12:00:00,3,12.87,false
1002,SKU003,dairy,dairy,2026-06-02T13:00:00,2,8.58,false
1002,SKU003,dairy,dairy,2026-06-02T14:00:00,3,12.87,false
1002,SKU003,dairy,dairy,2026-06-02T15:00:00,2,8.58,false
1002,SKU003,dairy,dairy,2026-06-02T16:00:00,2,8.58,false
1002,SKU003,dairy,dairy,2026-06-02T17:00:00,3,12.87,false
1002,SKU003,dairy,dairy,2026-06-02T18:00:00,5,21.45,false
1002,SKU003,dairy,dairy,2026-06-02T19:00:00,3,12.87,false
1002,SKU003,dairy,dairy,2026-06-02T20:00:00,4,17.16,false
1002,SKU003,dairy,dairy,2026-06-02T21:00:00,3,12.87,false
1002,SKU003,dairy,dairy,2026-06-03T06:00:00,2,8.58,false
1002,SKU003,dairy,dairy,2026-06-03T07:00:00,3,12.87,false
1002,SKU003,dairy,dairy,2026-06-03T08:00:00,2,8.58,false
1002,SKU003,dairy,dairy,2026-06-03T09:00:00,2,8.58,false
1002,SKU003,dairy,dairy,2026-06-03T10:00:00,2,8.58,false
1002,SKU003,dairy,dairy,2026-06-03T11:00:00,4,17.16,false
1002,SKU003,dairy,dairy,2026-06-03T12:00:00,4,17.16,false
1002,SKU003,dairy,dairy,2026-06-03T13:00:00,1,4.29,false
1002,SKU003,dairy,dairy,2026-06-03T14:00:00,1,4.29,false
1002,SKU003,dairy,dairy,2026-06-03T15:00:00,3,12.87,false
1002,SKU003,dairy,dairy,2026-06-03T16:00:00,2,8.58,false
1002,SKU003,dairy,dairy,2026-06-03T17:00:00,7,30.03,false
1002,SKU003,dairy,dairy,2026-06-03T18:00:00,4,17.16,false
1002,SKU003,dairy,dairy,2026-06-03T19:00:00,2,8.58,false
1002,SKU003,dairy,dairy,2026-06-03T20:00:00,2,8.58,false
1002,SKU003,dairy,dairy,2026-06-03T21:00:00,3,12.87,false
1002,SKU003,dairy,dairy,2026-06-04T06:00:00,4,17.16,false
1002,SKU003,dairy,dairy,2026-06-04T07:00:00,1,4.29,false
1002,SKU003,dairy,dairy,2026-06-04T09:00:00,3,12.87,false
1002,SKU003,dairy,dairy,2026-06-04T10:00:00,3,12.87,false
1002,SKU003,dairy,dairy,2026-06-04T11:00:00,5,21.45,false
1002,SKU003,dairy,dairy,2026-06-04T12:00:00,2,8.58,false
1002,SKU003,dairy,dairy,2026-06-04T13:00:00,4,17.16,false
1002,SKU003,dairy,dairy,2026-06-04T14:00:00,2,8.58,false
1002,SKU003,dairy,dairy,2026-06-04T15:00:00,4,17.16,false
1002,SKU003,dairy,dairy,2026-06-04T16:00:00,1,4.29,false
1002,SKU003,dairy,dairy,2026-06-04T17:00:00,3,12.87,false
1002,SKU003,dairy,dairy,2026-06-04T18:00:00,2,8.58,false
1002,SKU003,dairy,dairy,2026-06-04T19:00:00,2,8.58,false
1002,SKU003,dairy,dairy,2026-06-04T20:00:00,2,8.58,false
1002,SKU003,dairy,dairy,2026-06-04T21:00:00,2,8.58,false
1002,SKU004,dairy,dairy,2026-05-22T06:00:00,2,2.78,false
1002,SKU004,dairy,dairy,2026-05-22T07:00:00,1,1.39,false
1002,SKU004,dairy,dairy,2026-05-22T09:00:00,2,2.78,false
1002,SKU004,dairy,dairy,2026-05-22T10:00:00,4,5.56,false
1002,SKU004,dairy,dairy,2026-05-22T11:00:00,3,4.17,false
1002,SKU004,dairy,dairy,2026-05-22T12:00:00,2,2.78,false
1002,SKU004,dairy,dairy,2026-05-22T13:00:00,2,2.78,false
1002,SKU004,dairy,dairy,2026-05-22T14:00:00,1,1.39,false
1002,SKU004,dairy,dairy,2026-05-22T15:00:00,3,4.17,false
1002,SKU004,dairy,dairy,2026-05-22T16:00:00,2,2.78,false
1002,SKU004,dairy,dairy,2026-05-22T17:00:00,2,2.78,false
1002,SKU004,dairy,dairy,2026-05-22T18:00:00,3,4.17,false
1002,SKU004,dairy,dairy,2026-05-22T19:00:00,2,2.78,false
1002,SKU004,dairy,dairy,2026-05-22T20:00:00,1,1.39,false
1002,SKU004,dairy,dairy,2026-05-23T06:00:00,2,2.78,false
1002,SKU004,dairy,dairy,2026-05-23T07:00:00,1,1.39,false
1002,SKU004,dairy,dairy,2026-05-23T09:00:00,2,2.78,false
1002,SKU004,dairy,dairy,2026-05-23T10:00:00,1,1.39,false
1002,SKU004,dairy,dairy,2026-05-23T11:00:00,1,1.39,false
1002,SKU004,dairy,dairy,2026-05-23T12:00:00,4,5.56,false
1002,SKU004,dairy,dairy,2026-05-23T13:00:00,2,2.78,false
1002,SKU004,dairy,dairy,2026-05-23T14:00:00,1,1.39,false
1002,SKU004,dairy,dairy,2026-05-23T15:00:00,2,2.78,false
1002,SKU004,dairy,dairy,2026-05-23T16:00:00,1,1.39,false
1002,SKU004,dairy,dairy,2026-05-23T17:00:00,2,2.78,false
1002,SKU004,dairy,dairy,2026-05-23T18:00:00,3,4.17,false
1002,SKU004,dairy,dairy,2026-05-23T19:00:00,2,2.78,false
1002,SKU004,dairy,dairy,2026-05-23T21:00:00,3,4.17,false
1002,SKU004,dairy,dairy,2026-05-24T06:00:00,2,2.78,false
1002,SKU004,dairy,dairy,2026-05-24T07:00:00,3,4.17,false
1002,SKU004,dairy,dairy,2026-05-24T08:00:00,3,4.17,false
1002,SKU004,dairy,dairy,2026-05-24T09:00:00,3,4.17,false
1002,SKU004,dairy,dairy,2026-05-24T10:00:00,2,2.78,false
1002,SKU004,dairy,dairy,2026-05-24T11:00:00,6,8.34,false
1002,SKU004,dairy,dairy,2026-05-24T12:00:00,3,4.17,false
1002,SKU004,dairy,dairy,2026-05-24T13:00:00,3,4.17,false
1002,SKU004,dairy,dairy,2026-05-24T14:00:00,2,2.78,false
1002,SKU004,dairy,dairy,2026-05-24T15:00:00,3,4.17,false
1002,SKU004,dairy,dairy,2026-05-24T16:00:00,3,4.17,false
1002,SKU004,dairy,dairy,2026-05-24T17:00:00,2,2.78,false
1002,SKU004,dairy,dairy,2026-05-24T18:00:00,3,4.17,false
1002,SKU004,dairy,dairy,2026-05-24T19:00:00,4,5.56,false
1002,SKU004,dairy,dairy,2026-05-24T20:00:00,2,2.78,false
1002,SKU004,dairy,dairy,2026-05-24T21:00:00,2,2.78,false
1002,SKU004,dairy,dairy,2026-05-25T06:00:00,2,2.78,false
1002,SKU004,dairy,dairy,2026-05-25T07:00:00,3,4.17,false
1002,SKU004,dairy,dairy,2026-05-25T08:00:00,3,4.17,false
1002,SKU004,dairy,dairy,2026-05-25T09:00:00,2,2.78,false
1002,SKU004,dairy,dairy,2026-05-25T10:00:00,2,2.78,false
1002,SKU004,dairy,dairy,2026-05-25T11:00:00,4,5.56,false
1002,SKU004,dairy,dairy,2026-05-25T12:00:00,4,5.56,false
1002,SKU004,dairy,dairy,2026-05-25T14:00:00,2,2.78,false
1002,SKU004,dairy,dairy,2026-05-25T15:00:00,1,1.39,false
1002,SKU004,dairy,dairy,2026-05-25T16:00:00,3,4.17,false
1002,SKU004,dairy,dairy,2026-05-25T17:00:00,3,4.17,false
1002,SKU004,dairy,dairy,2026-05-25T18:00:00,2,2.78,false
1002,SKU004,dairy,dairy,2026-05-25T19:00:00,2,2.78,false
1002,SKU004,dairy,dairy,2026-05-25T20:00:00,2,2.78,false
1002,SKU004,dairy,dairy,2026-05-25T21:00:00,3,4.17,false
1002,SKU004,dairy,dairy,2026-05-26T06:00:00,2,2.78,false
1002,SKU004,dairy,dairy,2026-05-26T07:00:00,3,4.17,false
1002,SKU004,dairy,dairy,2026-05-26T08:00:00,2,2.78,false
1002,SKU004,dairy,dairy,2026-05-26T09:00:00,2,2.78,false
1002,SKU004,dairy,dairy,2026-05-26T10:00:00,2,2.78,false
1002,SKU004,dairy,dairy,2026-05-26T11:00:00,4,5.56,false
1002,SKU004,dairy,dairy,2026-05-26T12:00:00,4,5.56,false
1002,SKU004,dairy,dairy,2026-05-26T13:00:00,4,5.56,false
1002,SKU004,dairy,dairy,2026-05-26T14:00:00,1,1.39,false
1002,SKU004,dairy,dairy,2026-05-26T15:00:00,3,4.17,false
1002,SKU004,dairy,dairy,2026-05-26T16:00:00,5,6.95,false
1002,SKU004,dairy,dairy,2026-05-26T17:00:00,3,4.17,false
1002,SKU004,dairy,dairy,2026-05-26T18:00:00,5,6.95,false
1002,SKU004,dairy,dairy,2026-05-26T19:00:00,3,4.17,false
1002,SKU004,dairy,dairy,2026-05-26T20:00:00,2,2.78,false
1002,SKU004,dairy,dairy,2026-05-26T21:00:00,2,2.78,false
1002,SKU004,dairy,dairy,2026-05-27T06:00:00,2,2.78,false
1002,SKU004,dairy,dairy,2026-05-27T07:00:00,1,1.39,false
1002,SKU004,dairy,dairy,2026-05-27T09:00:00,1,1.39,false
1002,SKU004,dairy,dairy,2026-05-27T10:00:00,1,1.39,false
1002,SKU004,dairy,dairy,2026-05-27T11:00:00,4,5.56,false
1002,SKU004,dairy,dairy,2026-05-27T12:00:00,2,2.78,false
1002,SKU004,dairy,dairy,2026-05-27T13:00:00,2,2.78,false
1002,SKU004,dairy,dairy,2026-05-27T14:00:00,2,2.78,false
1002,SKU004,dairy,dairy,2026-05-27T15:00:00,2,2.78,false
1002,SKU004,dairy,dairy,2026-05-27T16:00:00,2,2.78,false
1002,SKU004,dairy,dairy,2026-05-27T17:00:00,5,6.95,false
1002,SKU004,dairy,dairy,2026-05-27T18:00:00,5,6.95,false
1002,SKU004,dairy,dairy,2026-05-27T19:00:00,1,1.39,false
1002,SKU004,dairy,dairy,2026-05-27T20:00:00,1,1.39,false
1002,SKU004,dairy,dairy,2026-05-27T21:00:00,3,4.17,false
1002,SKU004,dairy,dairy,2026-05-28T06:00:00,1,1.39,false
1002,SKU004,dairy,dairy,2026-05-28T07:00:00,3,4.17,false
1002,SKU004,dairy,dairy,2026-05-28T10:00:00,2,2.78,false
1002,SKU004,dairy,dairy,2026-05-28T11:00:00,4,5.56,false
1002,SKU004,dairy,dairy,2026-05-28T12:00:00,3,4.17,false
1002,SKU004,dairy,dairy,2026-05-28T13:00:00,1,1.39,false
1002,SKU004,dairy,dairy,2026-05-28T14:00:00,2,2.78,false
1002,SKU004,dairy,dairy,2026-05-28T15:00:00,3,4.17,false
1002,SKU004,dairy,dairy,2026-05-28T16:00:00,3,4.17,false
1002,SKU004,dairy,dairy,2026-05-28T17:00:00,2,2.78,false
1002,SKU004,dairy,dairy,2026-05-28T18:00:00,4,5.56,false
1002,SKU004,dairy,dairy,2026-05-28T19:00:00,3,4.17,false
1002,SKU004,dairy,dairy,2026-05-28T20:00:00,1,1.39,false
1002,SKU004,dairy,dairy,2026-05-28T21:00:00,3,4.17,false
1002,SKU004,dairy,dairy,2026-05-29T06:00:00,3,4.17,false
1002,SKU004,dairy,dairy,2026-05-29T07:00:00,2,2.78,false
1002,SKU004,dairy,dairy,2026-05-29T08:00:00,1,1.39,false
1002,SKU004,dairy,dairy,2026-05-29T09:00:00,3,4.17,false
1002,SKU004,dairy,dairy,2026-05-29T10:00:00,3,4.17,false
1002,SKU004,dairy,dairy,2026-05-29T11:00:00,2,2.78,false
1002,SKU004,dairy,dairy,2026-05-29T12:00:00,2,2.78,false
1002,SKU004,dairy,dairy,2026-05-29T13:00:00,2,2.78,false
1002,SKU004,dairy,dairy,2026-05-29T14:00:00,1,1.39,false
1002,SKU004,dairy,dairy,2026-05-29T15:00:00,2,2.78,false
1002,SKU004,dairy,dairy,2026-05-29T16:00:00,1,1.39,false
1002,SKU004,dairy,dairy,2026-05-29T17:00:00,2,2.78,false
1002,SKU004,dairy,dairy,2026-05-29T18:00:00,2,2.78,false
1002,SKU004,dairy,dairy,2026-05-29T19:00:00,2,2.78,false
1002,SKU004,dairy,dairy,2026-05-29T20:00:00,1,1.39,false
1002,SKU004,dairy,dairy,2026-05-29T21:00:00,3,4.17,false
1002,SKU004,dairy,dairy,2026-05-30T06:00:00,3,4.17,false
1002,SKU004,dairy,dairy,2026-05-30T07:00:00,3,4.17,false
1002,SKU004,dairy,dairy,2026-05-30T08:00:00,1,1.39,false
1002,SKU004,dairy,dairy,2026-05-30T09:00:00,2,2.78,false
1002,SKU004,dairy,dairy,2026-05-30T10:00:00,1,1.39,false
1002,SKU004,dairy,dairy,2026-05-30T11:00:00,4,5.56,false
1002,SKU004,dairy,dairy,2026-05-30T12:00:00,2,2.78,false
1002,SKU004,dairy,dairy,2026-05-30T13:00:00,3,4.17,false
1002,SKU004,dairy,dairy,2026-05-30T14:00:00,4,5.56,false
1002,SKU004,dairy,dairy,2026-05-30T15:00:00,3,4.17,false
1002,SKU004,dairy,dairy,2026-05-30T16:00:00,3,4.17,false
1002,SKU004,dairy,dairy,2026-05-30T17:00:00,4,5.56,false
1002,SKU004,dairy,dairy,2026-05-30T18:00:00,2,2.78,false
1002,SKU004,dairy,dairy,2026-05-30T19:00:00,2,2.78,false
1002,SKU004,dairy,dairy,2026-05-30T20:00:00,3,4.17,false
1002,SKU004,dairy,dairy,2026-05-30T21:00:00,2,2.78,false
1002,SKU004,dairy,dairy,2026-05-31T08:00:00,2,2.78,false
1002,SKU004,dairy,dairy,2026-05-31T09:00:00,2,2.78,false
1002,SKU004,dairy,dairy,2026-05-31T10:00:00,3,4.17,false
1002,SKU004,dairy,dairy,2026-05-31T11:00:00,4,5.56,false
1002,SKU004,dairy,dairy,2026-05-31T12:00:00,3,4.17,false
1002,SKU004,dairy,dairy,2026-05-31T13:00:00,4,5.56,false
1002,SKU004,dairy,dairy,2026-05-31T14:00:00,2,2.78,false
1002,SKU004,dairy,dairy,2026-05-31T15:00:00,1,1.39,false
1002,SKU004,dairy,dairy,2026-05-31T16:00:00,1,1.39,false
1002,SKU004,dairy,dairy,2026-05-31T17:00:00,4,5.56,false
1002,SKU004,dairy,dairy,2026-05-31T18:00:00,2,2.78,false
1002,SKU004,dairy,dairy,2026-05-31T19:00:00,1,1.39,false
1002,SKU004,dairy,dairy,2026-05-31T20:00:00,2,2.78,false
1002,SKU004,dairy,dairy,2026-05-31T21:00:00,1,1.39,false
1002,SKU004,dairy,dairy,2026-06-01T06:00:00,2,2.78,false
1002,SKU004,dairy,dairy,2026-06-01T07:00:00,2,2.78,false
1002,SKU004,dairy,dairy,2026-06-01T08:00:00,3,4.17,false
1002,SKU004,dairy,dairy,2026-06-01T09:00:00,3,4.17,false
1002,SKU004,dairy,dairy,2026-06-01T10:00:00,1,1.39,false
1002,SKU004,dairy,dairy,2026-06-01T11:00:00,2,2.78,false
1002,SKU004,dairy,dairy,2026-06-01T12:00:00,4,5.56,false
1002,SKU004,dairy,dairy,2026-06-01T13:00:00,3,4.17,false
1002,SKU004,dairy,dairy,2026-06-01T14:00:00,2,2.78,false
1002,SKU004,dairy,dairy,2026-06-01T15:00:00,2,2.78,false
1002,SKU004,dairy,dairy,2026-06-01T16:00:00,1,1.39,false
1002,SKU004,dairy,dairy,2026-06-01T17:00:00,3,4.17,false
1002,SKU004,dairy,dairy,2026-06-01T18:00:00,3,4.17,false
1002,SKU004,dairy,dairy,2026-06-01T19:00:00,2,2.78,false
1002,SKU004,dairy,dairy,2026-06-01T20:00:00,3,4.17,false
1002,SKU004,dairy,dairy,2026-06-01T21:00:00,3,4.17,false
1002,SKU004,dairy,dairy,2026-06-02T06:00:00,4,5.56,false
1002,SKU004,dairy,dairy,2026-06-02T07:00:00,2,2.78,false
1002,SKU004,dairy,dairy,2026-06-02T08:00:00,1,1.39,false
1002,SKU004,dairy,dairy,2026-06-02T09:00:00,1,1.39,false
1002,SKU004,dairy,dairy,2026-06-02T10:00:00,1,1.39,false
1002,SKU004,dairy,dairy,2026-06-02T11:00:00,2,2.78,false
1002,SKU004,dairy,dairy,2026-06-02T12:00:00,4,5.56,false
1002,SKU004,dairy,dairy,2026-06-02T13:00:00,3,4.17,false
1002,SKU004,dairy,dairy,2026-06-02T14:00:00,3,4.17,false
1002,SKU004,dairy,dairy,2026-06-02T15:00:00,1,1.39,false
1002,SKU004,dairy,dairy,2026-06-02T16:00:00,3,4.17,false
1002,SKU004,dairy,dairy,2026-06-02T17:00:00,3,4.17,false
1002,SKU004,dairy,dairy,2026-06-02T18:00:00,3,4.17,false
1002,SKU004,dairy,dairy,2026-06-02T19:00:00,3,4.17,false
1002,SKU004,dairy,dairy,2026-06-02T20:00:00,3,4.17,false
1002,SKU004,dairy,dairy,2026-06-02T21:00:00,2,2.78,false
1002,SKU004,dairy,dairy,2026-06-03T06:00:00,3,4.17,false
1002,SKU004,dairy,dairy,2026-06-03T07:00:00,2,2.78,false
1002,SKU004,dairy,dairy,2026-06-03T09:00:00,2,2.78,false
1002,SKU004,dairy,dairy,2026-06-03T10:00:00,4,5.56,false
1002,SKU004,dairy,dairy,2026-06-03T11:00:00,3,4.17,false
1002,SKU004,dairy,dairy,2026-06-03T12:00:00,3,4.17,false
1002,SKU004,dairy,dairy,2026-06-03T13:00:00,2,2.78,false
1002,SKU004,dairy,dairy,2026-06-03T14:00:00,1,1.39,false
1002,SKU004,dairy,dairy,2026-06-03T15:00:00,3,4.17,false
1002,SKU004,dairy,dairy,2026-06-03T16:00:00,3,4.17,false
1002,SKU004,dairy,dairy,2026-06-03T17:00:00,3,4.17,false
1002,SKU004,dairy,dairy,2026-06-03T18:00:00,3,4.17,false
1002,SKU004,dairy,dairy,2026-06-03T19:00:00,4,5.56,false
1002,SKU004,dairy,dairy,2026-06-03T20:00:00,1,1.39,false
1002,SKU004,dairy,dairy,2026-06-03T21:00:00,2,2.78,false
1002,SKU004,dairy,dairy,2026-06-04T06:00:00,3,4.17,false
1002,SKU004,dairy,dairy,2026-06-04T07:00:00,1,1.39,false
1002,SKU004,dairy,dairy,2026-06-04T08:00:00,3,4.17,false
1002,SKU004,dairy,dairy,2026-06-04T09:00:00,3,4.17,false
1002,SKU004,dairy,dairy,2026-06-04T10:00:00,1,1.39,false
1002,SKU004,dairy,dairy,2026-06-04T11:00:00,4,5.56,false
1002,SKU004,dairy,dairy,2026-06-04T12:00:00,3,4.17,false
1002,SKU004,dairy,dairy,2026-06-04T13:00:00,2,2.78,false
1002,SKU004,dairy,dairy,2026-06-04T14:00:00,1,1.39,false
1002,SKU004,dairy,dairy,2026-06-04T15:00:00,3,4.17,false
1002,SKU004,dairy,dairy,2026-06-04T16:00:00,1,1.39,false
1002,SKU004,dairy,dairy,2026-06-04T17:00:00,4,5.56,false
1002,SKU004,dairy,dairy,2026-06-04T18:00:00,4,5.56,false
1002,SKU004,dairy,dairy,2026-06-04T19:00:00,2,2.78,false
1002,SKU004,dairy,dairy,2026-06-04T20:00:00,2,2.78,false
1002,SKU005,meat,meat,2026-05-22T06:00:00,2,16.98,false
1002,SKU005,meat,meat,2026-05-22T07:00:00,3,25.47,false
1002,SKU005,meat,meat,2026-05-22T08:00:00,3,25.47,false
1002,SKU005,meat,meat,2026-05-22T09:00:00,2,16.98,false
1002,SKU005,meat,meat,2026-05-22T10:00:00,2,16.98,false
1002,SKU005,meat,meat,2026-05-22T11:00:00,3,25.47,false
1002,SKU005,meat,meat,2026-05-22T12:00:00,3,25.47,false
1002,SKU005,meat,meat,2026-05-22T13:00:00,3,25.47,false
1002,SKU005,meat,meat,2026-05-22T14:00:00,4,33.96,false
1002,SKU005,meat,meat,2026-05-22T15:00:00,1,8.49,false
1002,SKU005,meat,meat,2026-05-22T16:00:00,1,8.49,false
1002,SKU005,meat,meat,2026-05-22T17:00:00,3,25.47,false
1002,SKU005,meat,meat,2026-05-22T18:00:00,2,16.98,false
1002,SKU005,meat,meat,2026-05-22T19:00:00,1,8.49,false
1002,SKU005,meat,meat,2026-05-22T20:00:00,2,16.98,false
1002,SKU005,meat,meat,2026-05-22T21:00:00,2,16.98,false
1002,SKU005,meat,meat,2026-05-23T06:00:00,3,25.47,false
1002,SKU005,meat,meat,2026-05-23T07:00:00,2,16.98,false
1002,SKU005,meat,meat,2026-05-23T08:00:00,1,8.49,false
1002,SKU005,meat,meat,2026-05-23T09:00:00,3,25.47,false
1002,SKU005,meat,meat,2026-05-23T11:00:00,3,25.47,false
1002,SKU005,meat,meat,2026-05-23T12:00:00,2,16.98,false
1002,SKU005,meat,meat,2026-05-23T13:00:00,2,16.98,false
1002,SKU005,meat,meat,2026-05-23T14:00:00,1,8.49,false
1002,SKU005,meat,meat,2026-05-23T15:00:00,1,8.49,false
1002,SKU005,meat,meat,2026-05-23T16:00:00,1,8.49,false
1002,SKU005,meat,meat,2026-05-23T17:00:00,2,16.98,false
1002,SKU005,meat,meat,2026-05-23T18:00:00,1,8.49,false
1002,SKU005,meat,meat,2026-05-23T19:00:00,2,16.98,false
1002,SKU005,meat,meat,2026-05-23T20:00:00,3,25.47,false
1002,SKU005,meat,meat,2026-05-23T21:00:00,2,16.98,false
1002,SKU005,meat,meat,2026-05-24T06:00:00,1,8.49,false
1002,SKU005,meat,meat,2026-05-24T07:00:00,2,16.98,false
1002,SKU005,meat,meat,2026-05-24T08:00:00,1,8.49,false
1002,SKU005,meat,meat,2026-05-24T09:00:00,1,8.49,false
1002,SKU005,meat,meat,2026-05-24T10:00:00,3,25.47,false
1002,SKU005,meat,meat,2026-05-24T11:00:00,3,25.47,false
1002,SKU005,meat,meat,2026-05-24T12:00:00,3,25.47,false
1002,SKU005,meat,meat,2026-05-24T13:00:00,3,25.47,false
1002,SKU005,meat,meat,2026-05-24T14:00:00,2,16.98,false
1002,SKU005,meat,meat,2026-05-24T15:00:00,2,16.98,false
1002,SKU005,meat,meat,2026-05-24T16:00:00,2,16.98,false
1002,SKU005,meat,meat,2026-05-24T17:00:00,2,16.98,false
1002,SKU005,meat,meat,2026-05-24T18:00:00,4,33.96,false
1002,SKU005,meat,meat,2026-05-24T19:00:00,2,16.98,false
1002,SKU005,meat,meat,2026-05-24T20:00:00,1,8.49,false
1002,SKU005,meat,meat,2026-05-24T21:00:00,2,16.98,false
1002,SKU005,meat,meat,2026-05-25T06:00:00,1,8.49,false
1002,SKU005,meat,meat,2026-05-25T07:00:00,2,16.98,false
1002,SKU005,meat,meat,2026-05-25T08:00:00,2,16.98,false
1002,SKU005,meat,meat,2026-05-25T10:00:00,1,8.49,false
1002,SKU005,meat,meat,2026-05-25T11:00:00,3,25.47,false
1002,SKU005,meat,meat,2026-05-25T12:00:00,4,33.96,false
1002,SKU005,meat,meat,2026-05-25T13:00:00,2,16.98,false
1002,SKU005,meat,meat,2026-05-25T14:00:00,1,8.49,false
1002,SKU005,meat,meat,2026-05-25T15:00:00,2,16.98,false
1002,SKU005,meat,meat,2026-05-25T16:00:00,2,16.98,false
1002,SKU005,meat,meat,2026-05-25T17:00:00,2,16.98,false
1002,SKU005,meat,meat,2026-05-25T18:00:00,4,33.96,false
1002,SKU005,meat,meat,2026-05-25T19:00:00,3,25.47,false
1002,SKU005,meat,meat,2026-05-25T20:00:00,1,8.49,false
1002,SKU005,meat,meat,2026-05-25T21:00:00,2,16.98,false
1002,SKU005,meat,meat,2026-05-26T06:00:00,4,33.96,false
1002,SKU005,meat,meat,2026-05-26T07:00:00,2,16.98,false
1002,SKU005,meat,meat,2026-05-26T08:00:00,2,16.98,false
1002,SKU005,meat,meat,2026-05-26T10:00:00,2,16.98,false
1002,SKU005,meat,meat,2026-05-26T11:00:00,2,16.98,false
1002,SKU005,meat,meat,2026-05-26T12:00:00,1,8.49,false
1002,SKU005,meat,meat,2026-05-26T13:00:00,1,8.49,false
1002,SKU005,meat,meat,2026-05-26T14:00:00,2,16.98,false
1002,SKU005,meat,meat,2026-05-26T15:00:00,3,25.47,false
1002,SKU005,meat,meat,2026-05-26T17:00:00,3,25.47,false
1002,SKU005,meat,meat,2026-05-26T18:00:00,4,33.96,false
1002,SKU005,meat,meat,2026-05-26T19:00:00,2,16.98,false
1002,SKU005,meat,meat,2026-05-26T20:00:00,3,25.47,false
1002,SKU005,meat,meat,2026-05-26T21:00:00,2,16.98,false
1002,SKU005,meat,meat,2026-05-27T07:00:00,2,16.98,false
1002,SKU005,meat,meat,2026-05-27T08:00:00,1,8.49,false
1002,SKU005,meat,meat,2026-05-27T09:00:00,1,8.49,false
1002,SKU005,meat,meat,2026-05-27T10:00:00,1,8.49,false
1002,SKU005,meat,meat,2026-05-27T11:00:00,4,33.96,false
1002,SKU005,meat,meat,2026-05-27T12:00:00,1,8.49,false
1002,SKU005,meat,meat,2026-05-27T13:00:00,1,8.49,false
1002,SKU005,meat,meat,2026-05-27T14:00:00,1,8.49,false
1002,SKU005,meat,meat,2026-05-27T15:00:00,2,16.98,false
1002,SKU005,meat,meat,2026-05-27T16:00:00,1,8.49,false
1002,SKU005,meat,meat,2026-05-27T17:00:00,4,33.96,false
1002,SKU005,meat,meat,2026-05-27T18:00:00,4,33.96,false
1002,SKU005,meat,meat,2026-05-27T19:00:00,3,25.47,false
1002,SKU005,meat,meat,2026-05-27T20:00:00,3,25.47,false
1002,SKU005,meat,meat,2026-05-27T21:00:00,1,8.49,false
1002,SKU005,meat,meat,2026-05-28T06:00:00,1,8.49,false
1002,SKU005,meat,meat,2026-05-28T07:00:00,2,16.98,false
1002,SKU005,meat,meat,2026-05-28T08:00:00,1,8.49,false
1002,SKU005,meat,meat,2026-05-28T09:00:00,1,8.49,false
1002,SKU005,meat,meat,2026-05-28T10:00:00,1,8.49,false
1002,SKU005,meat,meat,2026-05-28T11:00:00,2,16.98,false
1002,SKU005,meat,meat,2026-05-28T12:00:00,3,25.47,false
1002,SKU005,meat,meat,2026-05-28T13:00:00,1,8.49,false
1002,SKU005,meat,meat,2026-05-28T15:00:00,3,25.47,false
1002,SKU005,meat,meat,2026-05-28T17:00:00,3,25.47,false
1002,SKU005,meat,meat,2026-05-28T18:00:00,2,16.98,false
1002,SKU005,meat,meat,2026-05-28T19:00:00,1,8.49,false
1002,SKU005,meat,meat,2026-05-28T20:00:00,2,16.98,false
1002,SKU005,meat,meat,2026-05-28T21:00:00,3,25.47,false
1002,SKU005,meat,meat,2026-05-29T06:00:00,2,16.98,false
1002,SKU005,meat,meat,2026-05-29T07:00:00,1,8.49,false
1002,SKU005,meat,meat,2026-05-29T08:00:00,1,8.49,false
1002,SKU005,meat,meat,2026-05-29T10:00:00,1,8.49,false
1002,SKU005,meat,meat,2026-05-29T11:00:00,1,8.49,false
1002,SKU005,meat,meat,2026-05-29T12:00:00,3,25.47,false
1002,SKU005,meat,meat,2026-05-29T13:00:00,2,16.98,false
1002,SKU005,meat,meat,2026-05-29T14:00:00,3,25.47,false
1002,SKU005,meat,meat,2026-05-29T15:00:00,3,25.47,false
1002,SKU005,meat,meat,2026-05-29T16:00:00,3,25.47,false
1002,SKU005,meat,meat,2026-05-29T17:00:00,3,25.47,false
1002,SKU005,meat,meat,2026-05-29T18:00:00,2,16.98,false
1002,SKU005,meat,meat,2026-05-29T19:00:00,1,8.49,false
1002,SKU005,meat,meat,2026-05-29T20:00:00,2,16.98,false
1002,SKU005,meat,meat,2026-05-29T21:00:00,3,25.47,false
1002,SKU005,meat,meat,2026-05-30T06:00:00,3,25.47,false
1002,SKU005,meat,meat,2026-05-30T07:00:00,1,8.49,false
1002,SKU005,meat,meat,2026-05-30T08:00:00,3,25.47,false
1002,SKU005,meat,meat,2026-05-30T09:00:00,1,8.49,false
1002,SKU005,meat,meat,2026-05-30T10:00:00,3,25.47,false
1002,SKU005,meat,meat,2026-05-30T11:00:00,1,8.49,false
1002,SKU005,meat,meat,2026-05-30T12:00:00,2,16.98,false
1002,SKU005,meat,meat,2026-05-30T13:00:00,3,25.47,false
1002,SKU005,meat,meat,2026-05-30T14:00:00,5,42.45,false
1002,SKU005,meat,meat,2026-05-30T15:00:00,3,25.47,false
1002,SKU005,meat,meat,2026-05-30T16:00:00,2,16.98,false
1002,SKU005,meat,meat,2026-05-30T17:00:00,4,33.96,false
1002,SKU005,meat,meat,2026-05-30T18:00:00,2,16.98,false
1002,SKU005,meat,meat,2026-05-30T19:00:00,3,25.47,false
1002,SKU005,meat,meat,2026-05-30T20:00:00,1,8.49,false
1002,SKU005,meat,meat,2026-05-30T21:00:00,3,25.47,false
1002,SKU005,meat,meat,2026-05-31T06:00:00,4,33.96,false
1002,SKU005,meat,meat,2026-05-31T07:00:00,4,33.96,false
1002,SKU005,meat,meat,2026-05-31T08:00:00,2,16.98,false
1002,SKU005,meat,meat,2026-05-31T09:00:00,4,33.96,false
1002,SKU005,meat,meat,2026-05-31T10:00:00,1,8.49,false
1002,SKU005,meat,meat,2026-05-31T11:00:00,2,16.98,false
1002,SKU005,meat,meat,2026-05-31T12:00:00,3,25.47,false
1002,SKU005,meat,meat,2026-05-31T13:00:00,1,8.49,false
1002,SKU005,meat,meat,2026-05-31T14:00:00,2,16.98,false
1002,SKU005,meat,meat,2026-05-31T15:00:00,2,16.98,false
1002,SKU005,meat,meat,2026-05-31T17:00:00,3,25.47,false
1002,SKU005,meat,meat,2026-05-31T18:00:00,2,16.98,false
1002,SKU005,meat,meat,2026-05-31T19:00:00,1,8.49,false
1002,SKU005,meat,meat,2026-05-31T20:00:00,2,16.98,false
1002,SKU005,meat,meat,2026-05-31T21:00:00,3,25.47,false
1002,SKU005,meat,meat,2026-06-01T06:00:00,1,8.49,false
1002,SKU005,meat,meat,2026-06-01T08:00:00,2,16.98,false
1002,SKU005,meat,meat,2026-06-01T09:00:00,2,16.98,false
1002,SKU005,meat,meat,2026-06-01T10:00:00,2,16.98,false
1002,SKU005,meat,meat,2026-06-01T11:00:00,2,16.98,false
1002,SKU005,meat,meat,2026-06-01T12:00:00,3,25.47,false
1002,SKU005,meat,meat,2026-06-01T13:00:00,2,16.98,false
1002,SKU005,meat,meat,2026-06-01T14:00:00,1,8.49,false
1002,SKU005,meat,meat,2026-06-01T15:00:00,1,8.49,false
1002,SKU005,meat,meat,2026-06-01T16:00:00,2,16.98,false
1002,SKU005,meat,meat,2026-06-01T17:00:00,4,33.96,false
1002,SKU005,meat,meat,2026-06-01T18:00:00,3,25.47,false
1002,SKU005,meat,meat,2026-06-01T19:00:00,1,8.49,false
1002,SKU005,meat,meat,2026-06-01T20:00:00,1,8.49,false
1002,SKU005,meat,meat,2026-06-01T21:00:00,2,16.98,false
1002,SKU005,meat,meat,2026-06-02T06:00:00,2,16.98,false
1002,SKU005,meat,meat,2026-06-02T07:00:00,1,8.49,false
1002,SKU005,meat,meat,2026-06-02T08:00:00,3,25.47,false
1002,SKU005,meat,meat,2026-06-02T09:00:00,3,25.47,false
1002,SKU005,meat,meat,2026-06-02T10:00:00,1,8.49,false
1002,SKU005,meat,meat,2026-06-02T11:00:00,2,16.98,false
1002,SKU005,meat,meat,2026-06-02T12:00:00,2,16.98,false
1002,SKU005,meat,meat,2026-06-02T13:00:00,2,16.98,false
1002,SKU005,meat,meat,2026-06-02T14:00:00,3,25.47,false
1002,SKU005,meat,meat,2026-06-02T15:00:00,3,25.47,false
1002,SKU005,meat,meat,2026-06-02T16:00:00,2,16.98,false
1002,SKU005,meat,meat,2026-06-02T17:00:00,5,42.45,false
1002,SKU005,meat,meat,2026-06-02T18:00:00,4,33.96,false
1002,SKU005,meat,meat,2026-06-02T19:00:00,3,25.47,false
1002,SKU005,meat,meat,2026-06-02T20:00:00,3,25.47,false
1002,SKU005,meat,meat,2026-06-03T06:00:00,2,16.98,false
1002,SKU005,meat,meat,2026-06-03T07:00:00,1,8.49,false
1002,SKU005,meat,meat,2026-06-03T08:00:00,2,16.98,false
1002,SKU005,meat,meat,2026-06-03T09:00:00,2,16.98,false
1002,SKU005,meat,meat,2026-06-03T10:00:00,2,16.98,false
1002,SKU005,meat,meat,2026-06-03T11:00:00,2,16.98,false
1002,SKU005,meat,meat,2026-06-03T12:00:00,2,16.98,false
1002,SKU005,meat,meat,2026-06-03T13:00:00,3,25.47,false
1002,SKU005,meat,meat,2026-06-03T14:00:00,3,25.47,false
1002,SKU005,meat,meat,2026-06-03T15:00:00,3,25.47,false
1002,SKU005,meat,meat,2026-06-03T16:00:00,2,16.98,false
1002,SKU005,meat,meat,2026-06-03T17:00:00,3,25.47,false
1002,SKU005,meat,meat,2026-06-03T18:00:00,3,25.47,false
1002,SKU005,meat,meat,2026-06-03T19:00:00,2,16.98,false
1002,SKU005,meat,meat,2026-06-03T21:00:00,2,16.98,false
1002,SKU005,meat,meat,2026-06-04T06:00:00,2,16.98,false
1002,SKU005,meat,meat,2026-06-04T07:00:00,2,16.98,false
1002,SKU005,meat,meat,2026-06-04T08:00:00,3,25.47,false
1002,SKU005,meat,meat,2026-06-04T09:00:00,2,16.98,false
1002,SKU005,meat,meat,2026-06-04T10:00:00,1,8.49,false
1002,SKU005,meat,meat,2026-06-04T11:00:00,3,25.47,false
1002,SKU005,meat,meat,2026-06-04T12:00:00,1,8.49,false
1002,SKU005,meat,meat,2026-06-04T13:00:00,1,8.49,false
1002,SKU005,meat,meat,2026-06-04T14:00:00,3,25.47,false
1002,SKU005,meat,meat,2026-06-04T15:00:00,1,8.49,false
1002,SKU005,meat,meat,2026-06-04T16:00:00,2,16.98,false
1002,SKU005,meat,meat,2026-06-04T17:00:00,3,25.47,false
1002,SKU005,meat,meat,2026-06-04T18:00:00,1,8.49,false
1002,SKU005,meat,meat,2026-06-04T19:00:00,2,16.98,false
1002,SKU005,meat,meat,2026-06-04T20:00:00,2,16.98,false
1002,SKU005,meat,meat,2026-06-04T21:00:00,2,16.98,false
1002,SKU006,meat,meat,2026-05-22T06:00:00,2,15.98,false
1002,SKU006,meat,meat,2026-05-22T08:00:00,2,15.98,false
1002,SKU006,meat,meat,2026-05-22T09:00:00,2,15.98,false
1002,SKU006,meat,meat,2026-05-22T10:00:00,4,31.96,false
1002,SKU006,meat,meat,2026-05-22T11:00:00,4,31.96,false
1002,SKU006,meat,meat,2026-05-22T12:00:00,4,31.96,false
1002,SKU006,meat,meat,2026-05-22T14:00:00,1,7.99,false
1002,SKU006,meat,meat,2026-05-22T15:00:00,2,15.98,false
1002,SKU006,meat,meat,2026-05-22T18:00:00,1,7.99,false
1002,SKU006,meat,meat,2026-05-22T20:00:00,2,15.98,false
1002,SKU006,meat,meat,2026-05-23T06:00:00,1,7.99,false
1002,SKU006,meat,meat,2026-05-23T07:00:00,3,23.97,false
1002,SKU006,meat,meat,2026-05-23T08:00:00,2,15.98,false
1002,SKU006,meat,meat,2026-05-23T11:00:00,3,23.97,false
1002,SKU006,meat,meat,2026-05-23T12:00:00,2,15.98,false
1002,SKU006,meat,meat,2026-05-23T13:00:00,1,7.99,false
1002,SKU006,meat,meat,2026-05-23T14:00:00,1,7.99,false
1002,SKU006,meat,meat,2026-05-23T15:00:00,3,23.97,false
1002,SKU006,meat,meat,2026-05-23T16:00:00,1,7.99,false
1002,SKU006,meat,meat,2026-05-23T17:00:00,2,15.98,false
1002,SKU006,meat,meat,2026-05-23T18:00:00,3,23.97,false
1002,SKU006,meat,meat,2026-05-23T19:00:00,1,7.99,false
1002,SKU006,meat,meat,2026-05-23T20:00:00,2,15.98,false
1002,SKU006,meat,meat,2026-05-23T21:00:00,3,23.97,false
1002,SKU006,meat,meat,2026-05-24T07:00:00,1,7.99,false
1002,SKU006,meat,meat,2026-05-24T08:00:00,2,15.98,false
1002,SKU006,meat,meat,2026-05-24T09:00:00,1,7.99,false
1002,SKU006,meat,meat,2026-05-24T10:00:00,1,7.99,false
1002,SKU006,meat,meat,2026-05-24T11:00:00,2,15.98,false
1002,SKU006,meat,meat,2026-05-24T12:00:00,1,7.99,false
1002,SKU006,meat,meat,2026-05-24T13:00:00,1,7.99,false
1002,SKU006,meat,meat,2026-05-24T15:00:00,2,15.98,false
1002,SKU006,meat,meat,2026-05-24T17:00:00,2,15.98,false
1002,SKU006,meat,meat,2026-05-24T18:00:00,3,23.97,false
1002,SKU006,meat,meat,2026-05-24T20:00:00,3,23.97,false
1002,SKU006,meat,meat,2026-05-24T21:00:00,3,23.97,false
1002,SKU006,meat,meat,2026-05-25T06:00:00,2,15.98,false
1002,SKU006,meat,meat,2026-05-25T07:00:00,2,15.98,false
1002,SKU006,meat,meat,2026-05-25T09:00:00,3,23.97,false
1002,SKU006,meat,meat,2026-05-25T10:00:00,2,15.98,false
1002,SKU006,meat,meat,2026-05-25T11:00:00,3,23.97,false
1002,SKU006,meat,meat,2026-05-25T12:00:00,3,23.97,false
1002,SKU006,meat,meat,2026-05-25T13:00:00,1,7.99,false
1002,SKU006,meat,meat,2026-05-25T14:00:00,3,23.97,false
1002,SKU006,meat,meat,2026-05-25T15:00:00,1,7.99,false
1002,SKU006,meat,meat,2026-05-25T16:00:00,2,15.98,false
1002,SKU006,meat,meat,2026-05-25T17:00:00,1,7.99,false
1002,SKU006,meat,meat,2026-05-25T18:00:00,2,15.98,false
1002,SKU006,meat,meat,2026-05-25T19:00:00,1,7.99,false
1002,SKU006,meat,meat,2026-05-25T20:00:00,2,15.98,false
1002,SKU006,meat,meat,2026-05-25T21:00:00,2,15.98,false
1002,SKU006,meat,meat,2026-05-26T06:00:00,2,15.98,false
1002,SKU006,meat,meat,2026-05-26T07:00:00,2,15.98,false
1002,SKU006,meat,meat,2026-05-26T08:00:00,2,15.98,false
1002,SKU006,meat,meat,2026-05-26T09:00:00,1,7.99,false
1002,SKU006,meat,meat,2026-05-26T10:00:00,3,23.97,false
1002,SKU006,meat,meat,2026-05-26T11:00:00,3,23.97,false
1002,SKU006,meat,meat,2026-05-26T12:00:00,3,23.97,false
1002,SKU006,meat,meat,2026-05-26T13:00:00,4,31.96,false
1002,SKU006,meat,meat,2026-05-26T14:00:00,1,7.99,false
1002,SKU006,meat,meat,2026-05-26T15:00:00,1,7.99,false
1002,SKU006,meat,meat,2026-05-26T17:00:00,3,23.97,false
1002,SKU006,meat,meat,2026-05-26T18:00:00,3,23.97,false
1002,SKU006,meat,meat,2026-05-26T19:00:00,2,15.98,false
1002,SKU006,meat,meat,2026-05-26T21:00:00,1,7.99,false
1002,SKU006,meat,meat,2026-05-27T06:00:00,1,7.99,false
1002,SKU006,meat,meat,2026-05-27T08:00:00,3,23.97,false
1002,SKU006,meat,meat,2026-05-27T09:00:00,2,15.98,false
1002,SKU006,meat,meat,2026-05-27T10:00:00,2,15.98,false
1002,SKU006,meat,meat,2026-05-27T11:00:00,2,15.98,false
1002,SKU006,meat,meat,2026-05-27T12:00:00,3,23.97,false
1002,SKU006,meat,meat,2026-05-27T13:00:00,1,7.99,false
1002,SKU006,meat,meat,2026-05-27T14:00:00,1,7.99,false
1002,SKU006,meat,meat,2026-05-27T15:00:00,1,7.99,false
1002,SKU006,meat,meat,2026-05-27T16:00:00,2,15.98,false
1002,SKU006,meat,meat,2026-05-27T17:00:00,2,15.98,false
1002,SKU006,meat,meat,2026-05-27T18:00:00,1,7.99,false
1002,SKU006,meat,meat,2026-05-27T19:00:00,1,7.99,false
1002,SKU006,meat,meat,2026-05-27T20:00:00,3,23.97,false
1002,SKU006,meat,meat,2026-05-27T21:00:00,2,15.98,false
1002,SKU006,meat,meat,2026-05-28T07:00:00,2,15.98,false
1002,SKU006,meat,meat,2026-05-28T09:00:00,2,15.98,false
1002,SKU006,meat,meat,2026-05-28T10:00:00,2,15.98,false
1002,SKU006,meat,meat,2026-05-28T11:00:00,3,23.97,false
1002,SKU006,meat,meat,2026-05-28T12:00:00,2,15.98,false
1002,SKU006,meat,meat,2026-05-28T13:00:00,2,15.98,false
1002,SKU006,meat,meat,2026-05-28T14:00:00,2,15.98,false
1002,SKU006,meat,meat,2026-05-28T15:00:00,1,7.99,false
1002,SKU006,meat,meat,2026-05-28T16:00:00,1,7.99,false
1002,SKU006,meat,meat,2026-05-28T17:00:00,3,23.97,false
1002,SKU006,meat,meat,2026-05-28T18:00:00,1,7.99,false
1002,SKU006,meat,meat,2026-05-28T19:00:00,2,15.98,false
1002,SKU006,meat,meat,2026-05-28T20:00:00,2,15.98,false
1002,SKU006,meat,meat,2026-05-29T06:00:00,4,31.96,false
1002,SKU006,meat,meat,2026-05-29T08:00:00,2,15.98,false
1002,SKU006,meat,meat,2026-05-29T09:00:00,1,7.99,false
1002,SKU006,meat,meat,2026-05-29T10:00:00,2,15.98,false
1002,SKU006,meat,meat,2026-05-29T11:00:00,3,23.97,false
1002,SKU006,meat,meat,2026-05-29T12:00:00,2,15.98,false
1002,SKU006,meat,meat,2026-05-29T13:00:00,1,7.99,false
1002,SKU006,meat,meat,2026-05-29T14:00:00,2,15.98,false
1002,SKU006,meat,meat,2026-05-29T15:00:00,1,7.99,false
1002,SKU006,meat,meat,2026-05-29T16:00:00,2,15.98,false
1002,SKU006,meat,meat,2026-05-29T17:00:00,2,15.98,false
1002,SKU006,meat,meat,2026-05-29T18:00:00,4,31.96,false
1002,SKU006,meat,meat,2026-05-29T19:00:00,1,7.99,false
1002,SKU006,meat,meat,2026-05-29T21:00:00,2,15.98,false
1002,SKU006,meat,meat,2026-05-30T06:00:00,3,23.97,false
1002,SKU006,meat,meat,2026-05-30T07:00:00,1,7.99,false
1002,SKU006,meat,meat,2026-05-30T08:00:00,1,7.99,false
1002,SKU006,meat,meat,2026-05-30T09:00:00,1,7.99,false
1002,SKU006,meat,meat,2026-05-30T10:00:00,3,23.97,false
1002,SKU006,meat,meat,2026-05-30T11:00:00,2,15.98,false
1002,SKU006,meat,meat,2026-05-30T12:00:00,2,15.98,false
1002,SKU006,meat,meat,2026-05-30T13:00:00,2,15.98,false
1002,SKU006,meat,meat,2026-05-30T14:00:00,1,7.99,false
1002,SKU006,meat,meat,2026-05-30T15:00:00,3,23.97,false
1002,SKU006,meat,meat,2026-05-30T16:00:00,2,15.98,false
1002,SKU006,meat,meat,2026-05-30T17:00:00,1,7.99,false
1002,SKU006,meat,meat,2026-05-30T18:00:00,2,15.98,false
1002,SKU006,meat,meat,2026-05-30T19:00:00,1,7.99,false
1002,SKU006,meat,meat,2026-05-30T20:00:00,2,15.98,false
1002,SKU006,meat,meat,2026-05-30T21:00:00,2,15.98,false
1002,SKU006,meat,meat,2026-05-31T06:00:00,3,23.97,false
1002,SKU006,meat,meat,2026-05-31T07:00:00,1,7.99,false
1002,SKU006,meat,meat,2026-05-31T08:00:00,1,7.99,false
1002,SKU006,meat,meat,2026-05-31T09:00:00,2,15.98,false
1002,SKU006,meat,meat,2026-05-31T10:00:00,1,7.99,false
1002,SKU006,meat,meat,2026-05-31T11:00:00,2,15.98,false
1002,SKU006,meat,meat,2026-05-31T12:00:00,2,15.98,false
1002,SKU006,meat,meat,2026-05-31T13:00:00,3,23.97,false
1002,SKU006,meat,meat,2026-05-31T14:00:00,1,7.99,false
1002,SKU006,meat,meat,2026-05-31T15:00:00,3,23.97,false
1002,SKU006,meat,meat,2026-05-31T16:00:00,2,15.98,false
1002,SKU006,meat,meat,2026-05-31T17:00:00,1,7.99,false
1002,SKU006,meat,meat,2026-05-31T18:00:00,3,23.97,false
1002,SKU006,meat,meat,2026-05-31T20:00:00,1,7.99,false
1002,SKU006,meat,meat,2026-05-31T21:00:00,1,7.99,false
1002,SKU006,meat,meat,2026-06-01T06:00:00,3,23.97,false
1002,SKU006,meat,meat,2026-06-01T07:00:00,1,7.99,false
1002,SKU006,meat,meat,2026-06-01T08:00:00,2,15.98,false
1002,SKU006,meat,meat,2026-06-01T09:00:00,1,7.99,false
1002,SKU006,meat,meat,2026-06-01T10:00:00,2,15.98,false
1002,SKU006,meat,meat,2026-06-01T11:00:00,3,23.97,false
1002,SKU006,meat,meat,2026-06-01T12:00:00,2,15.98,false
1002,SKU006,meat,meat,2026-06-01T13:00:00,2,15.98,false
1002,SKU006,meat,meat,2026-06-01T14:00:00,2,15.98,false
1002,SKU006,meat,meat,2026-06-01T15:00:00,2,15.98,false
1002,SKU006,meat,meat,2026-06-01T16:00:00,1,7.99,false
1002,SKU006,meat,meat,2026-06-01T17:00:00,2,15.98,false
1002,SKU006,meat,meat,2026-06-01T18:00:00,2,15.98,false
1002,SKU006,meat,meat,2026-06-01T19:00:00,3,23.97,false
1002,SKU006,meat,meat,2026-06-01T20:00:00,1,7.99,false
1002,SKU006,meat,meat,2026-06-02T11:00:00,1,7.99,false
1002,SKU006,meat,meat,2026-06-02T12:00:00,2,15.98,false
1002,SKU006,meat,meat,2026-06-02T13:00:00,2,15.98,false
1002,SKU006,meat,meat,2026-06-02T14:00:00,2,15.98,false
1002,SKU006,meat,meat,2026-06-02T15:00:00,2,15.98,false
1002,SKU006,meat,meat,2026-06-02T16:00:00,1,7.99,false
1002,SKU006,meat,meat,2026-06-02T17:00:00,1,7.99,false
1002,SKU006,meat,meat,2026-06-02T18:00:00,2,15.98,false
1002,SKU006,meat,meat,2026-06-02T19:00:00,2,15.98,false
1002,SKU006,meat,meat,2026-06-02T20:00:00,2,15.98,false
1002,SKU006,meat,meat,2026-06-02T21:00:00,1,7.99,false
1002,SKU006,meat,meat,2026-06-03T06:00:00,1,7.99,false
1002,SKU006,meat,meat,2026-06-03T07:00:00,3,23.97,false
1002,SKU006,meat,meat,2026-06-03T08:00:00,1,7.99,false
1002,SKU006,meat,meat,2026-06-03T09:00:00,1,7.99,false
1002,SKU006,meat,meat,2026-06-03T10:00:00,2,15.98,false
1002,SKU006,meat,meat,2026-06-03T11:00:00,4,31.96,false
1002,SKU006,meat,meat,2026-06-03T12:00:00,4,31.96,false
1002,SKU006,meat,meat,2026-06-03T13:00:00,2,15.98,false
1002,SKU006,meat,meat,2026-06-03T14:00:00,1,7.99,false
1002,SKU006,meat,meat,2026-06-03T17:00:00,1,7.99,false
1002,SKU006,meat,meat,2026-06-03T18:00:00,1,7.99,false
1002,SKU006,meat,meat,2026-06-03T20:00:00,2,15.98,false
1002,SKU006,meat,meat,2026-06-03T21:00:00,3,23.97,false
1002,SKU006,meat,meat,2026-06-04T06:00:00,2,15.98,false
1002,SKU006,meat,meat,2026-06-04T07:00:00,1,7.99,false
1002,SKU006,meat,meat,2026-06-04T08:00:00,1,7.99,false
1002,SKU006,meat,meat,2026-06-04T09:00:00,2,15.98,false
1002,SKU006,meat,meat,2026-06-04T10:00:00,1,7.99,false
1002,SKU006,meat,meat,2026-06-04T11:00:00,1,7.99,false
1002,SKU006,meat,meat,2026-06-04T12:00:00,3,23.97,false
1002,SKU006,meat,meat,2026-06-04T14:00:00,1,7.99,false
1002,SKU006,meat,meat,2026-06-04T15:00:00,1,7.99,false
1002,SKU006,meat,meat,2026-06-04T16:00:00,2,15.98,false
1002,SKU006,meat,meat,2026-06-04T17:00:00,2,15.98,false
1002,SKU006,meat,meat,2026-06-04T18:00:00,2,15.98,false
1002,SKU006,meat,meat,2026-06-04T19:00:00,3,23.97,false
1002,SKU006,meat,meat,2026-06-04T21:00:00,2,15.98,false
1002,SKU007,bakery,bakery,2026-05-22T07:00:00,2,7.98,false
1002,SKU007,bakery,bakery,2026-05-22T08:00:00,1,3.99,false
1002,SKU007,bakery,bakery,2026-05-22T09:00:00,1,3.99,false
1002,SKU007,bakery,bakery,2026-05-22T10:00:00,1,3.99,false
1002,SKU007,bakery,bakery,2026-05-22T11:00:00,3,11.97,false
1002,SKU007,bakery,bakery,2026-05-22T12:00:00,3,11.97,false
1002,SKU007,bakery,bakery,2026-05-22T13:00:00,2,7.98,false
1002,SKU007,bakery,bakery,2026-05-22T14:00:00,1,3.99,false
1002,SKU007,bakery,bakery,2026-05-22T15:00:00,2,7.98,false
1002,SKU007,bakery,bakery,2026-05-22T16:00:00,2,7.98,false
1002,SKU007,bakery,bakery,2026-05-22T17:00:00,3,11.97,false
1002,SKU007,bakery,bakery,2026-05-22T18:00:00,3,11.97,false
1002,SKU007,bakery,bakery,2026-05-22T20:00:00,2,7.98,false
1002,SKU007,bakery,bakery,2026-05-23T07:00:00,2,7.98,false
1002,SKU007,bakery,bakery,2026-05-23T08:00:00,1,3.99,false
1002,SKU007,bakery,bakery,2026-05-23T09:00:00,2,7.98,false
1002,SKU007,bakery,bakery,2026-05-23T11:00:00,5,19.95,false
1002,SKU007,bakery,bakery,2026-05-23T12:00:00,1,3.99,false
1002,SKU007,bakery,bakery,2026-05-23T13:00:00,1,3.99,false
1002,SKU007,bakery,bakery,2026-05-23T14:00:00,2,7.98,false
1002,SKU007,bakery,bakery,2026-05-23T15:00:00,2,7.98,false
1002,SKU007,bakery,bakery,2026-05-23T16:00:00,1,3.99,false
1002,SKU007,bakery,bakery,2026-05-23T17:00:00,4,15.96,false
1002,SKU007,bakery,bakery,2026-05-23T18:00:00,3,11.97,false
1002,SKU007,bakery,bakery,2026-05-23T19:00:00,1,3.99,false
1002,SKU007,bakery,bakery,2026-05-23T20:00:00,3,11.97,false
1002,SKU007,bakery,bakery,2026-05-23T21:00:00,1,3.99,false
1002,SKU007,bakery,bakery,2026-05-24T06:00:00,3,11.97,false
1002,SKU007,bakery,bakery,2026-05-24T07:00:00,3,11.97,false
1002,SKU007,bakery,bakery,2026-05-24T08:00:00,1,3.99,false
1002,SKU007,bakery,bakery,2026-05-24T09:00:00,1,3.99,false
1002,SKU007,bakery,bakery,2026-05-24T10:00:00,2,7.98,false
1002,SKU007,bakery,bakery,2026-05-24T11:00:00,4,15.96,false
1002,SKU007,bakery,bakery,2026-05-24T12:00:00,2,7.98,false
1002,SKU007,bakery,bakery,2026-05-24T13:00:00,2,7.98,false
1002,SKU007,bakery,bakery,2026-05-24T14:00:00,1,3.99,false
1002,SKU007,bakery,bakery,2026-05-24T15:00:00,1,3.99,false
1002,SKU007,bakery,bakery,2026-05-24T16:00:00,2,7.98,false
1002,SKU007,bakery,bakery,2026-05-24T17:00:00,3,11.97,false
1002,SKU007,bakery,bakery,2026-05-24T18:00:00,4,15.96,false
1002,SKU007,bakery,bakery,2026-05-24T21:00:00,2,7.98,false
1002,SKU007,bakery,bakery,2026-05-25T06:00:00,2,7.98,false
1002,SKU007,bakery,bakery,2026-05-25T07:00:00,2,7.98,false
1002,SKU007,bakery,bakery,2026-05-25T08:00:00,4,15.96,false
1002,SKU007,bakery,bakery,2026-05-25T11:00:00,3,11.97,false
1002,SKU007,bakery,bakery,2026-05-25T12:00:00,2,7.98,false
1002,SKU007,bakery,bakery,2026-05-25T13:00:00,2,7.98,false
1002,SKU007,bakery,bakery,2026-05-25T14:00:00,3,11.97,false
1002,SKU007,bakery,bakery,2026-05-25T15:00:00,2,7.98,false
1002,SKU007,bakery,bakery,2026-05-25T16:00:00,1,3.99,false
1002,SKU007,bakery,bakery,2026-05-25T17:00:00,4,15.96,false
1002,SKU007,bakery,bakery,2026-05-25T18:00:00,3,11.97,false
1002,SKU007,bakery,bakery,2026-05-25T19:00:00,4,15.96,false
1002,SKU007,bakery,bakery,2026-05-25T20:00:00,2,7.98,false
1002,SKU007,bakery,bakery,2026-05-25T21:00:00,2,7.98,false
1002,SKU007,bakery,bakery,2026-05-26T06:00:00,1,3.99,false
1002,SKU007,bakery,bakery,2026-05-26T07:00:00,3,11.97,false
1002,SKU007,bakery,bakery,2026-05-26T08:00:00,2,7.98,false
1002,SKU007,bakery,bakery,2026-05-26T09:00:00,2,7.98,false
1002,SKU007,bakery,bakery,2026-05-26T10:00:00,1,3.99,false
1002,SKU007,bakery,bakery,2026-05-26T11:00:00,2,7.98,false
1002,SKU007,bakery,bakery,2026-05-26T12:00:00,3,11.97,false
1002,SKU007,bakery,bakery,2026-05-26T13:00:00,1,3.99,false
1002,SKU007,bakery,bakery,2026-05-26T14:00:00,1,3.99,false
1002,SKU007,bakery,bakery,2026-05-26T15:00:00,1,3.99,false
1002,SKU007,bakery,bakery,2026-05-26T16:00:00,3,11.97,false
1002,SKU007,bakery,bakery,2026-05-26T17:00:00,3,11.97,false
1002,SKU007,bakery,bakery,2026-05-26T18:00:00,4,15.96,false
1002,SKU007,bakery,bakery,2026-05-26T19:00:00,1,3.99,false
1002,SKU007,bakery,bakery,2026-05-26T20:00:00,1,3.99,false
1002,SKU007,bakery,bakery,2026-05-27T06:00:00,4,15.96,false
1002,SKU007,bakery,bakery,2026-05-27T09:00:00,2,7.98,false
1002,SKU007,bakery,bakery,2026-05-27T10:00:00,2,7.98,false
1002,SKU007,bakery,bakery,2026-05-27T11:00:00,3,11.97,false
1002,SKU007,bakery,bakery,2026-05-27T12:00:00,1,3.99,false
1002,SKU007,bakery,bakery,2026-05-27T13:00:00,2,7.98,false
1002,SKU007,bakery,bakery,2026-05-27T14:00:00,1,3.99,false
1002,SKU007,bakery,bakery,2026-05-27T15:00:00,2,7.98,false
1002,SKU007,bakery,bakery,2026-05-27T16:00:00,2,7.98,false
1002,SKU007,bakery,bakery,2026-05-27T17:00:00,3,11.97,false
1002,SKU007,bakery,bakery,2026-05-27T18:00:00,3,11.97,false
1002,SKU007,bakery,bakery,2026-05-27T20:00:00,2,7.98,false
1002,SKU007,bakery,bakery,2026-05-27T21:00:00,3,11.97,false
1002,SKU007,bakery,bakery,2026-05-28T06:00:00,1,3.99,false
1002,SKU007,bakery,bakery,2026-05-28T07:00:00,1,3.99,false
1002,SKU007,bakery,bakery,2026-05-28T08:00:00,2,7.98,false
1002,SKU007,bakery,bakery,2026-05-28T09:00:00,1,3.99,false
1002,SKU007,bakery,bakery,2026-05-28T10:00:00,1,3.99,false
1002,SKU007,bakery,bakery,2026-05-28T11:00:00,2,7.98,false
1002,SKU007,bakery,bakery,2026-05-28T12:00:00,3,11.97,false
1002,SKU007,bakery,bakery,2026-05-28T13:00:00,1,3.99,false
1002,SKU007,bakery,bakery,2026-05-28T14:00:00,2,7.98,false
1002,SKU007,bakery,bakery,2026-05-28T15:00:00,2,7.98,false
1002,SKU007,bakery,bakery,2026-05-28T16:00:00,3,11.97,false
1002,SKU007,bakery,bakery,2026-05-28T17:00:00,4,15.96,false
1002,SKU007,bakery,bakery,2026-05-28T18:00:00,3,11.97,false
1002,SKU007,bakery,bakery,2026-05-28T19:00:00,2,7.98,false
1002,SKU007,bakery,bakery,2026-05-28T20:00:00,1,3.99,false
1002,SKU007,bakery,bakery,2026-05-28T21:00:00,1,3.99,false
1002,SKU007,bakery,bakery,2026-05-29T06:00:00,2,7.98,false
1002,SKU007,bakery,bakery,2026-05-29T07:00:00,3,11.97,false
1002,SKU007,bakery,bakery,2026-05-29T09:00:00,1,3.99,false
1002,SKU007,bakery,bakery,2026-05-29T10:00:00,1,3.99,false
1002,SKU007,bakery,bakery,2026-05-29T11:00:00,2,7.98,false
1002,SKU007,bakery,bakery,2026-05-29T12:00:00,2,7.98,false
1002,SKU007,bakery,bakery,2026-05-29T14:00:00,3,11.97,false
1002,SKU007,bakery,bakery,2026-05-29T15:00:00,1,3.99,false
1002,SKU007,bakery,bakery,2026-05-29T16:00:00,2,7.98,false
1002,SKU007,bakery,bakery,2026-05-29T17:00:00,2,7.98,false
1002,SKU007,bakery,bakery,2026-05-29T18:00:00,3,11.97,false
1002,SKU007,bakery,bakery,2026-05-29T19:00:00,1,3.99,false
1002,SKU007,bakery,bakery,2026-05-29T20:00:00,3,11.97,false
1002,SKU007,bakery,bakery,2026-05-29T21:00:00,1,3.99,false
1002,SKU007,bakery,bakery,2026-05-30T06:00:00,1,3.99,false
1002,SKU007,bakery,bakery,2026-05-30T07:00:00,4,15.96,false
1002,SKU007,bakery,bakery,2026-05-30T08:00:00,2,7.98,false
1002,SKU007,bakery,bakery,2026-05-30T09:00:00,1,3.99,false
1002,SKU007,bakery,bakery,2026-05-30T10:00:00,2,7.98,false
1002,SKU007,bakery,bakery,2026-05-30T11:00:00,1,3.99,false
1002,SKU007,bakery,bakery,2026-05-30T12:00:00,4,15.96,false
1002,SKU007,bakery,bakery,2026-05-30T13:00:00,2,7.98,false
1002,SKU007,bakery,bakery,2026-05-30T14:00:00,2,7.98,false
1002,SKU007,bakery,bakery,2026-05-30T15:00:00,2,7.98,false
1002,SKU007,bakery,bakery,2026-05-30T16:00:00,2,7.98,false
1002,SKU007,bakery,bakery,2026-05-30T17:00:00,3,11.97,false
1002,SKU007,bakery,bakery,2026-05-30T18:00:00,3,11.97,false
1002,SKU007,bakery,bakery,2026-05-30T19:00:00,2,7.98,false
1002,SKU007,bakery,bakery,2026-05-30T20:00:00,1,3.99,false
1002,SKU007,bakery,bakery,2026-05-31T06:00:00,3,11.97,false
1002,SKU007,bakery,bakery,2026-05-31T08:00:00,3,11.97,false
1002,SKU007,bakery,bakery,2026-05-31T10:00:00,2,7.98,false
1002,SKU007,bakery,bakery,2026-05-31T11:00:00,5,19.95,false
1002,SKU007,bakery,bakery,2026-05-31T13:00:00,2,7.98,false
1002,SKU007,bakery,bakery,2026-05-31T14:00:00,1,3.99,false
1002,SKU007,bakery,bakery,2026-05-31T15:00:00,1,3.99,false
1002,SKU007,bakery,bakery,2026-05-31T16:00:00,1,3.99,false
1002,SKU007,bakery,bakery,2026-05-31T17:00:00,2,7.98,false
1002,SKU007,bakery,bakery,2026-05-31T18:00:00,4,15.96,false
1002,SKU007,bakery,bakery,2026-05-31T19:00:00,1,3.99,false
1002,SKU007,bakery,bakery,2026-05-31T20:00:00,1,3.99,false
1002,SKU007,bakery,bakery,2026-05-31T21:00:00,2,7.98,false
1002,SKU007,bakery,bakery,2026-06-01T06:00:00,1,3.99,false
1002,SKU007,bakery,bakery,2026-06-01T08:00:00,2,7.98,false
1002,SKU007,bakery,bakery,2026-06-01T10:00:00,4,15.96,false
1002,SKU007,bakery,bakery,2026-06-01T11:00:00,3,11.97,false
1002,SKU007,bakery,bakery,2026-06-01T12:00:00,2,7.98,false
1002,SKU007,bakery,bakery,2026-06-01T13:00:00,2,7.98,false
1002,SKU007,bakery,bakery,2026-06-01T14:00:00,3,11.97,false
1002,SKU007,bakery,bakery,2026-06-01T15:00:00,4,15.96,false
1002,SKU007,bakery,bakery,2026-06-01T16:00:00,1,3.99,false
1002,SKU007,bakery,bakery,2026-06-01T17:00:00,3,11.97,false
1002,SKU007,bakery,bakery,2026-06-01T18:00:00,2,7.98,false
1002,SKU007,bakery,bakery,2026-06-01T19:00:00,2,7.98,false
1002,SKU007,bakery,bakery,2026-06-01T20:00:00,3,11.97,false
1002,SKU007,bakery,bakery,2026-06-01T21:00:00,1,3.99,false
1002,SKU007,bakery,bakery,2026-06-02T06:00:00,1,3.99,false
1002,SKU007,bakery,bakery,2026-06-02T07:00:00,1,3.99,false
1002,SKU007,bakery,bakery,2026-06-02T08:00:00,3,11.97,false
1002,SKU007,bakery,bakery,2026-06-02T09:00:00,2,7.98,false
1002,SKU007,bakery,bakery,2026-06-02T10:00:00,3,11.97,false
1002,SKU007,bakery,bakery,2026-06-02T11:00:00,2,7.98,false
1002,SKU007,bakery,bakery,2026-06-02T12:00:00,3,11.97,false
1002,SKU007,bakery,bakery,2026-06-02T13:00:00,3,11.97,false
1002,SKU007,bakery,bakery,2026-06-02T14:00:00,1,3.99,false
1002,SKU007,bakery,bakery,2026-06-02T15:00:00,3,11.97,false
1002,SKU007,bakery,bakery,2026-06-02T16:00:00,3,11.97,false
1002,SKU007,bakery,bakery,2026-06-02T17:00:00,2,7.98,false
1002,SKU007,bakery,bakery,2026-06-02T18:00:00,1,3.99,false
1002,SKU007,bakery,bakery,2026-06-02T19:00:00,2,7.98,false
1002,SKU007,bakery,bakery,2026-06-02T21:00:00,1,3.99,false
1002,SKU007,bakery,bakery,2026-06-03T06:00:00,1,3.99,false
1002,SKU007,bakery,bakery,2026-06-03T07:00:00,1,3.99,false
1002,SKU007,bakery,bakery,2026-06-03T08:00:00,1,3.99,false
1002,SKU007,bakery,bakery,2026-06-03T09:00:00,1,3.99,false
1002,SKU007,bakery,bakery,2026-06-03T10:00:00,3,11.97,false
1002,SKU007,bakery,bakery,2026-06-03T11:00:00,4,15.96,false
1002,SKU007,bakery,bakery,2026-06-03T12:00:00,3,11.97,false
1002,SKU007,bakery,bakery,2026-06-03T13:00:00,3,11.97,false
1002,SKU007,bakery,bakery,2026-06-03T14:00:00,2,7.98,false
1002,SKU007,bakery,bakery,2026-06-03T15:00:00,1,3.99,false
1002,SKU007,bakery,bakery,2026-06-03T16:00:00,3,11.97,false
1002,SKU007,bakery,bakery,2026-06-03T17:00:00,2,7.98,false
1002,SKU007,bakery,bakery,2026-06-03T18:00:00,2,7.98,false
1002,SKU007,bakery,bakery,2026-06-03T19:00:00,2,7.98,false
1002,SKU007,bakery,bakery,2026-06-03T20:00:00,2,7.98,false
1002,SKU007,bakery,bakery,2026-06-03T21:00:00,1,3.99,false
1002,SKU007,bakery,bakery,2026-06-04T06:00:00,1,3.99,false
1002,SKU007,bakery,bakery,2026-06-04T07:00:00,2,7.98,false
1002,SKU007,bakery,bakery,2026-06-04T08:00:00,1,3.99,false
1002,SKU007,bakery,bakery,2026-06-04T10:00:00,4,15.96,false
1002,SKU007,bakery,bakery,2026-06-04T11:00:00,2,7.98,false
1002,SKU007,bakery,bakery,2026-06-04T12:00:00,2,7.98,false
1002,SKU007,bakery,bakery,2026-06-04T13:00:00,3,11.97,false
1002,SKU007,bakery,bakery,2026-06-04T14:00:00,1,3.99,false
1002,SKU007,bakery,bakery,2026-06-04T15:00:00,2,7.98,false
1002,SKU007,bakery,bakery,2026-06-04T16:00:00,3,11.97,false
1002,SKU007,bakery,bakery,2026-06-04T17:00:00,3,11.97,false
1002,SKU007,bakery,bakery,2026-06-04T18:00:00,4,15.96,false
1002,SKU007,bakery,bakery,2026-06-04T19:00:00,1,3.99,false
1002,SKU007,bakery,bakery,2026-06-04T20:00:00,1,3.99,false
1002,SKU007,bakery,bakery,2026-06-04T21:00:00,2,7.98,false
1002,SKU008,bakery,bakery,2026-05-22T06:00:00,1,4.99,false
1002,SKU008,bakery,bakery,2026-05-22T07:00:00,1,4.99,false
1002,SKU008,bakery,bakery,2026-05-22T09:00:00,2,9.98,false
1002,SKU008,bakery,bakery,2026-05-22T10:00:00,1,4.99,false
1002,SKU008,bakery,bakery,2026-05-22T11:00:00,3,14.97,false
1002,SKU008,bakery,bakery,2026-05-22T12:00:00,1,4.99,false
1002,SKU008,bakery,bakery,2026-05-22T13:00:00,3,14.97,false
1002,SKU008,bakery,bakery,2026-05-22T14:00:00,1,4.99,false
1002,SKU008,bakery,bakery,2026-05-22T15:00:00,1,4.99,false
1002,SKU008,bakery,bakery,2026-05-22T17:00:00,2,9.98,false
1002,SKU008,bakery,bakery,2026-05-22T18:00:00,1,4.99,false
1002,SKU008,bakery,bakery,2026-05-22T19:00:00,1,4.99,false
1002,SKU008,bakery,bakery,2026-05-22T20:00:00,2,9.98,false
1002,SKU008,bakery,bakery,2026-05-23T07:00:00,1,4.99,false
1002,SKU008,bakery,bakery,2026-05-23T09:00:00,3,14.97,false
1002,SKU008,bakery,bakery,2026-05-23T11:00:00,2,9.98,false
1002,SKU008,bakery,bakery,2026-05-23T12:00:00,2,9.98,false
1002,SKU008,bakery,bakery,2026-05-23T13:00:00,1,4.99,false
1002,SKU008,bakery,bakery,2026-05-23T16:00:00,1,4.99,false
1002,SKU008,bakery,bakery,2026-05-23T17:00:00,2,9.98,false
1002,SKU008,bakery,bakery,2026-05-23T18:00:00,1,4.99,false
1002,SKU008,bakery,bakery,2026-05-23T19:00:00,1,4.99,false
1002,SKU008,bakery,bakery,2026-05-23T20:00:00,1,4.99,false
1002,SKU008,bakery,bakery,2026-05-23T21:00:00,1,4.99,false
1002,SKU008,bakery,bakery,2026-05-24T06:00:00,2,9.98,false
1002,SKU008,bakery,bakery,2026-05-24T07:00:00,2,9.98,false
1002,SKU008,bakery,bakery,2026-05-24T08:00:00,2,9.98,false
1002,SKU008,bakery,bakery,2026-05-24T09:00:00,2,9.98,false
1002,SKU008,bakery,bakery,2026-05-24T10:00:00,2,9.98,false
1002,SKU008,bakery,bakery,2026-05-24T11:00:00,2,9.98,false
1002,SKU008,bakery,bakery,2026-05-24T12:00:00,2,9.98,false
1002,SKU008,bakery,bakery,2026-05-24T13:00:00,2,9.98,false
1002,SKU008,bakery,bakery,2026-05-24T14:00:00,1,4.99,false
1002,SKU008,bakery,bakery,2026-05-24T15:00:00,2,9.98,false
1002,SKU008,bakery,bakery,2026-05-24T16:00:00,2,9.98,false
1002,SKU008,bakery,bakery,2026-05-24T17:00:00,3,14.97,false
1002,SKU008,bakery,bakery,2026-05-24T18:00:00,2,9.98,false
1002,SKU008,bakery,bakery,2026-05-24T19:00:00,1,4.99,false
1002,SKU008,bakery,bakery,2026-05-25T06:00:00,1,4.99,false
1002,SKU008,bakery,bakery,2026-05-25T07:00:00,2,9.98,false
1002,SKU008,bakery,bakery,2026-05-25T08:00:00,1,4.99,false
1002,SKU008,bakery,bakery,2026-05-25T09:00:00,1,4.99,false
1002,SKU008,bakery,bakery,2026-05-25T10:00:00,1,4.99,false
1002,SKU008,bakery,bakery,2026-05-25T11:00:00,2,9.98,false
1002,SKU008,bakery,bakery,2026-05-25T12:00:00,2,9.98,false
1002,SKU008,bakery,bakery,2026-05-25T14:00:00,1,4.99,false
1002,SKU008,bakery,bakery,2026-05-25T15:00:00,1,4.99,false
1002,SKU008,bakery,bakery,2026-05-25T17:00:00,4,19.96,false
1002,SKU008,bakery,bakery,2026-05-25T18:00:00,1,4.99,false
1002,SKU008,bakery,bakery,2026-05-25T19:00:00,2,9.98,false
1002,SKU008,bakery,bakery,2026-05-25T21:00:00,1,4.99,false
1002,SKU008,bakery,bakery,2026-05-26T06:00:00,2,9.98,false
1002,SKU008,bakery,bakery,2026-05-26T08:00:00,1,4.99,false
1002,SKU008,bakery,bakery,2026-05-26T09:00:00,2,9.98,false
1002,SKU008,bakery,bakery,2026-05-26T11:00:00,2,9.98,false
1002,SKU008,bakery,bakery,2026-05-26T12:00:00,3,14.97,false
1002,SKU008,bakery,bakery,2026-05-26T15:00:00,2,9.98,false
1002,SKU008,bakery,bakery,2026-05-26T16:00:00,1,4.99,false
1002,SKU008,bakery,bakery,2026-05-26T17:00:00,3,14.97,false
1002,SKU008,bakery,bakery,2026-05-26T18:00:00,2,9.98,false
1002,SKU008,bakery,bakery,2026-05-27T06:00:00,1,4.99,false
1002,SKU008,bakery,bakery,2026-05-27T08:00:00,3,14.97,false
1002,SKU008,bakery,bakery,2026-05-27T09:00:00,1,4.99,false
1002,SKU008,bakery,bakery,2026-05-27T11:00:00,3,14.97,false
1002,SKU008,bakery,bakery,2026-05-27T12:00:00,2,9.98,false
1002,SKU008,bakery,bakery,2026-05-27T13:00:00,1,4.99,false
1002,SKU008,bakery,bakery,2026-05-27T14:00:00,1,4.99,false
1002,SKU008,bakery,bakery,2026-05-27T16:00:00,2,9.98,false
1002,SKU008,bakery,bakery,2026-05-27T17:00:00,2,9.98,false
1002,SKU008,bakery,bakery,2026-05-27T18:00:00,2,9.98,false
1002,SKU008,bakery,bakery,2026-05-27T19:00:00,1,4.99,false
1002,SKU008,bakery,bakery,2026-05-27T21:00:00,1,4.99,false
1002,SKU008,bakery,bakery,2026-05-28T06:00:00,1,4.99,false
1002,SKU008,bakery,bakery,2026-05-28T08:00:00,1,4.99,false
1002,SKU008,bakery,bakery,2026-05-28T10:00:00,1,4.99,false
1002,SKU008,bakery,bakery,2026-05-28T12:00:00,1,4.99,false
1002,SKU008,bakery,bakery,2026-05-28T13:00:00,1,4.99,false
1002,SKU008,bakery,bakery,2026-05-28T14:00:00,3,14.97,false
1002,SKU008,bakery,bakery,2026-05-28T15:00:00,2,9.98,false
1002,SKU008,bakery,bakery,2026-05-28T17:00:00,2,9.98,false
1002,SKU008,bakery,bakery,2026-05-28T18:00:00,3,14.97,false
1002,SKU008,bakery,bakery,2026-05-28T20:00:00,1,4.99,false
1002,SKU008,bakery,bakery,2026-05-28T21:00:00,1,4.99,false
1002,SKU008,bakery,bakery,2026-05-29T07:00:00,2,9.98,false
1002,SKU008,bakery,bakery,2026-05-29T09:00:00,2,9.98,false
1002,SKU008,bakery,bakery,2026-05-29T10:00:00,2,9.98,false
1002,SKU008,bakery,bakery,2026-05-29T11:00:00,1,4.99,false
1002,SKU008,bakery,bakery,2026-05-29T12:00:00,3,14.97,false
1002,SKU008,bakery,bakery,2026-05-29T13:00:00,2,9.98,false
1002,SKU008,bakery,bakery,2026-05-29T15:00:00,1,4.99,false
1002,SKU008,bakery,bakery,2026-05-29T17:00:00,1,4.99,false
1002,SKU008,bakery,bakery,2026-05-29T18:00:00,2,9.98,false
1002,SKU008,bakery,bakery,2026-05-29T19:00:00,1,4.99,false
1002,SKU008,bakery,bakery,2026-05-29T21:00:00,2,9.98,false
1002,SKU008,bakery,bakery,2026-05-30T06:00:00,2,9.98,false
1002,SKU008,bakery,bakery,2026-05-30T07:00:00,2,9.98,false
1002,SKU008,bakery,bakery,2026-05-30T09:00:00,2,9.98,false
1002,SKU008,bakery,bakery,2026-05-30T10:00:00,1,4.99,false
1002,SKU008,bakery,bakery,2026-05-30T11:00:00,2,9.98,false
1002,SKU008,bakery,bakery,2026-05-30T12:00:00,4,19.96,false
1002,SKU008,bakery,bakery,2026-05-30T13:00:00,2,9.98,false
1002,SKU008,bakery,bakery,2026-05-30T15:00:00,1,4.99,false
1002,SKU008,bakery,bakery,2026-05-30T16:00:00,2,9.98,false
1002,SKU008,bakery,bakery,2026-05-30T17:00:00,1,4.99,false
1002,SKU008,bakery,bakery,2026-05-30T18:00:00,3,14.97,false
1002,SKU008,bakery,bakery,2026-05-30T19:00:00,1,4.99,false
1002,SKU008,bakery,bakery,2026-05-31T10:00:00,2,9.98,false
1002,SKU008,bakery,bakery,2026-05-31T11:00:00,1,4.99,false
1002,SKU008,bakery,bakery,2026-05-31T15:00:00,2,9.98,false
1002,SKU008,bakery,bakery,2026-05-31T16:00:00,1,4.99,false
1002,SKU008,bakery,bakery,2026-05-31T18:00:00,2,9.98,false
1002,SKU008,bakery,bakery,2026-05-31T20:00:00,1,4.99,false
1002,SKU008,bakery,bakery,2026-06-01T06:00:00,1,4.99,false
1002,SKU008,bakery,bakery,2026-06-01T08:00:00,1,4.99,false
1002,SKU008,bakery,bakery,2026-06-01T09:00:00,2,9.98,false
1002,SKU008,bakery,bakery,2026-06-01T10:00:00,1,4.99,false
1002,SKU008,bakery,bakery,2026-06-01T11:00:00,2,9.98,false
1002,SKU008,bakery,bakery,2026-06-01T14:00:00,1,4.99,false
1002,SKU008,bakery,bakery,2026-06-01T15:00:00,2,9.98,false
1002,SKU008,bakery,bakery,2026-06-01T17:00:00,1,4.99,false
1002,SKU008,bakery,bakery,2026-06-01T18:00:00,3,14.97,false
1002,SKU008,bakery,bakery,2026-06-01T20:00:00,1,4.99,false
1002,SKU008,bakery,bakery,2026-06-01T21:00:00,1,4.99,false
1002,SKU008,bakery,bakery,2026-06-02T06:00:00,1,4.99,false
1002,SKU008,bakery,bakery,2026-06-02T08:00:00,3,14.97,false
1002,SKU008,bakery,bakery,2026-06-02T10:00:00,1,4.99,false
1002,SKU008,bakery,bakery,2026-06-02T11:00:00,5,24.95,false
1002,SKU008,bakery,bakery,2026-06-02T12:00:00,3,14.97,false
1002,SKU008,bakery,bakery,2026-06-02T13:00:00,2,9.98,false
1002,SKU008,bakery,bakery,2026-06-02T14:00:00,2,9.98,false
1002,SKU008,bakery,bakery,2026-06-02T15:00:00,1,4.99,false
1002,SKU008,bakery,bakery,2026-06-02T16:00:00,2,9.98,false
1002,SKU008,bakery,bakery,2026-06-02T17:00:00,2,9.98,false
1002,SKU008,bakery,bakery,2026-06-02T18:00:00,2,9.98,false
1002,SKU008,bakery,bakery,2026-06-02T21:00:00,2,9.98,false
1002,SKU008,bakery,bakery,2026-06-03T06:00:00,2,9.98,false
1002,SKU008,bakery,bakery,2026-06-03T07:00:00,1,4.99,false
1002,SKU008,bakery,bakery,2026-06-03T08:00:00,1,4.99,false
1002,SKU008,bakery,bakery,2026-06-03T09:00:00,2,9.98,false
1002,SKU008,bakery,bakery,2026-06-03T10:00:00,1,4.99,false
1002,SKU008,bakery,bakery,2026-06-03T12:00:00,1,4.99,false
1002,SKU008,bakery,bakery,2026-06-03T13:00:00,1,4.99,false
1002,SKU008,bakery,bakery,2026-06-03T14:00:00,2,9.98,false
1002,SKU008,bakery,bakery,2026-06-03T15:00:00,2,9.98,false
1002,SKU008,bakery,bakery,2026-06-03T17:00:00,2,9.98,false
1002,SKU008,bakery,bakery,2026-06-03T19:00:00,3,14.97,false
1002,SKU008,bakery,bakery,2026-06-03T20:00:00,1,4.99,false
1002,SKU008,bakery,bakery,2026-06-03T21:00:00,1,4.99,false
1002,SKU008,bakery,bakery,2026-06-04T06:00:00,1,4.99,false
1002,SKU008,bakery,bakery,2026-06-04T08:00:00,1,4.99,false
1002,SKU008,bakery,bakery,2026-06-04T10:00:00,2,9.98,false
1002,SKU008,bakery,bakery,2026-06-04T11:00:00,4,19.96,false
1002,SKU008,bakery,bakery,2026-06-04T12:00:00,3,14.97,false
1002,SKU008,bakery,bakery,2026-06-04T13:00:00,3,14.97,false
1002,SKU008,bakery,bakery,2026-06-04T14:00:00,2,9.98,false
1002,SKU008,bakery,bakery,2026-06-04T15:00:00,2,9.98,false
1002,SKU008,bakery,bakery,2026-06-04T16:00:00,1,4.99,false
1002,SKU008,bakery,bakery,2026-06-04T17:00:00,1,4.99,false
1002,SKU008,bakery,bakery,2026-06-04T19:00:00,2,9.98,false
1002,SKU008,bakery,bakery,2026-06-04T20:00:00,1,4.99,false
1002,SKU008,bakery,bakery,2026-06-04T21:00:00,1,4.99,false
1002,SKU009,beverages,grocery,2026-05-22T06:00:00,2,9.88,true
1002,SKU009,beverages,grocery,2026-05-22T07:00:00,2,9.88,true
1002,SKU009,beverages,grocery,2026-05-22T08:00:00,2,9.88,true
1002,SKU009,beverages,grocery,2026-05-22T09:00:00,2,9.88,true
1002,SKU009,beverages,grocery,2026-05-22T10:00:00,1,4.94,true
1002,SKU009,beverages,grocery,2026-05-22T11:00:00,2,9.88,true
1002,SKU009,beverages,grocery,2026-05-22T12:00:00,2,9.88,true
1002,SKU009,beverages,grocery,2026-05-22T13:00:00,1,4.94,true
1002,SKU009,beverages,grocery,2026-05-22T14:00:00,3,14.82,true
1002,SKU009,beverages,grocery,2026-05-22T15:00:00,2,9.88,true
1002,SKU009,beverages,grocery,2026-05-22T16:00:00,2,9.88,true
1002,SKU009,beverages,grocery,2026-05-22T17:00:00,4,19.76,true
1002,SKU009,beverages,grocery,2026-05-22T18:00:00,3,14.82,true
1002,SKU009,beverages,grocery,2026-05-22T19:00:00,2,9.88,true
1002,SKU009,beverages,grocery,2026-05-22T20:00:00,1,4.94,true
1002,SKU009,beverages,grocery,2026-05-22T21:00:00,1,4.94,true
1002,SKU009,beverages,grocery,2026-05-23T06:00:00,3,14.82,true
1002,SKU009,beverages,grocery,2026-05-23T07:00:00,1,4.94,true
1002,SKU009,beverages,grocery,2026-05-23T08:00:00,2,9.88,true
1002,SKU009,beverages,grocery,2026-05-23T09:00:00,3,14.82,true
1002,SKU009,beverages,grocery,2026-05-23T11:00:00,1,4.94,true
1002,SKU009,beverages,grocery,2026-05-23T12:00:00,3,14.82,true
1002,SKU009,beverages,grocery,2026-05-23T13:00:00,1,4.94,true
1002,SKU009,beverages,grocery,2026-05-23T14:00:00,3,14.82,true
1002,SKU009,beverages,grocery,2026-05-23T15:00:00,2,9.88,true
1002,SKU009,beverages,grocery,2026-05-23T16:00:00,2,9.88,true
1002,SKU009,beverages,grocery,2026-05-23T17:00:00,3,14.82,true
1002,SKU009,beverages,grocery,2026-05-23T18:00:00,2,9.88,true
1002,SKU009,beverages,grocery,2026-05-23T19:00:00,3,14.82,true
1002,SKU009,beverages,grocery,2026-05-23T20:00:00,2,9.88,true
1002,SKU009,beverages,grocery,2026-05-23T21:00:00,2,9.88,true
1002,SKU009,beverages,grocery,2026-05-24T06:00:00,1,4.94,true
1002,SKU009,beverages,grocery,2026-05-24T07:00:00,1,4.94,true
1002,SKU009,beverages,grocery,2026-05-24T08:00:00,2,9.88,true
1002,SKU009,beverages,grocery,2026-05-24T09:00:00,1,4.94,true
1002,SKU009,beverages,grocery,2026-05-24T10:00:00,2,9.88,true
1002,SKU009,beverages,grocery,2026-05-24T11:00:00,3,14.82,true
1002,SKU009,beverages,grocery,2026-05-24T12:00:00,2,9.88,true
1002,SKU009,beverages,grocery,2026-05-24T13:00:00,1,4.94,true
1002,SKU009,beverages,grocery,2026-05-24T15:00:00,2,9.88,true
1002,SKU009,beverages,grocery,2026-05-24T16:00:00,3,14.82,true
1002,SKU009,beverages,grocery,2026-05-24T17:00:00,1,4.94,true
1002,SKU009,beverages,grocery,2026-05-24T18:00:00,4,19.76,true
1002,SKU009,beverages,grocery,2026-05-24T19:00:00,1,4.94,true
1002,SKU009,beverages,grocery,2026-05-24T20:00:00,1,4.94,true
1002,SKU009,beverages,grocery,2026-05-24T21:00:00,1,4.94,true
1002,SKU009,beverages,grocery,2026-05-25T06:00:00,3,16.47,false
1002,SKU009,beverages,grocery,2026-05-25T08:00:00,2,10.98,false
1002,SKU009,beverages,grocery,2026-05-25T09:00:00,3,16.47,false
1002,SKU009,beverages,grocery,2026-05-25T10:00:00,1,5.49,false
1002,SKU009,beverages,grocery,2026-05-25T11:00:00,2,10.98,false
1002,SKU009,beverages,grocery,2026-05-25T12:00:00,2,10.98,false
1002,SKU009,beverages,grocery,2026-05-25T13:00:00,1,5.49,false
1002,SKU009,beverages,grocery,2026-05-25T14:00:00,1,5.49,false
1002,SKU009,beverages,grocery,2026-05-25T16:00:00,2,10.98,false
1002,SKU009,beverages,grocery,2026-05-25T18:00:00,3,16.47,false
1002,SKU009,beverages,grocery,2026-05-25T19:00:00,2,10.98,false
1002,SKU009,beverages,grocery,2026-05-25T20:00:00,2,10.98,false
1002,SKU009,beverages,grocery,2026-05-25T21:00:00,1,5.49,false
1002,SKU009,beverages,grocery,2026-05-26T07:00:00,3,16.47,false
1002,SKU009,beverages,grocery,2026-05-26T10:00:00,1,5.49,false
1002,SKU009,beverages,grocery,2026-05-26T11:00:00,2,10.98,false
1002,SKU009,beverages,grocery,2026-05-26T14:00:00,1,5.49,false
1002,SKU009,beverages,grocery,2026-05-26T15:00:00,1,5.49,false
1002,SKU009,beverages,grocery,2026-05-26T16:00:00,2,10.98,false
1002,SKU009,beverages,grocery,2026-05-26T17:00:00,2,10.98,false
1002,SKU009,beverages,grocery,2026-05-26T18:00:00,2,10.98,false
1002,SKU009,beverages,grocery,2026-05-26T19:00:00,2,10.98,false
1002,SKU009,beverages,grocery,2026-05-26T20:00:00,1,5.49,false
1002,SKU009,beverages,grocery,2026-05-26T21:00:00,2,10.98,false
1002,SKU009,beverages,grocery,2026-05-27T07:00:00,2,10.98,false
1002,SKU009,beverages,grocery,2026-05-27T08:00:00,1,5.49,false
1002,SKU009,beverages,grocery,2026-05-27T09:00:00,1,5.49,false
1002,SKU009,beverages,grocery,2026-05-27T12:00:00,3,16.47,false
1002,SKU009,beverages,grocery,2026-05-27T13:00:00,2,10.98,false
1002,SKU009,beverages,grocery,2026-05-27T15:00:00,2,10.98,false
1002,SKU009,beverages,grocery,2026-05-27T16:00:00,1,5.49,false
1002,SKU009,beverages,grocery,2026-05-27T17:00:00,1,5.49,false
1002,SKU009,beverages,grocery,2026-05-27T18:00:00,1,5.49,false
1002,SKU009,beverages,grocery,2026-05-27T19:00:00,2,10.98,false
1002,SKU009,beverages,grocery,2026-05-27T20:00:00,1,5.49,false
1002,SKU009,beverages,grocery,2026-05-27T21:00:00,1,5.49,false
1002,SKU009,beverages,grocery,2026-05-28T06:00:00,2,10.98,false
1002,SKU009,beverages,grocery,2026-05-28T07:00:00,1,5.49,false
1002,SKU009,beverages,grocery,2026-05-28T08:00:00,2,10.98,false
1002,SKU009,beverages,grocery,2026-05-28T09:00:00,3,16.47,false
1002,SKU009,beverages,grocery,2026-05-28T10:00:00,1,5.49,false
1002,SKU009,beverages,grocery,2026-05-28T11:00:00,2,10.98,false
1002,SKU009,beverages,grocery,2026-05-28T12:00:00,3,16.47,false
1002,SKU009,beverages,grocery,2026-05-28T13:00:00,1,5.49,false
1002,SKU009,beverages,grocery,2026-05-28T16:00:00,1,5.49,false
1002,SKU009,beverages,grocery,2026-05-28T17:00:00,3,16.47,false
1002,SKU009,beverages,grocery,2026-05-28T18:00:00,2,10.98,false
1002,SKU009,beverages,grocery,2026-05-28T19:00:00,1,5.49,false
1002,SKU009,beverages,grocery,2026-05-28T20:00:00,2,10.98,false
1002,SKU009,beverages,grocery,2026-05-29T07:00:00,3,14.82,true
1002,SKU009,beverages,grocery,2026-05-29T08:00:00,1,4.94,true
1002,SKU009,beverages,grocery,2026-05-29T09:00:00,2,9.88,true
1002,SKU009,beverages,grocery,2026-05-29T10:00:00,2,9.88,true
1002,SKU009,beverages,grocery,2026-05-29T11:00:00,3,14.82,true
1002,SKU009,beverages,grocery,2026-05-29T12:00:00,2,9.88,true
1002,SKU009,beverages,grocery,2026-05-29T13:00:00,2,9.88,true
1002,SKU009,beverages,grocery,2026-05-29T15:00:00,3,14.82,true
1002,SKU009,beverages,grocery,2026-05-29T16:00:00,1,4.94,true
1002,SKU009,beverages,grocery,2026-05-29T17:00:00,3,14.82,true
1002,SKU009,beverages,grocery,2026-05-29T18:00:00,3,14.82,true
1002,SKU009,beverages,grocery,2026-05-29T19:00:00,2,9.88,true
1002,SKU009,beverages,grocery,2026-05-29T20:00:00,1,4.94,true
1002,SKU009,beverages,grocery,2026-05-29T21:00:00,3,14.82,true
1002,SKU009,beverages,grocery,2026-05-30T06:00:00,2,9.88,true
1002,SKU009,beverages,grocery,2026-05-30T07:00:00,2,9.88,true
1002,SKU009,beverages,grocery,2026-05-30T08:00:00,4,19.76,true
1002,SKU009,beverages,grocery,2026-05-30T09:00:00,4,19.76,true
1002,SKU009,beverages,grocery,2026-05-30T10:00:00,1,4.94,true
1002,SKU009,beverages,grocery,2026-05-30T11:00:00,3,14.82,true
1002,SKU009,beverages,grocery,2026-05-30T12:00:00,3,14.82,true
1002,SKU009,beverages,grocery,2026-05-30T13:00:00,3,14.82,true
1002,SKU009,beverages,grocery,2026-05-30T14:00:00,2,9.88,true
1002,SKU009,beverages,grocery,2026-05-30T15:00:00,2,9.88,true
1002,SKU009,beverages,grocery,2026-05-30T16:00:00,1,4.94,true
1002,SKU009,beverages,grocery,2026-05-30T17:00:00,3,14.82,true
1002,SKU009,beverages,grocery,2026-05-30T18:00:00,4,19.76,true
1002,SKU009,beverages,grocery,2026-05-30T19:00:00,2,9.88,true
1002,SKU009,beverages,grocery,2026-05-30T20:00:00,2,9.88,true
1002,SKU009,beverages,grocery,2026-05-30T21:00:00,3,14.82,true
1002,SKU009,beverages,grocery,2026-05-31T06:00:00,3,14.82,true
1002,SKU009,beverages,grocery,2026-05-31T07:00:00,3,14.82,true
1002,SKU009,beverages,grocery,2026-05-31T08:00:00,3,14.82,true
1002,SKU009,beverages,grocery,2026-05-31T09:00:00,1,4.94,true
1002,SKU009,beverages,grocery,2026-05-31T10:00:00,2,9.88,true
1002,SKU009,beverages,grocery,2026-05-31T11:00:00,3,14.82,true
1002,SKU009,beverages,grocery,2026-05-31T12:00:00,3,14.82,true
1002,SKU009,beverages,grocery,2026-05-31T13:00:00,2,9.88,true
1002,SKU009,beverages,grocery,2026-05-31T16:00:00,3,14.82,true
1002,SKU009,beverages,grocery,2026-05-31T17:00:00,2,9.88,true
1002,SKU009,beverages,grocery,2026-05-31T18:00:00,3,14.82,true
1002,SKU009,beverages,grocery,2026-05-31T19:00:00,2,9.88,true
1002,SKU009,beverages,grocery,2026-05-31T20:00:00,2,9.88,true
1002,SKU009,beverages,grocery,2026-05-31T21:00:00,2,9.88,true
1002,SKU009,beverages,grocery,2026-06-01T07:00:00,1,5.49,false
1002,SKU009,beverages,grocery,2026-06-01T08:00:00,2,10.98,false
1002,SKU009,beverages,grocery,2026-06-01T09:00:00,2,10.98,false
1002,SKU009,beverages,grocery,2026-06-01T11:00:00,3,16.47,false
1002,SKU009,beverages,grocery,2026-06-01T12:00:00,2,10.98,false
1002,SKU009,beverages,grocery,2026-06-01T15:00:00,1,5.49,false
1002,SKU009,beverages,grocery,2026-06-01T17:00:00,3,16.47,false
1002,SKU009,beverages,grocery,2026-06-01T18:00:00,1,5.49,false
1002,SKU009,beverages,grocery,2026-06-01T19:00:00,2,10.98,false
1002,SKU009,beverages,grocery,2026-06-01T21:00:00,1,5.49,false
1002,SKU009,beverages,grocery,2026-06-02T07:00:00,2,10.98,false
1002,SKU009,beverages,grocery,2026-06-02T08:00:00,1,5.49,false
1002,SKU009,beverages,grocery,2026-06-02T09:00:00,1,5.49,false
1002,SKU009,beverages,grocery,2026-06-02T11:00:00,4,21.96,false
1002,SKU009,beverages,grocery,2026-06-02T12:00:00,3,16.47,false
1002,SKU009,beverages,grocery,2026-06-02T13:00:00,1,5.49,false
1002,SKU009,beverages,grocery,2026-06-02T14:00:00,1,5.49,false
1002,SKU009,beverages,grocery,2026-06-02T15:00:00,1,5.49,false
1002,SKU009,beverages,grocery,2026-06-02T16:00:00,1,5.49,false
1002,SKU009,beverages,grocery,2026-06-02T17:00:00,2,10.98,false
1002,SKU009,beverages,grocery,2026-06-02T18:00:00,3,16.47,false
1002,SKU009,beverages,grocery,2026-06-02T19:00:00,1,5.49,false
1002,SKU009,beverages,grocery,2026-06-02T20:00:00,1,5.49,false
1002,SKU009,beverages,grocery,2026-06-03T06:00:00,1,5.49,false
1002,SKU009,beverages,grocery,2026-06-03T07:00:00,1,5.49,false
1002,SKU009,beverages,grocery,2026-06-03T08:00:00,2,10.98,false
1002,SKU009,beverages,grocery,2026-06-03T09:00:00,1,5.49,false
1002,SKU009,beverages,grocery,2026-06-03T10:00:00,2,10.98,false
1002,SKU009,beverages,grocery,2026-06-03T11:00:00,2,10.98,false
1002,SKU009,beverages,grocery,2026-06-03T16:00:00,2,10.98,false
1002,SKU009,beverages,grocery,2026-06-03T17:00:00,1,5.49,false
1002,SKU009,beverages,grocery,2026-06-03T18:00:00,3,16.47,false
1002,SKU009,beverages,grocery,2026-06-03T19:00:00,1,5.49,false
1002,SKU009,beverages,grocery,2026-06-03T20:00:00,1,5.49,false
1002,SKU009,beverages,grocery,2026-06-03T21:00:00,4,21.96,false
1002,SKU009,beverages,grocery,2026-06-04T07:00:00,1,5.49,false
1002,SKU009,beverages,grocery,2026-06-04T08:00:00,1,5.49,false
1002,SKU009,beverages,grocery,2026-06-04T10:00:00,2,10.98,false
1002,SKU009,beverages,grocery,2026-06-04T11:00:00,2,10.98,false
1002,SKU009,beverages,grocery,2026-06-04T12:00:00,3,16.47,false
1002,SKU009,beverages,grocery,2026-06-04T14:00:00,2,10.98,false
1002,SKU009,beverages,grocery,2026-06-04T16:00:00,1,5.49,false
1002,SKU009,beverages,grocery,2026-06-04T18:00:00,4,21.96,false
1002,SKU009,beverages,grocery,2026-06-04T19:00:00,3,16.47,false
1002,SKU009,beverages,grocery,2026-06-04T20:00:00,1,5.49,false
1002,SKU010,beverages,grocery,2026-05-22T06:00:00,2,9.98,false
1002,SKU010,beverages,grocery,2026-05-22T07:00:00,2,9.98,false
1002,SKU010,beverages,grocery,2026-05-22T08:00:00,3,14.97,false
1002,SKU010,beverages,grocery,2026-05-22T09:00:00,2,9.98,false
1002,SKU010,beverages,grocery,2026-05-22T10:00:00,1,4.99,false
1002,SKU010,beverages,grocery,2026-05-22T11:00:00,1,4.99,false
1002,SKU010,beverages,grocery,2026-05-22T12:00:00,2,9.98,false
1002,SKU010,beverages,grocery,2026-05-22T13:00:00,2,9.98,false
1002,SKU010,beverages,grocery,2026-05-22T14:00:00,1,4.99,false
1002,SKU010,beverages,grocery,2026-05-22T17:00:00,2,9.98,false
1002,SKU010,beverages,grocery,2026-05-22T18:00:00,3,14.97,false
1002,SKU010,beverages,grocery,2026-05-22T19:00:00,2,9.98,false
1002,SKU010,beverages,grocery,2026-05-22T20:00:00,2,9.98,false
1002,SKU010,beverages,grocery,2026-05-22T21:00:00,2,9.98,false
1002,SKU010,beverages,grocery,2026-05-23T06:00:00,1,4.99,false
1002,SKU010,beverages,grocery,2026-05-23T07:00:00,1,4.99,false
1002,SKU010,beverages,grocery,2026-05-23T08:00:00,1,4.99,false
1002,SKU010,beverages,grocery,2026-05-23T09:00:00,2,9.98,false
1002,SKU010,beverages,grocery,2026-05-23T10:00:00,1,4.99,false
1002,SKU010,beverages,grocery,2026-05-23T11:00:00,1,4.99,false
1002,SKU010,beverages,grocery,2026-05-23T12:00:00,2,9.98,false
1002,SKU010,beverages,grocery,2026-05-23T14:00:00,1,4.99,false
1002,SKU010,beverages,grocery,2026-05-23T15:00:00,1,4.99,false
1002,SKU010,beverages,grocery,2026-05-23T17:00:00,3,14.97,false
1002,SKU010,beverages,grocery,2026-05-23T18:00:00,2,9.98,false
1002,SKU010,beverages,grocery,2026-05-23T20:00:00,2,9.98,false
1002,SKU010,beverages,grocery,2026-05-23T21:00:00,1,4.99,false
1002,SKU010,beverages,grocery,2026-05-24T06:00:00,2,9.98,false
1002,SKU010,beverages,grocery,2026-05-24T07:00:00,2,9.98,false
1002,SKU010,beverages,grocery,2026-05-24T08:00:00,2,9.98,false
1002,SKU010,beverages,grocery,2026-05-24T09:00:00,1,4.99,false
1002,SKU010,beverages,grocery,2026-05-24T11:00:00,1,4.99,false
1002,SKU010,beverages,grocery,2026-05-24T12:00:00,2,9.98,false
1002,SKU010,beverages,grocery,2026-05-24T14:00:00,2,9.98,false
1002,SKU010,beverages,grocery,2026-05-24T15:00:00,2,9.98,false
1002,SKU010,beverages,grocery,2026-05-24T16:00:00,1,4.99,false
1002,SKU010,beverages,grocery,2026-05-24T17:00:00,2,9.98,false
1002,SKU010,beverages,grocery,2026-05-24T18:00:00,4,19.96,false
1002,SKU010,beverages,grocery,2026-05-24T19:00:00,3,14.97,false
1002,SKU010,beverages,grocery,2026-05-24T20:00:00,2,9.98,false
1002,SKU010,beverages,grocery,2026-05-24T21:00:00,2,9.98,false
1002,SKU010,beverages,grocery,2026-05-25T07:00:00,1,4.99,false
1002,SKU010,beverages,grocery,2026-05-25T08:00:00,4,19.96,false
1002,SKU010,beverages,grocery,2026-05-25T09:00:00,2,9.98,false
1002,SKU010,beverages,grocery,2026-05-25T10:00:00,2,9.98,false
1002,SKU010,beverages,grocery,2026-05-25T11:00:00,4,19.96,false
1002,SKU010,beverages,grocery,2026-05-25T12:00:00,2,9.98,false
1002,SKU010,beverages,grocery,2026-05-25T14:00:00,2,9.98,false
1002,SKU010,beverages,grocery,2026-05-25T16:00:00,1,4.99,false
1002,SKU010,beverages,grocery,2026-05-25T17:00:00,2,9.98,false
1002,SKU010,beverages,grocery,2026-05-25T18:00:00,3,14.97,false
1002,SKU010,beverages,grocery,2026-05-25T19:00:00,1,4.99,false
1002,SKU010,beverages,grocery,2026-05-25T20:00:00,1,4.99,false
1002,SKU010,beverages,grocery,2026-05-25T21:00:00,1,4.99,false
1002,SKU010,beverages,grocery,2026-05-26T06:00:00,2,9.98,false
1002,SKU010,beverages,grocery,2026-05-26T07:00:00,1,4.99,false
1002,SKU010,beverages,grocery,2026-05-26T08:00:00,2,9.98,false
1002,SKU010,beverages,grocery,2026-05-26T09:00:00,2,9.98,false
1002,SKU010,beverages,grocery,2026-05-26T10:00:00,2,9.98,false
1002,SKU010,beverages,grocery,2026-05-26T11:00:00,2,9.98,false
1002,SKU010,beverages,grocery,2026-05-26T12:00:00,2,9.98,false
1002,SKU010,beverages,grocery,2026-05-26T13:00:00,2,9.98,false
1002,SKU010,beverages,grocery,2026-05-26T14:00:00,3,14.97,false
1002,SKU010,beverages,grocery,2026-05-26T16:00:00,3,14.97,false
1002,SKU010,beverages,grocery,2026-05-26T17:00:00,4,19.96,false
1002,SKU010,beverages,grocery,2026-05-26T18:00:00,1,4.99,false
1002,SKU010,beverages,grocery,2026-05-26T20:00:00,1,4.99,false
1002,SKU010,beverages,grocery,2026-05-26T21:00:00,2,9.98,false
1002,SKU010,beverages,grocery,2026-05-27T06:00:00,2,9.98,false
1002,SKU010,beverages,grocery,2026-05-27T07:00:00,1,4.99,false
1002,SKU010,beverages,grocery,2026-05-27T10:00:00,2,9.98,false
1002,SKU010,beverages,grocery,2026-05-27T11:00:00,3,14.97,false
1002,SKU010,beverages,grocery,2026-05-27T12:00:00,2,9.98,false
1002,SKU010,beverages,grocery,2026-05-27T13:00:00,2,9.98,false
1002,SKU010,beverages,grocery,2026-05-27T15:00:00,3,14.97,false
1002,SKU010,beverages,grocery,2026-05-27T16:00:00,2,9.98,false
1002,SKU010,beverages,grocery,2026-05-27T17:00:00,2,9.98,false
1002,SKU010,beverages,grocery,2026-05-27T18:00:00,4,19.96,false
1002,SKU010,beverages,grocery,2026-05-27T19:00:00,1,4.99,false
1002,SKU010,beverages,grocery,2026-05-27T21:00:00,1,4.99,false
1002,SKU010,beverages,grocery,2026-05-28T07:00:00,3,14.97,false
1002,SKU010,beverages,grocery,2026-05-28T08:00:00,1,4.99,false
1002,SKU010,beverages,grocery,2026-05-28T09:00:00,3,14.97,false
1002,SKU010,beverages,grocery,2026-05-28T11:00:00,3,14.97,false
1002,SKU010,beverages,grocery,2026-05-28T12:00:00,2,9.98,false
1002,SKU010,beverages,grocery,2026-05-28T13:00:00,2,9.98,false
1002,SKU010,beverages,grocery,2026-05-28T14:00:00,3,14.97,false
1002,SKU010,beverages,grocery,2026-05-28T15:00:00,2,9.98,false
1002,SKU010,beverages,grocery,2026-05-28T16:00:00,4,19.96,false
1002,SKU010,beverages,grocery,2026-05-28T17:00:00,2,9.98,false
1002,SKU010,beverages,grocery,2026-05-28T18:00:00,3,14.97,false
1002,SKU010,beverages,grocery,2026-05-28T19:00:00,1,4.99,false
1002,SKU010,beverages,grocery,2026-05-28T20:00:00,1,4.99,false
1002,SKU010,beverages,grocery,2026-05-28T21:00:00,1,4.99,false
1002,SKU010,beverages,grocery,2026-05-29T07:00:00,2,9.98,false
1002,SKU010,beverages,grocery,2026-05-29T08:00:00,3,14.97,false
1002,SKU010,beverages,grocery,2026-05-29T10:00:00,1,4.99,false
1002,SKU010,beverages,grocery,2026-05-29T11:00:00,3,14.97,false
1002,SKU010,beverages,grocery,2026-05-29T12:00:00,2,9.98,false
1002,SKU010,beverages,grocery,2026-05-29T13:00:00,3,14.97,false
1002,SKU010,beverages,grocery,2026-05-29T14:00:00,2,9.98,false
1002,SKU010,beverages,grocery,2026-05-29T15:00:00,1,4.99,false
1002,SKU010,beverages,grocery,2026-05-29T16:00:00,2,9.98,false
1002,SKU010,beverages,grocery,2026-05-29T17:00:00,2,9.98,false
1002,SKU010,beverages,grocery,2026-05-29T18:00:00,3,14.97,false
1002,SKU010,beverages,grocery,2026-05-30T06:00:00,1,4.99,false
1002,SKU010,beverages,grocery,2026-05-30T07:00:00,4,19.96,false
1002,SKU010,beverages,grocery,2026-05-30T09:00:00,1,4.99,false
1002,SKU010,beverages,grocery,2026-05-30T11:00:00,3,14.97,false
1002,SKU010,beverages,grocery,2026-05-30T12:00:00,2,9.98,false
1002,SKU010,beverages,grocery,2026-05-30T13:00:00,1,4.99,false
1002,SKU010,beverages,grocery,2026-05-30T14:00:00,2,9.98,false
1002,SKU010,beverages,grocery,2026-05-30T16:00:00,1,4.99,false
1002,SKU010,beverages,grocery,2026-05-30T17:00:00,2,9.98,false
1002,SKU010,beverages,grocery,2026-05-30T18:00:00,2,9.98,false
1002,SKU010,beverages,grocery,2026-05-30T20:00:00,2,9.98,false
1002,SKU010,beverages,grocery,2026-05-30T21:00:00,2,9.98,false
1002,SKU010,beverages,grocery,2026-05-31T07:00:00,2,9.98,false
1002,SKU010,beverages,grocery,2026-05-31T08:00:00,2,9.98,false
1002,SKU010,beverages,grocery,2026-05-31T09:00:00,3,14.97,false
1002,SKU010,beverages,grocery,2026-05-31T10:00:00,1,4.99,false
1002,SKU010,beverages,grocery,2026-05-31T11:00:00,3,14.97,false
1002,SKU010,beverages,grocery,2026-05-31T12:00:00,2,9.98,false
1002,SKU010,beverages,grocery,2026-05-31T13:00:00,2,9.98,false
1002,SKU010,beverages,grocery,2026-05-31T14:00:00,2,9.98,false
1002,SKU010,beverages,grocery,2026-05-31T15:00:00,2,9.98,false
1002,SKU010,beverages,grocery,2026-05-31T16:00:00,2,9.98,false
1002,SKU010,beverages,grocery,2026-05-31T17:00:00,2,9.98,false
1002,SKU010,beverages,grocery,2026-05-31T20:00:00,1,4.99,false
1002,SKU010,beverages,grocery,2026-05-31T21:00:00,1,4.99,false
1002,SKU010,beverages,grocery,2026-06-01T06:00:00,2,9.98,false
1002,SKU010,beverages,grocery,2026-06-01T07:00:00,1,4.99,false
1002,SKU010,beverages,grocery,2026-06-01T08:00:00,1,4.99,false
1002,SKU010,beverages,grocery,2026-06-01T10:00:00,1,4.99,false
1002,SKU010,beverages,grocery,2026-06-01T12:00:00,1,4.99,false
1002,SKU010,beverages,grocery,2026-06-01T15:00:00,2,9.98,false
1002,SKU010,beverages,grocery,2026-06-01T16:00:00,2,9.98,false
1002,SKU010,beverages,grocery,2026-06-01T17:00:00,3,14.97,false
1002,SKU010,beverages,grocery,2026-06-01T18:00:00,2,9.98,false
1002,SKU010,beverages,grocery,2026-06-01T20:00:00,1,4.99,false
1002,SKU010,beverages,grocery,2026-06-01T21:00:00,1,4.99,false
1002,SKU010,beverages,grocery,2026-06-02T06:00:00,1,4.99,false
1002,SKU010,beverages,grocery,2026-06-02T07:00:00,2,9.98,false
1002,SKU010,beverages,grocery,2026-06-02T08:00:00,3,14.97,false
1002,SKU010,beverages,grocery,2026-06-02T09:00:00,2,9.98,false
1002,SKU010,beverages,grocery,2026-06-02T11:00:00,4,19.96,false
1002,SKU010,beverages,grocery,2026-06-02T12:00:00,2,9.98,false
1002,SKU010,beverages,grocery,2026-06-02T15:00:00,2,9.98,false
1002,SKU010,beverages,grocery,2026-06-02T17:00:00,1,4.99,false
1002,SKU010,beverages,grocery,2026-06-02T18:00:00,3,14.97,false
1002,SKU010,beverages,grocery,2026-06-02T19:00:00,2,9.98,false
1002,SKU010,beverages,grocery,2026-06-02T20:00:00,3,14.97,false
1002,SKU010,beverages,grocery,2026-06-02T21:00:00,3,14.97,false
1002,SKU010,beverages,grocery,2026-06-03T06:00:00,2,9.98,false
1002,SKU010,beverages,grocery,2026-06-03T09:00:00,1,4.99,false
1002,SKU010,beverages,grocery,2026-06-03T10:00:00,1,4.99,false
1002,SKU010,beverages,grocery,2026-06-03T11:00:00,3,14.97,false
1002,SKU010,beverages,grocery,2026-06-03T13:00:00,1,4.99,false
1002,SKU010,beverages,grocery,2026-06-03T14:00:00,3,14.97,false
1002,SKU010,beverages,grocery,2026-06-03T15:00:00,1,4.99,false
1002,SKU010,beverages,grocery,2026-06-03T16:00:00,1,4.99,false
1002,SKU010,beverages,grocery,2026-06-03T17:00:00,2,9.98,false
1002,SKU010,beverages,grocery,2026-06-03T18:00:00,2,9.98,false
1002,SKU010,beverages,grocery,2026-06-03T19:00:00,1,4.99,false
1002,SKU010,beverages,grocery,2026-06-03T21:00:00,1,4.99,false
1002,SKU010,beverages,grocery,2026-06-04T08:00:00,2,9.98,false
1002,SKU010,beverages,grocery,2026-06-04T10:00:00,2,9.98,false
1002,SKU010,beverages,grocery,2026-06-04T11:00:00,3,14.97,false
1002,SKU010,beverages,grocery,2026-06-04T12:00:00,2,9.98,false
1002,SKU010,beverages,grocery,2026-06-04T14:00:00,1,4.99,false
1002,SKU010,beverages,grocery,2026-06-04T15:00:00,1,4.99,false
1002,SKU010,beverages,grocery,2026-06-04T16:00:00,1,4.99,false
1002,SKU010,beverages,grocery,2026-06-04T17:00:00,3,14.97,false
1002,SKU010,beverages,grocery,2026-06-04T18:00:00,2,9.98,false
1002,SKU010,beverages,grocery,2026-06-04T20:00:00,2,9.98,false
1002,SKU010,beverages,grocery,2026-06-04T21:00:00,2,9.98,false
1002,SKU011,frozen,frozen,2026-05-22T06:00:00,1,6.29,true
1002,SKU011,frozen,frozen,2026-05-22T07:00:00,2,12.58,true
1002,SKU011,frozen,frozen,2026-05-22T09:00:00,3,18.87,true
1002,SKU011,frozen,frozen,2026-05-22T10:00:00,1,6.29,true
1002,SKU011,frozen,frozen,2026-05-22T11:00:00,1,6.29,true
1002,SKU011,frozen,frozen,2026-05-22T12:00:00,1,6.29,true
1002,SKU011,frozen,frozen,2026-05-22T13:00:00,2,12.58,true
1002,SKU011,frozen,frozen,2026-05-22T14:00:00,2,12.58,true
1002,SKU011,frozen,frozen,2026-05-22T15:00:00,2,12.58,true
1002,SKU011,frozen,frozen,2026-05-22T16:00:00,2,12.58,true
1002,SKU011,frozen,frozen,2026-05-22T17:00:00,3,18.87,true
1002,SKU011,frozen,frozen,2026-05-22T18:00:00,1,6.29,true
1002,SKU011,frozen,frozen,2026-05-22T19:00:00,1,6.29,true
1002,SKU011,frozen,frozen,2026-05-23T06:00:00,4,25.16,true
1002,SKU011,frozen,frozen,2026-05-23T07:00:00,2,12.58,true
1002,SKU011,frozen,frozen,2026-05-23T09:00:00,1,6.29,true
1002,SKU011,frozen,frozen,2026-05-23T10:00:00,1,6.29,true
1002,SKU011,frozen,frozen,2026-05-23T11:00:00,2,12.58,true
1002,SKU011,frozen,frozen,2026-05-23T12:00:00,1,6.29,true
1002,SKU011,frozen,frozen,2026-05-23T13:00:00,2,12.58,true
1002,SKU011,frozen,frozen,2026-05-23T15:00:00,2,12.58,true
1002,SKU011,frozen,frozen,2026-05-23T16:00:00,3,18.87,true
1002,SKU011,frozen,frozen,2026-05-23T17:00:00,3,18.87,true
1002,SKU011,frozen,frozen,2026-05-23T18:00:00,1,6.29,true
1002,SKU011,frozen,frozen,2026-05-23T19:00:00,2,12.58,true
1002,SKU011,frozen,frozen,2026-05-23T20:00:00,2,12.58,true
1002,SKU011,frozen,frozen,2026-05-24T06:00:00,2,12.58,true
1002,SKU011,frozen,frozen,2026-05-24T08:00:00,3,18.87,true
1002,SKU011,frozen,frozen,2026-05-24T09:00:00,2,12.58,true
1002,SKU011,frozen,frozen,2026-05-24T10:00:00,2,12.58,true
1002,SKU011,frozen,frozen,2026-05-24T11:00:00,4,25.16,true
1002,SKU011,frozen,frozen,2026-05-24T12:00:00,2,12.58,true
1002,SKU011,frozen,frozen,2026-05-24T13:00:00,3,18.87,true
1002,SKU011,frozen,frozen,2026-05-24T14:00:00,1,6.29,true
1002,SKU011,frozen,frozen,2026-05-24T15:00:00,1,6.29,true
1002,SKU011,frozen,frozen,2026-05-24T16:00:00,1,6.29,true
1002,SKU011,frozen,frozen,2026-05-24T17:00:00,2,12.58,true
1002,SKU011,frozen,frozen,2026-05-24T18:00:00,3,18.87,true
1002,SKU011,frozen,frozen,2026-05-24T19:00:00,4,25.16,true
1002,SKU011,frozen,frozen,2026-05-24T20:00:00,3,18.87,true
1002,SKU011,frozen,frozen,2026-05-25T06:00:00,2,13.98,false
1002,SKU011,frozen,frozen,2026-05-25T07:00:00,2,13.98,false
1002,SKU011,frozen,frozen,2026-05-25T10:00:00,1,6.99,false
1002,SKU011,frozen,frozen,2026-05-25T13:00:00,1,6.99,false
1002,SKU011,frozen,frozen,2026-05-25T14:00:00,1,6.99,false
1002,SKU011,frozen,frozen,2026-05-25T15:00:00,1,6.99,false
1002,SKU011,frozen,frozen,2026-05-25T17:00:00,1,6.99,false
1002,SKU011,frozen,frozen,2026-05-25T18:00:00,1,6.99,false
1002,SKU011,frozen,frozen,2026-05-26T06:00:00,2,13.98,false
1002,SKU011,frozen,frozen,2026-05-26T07:00:00,2,13.98,false
1002,SKU011,frozen,frozen,2026-05-26T11:00:00,1,6.99,false
1002,SKU011,frozen,frozen,2026-05-26T12:00:00,2,13.98,false
1002,SKU011,frozen,frozen,2026-05-26T13:00:00,1,6.99,false
1002,SKU011,frozen,frozen,2026-05-26T17:00:00,1,6.99,false
1002,SKU011,frozen,frozen,2026-05-26T18:00:00,3,20.97,false
1002,SKU011,frozen,frozen,2026-05-26T19:00:00,1,6.99,false
1002,SKU011,frozen,frozen,2026-05-27T06:00:00,1,6.99,false
1002,SKU011,frozen,frozen,2026-05-27T07:00:00,1,6.99,false
1002,SKU011,frozen,frozen,2026-05-27T08:00:00,1,6.99,false
1002,SKU011,frozen,frozen,2026-05-27T11:00:00,2,13.98,false
1002,SKU011,frozen,frozen,2026-05-27T12:00:00,2,13.98,false
1002,SKU011,frozen,frozen,2026-05-27T13:00:00,1,6.99,false
1002,SKU011,frozen,frozen,2026-05-27T14:00:00,1,6.99,false
1002,SKU011,frozen,frozen,2026-05-27T15:00:00,1,6.99,false
1002,SKU011,frozen,frozen,2026-05-27T17:00:00,3,20.97,false
1002,SKU011,frozen,frozen,2026-05-27T18:00:00,1,6.99,false
1002,SKU011,frozen,frozen,2026-05-27T20:00:00,1,6.99,false
1002,SKU011,frozen,frozen,2026-05-27T21:00:00,1,6.99,false
1002,SKU011,frozen,frozen,2026-05-28T07:00:00,1,6.99,false
1002,SKU011,frozen,frozen,2026-05-28T08:00:00,1,6.99,false
1002,SKU011,frozen,frozen,2026-05-28T11:00:00,1,6.99,false
1002,SKU011,frozen,frozen,2026-05-28T12:00:00,3,20.97,false
1002,SKU011,frozen,frozen,2026-05-28T13:00:00,1,6.99,false
1002,SKU011,frozen,frozen,2026-05-28T15:00:00,2,13.98,false
1002,SKU011,frozen,frozen,2026-05-28T16:00:00,1,6.99,false
1002,SKU011,frozen,frozen,2026-05-28T18:00:00,3,20.97,false
1002,SKU011,frozen,frozen,2026-05-28T19:00:00,1,6.99,false
1002,SKU011,frozen,frozen,2026-05-28T20:00:00,1,6.99,false
1002,SKU011,frozen,frozen,2026-05-28T21:00:00,1,6.99,false
1002,SKU011,frozen,frozen,2026-05-29T06:00:00,1,6.29,true
1002,SKU011,frozen,frozen,2026-05-29T07:00:00,1,6.29,true
1002,SKU011,frozen,frozen,2026-05-29T08:00:00,1,6.29,true
1002,SKU011,frozen,frozen,2026-05-29T09:00:00,2,12.58,true
1002,SKU011,frozen,frozen,2026-05-29T10:00:00,1,6.29,true
1002,SKU011,frozen,frozen,2026-05-29T11:00:00,1,6.29,true
1002,SKU011,frozen,frozen,2026-05-29T12:00:00,2,12.58,true
1002,SKU011,frozen,frozen,2026-05-29T13:00:00,1,6.29,true
1002,SKU011,frozen,frozen,2026-05-29T14:00:00,1,6.29,true
1002,SKU011,frozen,frozen,2026-05-29T15:00:00,2,12.58,true
1002,SKU011,frozen,frozen,2026-05-29T16:00:00,2,12.58,true
1002,SKU011,frozen,frozen,2026-05-29T17:00:00,2,12.58,true
1002,SKU011,frozen,frozen,2026-05-29T18:00:00,3,18.87,true
1002,SKU011,frozen,frozen,2026-05-29T19:00:00,3,18.87,true
1002,SKU011,frozen,frozen,2026-05-29T21:00:00,2,12.58,true
1002,SKU011,frozen,frozen,2026-05-30T06:00:00,1,6.29,true
1002,SKU011,frozen,frozen,2026-05-30T07:00:00,1,6.29,true
1002,SKU011,frozen,frozen,2026-05-30T08:00:00,2,12.58,true
1002,SKU011,frozen,frozen,2026-05-30T09:00:00,1,6.29,true
1002,SKU011,frozen,frozen,2026-05-30T10:00:00,1,6.29,true
1002,SKU011,frozen,frozen,2026-05-30T11:00:00,2,12.58,true
1002,SKU011,frozen,frozen,2026-05-30T12:00:00,4,25.16,true
1002,SKU011,frozen,frozen,2026-05-30T13:00:00,2,12.58,true
1002,SKU011,frozen,frozen,2026-05-30T14:00:00,2,12.58,true
1002,SKU011,frozen,frozen,2026-05-30T15:00:00,2,12.58,true
1002,SKU011,frozen,frozen,2026-05-30T16:00:00,1,6.29,true
1002,SKU011,frozen,frozen,2026-05-30T17:00:00,3,18.87,true
1002,SKU011,frozen,frozen,2026-05-30T18:00:00,3,18.87,true
1002,SKU011,frozen,frozen,2026-05-30T20:00:00,1,6.29,true
1002,SKU011,frozen,frozen,2026-05-30T21:00:00,1,6.29,true
1002,SKU011,frozen,frozen,2026-05-31T06:00:00,2,12.58,true
1002,SKU011,frozen,frozen,2026-05-31T07:00:00,1,6.29,true
1002,SKU011,frozen,frozen,2026-05-31T08:00:00,1,6.29,true
1002,SKU011,frozen,frozen,2026-05-31T09:00:00,1,6.29,true
1002,SKU011,frozen,frozen,2026-05-31T10:00:00,1,6.29,true
1002,SKU011,frozen,frozen,2026-05-31T11:00:00,2,12.58,true
1002,SKU011,frozen,frozen,2026-05-31T12:00:00,2,12.58,true
1002,SKU011,frozen,frozen,2026-05-31T13:00:00,1,6.29,true
1002,SKU011,frozen,frozen,2026-05-31T14:00:00,1,6.29,true
1002,SKU011,frozen,frozen,2026-05-31T15:00:00,2,12.58,true
1002,SKU011,frozen,frozen,2026-05-31T16:00:00,2,12.58,true
1002,SKU011,frozen,frozen,2026-05-31T17:00:00,2,12.58,true
1002,SKU011,frozen,frozen,2026-05-31T18:00:00,4,25.16,true
1002,SKU011,frozen,frozen,2026-05-31T19:00:00,1,6.29,true
1002,SKU011,frozen,frozen,2026-05-31T20:00:00,2,12.58,true
1002,SKU011,frozen,frozen,2026-05-31T21:00:00,2,12.58,true
1002,SKU011,frozen,frozen,2026-06-01T07:00:00,1,6.99,false
1002,SKU011,frozen,frozen,2026-06-01T11:00:00,3,20.97,false
1002,SKU011,frozen,frozen,2026-06-01T13:00:00,1,6.99,false
1002,SKU011,frozen,frozen,2026-06-01T14:00:00,1,6.99,false
1002,SKU011,frozen,frozen,2026-06-01T15:00:00,1,6.99,false
1002,SKU011,frozen,frozen,2026-06-01T16:00:00,1,6.99,false
1002,SKU011,frozen,frozen,2026-06-01T17:00:00,1,6.99,false
1002,SKU011,frozen,frozen,2026-06-01T18:00:00,1,6.99,false
1002,SKU011,frozen,frozen,2026-06-01T20:00:00,1,6.99,false
1002,SKU011,frozen,frozen,2026-06-02T06:00:00,2,13.98,false
1002,SKU011,frozen,frozen,2026-06-02T07:00:00,1,6.99,false
1002,SKU011,frozen,frozen,2026-06-02T11:00:00,1,6.99,false
1002,SKU011,frozen,frozen,2026-06-02T12:00:00,2,13.98,false
1002,SKU011,frozen,frozen,2026-06-02T13:00:00,2,13.98,false
1002,SKU011,frozen,frozen,2026-06-02T14:00:00,2,13.98,false
1002,SKU011,frozen,frozen,2026-06-02T18:00:00,1,6.99,false
1002,SKU011,frozen,frozen,2026-06-02T20:00:00,1,6.99,false
1002,SKU011,frozen,frozen,2026-06-03T07:00:00,1,6.99,false
1002,SKU011,frozen,frozen,2026-06-03T08:00:00,2,13.98,false
1002,SKU011,frozen,frozen,2026-06-03T09:00:00,1,6.99,false
1002,SKU011,frozen,frozen,2026-06-03T11:00:00,3,20.97,false
1002,SKU011,frozen,frozen,2026-06-03T12:00:00,1,6.99,false
1002,SKU011,frozen,frozen,2026-06-03T13:00:00,2,13.98,false
1002,SKU011,frozen,frozen,2026-06-03T15:00:00,2,13.98,false
1002,SKU011,frozen,frozen,2026-06-03T16:00:00,1,6.99,false
1002,SKU011,frozen,frozen,2026-06-03T17:00:00,2,13.98,false
1002,SKU011,frozen,frozen,2026-06-03T19:00:00,1,6.99,false
1002,SKU011,frozen,frozen,2026-06-03T20:00:00,1,6.99,false
1002,SKU011,frozen,frozen,2026-06-04T08:00:00,1,6.99,false
1002,SKU011,frozen,frozen,2026-06-04T09:00:00,1,6.99,false
1002,SKU011,frozen,frozen,2026-06-04T10:00:00,2,13.98,false
1002,SKU011,frozen,frozen,2026-06-04T11:00:00,2,13.98,false
1002,SKU011,frozen,frozen,2026-06-04T12:00:00,1,6.99,false
1002,SKU011,frozen,frozen,2026-06-04T14:00:00,1,6.99,false
1002,SKU011,frozen,frozen,2026-06-04T15:00:00,2,13.98,false
1002,SKU011,frozen,frozen,2026-06-04T17:00:00,1,6.99,false
1002,SKU011,frozen,frozen,2026-06-04T18:00:00,1,6.99,false
1002,SKU011,frozen,frozen,2026-06-04T19:00:00,1,6.99,false
1002,SKU011,frozen,frozen,2026-06-04T20:00:00,1,6.99,false
1002,SKU011,frozen,frozen,2026-06-04T21:00:00,1,6.99,false
1002,SKU012,frozen,frozen,2026-05-22T06:00:00,1,5.99,false
1002,SKU012,frozen,frozen,2026-05-22T07:00:00,3,17.97,false
1002,SKU012,frozen,frozen,2026-05-22T09:00:00,1,5.99,false
1002,SKU012,frozen,frozen,2026-05-22T10:00:00,1,5.99,false
1002,SKU012,frozen,frozen,2026-05-22T11:00:00,3,17.97,false
1002,SKU012,frozen,frozen,2026-05-22T12:00:00,1,5.99,false
1002,SKU012,frozen,frozen,2026-05-22T14:00:00,2,11.98,false
1002,SKU012,frozen,frozen,2026-05-22T15:00:00,2,11.98,false
1002,SKU012,frozen,frozen,2026-05-22T17:00:00,1,5.99,false
1002,SKU012,frozen,frozen,2026-05-22T18:00:00,3,17.97,false
1002,SKU012,frozen,frozen,2026-05-22T20:00:00,2,11.98,false
1002,SKU012,frozen,frozen,2026-05-23T06:00:00,1,5.99,false
1002,SKU012,frozen,frozen,2026-05-23T08:00:00,1,5.99,false
1002,SKU012,frozen,frozen,2026-05-23T09:00:00,2,11.98,false
1002,SKU012,frozen,frozen,2026-05-23T11:00:00,2,11.98,false
1002,SKU012,frozen,frozen,2026-05-23T12:00:00,2,11.98,false
1002,SKU012,frozen,frozen,2026-05-23T13:00:00,1,5.99,false
1002,SKU012,frozen,frozen,2026-05-23T15:00:00,2,11.98,false
1002,SKU012,frozen,frozen,2026-05-23T17:00:00,2,11.98,false
1002,SKU012,frozen,frozen,2026-05-23T18:00:00,3,17.97,false
1002,SKU012,frozen,frozen,2026-05-23T20:00:00,1,5.99,false
1002,SKU012,frozen,frozen,2026-05-23T21:00:00,1,5.99,false
1002,SKU012,frozen,frozen,2026-05-24T06:00:00,2,11.98,false
1002,SKU012,frozen,frozen,2026-05-24T08:00:00,2,11.98,false
1002,SKU012,frozen,frozen,2026-05-24T09:00:00,1,5.99,false
1002,SKU012,frozen,frozen,2026-05-24T10:00:00,1,5.99,false
1002,SKU012,frozen,frozen,2026-05-24T11:00:00,1,5.99,false
1002,SKU012,frozen,frozen,2026-05-24T12:00:00,2,11.98,false
1002,SKU012,frozen,frozen,2026-05-24T13:00:00,1,5.99,false
1002,SKU012,frozen,frozen,2026-05-24T14:00:00,1,5.99,false
1002,SKU012,frozen,frozen,2026-05-24T16:00:00,1,5.99,false
1002,SKU012,frozen,frozen,2026-05-24T17:00:00,2,11.98,false
1002,SKU012,frozen,frozen,2026-05-24T18:00:00,3,17.97,false
1002,SKU012,frozen,frozen,2026-05-24T19:00:00,1,5.99,false
1002,SKU012,frozen,frozen,2026-05-24T20:00:00,2,11.98,false
1002,SKU012,frozen,frozen,2026-05-24T21:00:00,2,11.98,false
1002,SKU012,frozen,frozen,2026-05-25T07:00:00,1,5.99,false
1002,SKU012,frozen,frozen,2026-05-25T10:00:00,1,5.99,false
1002,SKU012,frozen,frozen,2026-05-25T11:00:00,1,5.99,false
1002,SKU012,frozen,frozen,2026-05-25T12:00:00,2,11.98,false
1002,SKU012,frozen,frozen,2026-05-25T14:00:00,1,5.99,false
1002,SKU012,frozen,frozen,2026-05-25T16:00:00,1,5.99,false
1002,SKU012,frozen,frozen,2026-05-25T17:00:00,1,5.99,false
1002,SKU012,frozen,frozen,2026-05-25T18:00:00,2,11.98,false
1002,SKU012,frozen,frozen,2026-05-25T20:00:00,1,5.99,false
1002,SKU012,frozen,frozen,2026-05-25T21:00:00,2,11.98,false
1002,SKU012,frozen,frozen,2026-05-26T06:00:00,1,5.99,false
1002,SKU012,frozen,frozen,2026-05-26T07:00:00,3,17.97,false
1002,SKU012,frozen,frozen,2026-05-26T11:00:00,2,11.98,false
1002,SKU012,frozen,frozen,2026-05-26T12:00:00,3,17.97,false
1002,SKU012,frozen,frozen,2026-05-26T13:00:00,2,11.98,false
1002,SKU012,frozen,frozen,2026-05-26T17:00:00,2,11.98,false
1002,SKU012,frozen,frozen,2026-05-26T18:00:00,2,11.98,false
1002,SKU012,frozen,frozen,2026-05-26T19:00:00,1,5.99,false
1002,SKU012,frozen,frozen,2026-05-26T20:00:00,1,5.99,false
1002,SKU012,frozen,frozen,2026-05-27T06:00:00,1,5.99,false
1002,SKU012,frozen,frozen,2026-05-27T07:00:00,2,11.98,false
1002,SKU012,frozen,frozen,2026-05-27T09:00:00,1,5.99,false
1002,SKU012,frozen,frozen,2026-05-27T10:00:00,1,5.99,false
1002,SKU012,frozen,frozen,2026-05-27T11:00:00,3,17.97,false
1002,SKU012,frozen,frozen,2026-05-27T12:00:00,3,17.97,false
1002,SKU012,frozen,frozen,2026-05-27T13:00:00,1,5.99,false
1002,SKU012,frozen,frozen,2026-05-27T14:00:00,1,5.99,false
1002,SKU012,frozen,frozen,2026-05-27T16:00:00,2,11.98,false
1002,SKU012,frozen,frozen,2026-05-27T17:00:00,1,5.99,false
1002,SKU012,frozen,frozen,2026-05-27T18:00:00,2,11.98,false
1002,SKU012,frozen,frozen,2026-05-28T07:00:00,1,5.99,false
1002,SKU012,frozen,frozen,2026-05-28T08:00:00,2,11.98,false
1002,SKU012,frozen,frozen,2026-05-28T09:00:00,1,5.99,false
1002,SKU012,frozen,frozen,2026-05-28T11:00:00,2,11.98,false
1002,SKU012,frozen,frozen,2026-05-28T12:00:00,2,11.98,false
1002,SKU012,frozen,frozen,2026-05-28T13:00:00,1,5.99,false
1002,SKU012,frozen,frozen,2026-05-28T14:00:00,2,11.98,false
1002,SKU012,frozen,frozen,2026-05-28T15:00:00,1,5.99,false
1002,SKU012,frozen,frozen,2026-05-28T16:00:00,2,11.98,false
1002,SKU012,frozen,frozen,2026-05-28T17:00:00,2,11.98,false
1002,SKU012,frozen,frozen,2026-05-28T19:00:00,1,5.99,false
1002,SKU012,frozen,frozen,2026-05-28T21:00:00,1,5.99,false
1002,SKU012,frozen,frozen,2026-05-29T10:00:00,2,11.98,false
1002,SKU012,frozen,frozen,2026-05-29T11:00:00,1,5.99,false
1002,SKU012,frozen,frozen,2026-05-29T12:00:00,3,17.97,false
1002,SKU012,frozen,frozen,2026-05-29T13:00:00,2,11.98,false
1002,SKU012,frozen,frozen,2026-05-29T14:00:00,2,11.98,false
1002,SKU012,frozen,frozen,2026-05-29T15:00:00,2,11.98,false
1002,SKU012,frozen,frozen,2026-05-29T16:00:00,1,5.99,false
1002,SKU012,frozen,frozen,2026-05-29T17:00:00,1,5.99,false
1002,SKU012,frozen,frozen,2026-05-29T18:00:00,2,11.98,false
1002,SKU012,frozen,frozen,2026-05-29T19:00:00,1,5.99,false
1002,SKU012,frozen,frozen,2026-05-29T20:00:00,2,11.98,false
1002,SKU012,frozen,frozen,2026-05-29T21:00:00,1,5.99,false
1002,SKU012,frozen,frozen,2026-05-30T08:00:00,2,11.98,false
1002,SKU012,frozen,frozen,2026-05-30T09:00:00,1,5.99,false
1002,SKU012,frozen,frozen,2026-05-30T10:00:00,1,5.99,false
1002,SKU012,frozen,frozen,2026-05-30T12:00:00,2,11.98,false
1002,SKU012,frozen,frozen,2026-05-30T13:00:00,1,5.99,false
1002,SKU012,frozen,frozen,2026-05-30T16:00:00,2,11.98,false
1002,SKU012,frozen,frozen,2026-05-30T17:00:00,1,5.99,false
1002,SKU012,frozen,frozen,2026-05-30T18:00:00,1,5.99,false
1002,SKU012,frozen,frozen,2026-05-30T19:00:00,1,5.99,false
1002,SKU012,frozen,frozen,2026-05-30T20:00:00,1,5.99,false
1002,SKU012,frozen,frozen,2026-05-31T06:00:00,2,11.98,false
1002,SKU012,frozen,frozen,2026-05-31T10:00:00,1,5.99,false
1002,SKU012,frozen,frozen,2026-05-31T16:00:00,1,5.99,false
1002,SKU012,frozen,frozen,2026-05-31T17:00:00,3,17.97,false
1002,SKU012,frozen,frozen,2026-05-31T18:00:00,1,5.99,false
1002,SKU012,frozen,frozen,2026-05-31T19:00:00,1,5.99,false
1002,SKU012,frozen,frozen,2026-06-01T06:00:00,1,5.99,false
1002,SKU012,frozen,frozen,2026-06-01T07:00:00,1,5.99,false
1002,SKU012,frozen,frozen,2026-06-01T09:00:00,3,17.97,false
1002,SKU012,frozen,frozen,2026-06-01T10:00:00,2,11.98,false
1002,SKU012,frozen,frozen,2026-06-01T11:00:00,2,11.98,false
1002,SKU012,frozen,frozen,2026-06-01T13:00:00,1,5.99,false
1002,SKU012,frozen,frozen,2026-06-01T15:00:00,1,5.99,false
1002,SKU012,frozen,frozen,2026-06-01T16:00:00,2,11.98,false
1002,SKU012,frozen,frozen,2026-06-01T17:00:00,4,23.96,false
1002,SKU012,frozen,frozen,2026-06-01T18:00:00,2,11.98,false
1002,SKU012,frozen,frozen,2026-06-01T19:00:00,2,11.98,false
1002,SKU012,frozen,frozen,2026-06-01T20:00:00,1,5.99,false
1002,SKU012,frozen,frozen,2026-06-01T21:00:00,1,5.99,false
1002,SKU012,frozen,frozen,2026-06-02T06:00:00,1,5.99,false
1002,SKU012,frozen,frozen,2026-06-02T08:00:00,1,5.99,false
1002,SKU012,frozen,frozen,2026-06-02T09:00:00,1,5.99,false
1002,SKU012,frozen,frozen,2026-06-02T10:00:00,2,11.98,false
1002,SKU012,frozen,frozen,2026-06-02T12:00:00,2,11.98,false
1002,SKU012,frozen,frozen,2026-06-02T13:00:00,1,5.99,false
1002,SKU012,frozen,frozen,2026-06-02T17:00:00,1,5.99,false
1002,SKU012,frozen,frozen,2026-06-02T18:00:00,2,11.98,false
1002,SKU012,frozen,frozen,2026-06-02T19:00:00,1,5.99,false
1002,SKU012,frozen,frozen,2026-06-02T21:00:00,1,5.99,false
1002,SKU012,frozen,frozen,2026-06-03T06:00:00,1,5.99,false
1002,SKU012,frozen,frozen,2026-06-03T08:00:00,1,5.99,false
1002,SKU012,frozen,frozen,2026-06-03T09:00:00,1,5.99,false
1002,SKU012,frozen,frozen,2026-06-03T12:00:00,2,11.98,false
1002,SKU012,frozen,frozen,2026-06-03T13:00:00,1,5.99,false
1002,SKU012,frozen,frozen,2026-06-03T16:00:00,3,17.97,false
1002,SKU012,frozen,frozen,2026-06-03T17:00:00,1,5.99,false
1002,SKU012,frozen,frozen,2026-06-03T18:00:00,1,5.99,false
1002,SKU012,frozen,frozen,2026-06-03T19:00:00,2,11.98,false
1002,SKU012,frozen,frozen,2026-06-03T21:00:00,1,5.99,false
1002,SKU012,frozen,frozen,2026-06-04T07:00:00,1,5.99,false
1002,SKU012,frozen,frozen,2026-06-04T09:00:00,1,5.99,false
1002,SKU012,frozen,frozen,2026-06-04T10:00:00,1,5.99,false
1002,SKU012,frozen,frozen,2026-06-04T11:00:00,2,11.98,false
1002,SKU012,frozen,frozen,2026-06-04T12:00:00,3,17.97,false
1002,SKU012,frozen,frozen,2026-06-04T13:00:00,2,11.98,false
1002,SKU012,frozen,frozen,2026-06-04T15:00:00,1,5.99,false
1002,SKU012,frozen,frozen,2026-06-04T17:00:00,1,5.99,false
1002,SKU012,frozen,frozen,2026-06-04T18:00:00,1,5.99,false
1002,SKU012,frozen,frozen,2026-06-04T19:00:00,2,11.98,false
1002,SKU012,frozen,frozen,2026-06-04T21:00:00,2,11.98,false
1002,SKU013,grocery,grocery,2026-05-22T06:00:00,1,3.49,false
1002,SKU013,grocery,grocery,2026-05-22T07:00:00,1,3.49,false
1002,SKU013,grocery,grocery,2026-05-22T08:00:00,2,6.98,false
1002,SKU013,grocery,grocery,2026-05-22T09:00:00,1,3.49,false
1002,SKU013,grocery,grocery,2026-05-22T10:00:00,1,3.49,false
1002,SKU013,grocery,grocery,2026-05-22T11:00:00,2,6.98,false
1002,SKU013,grocery,grocery,2026-05-22T12:00:00,1,3.49,false
1002,SKU013,grocery,grocery,2026-05-22T13:00:00,1,3.49,false
1002,SKU013,grocery,grocery,2026-05-22T14:00:00,1,3.49,false
1002,SKU013,grocery,grocery,2026-05-22T15:00:00,2,6.98,false
1002,SKU013,grocery,grocery,2026-05-22T18:00:00,3,10.47,false
1002,SKU013,grocery,grocery,2026-05-22T20:00:00,1,3.49,false
1002,SKU013,grocery,grocery,2026-05-22T21:00:00,1,3.49,false
1002,SKU013,grocery,grocery,2026-05-23T07:00:00,2,6.98,false
1002,SKU013,grocery,grocery,2026-05-23T09:00:00,2,6.98,false
1002,SKU013,grocery,grocery,2026-05-23T10:00:00,1,3.49,false
1002,SKU013,grocery,grocery,2026-05-23T11:00:00,2,6.98,false
1002,SKU013,grocery,grocery,2026-05-23T12:00:00,2,6.98,false
1002,SKU013,grocery,grocery,2026-05-23T13:00:00,2,6.98,false
1002,SKU013,grocery,grocery,2026-05-23T17:00:00,1,3.49,false
1002,SKU013,grocery,grocery,2026-05-23T20:00:00,4,13.96,false
1002,SKU013,grocery,grocery,2026-05-23T21:00:00,2,6.98,false
1002,SKU013,grocery,grocery,2026-05-24T08:00:00,1,3.49,false
1002,SKU013,grocery,grocery,2026-05-24T10:00:00,3,10.47,false
1002,SKU013,grocery,grocery,2026-05-24T11:00:00,2,6.98,false
1002,SKU013,grocery,grocery,2026-05-24T12:00:00,1,3.49,false
1002,SKU013,grocery,grocery,2026-05-24T13:00:00,2,6.98,false
1002,SKU013,grocery,grocery,2026-05-24T16:00:00,2,6.98,false
1002,SKU013,grocery,grocery,2026-05-24T17:00:00,2,6.98,false
1002,SKU013,grocery,grocery,2026-05-24T19:00:00,1,3.49,false
1002,SKU013,grocery,grocery,2026-05-24T20:00:00,2,6.98,false
1002,SKU013,grocery,grocery,2026-05-24T21:00:00,1,3.49,false
1002,SKU013,grocery,grocery,2026-05-25T06:00:00,2,6.98,false
1002,SKU013,grocery,grocery,2026-05-25T07:00:00,2,6.98,false
1002,SKU013,grocery,grocery,2026-05-25T08:00:00,2,6.98,false
1002,SKU013,grocery,grocery,2026-05-25T10:00:00,1,3.49,false
1002,SKU013,grocery,grocery,2026-05-25T11:00:00,2,6.98,false
1002,SKU013,grocery,grocery,2026-05-25T12:00:00,1,3.49,false
1002,SKU013,grocery,grocery,2026-05-25T15:00:00,1,3.49,false
1002,SKU013,grocery,grocery,2026-05-25T17:00:00,2,6.98,false
1002,SKU013,grocery,grocery,2026-05-25T19:00:00,1,3.49,false
1002,SKU013,grocery,grocery,2026-05-25T20:00:00,1,3.49,false
1002,SKU013,grocery,grocery,2026-05-26T08:00:00,2,6.98,false
1002,SKU013,grocery,grocery,2026-05-26T09:00:00,1,3.49,false
1002,SKU013,grocery,grocery,2026-05-26T14:00:00,1,3.49,false
1002,SKU013,grocery,grocery,2026-05-26T15:00:00,1,3.49,false
1002,SKU013,grocery,grocery,2026-05-26T16:00:00,1,3.49,false
1002,SKU013,grocery,grocery,2026-05-26T17:00:00,1,3.49,false
1002,SKU013,grocery,grocery,2026-05-27T07:00:00,1,3.49,false
1002,SKU013,grocery,grocery,2026-05-27T09:00:00,1,3.49,false
1002,SKU013,grocery,grocery,2026-05-27T11:00:00,2,6.98,false
1002,SKU013,grocery,grocery,2026-05-27T12:00:00,1,3.49,false
1002,SKU013,grocery,grocery,2026-05-27T14:00:00,2,6.98,false
1002,SKU013,grocery,grocery,2026-05-27T15:00:00,1,3.49,false
1002,SKU013,grocery,grocery,2026-05-27T16:00:00,1,3.49,false
1002,SKU013,grocery,grocery,2026-05-27T17:00:00,1,3.49,false
1002,SKU013,grocery,grocery,2026-05-27T18:00:00,1,3.49,false
1002,SKU013,grocery,grocery,2026-05-27T20:00:00,2,6.98,false
1002,SKU013,grocery,grocery,2026-05-27T21:00:00,2,6.98,false
1002,SKU013,grocery,grocery,2026-05-28T06:00:00,1,3.49,false
1002,SKU013,grocery,grocery,2026-05-28T07:00:00,2,6.98,false
1002,SKU013,grocery,grocery,2026-05-28T11:00:00,3,10.47,false
1002,SKU013,grocery,grocery,2026-05-28T12:00:00,2,6.98,false
1002,SKU013,grocery,grocery,2026-05-28T14:00:00,1,3.49,false
1002,SKU013,grocery,grocery,2026-05-28T16:00:00,3,10.47,false
1002,SKU013,grocery,grocery,2026-05-28T17:00:00,3,10.47,false
1002,SKU013,grocery,grocery,2026-05-28T18:00:00,2,6.98,false
1002,SKU013,grocery,grocery,2026-05-28T20:00:00,1,3.49,false
1002,SKU013,grocery,grocery,2026-05-29T08:00:00,1,3.49,false
1002,SKU013,grocery,grocery,2026-05-29T09:00:00,1,3.49,false
1002,SKU013,grocery,grocery,2026-05-29T10:00:00,1,3.49,false
1002,SKU013,grocery,grocery,2026-05-29T11:00:00,1,3.49,false
1002,SKU013,grocery,grocery,2026-05-29T13:00:00,1,3.49,false
1002,SKU013,grocery,grocery,2026-05-29T14:00:00,1,3.49,false
1002,SKU013,grocery,grocery,2026-05-29T15:00:00,2,6.98,false
1002,SKU013,grocery,grocery,2026-05-29T17:00:00,1,3.49,false
1002,SKU013,grocery,grocery,2026-05-29T18:00:00,1,3.49,false
1002,SKU013,grocery,grocery,2026-05-29T19:00:00,1,3.49,false
1002,SKU013,grocery,grocery,2026-05-29T20:00:00,3,10.47,false
1002,SKU013,grocery,grocery,2026-05-29T21:00:00,1,3.49,false
1002,SKU013,grocery,grocery,2026-05-30T06:00:00,1,3.49,false
1002,SKU013,grocery,grocery,2026-05-30T08:00:00,2,6.98,false
1002,SKU013,grocery,grocery,2026-05-30T09:00:00,1,3.49,false
1002,SKU013,grocery,grocery,2026-05-30T10:00:00,1,3.49,false
1002,SKU013,grocery,grocery,2026-05-30T11:00:00,2,6.98,false
1002,SKU013,grocery,grocery,2026-05-30T12:00:00,2,6.98,false
1002,SKU013,grocery,grocery,2026-05-30T13:00:00,1,3.49,false
1002,SKU013,grocery,grocery,2026-05-30T14:00:00,1,3.49,false
1002,SKU013,grocery,grocery,2026-05-30T17:00:00,1,3.49,false
1002,SKU013,grocery,grocery,2026-05-30T18:00:00,3,10.47,false
1002,SKU013,grocery,grocery,2026-05-30T19:00:00,3,10.47,false
1002,SKU013,grocery,grocery,2026-05-30T21:00:00,1,3.49,false
1002,SKU013,grocery,grocery,2026-05-31T06:00:00,2,6.98,false
1002,SKU013,grocery,grocery,2026-05-31T08:00:00,2,6.98,false
1002,SKU013,grocery,grocery,2026-05-31T11:00:00,2,6.98,false
1002,SKU013,grocery,grocery,2026-05-31T13:00:00,1,3.49,false
1002,SKU013,grocery,grocery,2026-05-31T14:00:00,1,3.49,false
1002,SKU013,grocery,grocery,2026-05-31T15:00:00,1,3.49,false
1002,SKU013,grocery,grocery,2026-05-31T17:00:00,2,6.98,false
1002,SKU013,grocery,grocery,2026-05-31T18:00:00,2,6.98,false
1002,SKU013,grocery,grocery,2026-05-31T20:00:00,1,3.49,false
1002,SKU013,grocery,grocery,2026-06-01T06:00:00,1,3.49,false
1002,SKU013,grocery,grocery,2026-06-01T07:00:00,1,3.49,false
1002,SKU013,grocery,grocery,2026-06-01T08:00:00,1,3.49,false
1002,SKU013,grocery,grocery,2026-06-01T09:00:00,1,3.49,false
1002,SKU013,grocery,grocery,2026-06-01T10:00:00,1,3.49,false
1002,SKU013,grocery,grocery,2026-06-01T12:00:00,1,3.49,false
1002,SKU013,grocery,grocery,2026-06-01T13:00:00,1,3.49,false
1002,SKU013,grocery,grocery,2026-06-01T14:00:00,2,6.98,false
1002,SKU013,grocery,grocery,2026-06-01T15:00:00,2,6.98,false
1002,SKU013,grocery,grocery,2026-06-01T17:00:00,2,6.98,false
1002,SKU013,grocery,grocery,2026-06-01T18:00:00,2,6.98,false
1002,SKU013,grocery,grocery,2026-06-01T20:00:00,1,3.49,false
1002,SKU013,grocery,grocery,2026-06-02T07:00:00,2,6.98,false
1002,SKU013,grocery,grocery,2026-06-02T08:00:00,1,3.49,false
1002,SKU013,grocery,grocery,2026-06-02T09:00:00,1,3.49,false
1002,SKU013,grocery,grocery,2026-06-02T11:00:00,2,6.98,false
1002,SKU013,grocery,grocery,2026-06-02T12:00:00,3,10.47,false
1002,SKU013,grocery,grocery,2026-06-02T14:00:00,2,6.98,false
1002,SKU013,grocery,grocery,2026-06-02T16:00:00,1,3.49,false
1002,SKU013,grocery,grocery,2026-06-02T17:00:00,2,6.98,false
1002,SKU013,grocery,grocery,2026-06-02T18:00:00,1,3.49,false
1002,SKU013,grocery,grocery,2026-06-02T19:00:00,1,3.49,false
1002,SKU013,grocery,grocery,2026-06-03T08:00:00,1,3.49,false
1002,SKU013,grocery,grocery,2026-06-03T10:00:00,1,3.49,false
1002,SKU013,grocery,grocery,2026-06-03T11:00:00,2,6.98,false
1002,SKU013,grocery,grocery,2026-06-03T12:00:00,1,3.49,false
1002,SKU013,grocery,grocery,2026-06-03T13:00:00,1,3.49,false
1002,SKU013,grocery,grocery,2026-06-03T14:00:00,1,3.49,false
1002,SKU013,grocery,grocery,2026-06-03T17:00:00,2,6.98,false
1002,SKU013,grocery,grocery,2026-06-03T18:00:00,3,10.47,false
1002,SKU013,grocery,grocery,2026-06-03T19:00:00,1,3.49,false
1002,SKU013,grocery,grocery,2026-06-03T20:00:00,1,3.49,false
1002,SKU013,grocery,grocery,2026-06-04T06:00:00,1,3.49,false
1002,SKU013,grocery,grocery,2026-06-04T07:00:00,1,3.49,false
1002,SKU013,grocery,grocery,2026-06-04T09:00:00,1,3.49,false
1002,SKU013,grocery,grocery,2026-06-04T10:00:00,1,3.49,false
1002,SKU013,grocery,grocery,2026-06-04T11:00:00,2,6.98,false
1002,SKU013,grocery,grocery,2026-06-04T12:00:00,1,3.49,false
1002,SKU013,grocery,grocery,2026-06-04T13:00:00,1,3.49,false
1002,SKU013,grocery,grocery,2026-06-04T16:00:00,1,3.49,false
1002,SKU013,grocery,grocery,2026-06-04T18:00:00,2,6.98,false
1002,SKU013,grocery,grocery,2026-06-04T19:00:00,3,10.47,false
1002,SKU014,grocery,grocery,2026-05-22T06:00:00,1,1.89,false
1002,SKU014,grocery,grocery,2026-05-22T09:00:00,3,5.67,false
1002,SKU014,grocery,grocery,2026-05-22T11:00:00,2,3.78,false
1002,SKU014,grocery,grocery,2026-05-22T12:00:00,3,5.67,false
1002,SKU014,grocery,grocery,2026-05-22T13:00:00,1,1.89,false
1002,SKU014,grocery,grocery,2026-05-22T14:00:00,2,3.78,false
1002,SKU014,grocery,grocery,2026-05-22T15:00:00,3,5.67,false
1002,SKU014,grocery,grocery,2026-05-22T16:00:00,2,3.78,false
1002,SKU014,grocery,grocery,2026-05-22T20:00:00,1,1.89,false
1002,SKU014,grocery,grocery,2026-05-23T09:00:00,1,1.89,false
1002,SKU014,grocery,grocery,2026-05-23T10:00:00,1,1.89,false
1002,SKU014,grocery,grocery,2026-05-23T12:00:00,3,5.67,false
1002,SKU014,grocery,grocery,2026-05-23T13:00:00,1,1.89,false
1002,SKU014,grocery,grocery,2026-05-23T16:00:00,1,1.89,false
1002,SKU014,grocery,grocery,2026-05-23T17:00:00,2,3.78,false
1002,SKU014,grocery,grocery,2026-05-23T19:00:00,1,1.89,false
1002,SKU014,grocery,grocery,2026-05-24T06:00:00,1,1.89,false
1002,SKU014,grocery,grocery,2026-05-24T10:00:00,1,1.89,false
1002,SKU014,grocery,grocery,2026-05-24T11:00:00,2,3.78,false
1002,SKU014,grocery,grocery,2026-05-24T12:00:00,2,3.78,false
1002,SKU014,grocery,grocery,2026-05-24T14:00:00,4,7.56,false
1002,SKU014,grocery,grocery,2026-05-24T15:00:00,2,3.78,false
1002,SKU014,grocery,grocery,2026-05-24T16:00:00,2,3.78,false
1002,SKU014,grocery,grocery,2026-05-24T17:00:00,1,1.89,false
1002,SKU014,grocery,grocery,2026-05-24T21:00:00,1,1.89,false
1002,SKU014,grocery,grocery,2026-05-25T06:00:00,2,3.78,false
1002,SKU014,grocery,grocery,2026-05-25T07:00:00,1,1.89,false
1002,SKU014,grocery,grocery,2026-05-25T11:00:00,2,3.78,false
1002,SKU014,grocery,grocery,2026-05-25T12:00:00,2,3.78,false
1002,SKU014,grocery,grocery,2026-05-25T13:00:00,1,1.89,false
1002,SKU014,grocery,grocery,2026-05-25T15:00:00,1,1.89,false
1002,SKU014,grocery,grocery,2026-05-25T16:00:00,1,1.89,false
1002,SKU014,grocery,grocery,2026-05-25T17:00:00,2,3.78,false
1002,SKU014,grocery,grocery,2026-05-25T18:00:00,1,1.89,false
1002,SKU014,grocery,grocery,2026-05-25T19:00:00,1,1.89,false
1002,SKU014,grocery,grocery,2026-05-26T06:00:00,1,1.89,false
1002,SKU014,grocery,grocery,2026-05-26T08:00:00,1,1.89,false
1002,SKU014,grocery,grocery,2026-05-26T09:00:00,1,1.89,false
1002,SKU014,grocery,grocery,2026-05-26T10:00:00,1,1.89,false
1002,SKU014,grocery,grocery,2026-05-26T12:00:00,1,1.89,false
1002,SKU014,grocery,grocery,2026-05-26T14:00:00,2,3.78,false
1002,SKU014,grocery,grocery,2026-05-26T15:00:00,1,1.89,false
1002,SKU014,grocery,grocery,2026-05-26T16:00:00,1,1.89,false
1002,SKU014,grocery,grocery,2026-05-26T17:00:00,1,1.89,false
1002,SKU014,grocery,grocery,2026-05-26T18:00:00,1,1.89,false
1002,SKU014,grocery,grocery,2026-05-26T21:00:00,1,1.89,false
1002,SKU014,grocery,grocery,2026-05-27T06:00:00,1,1.89,false
1002,SKU014,grocery,grocery,2026-05-27T07:00:00,1,1.89,false
1002,SKU014,grocery,grocery,2026-05-27T08:00:00,2,3.78,false
1002,SKU014,grocery,grocery,2026-05-27T09:00:00,2,3.78,false
1002,SKU014,grocery,grocery,2026-05-27T12:00:00,3,5.67,false
1002,SKU014,grocery,grocery,2026-05-27T13:00:00,2,3.78,false
1002,SKU014,grocery,grocery,2026-05-27T14:00:00,1,1.89,false
1002,SKU014,grocery,grocery,2026-05-27T15:00:00,1,1.89,false
1002,SKU014,grocery,grocery,2026-05-27T16:00:00,1,1.89,false
1002,SKU014,grocery,grocery,2026-05-27T17:00:00,2,3.78,false
1002,SKU014,grocery,grocery,2026-05-27T18:00:00,2,3.78,false
1002,SKU014,grocery,grocery,2026-05-27T20:00:00,1,1.89,false
1002,SKU014,grocery,grocery,2026-05-28T06:00:00,1,1.89,false
1002,SKU014,grocery,grocery,2026-05-28T07:00:00,1,1.89,false
1002,SKU014,grocery,grocery,2026-05-28T08:00:00,1,1.89,false
1002,SKU014,grocery,grocery,2026-05-28T09:00:00,2,3.78,false
1002,SKU014,grocery,grocery,2026-05-28T11:00:00,4,7.56,false
1002,SKU014,grocery,grocery,2026-05-28T12:00:00,2,3.78,false
1002,SKU014,grocery,grocery,2026-05-28T14:00:00,1,1.89,false
1002,SKU014,grocery,grocery,2026-05-28T16:00:00,1,1.89,false
1002,SKU014,grocery,grocery,2026-05-28T17:00:00,1,1.89,false
1002,SKU014,grocery,grocery,2026-05-28T18:00:00,2,3.78,false
1002,SKU014,grocery,grocery,2026-05-28T21:00:00,2,3.78,false
1002,SKU014,grocery,grocery,2026-05-29T06:00:00,1,1.89,false
1002,SKU014,grocery,grocery,2026-05-29T08:00:00,1,1.89,false
1002,SKU014,grocery,grocery,2026-05-29T10:00:00,1,1.89,false
1002,SKU014,grocery,grocery,2026-05-29T11:00:00,2,3.78,false
1002,SKU014,grocery,grocery,2026-05-29T12:00:00,1,1.89,false
1002,SKU014,grocery,grocery,2026-05-29T14:00:00,1,1.89,false
1002,SKU014,grocery,grocery,2026-05-29T15:00:00,2,3.78,false
1002,SKU014,grocery,grocery,2026-05-29T16:00:00,1,1.89,false
1002,SKU014,grocery,grocery,2026-05-29T17:00:00,1,1.89,false
1002,SKU014,grocery,grocery,2026-05-29T18:00:00,2,3.78,false
1002,SKU014,grocery,grocery,2026-05-29T20:00:00,1,1.89,false
1002,SKU014,grocery,grocery,2026-05-30T07:00:00,2,3.78,false
1002,SKU014,grocery,grocery,2026-05-30T08:00:00,1,1.89,false
1002,SKU014,grocery,grocery,2026-05-30T12:00:00,1,1.89,false
1002,SKU014,grocery,grocery,2026-05-30T13:00:00,2,3.78,false
1002,SKU014,grocery,grocery,2026-05-30T14:00:00,2,3.78,false
1002,SKU014,grocery,grocery,2026-05-30T16:00:00,1,1.89,false
1002,SKU014,grocery,grocery,2026-05-30T17:00:00,3,5.67,false
1002,SKU014,grocery,grocery,2026-05-30T18:00:00,2,3.78,false
1002,SKU014,grocery,grocery,2026-05-30T20:00:00,2,3.78,false
1002,SKU014,grocery,grocery,2026-05-30T21:00:00,1,1.89,false
1002,SKU014,grocery,grocery,2026-05-31T06:00:00,1,1.89,false
1002,SKU014,grocery,grocery,2026-05-31T07:00:00,1,1.89,false
1002,SKU014,grocery,grocery,2026-05-31T11:00:00,1,1.89,false
1002,SKU014,grocery,grocery,2026-05-31T12:00:00,1,1.89,false
1002,SKU014,grocery,grocery,2026-05-31T14:00:00,1,1.89,false
1002,SKU014,grocery,grocery,2026-05-31T15:00:00,1,1.89,false
1002,SKU014,grocery,grocery,2026-05-31T16:00:00,3,5.67,false
1002,SKU014,grocery,grocery,2026-05-31T18:00:00,1,1.89,false
1002,SKU014,grocery,grocery,2026-06-01T06:00:00,1,1.89,false
1002,SKU014,grocery,grocery,2026-06-01T07:00:00,2,3.78,false
1002,SKU014,grocery,grocery,2026-06-01T11:00:00,2,3.78,false
1002,SKU014,grocery,grocery,2026-06-01T12:00:00,1,1.89,false
1002,SKU014,grocery,grocery,2026-06-01T13:00:00,1,1.89,false
1002,SKU014,grocery,grocery,2026-06-01T14:00:00,2,3.78,false
1002,SKU014,grocery,grocery,2026-06-01T15:00:00,1,1.89,false
1002,SKU014,grocery,grocery,2026-06-01T17:00:00,2,3.78,false
1002,SKU014,grocery,grocery,2026-06-01T18:00:00,2,3.78,false
1002,SKU014,grocery,grocery,2026-06-01T20:00:00,1,1.89,false
1002,SKU014,grocery,grocery,2026-06-01T21:00:00,2,3.78,false
1002,SKU014,grocery,grocery,2026-06-02T07:00:00,3,5.67,false
1002,SKU014,grocery,grocery,2026-06-02T10:00:00,1,1.89,false
1002,SKU014,grocery,grocery,2026-06-02T12:00:00,1,1.89,false
1002,SKU014,grocery,grocery,2026-06-02T14:00:00,1,1.89,false
1002,SKU014,grocery,grocery,2026-06-02T16:00:00,2,3.78,false
1002,SKU014,grocery,grocery,2026-06-02T19:00:00,2,3.78,false
1002,SKU014,grocery,grocery,2026-06-02T20:00:00,1,1.89,false
1002,SKU014,grocery,grocery,2026-06-03T08:00:00,1,1.89,false
1002,SKU014,grocery,grocery,2026-06-03T09:00:00,1,1.89,false
1002,SKU014,grocery,grocery,2026-06-03T11:00:00,1,1.89,false
1002,SKU014,grocery,grocery,2026-06-03T12:00:00,1,1.89,false
1002,SKU014,grocery,grocery,2026-06-03T13:00:00,1,1.89,false
1002,SKU014,grocery,grocery,2026-06-03T17:00:00,1,1.89,false
1002,SKU014,grocery,grocery,2026-06-03T18:00:00,3,5.67,false
1002,SKU014,grocery,grocery,2026-06-03T20:00:00,1,1.89,false
1002,SKU014,grocery,grocery,2026-06-04T08:00:00,1,1.89,false
1002,SKU014,grocery,grocery,2026-06-04T09:00:00,1,1.89,false
1002,SKU014,grocery,grocery,2026-06-04T10:00:00,1,1.89,false
1002,SKU014,grocery,grocery,2026-06-04T11:00:00,1,1.89,false
1002,SKU014,grocery,grocery,2026-06-04T12:00:00,1,1.89,false
1002,SKU014,grocery,grocery,2026-06-04T17:00:00,1,1.89,false
1002,SKU014,grocery,grocery,2026-06-04T18:00:00,1,1.89,false
1002,SKU014,grocery,grocery,2026-06-04T19:00:00,1,1.89,false
1002,SKU015,household,grocery,2026-05-22T10:00:00,2,25.98,false
1002,SKU015,household,grocery,2026-05-22T11:00:00,4,51.96,false
1002,SKU015,household,grocery,2026-05-22T12:00:00,1,12.99,false
1002,SKU015,household,grocery,2026-05-22T21:00:00,1,12.99,false
1002,SKU015,household,grocery,2026-05-23T08:00:00,1,12.99,false
1002,SKU015,household,grocery,2026-05-23T09:00:00,1,12.99,false
1002,SKU015,household,grocery,2026-05-23T12:00:00,1,12.99,false
1002,SKU015,household,grocery,2026-05-23T13:00:00,1,12.99,false
1002,SKU015,household,grocery,2026-05-23T17:00:00,2,25.98,false
1002,SKU015,household,grocery,2026-05-23T18:00:00,2,25.98,false
1002,SKU015,household,grocery,2026-05-24T08:00:00,1,12.99,false
1002,SKU015,household,grocery,2026-05-24T10:00:00,1,12.99,false
1002,SKU015,household,grocery,2026-05-24T12:00:00,1,12.99,false
1002,SKU015,household,grocery,2026-05-24T15:00:00,2,25.98,false
1002,SKU015,household,grocery,2026-05-24T16:00:00,1,12.99,false
1002,SKU015,household,grocery,2026-05-24T19:00:00,1,12.99,false
1002,SKU015,household,grocery,2026-05-25T06:00:00,2,25.98,false
1002,SKU015,household,grocery,2026-05-25T09:00:00,2,25.98,false
1002,SKU015,household,grocery,2026-05-25T11:00:00,1,12.99,false
1002,SKU015,household,grocery,2026-05-25T19:00:00,1,12.99,false
1002,SKU015,household,grocery,2026-05-25T20:00:00,1,12.99,false
1002,SKU015,household,grocery,2026-05-26T08:00:00,1,12.99,false
1002,SKU015,household,grocery,2026-05-26T09:00:00,1,12.99,false
1002,SKU015,household,grocery,2026-05-26T11:00:00,2,25.98,false
1002,SKU015,household,grocery,2026-05-26T12:00:00,2,25.98,false
1002,SKU015,household,grocery,2026-05-26T17:00:00,1,12.99,false
1002,SKU015,household,grocery,2026-05-26T19:00:00,1,12.99,false
1002,SKU015,household,grocery,2026-05-26T20:00:00,2,25.98,false
1002,SKU015,household,grocery,2026-05-26T21:00:00,2,25.98,false
1002,SKU015,household,grocery,2026-05-27T10:00:00,1,12.99,false
1002,SKU015,household,grocery,2026-05-27T13:00:00,1,12.99,false
1002,SKU015,household,grocery,2026-05-27T14:00:00,1,12.99,false
1002,SKU015,household,grocery,2026-05-27T17:00:00,1,12.99,false
1002,SKU015,household,grocery,2026-05-27T18:00:00,2,25.98,false
1002,SKU015,household,grocery,2026-05-27T21:00:00,1,12.99,false
1002,SKU015,household,grocery,2026-05-28T06:00:00,1,12.99,false
1002,SKU015,household,grocery,2026-05-28T08:00:00,2,25.98,false
1002,SKU015,household,grocery,2026-05-28T14:00:00,1,12.99,false
1002,SKU015,household,grocery,2026-05-28T17:00:00,3,38.97,false
1002,SKU015,household,grocery,2026-05-28T18:00:00,2,25.98,false
1002,SKU015,household,grocery,2026-05-28T20:00:00,1,12.99,false
1002,SKU015,household,grocery,2026-05-29T07:00:00,1,12.99,false
1002,SKU015,household,grocery,2026-05-29T10:00:00,1,12.99,false
1002,SKU015,household,grocery,2026-05-29T13:00:00,1,12.99,false
1002,SKU015,household,grocery,2026-05-29T14:00:00,1,12.99,false
1002,SKU015,household,grocery,2026-05-30T10:00:00,3,38.97,false
1002,SKU015,household,grocery,2026-05-30T12:00:00,1,12.99,false
1002,SKU015,household,grocery,2026-05-30T14:00:00,1,12.99,false
1002,SKU015,household,grocery,2026-05-30T16:00:00,1,12.99,false
1002,SKU015,household,grocery,2026-05-30T17:00:00,2,25.98,false
1002,SKU015,household,grocery,2026-05-30T18:00:00,1,12.99,false
1002,SKU015,household,grocery,2026-05-31T06:00:00,2,25.98,false
1002,SKU015,household,grocery,2026-05-31T07:00:00,1,12.99,false
1002,SKU015,household,grocery,2026-05-31T09:00:00,1,12.99,false
1002,SKU015,household,grocery,2026-05-31T15:00:00,2,25.98,false
1002,SKU015,household,grocery,2026-05-31T16:00:00,2,25.98,false
1002,SKU015,household,grocery,2026-05-31T17:00:00,2,25.98,false
1002,SKU015,household,grocery,2026-05-31T20:00:00,1,12.99,false
1002,SKU015,household,grocery,2026-06-01T10:00:00,1,12.99,false
1002,SKU015,household,grocery,2026-06-01T11:00:00,2,25.98,false
1002,SKU015,household,grocery,2026-06-01T12:00:00,1,12.99,false
1002,SKU015,household,grocery,2026-06-01T14:00:00,2,25.98,false
1002,SKU015,household,grocery,2026-06-01T15:00:00,1,12.99,false
1002,SKU015,household,grocery,2026-06-01T16:00:00,1,12.99,false
1002,SKU015,household,grocery,2026-06-01T17:00:00,1,12.99,false
1002,SKU015,household,grocery,2026-06-01T18:00:00,1,12.99,false
1002,SKU015,household,grocery,2026-06-01T21:00:00,1,12.99,false
1002,SKU015,household,grocery,2026-06-02T08:00:00,1,12.99,false
1002,SKU015,household,grocery,2026-06-02T09:00:00,1,12.99,false
1002,SKU015,household,grocery,2026-06-02T10:00:00,1,12.99,false
1002,SKU015,household,grocery,2026-06-02T15:00:00,2,25.98,false
1002,SKU015,household,grocery,2026-06-02T18:00:00,1,12.99,false
1002,SKU015,household,grocery,2026-06-03T07:00:00,2,25.98,false
1002,SKU015,household,grocery,2026-06-03T08:00:00,2,25.98,false
1002,SKU015,household,grocery,2026-06-03T11:00:00,1,12.99,false
1002,SKU015,household,grocery,2026-06-04T06:00:00,1,12.99,false
1002,SKU015,household,grocery,2026-06-04T07:00:00,1,12.99,false
1002,SKU015,household,grocery,2026-06-04T08:00:00,1,12.99,false
1002,SKU015,household,grocery,2026-06-04T09:00:00,1,12.99,false
1002,SKU015,household,grocery,2026-06-04T10:00:00,1,12.99,false
1002,SKU015,household,grocery,2026-06-04T11:00:00,2,25.98,false
1002,SKU015,household,grocery,2026-06-04T13:00:00,1,12.99,false
1002,SKU015,household,grocery,2026-06-04T15:00:00,1,12.99,false
1002,SKU015,household,grocery,2026-06-04T18:00:00,1,12.99,false
1002,SKU015,household,grocery,2026-06-04T19:00:00,1,12.99,false
1002,SKU015,household,grocery,2026-06-04T20:00:00,2,25.98,false
1003,SKU001,produce,produce,2026-05-22T06:00:00,15,9.31,true
1003,SKU001,produce,produce,2026-05-22T07:00:00,10,6.21,true
1003,SKU001,produce,produce,2026-05-22T08:00:00,14,8.69,true
1003,SKU001,produce,produce,2026-05-22T09:00:00,12,7.45,true
1003,SKU001,produce,produce,2026-05-22T10:00:00,13,8.07,true
1003,SKU001,produce,produce,2026-05-22T11:00:00,19,11.80,true
1003,SKU001,produce,produce,2026-05-22T12:00:00,24,14.90,true
1003,SKU001,produce,produce,2026-05-22T13:00:00,19,11.80,true
1003,SKU001,produce,produce,2026-05-22T14:00:00,17,10.56,true
1003,SKU001,produce,produce,2026-05-22T15:00:00,13,8.07,true
1003,SKU001,produce,produce,2026-05-22T16:00:00,13,8.07,true
1003,SKU001,produce,produce,2026-05-22T17:00:00,13,8.07,true
1003,SKU001,produce,produce,2026-05-22T18:00:00,18,11.18,true
1003,SKU001,produce,produce,2026-05-22T19:00:00,13,8.07,true
1003,SKU001,produce,produce,2026-05-22T20:00:00,11,6.83,true
1003,SKU001,produce,produce,2026-05-22T21:00:00,16,9.94,true
1003,SKU001,produce,produce,2026-05-23T06:00:00,9,5.59,true
1003,SKU001,produce,produce,2026-05-23T07:00:00,19,11.80,true
1003,SKU001,produce,produce,2026-05-23T08:00:00,10,6.21,true
1003,SKU001,produce,produce,2026-05-23T09:00:00,10,6.21,true
1003,SKU001,produce,produce,2026-05-23T10:00:00,12,7.45,true
1003,SKU001,produce,produce,2026-05-23T11:00:00,24,14.90,true
1003,SKU001,produce,produce,2026-05-23T12:00:00,20,12.42,true
1003,SKU001,produce,produce,2026-05-23T13:00:00,14,8.69,true
1003,SKU001,produce,produce,2026-05-23T14:00:00,11,6.83,true
1003,SKU001,produce,produce,2026-05-23T15:00:00,10,6.21,true
1003,SKU001,produce,produce,2026-05-23T16:00:00,15,9.31,true
1003,SKU001,produce,produce,2026-05-23T17:00:00,23,14.28,true
1003,SKU001,produce,produce,2026-05-23T18:00:00,22,13.66,true
1003,SKU001,produce,produce,2026-05-23T19:00:00,11,6.83,true
1003,SKU001,produce,produce,2026-05-23T20:00:00,19,11.80,true
1003,SKU001,produce,produce,2026-05-23T21:00:00,16,9.94,true
1003,SKU001,produce,produce,2026-05-24T06:00:00,17,10.56,true
1003,SKU001,produce,produce,2026-05-24T07:00:00,17,10.56,true
1003,SKU001,produce,produce,2026-05-24T08:00:00,9,5.59,true
1003,SKU001,produce,produce,2026-05-24T09:00:00,9,5.59,true
1003,SKU001,produce,produce,2026-05-24T10:00:00,11,6.83,true
1003,SKU001,produce,produce,2026-05-24T11:00:00,19,11.80,true
1003,SKU001,produce,produce,2026-05-24T12:00:00,24,14.90,true
1003,SKU001,produce,produce,2026-05-24T13:00:00,16,9.94,true
1003,SKU001,produce,produce,2026-05-24T14:00:00,10,6.21,true
1003,SKU001,produce,produce,2026-05-24T15:00:00,14,8.69,true
1003,SKU001,produce,produce,2026-05-24T16:00:00,15,9.31,true
1003,SKU001,produce,produce,2026-05-24T17:00:00,14,8.69,true
1003,SKU001,produce,produce,2026-05-24T18:00:00,6,3.73,true
1003,SKU001,produce,produce,2026-05-24T19:00:00,13,8.07,true
1003,SKU001,produce,produce,2026-05-24T20:00:00,8,4.97,true
1003,SKU001,produce,produce,2026-05-24T21:00:00,7,4.35,true
1003,SKU001,produce,produce,2026-05-25T06:00:00,8,5.52,false
1003,SKU001,produce,produce,2026-05-25T07:00:00,11,7.59,false
1003,SKU001,produce,produce,2026-05-25T08:00:00,9,6.21,false
1003,SKU001,produce,produce,2026-05-25T09:00:00,9,6.21,false
1003,SKU001,produce,produce,2026-05-25T10:00:00,9,6.21,false
1003,SKU001,produce,produce,2026-05-25T11:00:00,18,12.42,false
1003,SKU001,produce,produce,2026-05-25T12:00:00,9,6.21,false
1003,SKU001,produce,produce,2026-05-25T13:00:00,11,7.59,false
1003,SKU001,produce,produce,2026-05-25T14:00:00,11,7.59,false
1003,SKU001,produce,produce,2026-05-25T15:00:00,5,3.45,false
1003,SKU001,produce,produce,2026-05-25T16:00:00,10,6.90,false
1003,SKU001,produce,produce,2026-05-25T17:00:00,20,13.80,false
1003,SKU001,produce,produce,2026-05-25T18:00:00,10,6.90,false
1003,SKU001,produce,produce,2026-05-25T19:00:00,10,6.90,false
1003,SKU001,produce,produce,2026-05-25T20:00:00,9,6.21,false
1003,SKU001,produce,produce,2026-05-25T21:00:00,10,6.90,false
1003,SKU001,produce,produce,2026-05-26T06:00:00,7,4.83,false
1003,SKU001,produce,produce,2026-05-26T07:00:00,7,4.83,false
1003,SKU001,produce,produce,2026-05-26T08:00:00,11,7.59,false
1003,SKU001,produce,produce,2026-05-26T09:00:00,11,7.59,false
1003,SKU001,produce,produce,2026-05-26T10:00:00,15,10.35,false
1003,SKU001,produce,produce,2026-05-26T11:00:00,15,10.35,false
1003,SKU001,produce,produce,2026-05-26T12:00:00,8,5.52,false
1003,SKU001,produce,produce,2026-05-26T13:00:00,10,6.90,false
1003,SKU001,produce,produce,2026-05-26T14:00:00,9,6.21,false
1003,SKU001,produce,produce,2026-05-26T15:00:00,13,8.97,false
1003,SKU001,produce,produce,2026-05-26T16:00:00,9,6.21,false
1003,SKU001,produce,produce,2026-05-26T17:00:00,12,8.28,false
1003,SKU001,produce,produce,2026-05-26T18:00:00,13,8.97,false
1003,SKU001,produce,produce,2026-05-26T19:00:00,5,3.45,false
1003,SKU001,produce,produce,2026-05-26T20:00:00,11,7.59,false
1003,SKU001,produce,produce,2026-05-26T21:00:00,8,5.52,false
1003,SKU001,produce,produce,2026-05-27T06:00:00,9,6.21,false
1003,SKU001,produce,produce,2026-05-27T07:00:00,9,6.21,false
1003,SKU001,produce,produce,2026-05-27T08:00:00,7,4.83,false
1003,SKU001,produce,produce,2026-05-27T09:00:00,7,4.83,false
1003,SKU001,produce,produce,2026-05-27T10:00:00,7,4.83,false
1003,SKU001,produce,produce,2026-05-27T11:00:00,15,10.35,false
1003,SKU001,produce,produce,2026-05-27T12:00:00,10,6.90,false
1003,SKU001,produce,produce,2026-05-27T13:00:00,10,6.90,false
1003,SKU001,produce,produce,2026-05-27T14:00:00,11,7.59,false
1003,SKU001,produce,produce,2026-05-27T15:00:00,6,4.14,false
1003,SKU001,produce,produce,2026-05-27T16:00:00,4,2.76,false
1003,SKU001,produce,produce,2026-05-27T17:00:00,14,9.66,false
1003,SKU001,produce,produce,2026-05-27T18:00:00,15,10.35,false
1003,SKU001,produce,produce,2026-05-27T19:00:00,8,5.52,false
1003,SKU001,produce,produce,2026-05-27T20:00:00,10,6.90,false
1003,SKU001,produce,produce,2026-05-27T21:00:00,10,6.90,false
1003,SKU001,produce,produce,2026-05-28T06:00:00,13,8.97,false
1003,SKU001,produce,produce,2026-05-28T07:00:00,10,6.90,false
1003,SKU001,produce,produce,2026-05-28T08:00:00,11,7.59,false
1003,SKU001,produce,produce,2026-05-28T09:00:00,10,6.90,false
1003,SKU001,produce,produce,2026-05-28T10:00:00,7,4.83,false
1003,SKU001,produce,produce,2026-05-28T11:00:00,14,9.66,false
1003,SKU001,produce,produce,2026-05-28T12:00:00,12,8.28,false
1003,SKU001,produce,produce,2026-05-28T13:00:00,10,6.90,false
1003,SKU001,produce,produce,2026-05-28T14:00:00,11,7.59,false
1003,SKU001,produce,produce,2026-05-28T15:00:00,10,6.90,false
1003,SKU001,produce,produce,2026-05-28T16:00:00,4,2.76,false
1003,SKU001,produce,produce,2026-05-28T17:00:00,16,11.04,false
1003,SKU001,produce,produce,2026-05-28T18:00:00,18,12.42,false
1003,SKU001,produce,produce,2026-05-28T19:00:00,10,6.90,false
1003,SKU001,produce,produce,2026-05-28T20:00:00,8,5.52,false
1003,SKU001,produce,produce,2026-05-28T21:00:00,12,8.28,false
1003,SKU001,produce,produce,2026-05-29T06:00:00,13,8.07,true
1003,SKU001,produce,produce,2026-05-29T07:00:00,11,6.83,true
1003,SKU001,produce,produce,2026-05-29T08:00:00,9,5.59,true
1003,SKU001,produce,produce,2026-05-29T09:00:00,18,11.18,true
1003,SKU001,produce,produce,2026-05-29T10:00:00,10,6.21,true
1003,SKU001,produce,produce,2026-05-29T11:00:00,15,9.31,true
1003,SKU001,produce,produce,2026-05-29T12:00:00,24,14.90,true
1003,SKU001,produce,produce,2026-05-29T13:00:00,16,9.94,true
1003,SKU001,produce,produce,2026-05-29T14:00:00,13,8.07,true
1003,SKU001,produce,produce,2026-05-29T15:00:00,18,11.18,true
1003,SKU001,produce,produce,2026-05-29T16:00:00,12,7.45,true
1003,SKU001,produce,produce,2026-05-29T17:00:00,28,17.39,true
1003,SKU001,produce,produce,2026-05-29T18:00:00,18,11.18,true
1003,SKU001,produce,produce,2026-05-29T19:00:00,9,5.59,true
1003,SKU001,produce,produce,2026-05-29T20:00:00,16,9.94,true
1003,SKU001,produce,produce,2026-05-29T21:00:00,17,10.56,true
1003,SKU001,produce,produce,2026-05-30T06:00:00,16,9.94,true
1003,SKU001,produce,produce,2026-05-30T07:00:00,17,10.56,true
1003,SKU001,produce,produce,2026-05-30T08:00:00,13,8.07,true
1003,SKU001,produce,produce,2026-05-30T09:00:00,15,9.31,true
1003,SKU001,produce,produce,2026-05-30T10:00:00,15,9.31,true
1003,SKU001,produce,produce,2026-05-30T11:00:00,15,9.31,true
1003,SKU001,produce,produce,2026-05-30T12:00:00,26,16.15,true
1003,SKU001,produce,produce,2026-05-30T13:00:00,10,6.21,true
1003,SKU001,produce,produce,2026-05-30T14:00:00,14,8.69,true
1003,SKU001,produce,produce,2026-05-30T15:00:00,16,9.94,true
1003,SKU001,produce,produce,2026-05-30T16:00:00,11,6.83,true
1003,SKU001,produce,produce,2026-05-30T17:00:00,25,15.53,true
1003,SKU001,produce,produce,2026-05-30T18:00:00,11,6.83,true
1003,SKU001,produce,produce,2026-05-30T19:00:00,20,12.42,true
1003,SKU001,produce,produce,2026-05-30T20:00:00,7,4.35,true
1003,SKU001,produce,produce,2026-05-30T21:00:00,12,7.45,true
1003,SKU001,produce,produce,2026-05-31T06:00:00,14,8.69,true
1003,SKU001,produce,produce,2026-05-31T07:00:00,12,7.45,true
1003,SKU001,produce,produce,2026-05-31T08:00:00,17,10.56,true
1003,SKU001,produce,produce,2026-05-31T09:00:00,15,9.31,true
1003,SKU001,produce,produce,2026-05-31T10:00:00,10,6.21,true
1003,SKU001,produce,produce,2026-05-31T11:00:00,19,11.80,true
1003,SKU001,produce,produce,2026-05-31T12:00:00,14,8.69,true
1003,SKU001,produce,produce,2026-05-31T13:00:00,7,4.35,true
1003,SKU001,produce,produce,2026-05-31T14:00:00,9,5.59,true
1003,SKU001,produce,produce,2026-05-31T15:00:00,14,8.69,true
1003,SKU001,produce,produce,2026-05-31T16:00:00,13,8.07,true
1003,SKU001,produce,produce,2026-05-31T17:00:00,24,14.90,true
1003,SKU001,produce,produce,2026-05-31T18:00:00,18,11.18,true
1003,SKU001,produce,produce,2026-05-31T19:00:00,10,6.21,true
1003,SKU001,produce,produce,2026-05-31T20:00:00,15,9.31,true
1003,SKU001,produce,produce,2026-05-31T21:00:00,15,9.31,true
1003,SKU001,produce,produce,2026-06-01T06:00:00,8,5.52,false
1003,SKU001,produce,produce,2026-06-01T07:00:00,12,8.28,false
1003,SKU001,produce,produce,2026-06-01T08:00:00,8,5.52,false
1003,SKU001,produce,produce,2026-06-01T09:00:00,10,6.90,false
1003,SKU001,produce,produce,2026-06-01T10:00:00,12,8.28,false
1003,SKU001,produce,produce,2026-06-01T11:00:00,18,12.42,false
1003,SKU001,produce,produce,2026-06-01T12:00:00,11,7.59,false
1003,SKU001,produce,produce,2026-06-01T13:00:00,10,6.90,false
1003,SKU001,produce,produce,2026-06-01T14:00:00,13,8.97,false
1003,SKU001,produce,produce,2026-06-01T15:00:00,13,8.97,false
1003,SKU001,produce,produce,2026-06-01T16:00:00,10,6.90,false
1003,SKU001,produce,produce,2026-06-01T17:00:00,11,7.59,false
1003,SKU001,produce,produce,2026-06-01T18:00:00,11,7.59,false
1003,SKU001,produce,produce,2026-06-01T19:00:00,8,5.52,false
1003,SKU001,produce,produce,2026-06-01T20:00:00,10,6.90,false
1003,SKU001,produce,produce,2026-06-01T21:00:00,10,6.90,false
1003,SKU001,produce,produce,2026-06-02T06:00:00,9,6.21,false
1003,SKU001,produce,produce,2026-06-02T07:00:00,10,6.90,false
1003,SKU001,produce,produce,2026-06-02T08:00:00,11,7.59,false
1003,SKU001,produce,produce,2026-06-02T09:00:00,12,8.28,false
1003,SKU001,produce,produce,2026-06-02T10:00:00,10,6.90,false
1003,SKU001,produce,produce,2026-06-02T11:00:00,10,6.90,false
1003,SKU001,produce,produce,2026-06-02T12:00:00,12,8.28,false
1003,SKU001,produce,produce,2026-06-02T13:00:00,5,3.45,false
1003,SKU001,produce,produce,2026-06-02T14:00:00,12,8.28,false
1003,SKU001,produce,produce,2026-06-02T15:00:00,15,10.35,false
1003,SKU001,produce,produce,2026-06-02T16:00:00,10,6.90,false
1003,SKU001,produce,produce,2026-06-02T17:00:00,16,11.04,false
1003,SKU001,produce,produce,2026-06-02T18:00:00,10,6.90,false
1003,SKU001,produce,produce,2026-06-02T19:00:00,8,5.52,false
1003,SKU001,produce,produce,2026-06-02T20:00:00,14,9.66,false
1003,SKU001,produce,produce,2026-06-02T21:00:00,12,8.28,false
1003,SKU001,produce,produce,2026-06-03T06:00:00,10,6.90,false
1003,SKU001,produce,produce,2026-06-03T07:00:00,10,6.90,false
1003,SKU001,produce,produce,2026-06-03T08:00:00,10,6.90,false
1003,SKU001,produce,produce,2026-06-03T09:00:00,8,5.52,false
1003,SKU001,produce,produce,2026-06-03T10:00:00,9,6.21,false
1003,SKU001,produce,produce,2026-06-03T11:00:00,12,8.28,false
1003,SKU001,produce,produce,2026-06-03T12:00:00,18,12.42,false
1003,SKU001,produce,produce,2026-06-03T13:00:00,10,6.90,false
1003,SKU001,produce,produce,2026-06-03T14:00:00,11,7.59,false
1003,SKU001,produce,produce,2026-06-03T15:00:00,7,4.83,false
1003,SKU001,produce,produce,2026-06-03T16:00:00,8,5.52,false
1003,SKU001,produce,produce,2026-06-03T17:00:00,13,8.97,false
1003,SKU001,produce,produce,2026-06-03T18:00:00,19,13.11,false
1003,SKU001,produce,produce,2026-06-03T19:00:00,8,5.52,false
1003,SKU001,produce,produce,2026-06-03T20:00:00,7,4.83,false
1003,SKU001,produce,produce,2026-06-03T21:00:00,4,2.76,false
1003,SKU001,produce,produce,2026-06-04T06:00:00,10,6.90,false
1003,SKU001,produce,produce,2026-06-04T07:00:00,9,6.21,false
1003,SKU001,produce,produce,2026-06-04T08:00:00,11,7.59,false
1003,SKU001,produce,produce,2026-06-04T09:00:00,9,6.21,false
1003,SKU001,produce,produce,2026-06-04T10:00:00,7,4.83,false
1003,SKU001,produce,produce,2026-06-04T11:00:00,13,8.97,false
1003,SKU001,produce,produce,2026-06-04T12:00:00,11,7.59,false
1003,SKU001,produce,produce,2026-06-04T13:00:00,9,6.21,false
1003,SKU001,produce,produce,2026-06-04T14:00:00,11,7.59,false
1003,SKU001,produce,produce,2026-06-04T15:00:00,9,6.21,false
1003,SKU001,produce,produce,2026-06-04T16:00:00,5,3.45,false
1003,SKU001,produce,produce,2026-06-04T17:00:00,10,6.90,false
1003,SKU001,produce,produce,2026-06-04T18:00:00,16,11.04,false
1003,SKU001,produce,produce,2026-06-04T19:00:00,9,6.21,false
1003,SKU001,produce,produce,2026-06-04T20:00:00,9,6.21,false
1003,SKU001,produce,produce,2026-06-04T21:00:00,10,6.90,false
1003,SKU002,produce,produce,2026-05-22T06:00:00,2,2.98,false
1003,SKU002,produce,produce,2026-05-22T07:00:00,4,5.96,false
1003,SKU002,produce,produce,2026-05-22T08:00:00,2,2.98,false
1003,SKU002,produce,produce,2026-05-22T09:00:00,3,4.47,false
1003,SKU002,produce,produce,2026-05-22T10:00:00,5,7.45,false
1003,SKU002,produce,produce,2026-05-22T11:00:00,6,8.94,false
1003,SKU002,produce,produce,2026-05-22T12:00:00,4,5.96,false
1003,SKU002,produce,produce,2026-05-22T13:00:00,4,5.96,false
1003,SKU002,produce,produce,2026-05-22T14:00:00,2,2.98,false
1003,SKU002,produce,produce,2026-05-22T15:00:00,3,4.47,false
1003,SKU002,produce,produce,2026-05-22T16:00:00,3,4.47,false
1003,SKU002,produce,produce,2026-05-22T17:00:00,6,8.94,false
1003,SKU002,produce,produce,2026-05-22T18:00:00,3,4.47,false
1003,SKU002,produce,produce,2026-05-22T19:00:00,3,4.47,false
1003,SKU002,produce,produce,2026-05-22T20:00:00,3,4.47,false
1003,SKU002,produce,produce,2026-05-22T21:00:00,3,4.47,false
1003,SKU002,produce,produce,2026-05-23T06:00:00,5,7.45,false
1003,SKU002,produce,produce,2026-05-23T07:00:00,1,1.49,false
1003,SKU002,produce,produce,2026-05-23T08:00:00,4,5.96,false
1003,SKU002,produce,produce,2026-05-23T09:00:00,4,5.96,false
1003,SKU002,produce,produce,2026-05-23T10:00:00,5,7.45,false
1003,SKU002,produce,produce,2026-05-23T11:00:00,7,10.43,false
1003,SKU002,produce,produce,2026-05-23T12:00:00,6,8.94,false
1003,SKU002,produce,produce,2026-05-23T13:00:00,2,2.98,false
1003,SKU002,produce,produce,2026-05-23T14:00:00,3,4.47,false
1003,SKU002,produce,produce,2026-05-23T15:00:00,2,2.98,false
1003,SKU002,produce,produce,2026-05-23T16:00:00,2,2.98,false
1003,SKU002,produce,produce,2026-05-23T17:00:00,7,10.43,false
1003,SKU002,produce,produce,2026-05-23T18:00:00,6,8.94,false
1003,SKU002,produce,produce,2026-05-23T19:00:00,2,2.98,false
1003,SKU002,produce,produce,2026-05-23T20:00:00,2,2.98,false
1003,SKU002,produce,produce,2026-05-23T21:00:00,1,1.49,false
1003,SKU002,produce,produce,2026-05-24T06:00:00,3,4.47,false
1003,SKU002,produce,produce,2026-05-24T07:00:00,2,2.98,false
1003,SKU002,produce,produce,2026-05-24T08:00:00,3,4.47,false
1003,SKU002,produce,produce,2026-05-24T09:00:00,1,1.49,false
1003,SKU002,produce,produce,2026-05-24T10:00:00,3,4.47,false
1003,SKU002,produce,produce,2026-05-24T11:00:00,5,7.45,false
1003,SKU002,produce,produce,2026-05-24T12:00:00,6,8.94,false
1003,SKU002,produce,produce,2026-05-24T13:00:00,3,4.47,false
1003,SKU002,produce,produce,2026-05-24T14:00:00,4,5.96,false
1003,SKU002,produce,produce,2026-05-24T15:00:00,3,4.47,false
1003,SKU002,produce,produce,2026-05-24T16:00:00,2,2.98,false
1003,SKU002,produce,produce,2026-05-24T17:00:00,2,2.98,false
1003,SKU002,produce,produce,2026-05-24T18:00:00,5,7.45,false
1003,SKU002,produce,produce,2026-05-24T19:00:00,3,4.47,false
1003,SKU002,produce,produce,2026-05-24T20:00:00,3,4.47,false
1003,SKU002,produce,produce,2026-05-24T21:00:00,2,2.98,false
1003,SKU002,produce,produce,2026-05-25T06:00:00,2,2.98,false
1003,SKU002,produce,produce,2026-05-25T07:00:00,3,4.47,false
1003,SKU002,produce,produce,2026-05-25T08:00:00,4,5.96,false
1003,SKU002,produce,produce,2026-05-25T09:00:00,2,2.98,false
1003,SKU002,produce,produce,2026-05-25T10:00:00,4,5.96,false
1003,SKU002,produce,produce,2026-05-25T11:00:00,4,5.96,false
1003,SKU002,produce,produce,2026-05-25T12:00:00,9,13.41,false
1003,SKU002,produce,produce,2026-05-25T13:00:00,2,2.98,false
1003,SKU002,produce,produce,2026-05-25T14:00:00,3,4.47,false
1003,SKU002,produce,produce,2026-05-25T15:00:00,3,4.47,false
1003,SKU002,produce,produce,2026-05-25T16:00:00,3,4.47,false
1003,SKU002,produce,produce,2026-05-25T17:00:00,5,7.45,false
1003,SKU002,produce,produce,2026-05-25T18:00:00,5,7.45,false
1003,SKU002,produce,produce,2026-05-25T19:00:00,3,4.47,false
1003,SKU002,produce,produce,2026-05-25T20:00:00,2,2.98,false
1003,SKU002,produce,produce,2026-05-25T21:00:00,4,5.96,false
1003,SKU002,produce,produce,2026-05-26T06:00:00,1,1.49,false
1003,SKU002,produce,produce,2026-05-26T07:00:00,3,4.47,false
1003,SKU002,produce,produce,2026-05-26T08:00:00,2,2.98,false
1003,SKU002,produce,produce,2026-05-26T09:00:00,5,7.45,false
1003,SKU002,produce,produce,2026-05-26T10:00:00,3,4.47,false
1003,SKU002,produce,produce,2026-05-26T11:00:00,4,5.96,false
1003,SKU002,produce,produce,2026-05-26T12:00:00,5,7.45,false
1003,SKU002,produce,produce,2026-05-26T13:00:00,2,2.98,false
1003,SKU002,produce,produce,2026-05-26T14:00:00,4,5.96,false
1003,SKU002,produce,produce,2026-05-26T15:00:00,4,5.96,false
1003,SKU002,produce,produce,2026-05-26T16:00:00,2,2.98,false
1003,SKU002,produce,produce,2026-05-26T17:00:00,7,10.43,false
1003,SKU002,produce,produce,2026-05-26T18:00:00,4,5.96,false
1003,SKU002,produce,produce,2026-05-26T19:00:00,3,4.47,false
1003,SKU002,produce,produce,2026-05-26T20:00:00,3,4.47,false
1003,SKU002,produce,produce,2026-05-26T21:00:00,3,4.47,false
1003,SKU002,produce,produce,2026-05-27T06:00:00,4,5.96,false
1003,SKU002,produce,produce,2026-05-27T07:00:00,2,2.98,false
1003,SKU002,produce,produce,2026-05-27T08:00:00,5,7.45,false
1003,SKU002,produce,produce,2026-05-27T09:00:00,5,7.45,false
1003,SKU002,produce,produce,2026-05-27T10:00:00,2,2.98,false
1003,SKU002,produce,produce,2026-05-27T11:00:00,4,5.96,false
1003,SKU002,produce,produce,2026-05-27T12:00:00,5,7.45,false
1003,SKU002,produce,produce,2026-05-27T13:00:00,4,5.96,false
1003,SKU002,produce,produce,2026-05-27T14:00:00,2,2.98,false
1003,SKU002,produce,produce,2026-05-27T15:00:00,3,4.47,false
1003,SKU002,produce,produce,2026-05-27T16:00:00,5,7.45,false
1003,SKU002,produce,produce,2026-05-27T17:00:00,4,5.96,false
1003,SKU002,produce,produce,2026-05-27T18:00:00,4,5.96,false
1003,SKU002,produce,produce,2026-05-27T19:00:00,2,2.98,false
1003,SKU002,produce,produce,2026-05-27T20:00:00,3,4.47,false
1003,SKU002,produce,produce,2026-05-27T21:00:00,3,4.47,false
1003,SKU002,produce,produce,2026-05-28T06:00:00,3,4.47,false
1003,SKU002,produce,produce,2026-05-28T07:00:00,3,4.47,false
1003,SKU002,produce,produce,2026-05-28T08:00:00,5,7.45,false
1003,SKU002,produce,produce,2026-05-28T09:00:00,2,2.98,false
1003,SKU002,produce,produce,2026-05-28T10:00:00,4,5.96,false
1003,SKU002,produce,produce,2026-05-28T11:00:00,3,4.47,false
1003,SKU002,produce,produce,2026-05-28T12:00:00,2,2.98,false
1003,SKU002,produce,produce,2026-05-28T13:00:00,1,1.49,false
1003,SKU002,produce,produce,2026-05-28T14:00:00,3,4.47,false
1003,SKU002,produce,produce,2026-05-28T15:00:00,3,4.47,false
1003,SKU002,produce,produce,2026-05-28T16:00:00,2,2.98,false
1003,SKU002,produce,produce,2026-05-28T17:00:00,7,10.43,false
1003,SKU002,produce,produce,2026-05-28T18:00:00,4,5.96,false
1003,SKU002,produce,produce,2026-05-28T19:00:00,3,4.47,false
1003,SKU002,produce,produce,2026-05-28T20:00:00,2,2.98,false
1003,SKU002,produce,produce,2026-05-28T21:00:00,3,4.47,false
1003,SKU002,produce,produce,2026-05-29T06:00:00,3,4.47,false
1003,SKU002,produce,produce,2026-05-29T07:00:00,3,4.47,false
1003,SKU002,produce,produce,2026-05-29T08:00:00,3,4.47,false
1003,SKU002,produce,produce,2026-05-29T09:00:00,5,7.45,false
1003,SKU002,produce,produce,2026-05-29T10:00:00,4,5.96,false
1003,SKU002,produce,produce,2026-05-29T11:00:00,5,7.45,false
1003,SKU002,produce,produce,2026-05-29T12:00:00,5,7.45,false
1003,SKU002,produce,produce,2026-05-29T13:00:00,3,4.47,false
1003,SKU002,produce,produce,2026-05-29T14:00:00,3,4.47,false
1003,SKU002,produce,produce,2026-05-29T15:00:00,4,5.96,false
1003,SKU002,produce,produce,2026-05-29T16:00:00,4,5.96,false
1003,SKU002,produce,produce,2026-05-29T17:00:00,4,5.96,false
1003,SKU002,produce,produce,2026-05-29T18:00:00,4,5.96,false
1003,SKU002,produce,produce,2026-05-29T19:00:00,5,7.45,false
1003,SKU002,produce,produce,2026-05-29T20:00:00,2,2.98,false
1003,SKU002,produce,produce,2026-05-29T21:00:00,2,2.98,false
1003,SKU002,produce,produce,2026-05-30T06:00:00,3,4.47,false
1003,SKU002,produce,produce,2026-05-30T07:00:00,2,2.98,false
1003,SKU002,produce,produce,2026-05-30T09:00:00,1,1.49,false
1003,SKU002,produce,produce,2026-05-30T10:00:00,2,2.98,false
1003,SKU002,produce,produce,2026-05-30T11:00:00,4,5.96,false
1003,SKU002,produce,produce,2026-05-30T12:00:00,6,8.94,false
1003,SKU002,produce,produce,2026-05-30T13:00:00,2,2.98,false
1003,SKU002,produce,produce,2026-05-30T14:00:00,3,4.47,false
1003,SKU002,produce,produce,2026-05-30T15:00:00,4,5.96,false
1003,SKU002,produce,produce,2026-05-30T16:00:00,4,5.96,false
1003,SKU002,produce,produce,2026-05-30T17:00:00,6,8.94,false
1003,SKU002,produce,produce,2026-05-30T18:00:00,6,8.94,false
1003,SKU002,produce,produce,2026-05-30T19:00:00,3,4.47,false
1003,SKU002,produce,produce,2026-05-30T20:00:00,5,7.45,false
1003,SKU002,produce,produce,2026-05-30T21:00:00,4,5.96,false
1003,SKU002,produce,produce,2026-05-31T06:00:00,2,2.98,false
1003,SKU002,produce,produce,2026-05-31T07:00:00,2,2.98,false
1003,SKU002,produce,produce,2026-05-31T08:00:00,1,1.49,false
1003,SKU002,produce,produce,2026-05-31T09:00:00,3,4.47,false
1003,SKU002,produce,produce,2026-05-31T10:00:00,3,4.47,false
1003,SKU002,produce,produce,2026-05-31T11:00:00,5,7.45,false
1003,SKU002,produce,produce,2026-05-31T12:00:00,3,4.47,false
1003,SKU002,produce,produce,2026-05-31T13:00:00,4,5.96,false
1003,SKU002,produce,produce,2026-05-31T14:00:00,2,2.98,false
1003,SKU002,produce,produce,2026-05-31T15:00:00,3,4.47,false
1003,SKU002,produce,produce,2026-05-31T16:00:00,4,5.96,false
1003,SKU002,produce,produce,2026-05-31T17:00:00,5,7.45,false
1003,SKU002,produce,produce,2026-05-31T18:00:00,4,5.96,false
1003,SKU002,produce,produce,2026-05-31T19:00:00,4,5.96,false
1003,SKU002,produce,produce,2026-05-31T20:00:00,4,5.96,false
1003,SKU002,produce,produce,2026-05-31T21:00:00,2,2.98,false
1003,SKU002,produce,produce,2026-06-01T06:00:00,2,2.98,false
1003,SKU002,produce,produce,2026-06-01T07:00:00,3,4.47,false
1003,SKU002,produce,produce,2026-06-01T08:00:00,4,5.96,false
1003,SKU002,produce,produce,2026-06-01T09:00:00,4,5.96,false
1003,SKU002,produce,produce,2026-06-01T10:00:00,3,4.47,false
1003,SKU002,produce,produce,2026-06-01T11:00:00,4,5.96,false
1003,SKU002,produce,produce,2026-06-01T12:00:00,3,4.47,false
1003,SKU002,produce,produce,2026-06-01T13:00:00,3,4.47,false
1003,SKU002,produce,produce,2026-06-01T14:00:00,3,4.47,false
1003,SKU002,produce,produce,2026-06-01T15:00:00,3,4.47,false
1003,SKU002,produce,produce,2026-06-01T16:00:00,4,5.96,false
1003,SKU002,produce,produce,2026-06-01T17:00:00,5,7.45,false
1003,SKU002,produce,produce,2026-06-01T18:00:00,4,5.96,false
1003,SKU002,produce,produce,2026-06-01T19:00:00,1,1.49,false
1003,SKU002,produce,produce,2026-06-01T20:00:00,4,5.96,false
1003,SKU002,produce,produce,2026-06-01T21:00:00,3,4.47,false
1003,SKU002,produce,produce,2026-06-02T06:00:00,3,4.47,false
1003,SKU002,produce,produce,2026-06-02T07:00:00,3,4.47,false
1003,SKU002,produce,produce,2026-06-02T08:00:00,4,5.96,false
1003,SKU002,produce,produce,2026-06-02T09:00:00,3,4.47,false
1003,SKU002,produce,produce,2026-06-02T10:00:00,3,4.47,false
1003,SKU002,produce,produce,2026-06-02T11:00:00,6,8.94,false
1003,SKU002,produce,produce,2026-06-02T12:00:00,3,4.47,false
1003,SKU002,produce,produce,2026-06-02T13:00:00,4,5.96,false
1003,SKU002,produce,produce,2026-06-02T14:00:00,3,4.47,false
1003,SKU002,produce,produce,2026-06-02T15:00:00,3,4.47,false
1003,SKU002,produce,produce,2026-06-02T16:00:00,4,5.96,false
1003,SKU002,produce,produce,2026-06-02T17:00:00,7,10.43,false
1003,SKU002,produce,produce,2026-06-02T18:00:00,5,7.45,false
1003,SKU002,produce,produce,2026-06-02T19:00:00,3,4.47,false
1003,SKU002,produce,produce,2026-06-02T20:00:00,3,4.47,false
1003,SKU002,produce,produce,2026-06-02T21:00:00,4,5.96,false
1003,SKU002,produce,produce,2026-06-03T06:00:00,3,4.47,false
1003,SKU002,produce,produce,2026-06-03T07:00:00,3,4.47,false
1003,SKU002,produce,produce,2026-06-03T08:00:00,3,4.47,false
1003,SKU002,produce,produce,2026-06-03T09:00:00,4,5.96,false
1003,SKU002,produce,produce,2026-06-03T10:00:00,4,5.96,false
1003,SKU002,produce,produce,2026-06-03T11:00:00,7,10.43,false
1003,SKU002,produce,produce,2026-06-03T12:00:00,8,11.92,false
1003,SKU002,produce,produce,2026-06-03T13:00:00,3,4.47,false
1003,SKU002,produce,produce,2026-06-03T14:00:00,4,5.96,false
1003,SKU002,produce,produce,2026-06-03T15:00:00,3,4.47,false
1003,SKU002,produce,produce,2026-06-03T16:00:00,3,4.47,false
1003,SKU002,produce,produce,2026-06-03T17:00:00,2,2.98,false
1003,SKU002,produce,produce,2026-06-03T18:00:00,5,7.45,false
1003,SKU002,produce,produce,2026-06-03T19:00:00,6,8.94,false
1003,SKU002,produce,produce,2026-06-03T20:00:00,3,4.47,false
1003,SKU002,produce,produce,2026-06-03T21:00:00,3,4.47,false
1003,SKU002,produce,produce,2026-06-04T06:00:00,3,4.47,false
1003,SKU002,produce,produce,2026-06-04T07:00:00,4,5.96,false
1003,SKU002,produce,produce,2026-06-04T08:00:00,3,4.47,false
1003,SKU002,produce,produce,2026-06-04T09:00:00,3,4.47,false
1003,SKU002,produce,produce,2026-06-04T10:00:00,2,2.98,false
1003,SKU002,produce,produce,2026-06-04T11:00:00,4,5.96,false
1003,SKU002,produce,produce,2026-06-04T12:00:00,5,7.45,false
1003,SKU002,produce,produce,2026-06-04T13:00:00,3,4.47,false
1003,SKU002,produce,produce,2026-06-04T14:00:00,2,2.98,false
1003,SKU002,produce,produce,2026-06-04T15:00:00,4,5.96,false
1003,SKU002,produce,produce,2026-06-04T16:00:00,3,4.47,false
1003,SKU002,produce,produce,2026-06-04T17:00:00,5,7.45,false
1003,SKU002,produce,produce,2026-06-04T18:00:00,7,10.43,false
1003,SKU002,produce,produce,2026-06-04T19:00:00,1,1.49,false
1003,SKU002,produce,produce,2026-06-04T20:00:00,3,4.47,false
1003,SKU002,produce,produce,2026-06-04T21:00:00,3,4.47,false
1003,SKU003,dairy,dairy,2026-05-22T06:00:00,1,3.86,true
1003,SKU003,dairy,dairy,2026-05-22T07:00:00,3,11.58,true
1003,SKU003,dairy,dairy,2026-05-22T08:00:00,4,15.44,true
1003,SKU003,dairy,dairy,2026-05-22T09:00:00,6,23.17,true
1003,SKU003,dairy,dairy,2026-05-22T10:00:00,3,11.58,true
1003,SKU003,dairy,dairy,2026-05-22T11:00:00,6,23.17,true
1003,SKU003,dairy,dairy,2026-05-22T12:00:00,7,27.03,true
1003,SKU003,dairy,dairy,2026-05-22T13:00:00,4,15.44,true
1003,SKU003,dairy,dairy,2026-05-22T14:00:00,3,11.58,true
1003,SKU003,dairy,dairy,2026-05-22T15:00:00,6,23.17,true
1003,SKU003,dairy,dairy,2026-05-22T16:00:00,3,11.58,true
1003,SKU003,dairy,dairy,2026-05-22T17:00:00,6,23.17,true
1003,SKU003,dairy,dairy,2026-05-22T18:00:00,5,19.30,true
1003,SKU003,dairy,dairy,2026-05-22T19:00:00,3,11.58,true
1003,SKU003,dairy,dairy,2026-05-22T20:00:00,4,15.44,true
1003,SKU003,dairy,dairy,2026-05-22T21:00:00,2,7.72,true
1003,SKU003,dairy,dairy,2026-05-23T06:00:00,3,11.58,true
1003,SKU003,dairy,dairy,2026-05-23T07:00:00,5,19.30,true
1003,SKU003,dairy,dairy,2026-05-23T08:00:00,3,11.58,true
1003,SKU003,dairy,dairy,2026-05-23T09:00:00,5,19.30,true
1003,SKU003,dairy,dairy,2026-05-23T10:00:00,4,15.44,true
1003,SKU003,dairy,dairy,2026-05-23T11:00:00,9,34.75,true
1003,SKU003,dairy,dairy,2026-05-23T12:00:00,7,27.03,true
1003,SKU003,dairy,dairy,2026-05-23T13:00:00,3,11.58,true
1003,SKU003,dairy,dairy,2026-05-23T14:00:00,3,11.58,true
1003,SKU003,dairy,dairy,2026-05-23T15:00:00,4,15.44,true
1003,SKU003,dairy,dairy,2026-05-23T16:00:00,3,11.58,true
1003,SKU003,dairy,dairy,2026-05-23T17:00:00,7,27.03,true
1003,SKU003,dairy,dairy,2026-05-23T18:00:00,8,30.89,true
1003,SKU003,dairy,dairy,2026-05-23T19:00:00,4,15.44,true
1003,SKU003,dairy,dairy,2026-05-23T20:00:00,3,11.58,true
1003,SKU003,dairy,dairy,2026-05-23T21:00:00,2,7.72,true
1003,SKU003,dairy,dairy,2026-05-24T06:00:00,1,3.86,true
1003,SKU003,dairy,dairy,2026-05-24T07:00:00,3,11.58,true
1003,SKU003,dairy,dairy,2026-05-24T08:00:00,5,19.30,true
1003,SKU003,dairy,dairy,2026-05-24T09:00:00,3,11.58,true
1003,SKU003,dairy,dairy,2026-05-24T10:00:00,4,15.44,true
1003,SKU003,dairy,dairy,2026-05-24T11:00:00,7,27.03,true
1003,SKU003,dairy,dairy,2026-05-24T12:00:00,4,15.44,true
1003,SKU003,dairy,dairy,2026-05-24T13:00:00,3,11.58,true
1003,SKU003,dairy,dairy,2026-05-24T14:00:00,7,27.03,true
1003,SKU003,dairy,dairy,2026-05-24T15:00:00,4,15.44,true
1003,SKU003,dairy,dairy,2026-05-24T16:00:00,3,11.58,true
1003,SKU003,dairy,dairy,2026-05-24T17:00:00,5,19.30,true
1003,SKU003,dairy,dairy,2026-05-24T18:00:00,8,30.89,true
1003,SKU003,dairy,dairy,2026-05-24T19:00:00,5,19.30,true
1003,SKU003,dairy,dairy,2026-05-24T20:00:00,4,15.44,true
1003,SKU003,dairy,dairy,2026-05-24T21:00:00,2,7.72,true
1003,SKU003,dairy,dairy,2026-05-25T06:00:00,3,12.87,false
1003,SKU003,dairy,dairy,2026-05-25T07:00:00,4,17.16,false
1003,SKU003,dairy,dairy,2026-05-25T08:00:00,3,12.87,false
1003,SKU003,dairy,dairy,2026-05-25T09:00:00,4,17.16,false
1003,SKU003,dairy,dairy,2026-05-25T10:00:00,3,12.87,false
1003,SKU003,dairy,dairy,2026-05-25T11:00:00,2,8.58,false
1003,SKU003,dairy,dairy,2026-05-25T12:00:00,3,12.87,false
1003,SKU003,dairy,dairy,2026-05-25T13:00:00,3,12.87,false
1003,SKU003,dairy,dairy,2026-05-25T14:00:00,2,8.58,false
1003,SKU003,dairy,dairy,2026-05-25T15:00:00,3,12.87,false
1003,SKU003,dairy,dairy,2026-05-25T16:00:00,3,12.87,false
1003,SKU003,dairy,dairy,2026-05-25T17:00:00,4,17.16,false
1003,SKU003,dairy,dairy,2026-05-25T18:00:00,4,17.16,false
1003,SKU003,dairy,dairy,2026-05-25T19:00:00,2,8.58,false
1003,SKU003,dairy,dairy,2026-05-25T20:00:00,1,4.29,false
1003,SKU003,dairy,dairy,2026-05-25T21:00:00,5,21.45,false
1003,SKU003,dairy,dairy,2026-05-26T06:00:00,1,4.29,false
1003,SKU003,dairy,dairy,2026-05-26T07:00:00,2,8.58,false
1003,SKU003,dairy,dairy,2026-05-26T08:00:00,2,8.58,false
1003,SKU003,dairy,dairy,2026-05-26T09:00:00,4,17.16,false
1003,SKU003,dairy,dairy,2026-05-26T10:00:00,3,12.87,false
1003,SKU003,dairy,dairy,2026-05-26T11:00:00,5,21.45,false
1003,SKU003,dairy,dairy,2026-05-26T12:00:00,4,17.16,false
1003,SKU003,dairy,dairy,2026-05-26T13:00:00,2,8.58,false
1003,SKU003,dairy,dairy,2026-05-26T14:00:00,3,12.87,false
1003,SKU003,dairy,dairy,2026-05-26T15:00:00,4,17.16,false
1003,SKU003,dairy,dairy,2026-05-26T16:00:00,3,12.87,false
1003,SKU003,dairy,dairy,2026-05-26T17:00:00,4,17.16,false
1003,SKU003,dairy,dairy,2026-05-26T18:00:00,5,21.45,false
1003,SKU003,dairy,dairy,2026-05-26T19:00:00,2,8.58,false
1003,SKU003,dairy,dairy,2026-05-26T20:00:00,1,4.29,false
1003,SKU003,dairy,dairy,2026-05-26T21:00:00,2,8.58,false
1003,SKU003,dairy,dairy,2026-05-27T06:00:00,3,12.87,false
1003,SKU003,dairy,dairy,2026-05-27T07:00:00,3,12.87,false
1003,SKU003,dairy,dairy,2026-05-27T08:00:00,3,12.87,false
1003,SKU003,dairy,dairy,2026-05-27T09:00:00,3,12.87,false
1003,SKU003,dairy,dairy,2026-05-27T10:00:00,3,12.87,false
1003,SKU003,dairy,dairy,2026-05-27T11:00:00,4,17.16,false
1003,SKU003,dairy,dairy,2026-05-27T12:00:00,4,17.16,false
1003,SKU003,dairy,dairy,2026-05-27T13:00:00,1,4.29,false
1003,SKU003,dairy,dairy,2026-05-27T14:00:00,2,8.58,false
1003,SKU003,dairy,dairy,2026-05-27T15:00:00,3,12.87,false
1003,SKU003,dairy,dairy,2026-05-27T16:00:00,2,8.58,false
1003,SKU003,dairy,dairy,2026-05-27T17:00:00,6,25.74,false
1003,SKU003,dairy,dairy,2026-05-27T18:00:00,4,17.16,false
1003,SKU003,dairy,dairy,2026-05-27T19:00:00,3,12.87,false
1003,SKU003,dairy,dairy,2026-05-27T20:00:00,4,17.16,false
1003,SKU003,dairy,dairy,2026-05-27T21:00:00,3,12.87,false
1003,SKU003,dairy,dairy,2026-05-28T06:00:00,3,12.87,false
1003,SKU003,dairy,dairy,2026-05-28T07:00:00,4,17.16,false
1003,SKU003,dairy,dairy,2026-05-28T08:00:00,3,12.87,false
1003,SKU003,dairy,dairy,2026-05-28T09:00:00,4,17.16,false
1003,SKU003,dairy,dairy,2026-05-28T10:00:00,5,21.45,false
1003,SKU003,dairy,dairy,2026-05-28T11:00:00,7,30.03,false
1003,SKU003,dairy,dairy,2026-05-28T12:00:00,5,21.45,false
1003,SKU003,dairy,dairy,2026-05-28T13:00:00,3,12.87,false
1003,SKU003,dairy,dairy,2026-05-28T14:00:00,2,8.58,false
1003,SKU003,dairy,dairy,2026-05-28T15:00:00,3,12.87,false
1003,SKU003,dairy,dairy,2026-05-28T16:00:00,3,12.87,false
1003,SKU003,dairy,dairy,2026-05-28T17:00:00,4,17.16,false
1003,SKU003,dairy,dairy,2026-05-28T18:00:00,5,21.45,false
1003,SKU003,dairy,dairy,2026-05-28T19:00:00,3,12.87,false
1003,SKU003,dairy,dairy,2026-05-28T20:00:00,1,4.29,false
1003,SKU003,dairy,dairy,2026-05-28T21:00:00,3,12.87,false
1003,SKU003,dairy,dairy,2026-05-29T06:00:00,3,11.58,true
1003,SKU003,dairy,dairy,2026-05-29T07:00:00,5,19.30,true
1003,SKU003,dairy,dairy,2026-05-29T08:00:00,3,11.58,true
1003,SKU003,dairy,dairy,2026-05-29T09:00:00,5,19.30,true
1003,SKU003,dairy,dairy,2026-05-29T10:00:00,6,23.17,true
1003,SKU003,dairy,dairy,2026-05-29T11:00:00,5,19.30,true
1003,SKU003,dairy,dairy,2026-05-29T12:00:00,6,23.17,true
1003,SKU003,dairy,dairy,2026-05-29T13:00:00,6,23.17,true
1003,SKU003,dairy,dairy,2026-05-29T14:00:00,6,23.17,true
1003,SKU003,dairy,dairy,2026-05-29T15:00:00,3,11.58,true
1003,SKU003,dairy,dairy,2026-05-29T16:00:00,3,11.58,true
1003,SKU003,dairy,dairy,2026-05-29T17:00:00,6,23.17,true
1003,SKU003,dairy,dairy,2026-05-29T18:00:00,5,19.30,true
1003,SKU003,dairy,dairy,2026-05-29T19:00:00,6,23.17,true
1003,SKU003,dairy,dairy,2026-05-29T20:00:00,5,19.30,true
1003,SKU003,dairy,dairy,2026-05-29T21:00:00,5,19.30,true
1003,SKU003,dairy,dairy,2026-05-30T06:00:00,3,11.58,true
1003,SKU003,dairy,dairy,2026-05-30T07:00:00,2,7.72,true
1003,SKU003,dairy,dairy,2026-05-30T08:00:00,3,11.58,true
1003,SKU003,dairy,dairy,2026-05-30T09:00:00,6,23.17,true
1003,SKU003,dairy,dairy,2026-05-30T10:00:00,3,11.58,true
1003,SKU003,dairy,dairy,2026-05-30T11:00:00,4,15.44,true
1003,SKU003,dairy,dairy,2026-05-30T12:00:00,6,23.17,true
1003,SKU003,dairy,dairy,2026-05-30T13:00:00,3,11.58,true
1003,SKU003,dairy,dairy,2026-05-30T14:00:00,5,19.30,true
1003,SKU003,dairy,dairy,2026-05-30T15:00:00,3,11.58,true
1003,SKU003,dairy,dairy,2026-05-30T16:00:00,3,11.58,true
1003,SKU003,dairy,dairy,2026-05-30T17:00:00,7,27.03,true
1003,SKU003,dairy,dairy,2026-05-30T18:00:00,5,19.30,true
1003,SKU003,dairy,dairy,2026-05-30T19:00:00,5,19.30,true
1003,SKU003,dairy,dairy,2026-05-30T20:00:00,2,7.72,true
1003,SKU003,dairy,dairy,2026-05-30T21:00:00,2,7.72,true
1003,SKU003,dairy,dairy,2026-05-31T06:00:00,3,11.58,true
1003,SKU003,dairy,dairy,2026-05-31T07:00:00,4,15.44,true
1003,SKU003,dairy,dairy,2026-05-31T08:00:00,4,15.44,true
1003,SKU003,dairy,dairy,2026-05-31T09:00:00,4,15.44,true
1003,SKU003,dairy,dairy,2026-05-31T10:00:00,2,7.72,true
1003,SKU003,dairy,dairy,2026-05-31T11:00:00,7,27.03,true
1003,SKU003,dairy,dairy,2026-05-31T12:00:00,9,34.75,true
1003,SKU003,dairy,dairy,2026-05-31T13:00:00,2,7.72,true
1003,SKU003,dairy,dairy,2026-05-31T14:00:00,6,23.17,true
1003,SKU003,dairy,dairy,2026-05-31T15:00:00,4,15.44,true
1003,SKU003,dairy,dairy,2026-05-31T16:00:00,3,11.58,true
1003,SKU003,dairy,dairy,2026-05-31T17:00:00,5,19.30,true
1003,SKU003,dairy,dairy,2026-05-31T18:00:00,9,34.75,true
1003,SKU003,dairy,dairy,2026-05-31T19:00:00,4,15.44,true
1003,SKU003,dairy,dairy,2026-05-31T20:00:00,4,15.44,true
1003,SKU003,dairy,dairy,2026-05-31T21:00:00,3,11.58,true
1003,SKU003,dairy,dairy,2026-06-01T06:00:00,3,12.87,false
1003,SKU003,dairy,dairy,2026-06-01T07:00:00,2,8.58,false
1003,SKU003,dairy,dairy,2026-06-01T08:00:00,3,12.87,false
1003,SKU003,dairy,dairy,2026-06-01T09:00:00,3,12.87,false
1003,SKU003,dairy,dairy,2026-06-01T10:00:00,2,8.58,false
1003,SKU003,dairy,dairy,2026-06-01T11:00:00,5,21.45,false
1003,SKU003,dairy,dairy,2026-06-01T12:00:00,3,12.87,false
1003,SKU003,dairy,dairy,2026-06-01T13:00:00,3,12.87,false
1003,SKU003,dairy,dairy,2026-06-01T14:00:00,3,12.87,false
1003,SKU003,dairy,dairy,2026-06-01T15:00:00,3,12.87,false
1003,SKU003,dairy,dairy,2026-06-01T16:00:00,1,4.29,false
1003,SKU003,dairy,dairy,2026-06-01T17:00:00,4,17.16,false
1003,SKU003,dairy,dairy,2026-06-01T18:00:00,4,17.16,false
1003,SKU003,dairy,dairy,2026-06-01T19:00:00,1,4.29,false
1003,SKU003,dairy,dairy,2026-06-01T20:00:00,3,12.87,false
1003,SKU003,dairy,dairy,2026-06-01T21:00:00,3,12.87,false
1003,SKU003,dairy,dairy,2026-06-02T06:00:00,3,12.87,false
1003,SKU003,dairy,dairy,2026-06-02T07:00:00,3,12.87,false
1003,SKU003,dairy,dairy,2026-06-02T08:00:00,2,8.58,false
1003,SKU003,dairy,dairy,2026-06-02T09:00:00,4,17.16,false
1003,SKU003,dairy,dairy,2026-06-02T10:00:00,2,8.58,false
1003,SKU003,dairy,dairy,2026-06-02T11:00:00,4,17.16,false
1003,SKU003,dairy,dairy,2026-06-02T12:00:00,2,8.58,false
1003,SKU003,dairy,dairy,2026-06-02T13:00:00,4,17.16,false
1003,SKU003,dairy,dairy,2026-06-02T14:00:00,3,12.87,false
1003,SKU003,dairy,dairy,2026-06-02T15:00:00,3,12.87,false
1003,SKU003,dairy,dairy,2026-06-02T16:00:00,1,4.29,false
1003,SKU003,dairy,dairy,2026-06-02T17:00:00,3,12.87,false
1003,SKU003,dairy,dairy,2026-06-02T18:00:00,3,12.87,false
1003,SKU003,dairy,dairy,2026-06-02T19:00:00,2,8.58,false
1003,SKU003,dairy,dairy,2026-06-02T20:00:00,1,4.29,false
1003,SKU003,dairy,dairy,2026-06-02T21:00:00,4,17.16,false
1003,SKU003,dairy,dairy,2026-06-03T06:00:00,3,12.87,false
1003,SKU003,dairy,dairy,2026-06-03T07:00:00,2,8.58,false
1003,SKU003,dairy,dairy,2026-06-03T08:00:00,1,4.29,false
1003,SKU003,dairy,dairy,2026-06-03T09:00:00,2,8.58,false
1003,SKU003,dairy,dairy,2026-06-03T10:00:00,3,12.87,false
1003,SKU003,dairy,dairy,2026-06-03T11:00:00,6,25.74,false
1003,SKU003,dairy,dairy,2026-06-03T12:00:00,1,4.29,false
1003,SKU003,dairy,dairy,2026-06-03T13:00:00,3,12.87,false
1003,SKU003,dairy,dairy,2026-06-03T14:00:00,1,4.29,false
1003,SKU003,dairy,dairy,2026-06-03T15:00:00,2,8.58,false
1003,SKU003,dairy,dairy,2026-06-03T16:00:00,3,12.87,false
1003,SKU003,dairy,dairy,2026-06-03T17:00:00,5,21.45,false
1003,SKU003,dairy,dairy,2026-06-03T18:00:00,5,21.45,false
1003,SKU003,dairy,dairy,2026-06-03T19:00:00,2,8.58,false
1003,SKU003,dairy,dairy,2026-06-03T20:00:00,3,12.87,false
1003,SKU003,dairy,dairy,2026-06-03T21:00:00,3,12.87,false
1003,SKU003,dairy,dairy,2026-06-04T06:00:00,4,17.16,false
1003,SKU003,dairy,dairy,2026-06-04T07:00:00,3,12.87,false
1003,SKU003,dairy,dairy,2026-06-04T08:00:00,5,21.45,false
1003,SKU003,dairy,dairy,2026-06-04T09:00:00,2,8.58,false
1003,SKU003,dairy,dairy,2026-06-04T10:00:00,2,8.58,false
1003,SKU003,dairy,dairy,2026-06-04T11:00:00,5,21.45,false
1003,SKU003,dairy,dairy,2026-06-04T12:00:00,4,17.16,false
1003,SKU003,dairy,dairy,2026-06-04T13:00:00,2,8.58,false
1003,SKU003,dairy,dairy,2026-06-04T14:00:00,3,12.87,false
1003,SKU003,dairy,dairy,2026-06-04T15:00:00,4,17.16,false
1003,SKU003,dairy,dairy,2026-06-04T16:00:00,1,4.29,false
1003,SKU003,dairy,dairy,2026-06-04T17:00:00,3,12.87,false
1003,SKU003,dairy,dairy,2026-06-04T18:00:00,4,17.16,false
1003,SKU003,dairy,dairy,2026-06-04T19:00:00,2,8.58,false
1003,SKU003,dairy,dairy,2026-06-04T20:00:00,4,17.16,false
1003,SKU003,dairy,dairy,2026-06-04T21:00:00,4,17.16,false
1003,SKU004,dairy,dairy,2026-05-22T06:00:00,1,1.39,false
1003,SKU004,dairy,dairy,2026-05-22T07:00:00,2,2.78,false
1003,SKU004,dairy,dairy,2026-05-22T08:00:00,1,1.39,false
1003,SKU004,dairy,dairy,2026-05-22T09:00:00,2,2.78,false
1003,SKU004,dairy,dairy,2026-05-22T10:00:00,2,2.78,false
1003,SKU004,dairy,dairy,2026-05-22T11:00:00,3,4.17,false
1003,SKU004,dairy,dairy,2026-05-22T12:00:00,2,2.78,false
1003,SKU004,dairy,dairy,2026-05-22T13:00:00,1,1.39,false
1003,SKU004,dairy,dairy,2026-05-22T14:00:00,3,4.17,false
1003,SKU004,dairy,dairy,2026-05-22T16:00:00,3,4.17,false
1003,SKU004,dairy,dairy,2026-05-22T17:00:00,4,5.56,false
1003,SKU004,dairy,dairy,2026-05-22T18:00:00,1,1.39,false
1003,SKU004,dairy,dairy,2026-05-22T19:00:00,2,2.78,false
1003,SKU004,dairy,dairy,2026-05-22T20:00:00,2,2.78,false
1003,SKU004,dairy,dairy,2026-05-22T21:00:00,2,2.78,false
1003,SKU004,dairy,dairy,2026-05-23T06:00:00,3,4.17,false
1003,SKU004,dairy,dairy,2026-05-23T09:00:00,1,1.39,false
1003,SKU004,dairy,dairy,2026-05-23T10:00:00,2,2.78,false
1003,SKU004,dairy,dairy,2026-05-23T11:00:00,3,4.17,false
1003,SKU004,dairy,dairy,2026-05-23T12:00:00,2,2.78,false
1003,SKU004,dairy,dairy,2026-05-23T13:00:00,1,1.39,false
1003,SKU004,dairy,dairy,2026-05-23T14:00:00,1,1.39,false
1003,SKU004,dairy,dairy,2026-05-23T15:00:00,2,2.78,false
1003,SKU004,dairy,dairy,2026-05-23T16:00:00,1,1.39,false
1003,SKU004,dairy,dairy,2026-05-23T17:00:00,4,5.56,false
1003,SKU004,dairy,dairy,2026-05-23T18:00:00,3,4.17,false
1003,SKU004,dairy,dairy,2026-05-23T19:00:00,2,2.78,false
1003,SKU004,dairy,dairy,2026-05-23T20:00:00,1,1.39,false
1003,SKU004,dairy,dairy,2026-05-23T21:00:00,2,2.78,false
1003,SKU004,dairy,dairy,2026-05-24T06:00:00,2,2.78,false
1003,SKU004,dairy,dairy,2026-05-24T07:00:00,1,1.39,false
1003,SKU004,dairy,dairy,2026-05-24T08:00:00,2,2.78,false
1003,SKU004,dairy,dairy,2026-05-24T09:00:00,2,2.78,false
1003,SKU004,dairy,dairy,2026-05-24T10:00:00,1,1.39,false
1003,SKU004,dairy,dairy,2026-05-24T11:00:00,2,2.78,false
1003,SKU004,dairy,dairy,2026-05-24T12:00:00,4,5.56,false
1003,SKU004,dairy,dairy,2026-05-24T13:00:00,1,1.39,false
1003,SKU004,dairy,dairy,2026-05-24T14:00:00,1,1.39,false
1003,SKU004,dairy,dairy,2026-05-24T15:00:00,3,4.17,false
1003,SKU004,dairy,dairy,2026-05-24T16:00:00,2,2.78,false
1003,SKU004,dairy,dairy,2026-05-24T17:00:00,3,4.17,false
1003,SKU004,dairy,dairy,2026-05-24T18:00:00,3,4.17,false
1003,SKU004,dairy,dairy,2026-05-24T19:00:00,3,4.17,false
1003,SKU004,dairy,dairy,2026-05-24T20:00:00,2,2.78,false
1003,SKU004,dairy,dairy,2026-05-24T21:00:00,2,2.78,false
1003,SKU004,dairy,dairy,2026-05-25T06:00:00,2,2.78,false
1003,SKU004,dairy,dairy,2026-05-25T07:00:00,4,5.56,false
1003,SKU004,dairy,dairy,2026-05-25T08:00:00,1,1.39,false
1003,SKU004,dairy,dairy,2026-05-25T09:00:00,3,4.17,false
1003,SKU004,dairy,dairy,2026-05-25T10:00:00,3,4.17,false
1003,SKU004,dairy,dairy,2026-05-25T11:00:00,4,5.56,false
1003,SKU004,dairy,dairy,2026-05-25T12:00:00,3,4.17,false
1003,SKU004,dairy,dairy,2026-05-25T13:00:00,2,2.78,false
1003,SKU004,dairy,dairy,2026-05-25T14:00:00,1,1.39,false
1003,SKU004,dairy,dairy,2026-05-25T15:00:00,2,2.78,false
1003,SKU004,dairy,dairy,2026-05-25T16:00:00,1,1.39,false
1003,SKU004,dairy,dairy,2026-05-25T17:00:00,3,4.17,false
1003,SKU004,dairy,dairy,2026-05-25T18:00:00,2,2.78,false
1003,SKU004,dairy,dairy,2026-05-25T19:00:00,1,1.39,false
1003,SKU004,dairy,dairy,2026-05-25T20:00:00,2,2.78,false
1003,SKU004,dairy,dairy,2026-05-25T21:00:00,1,1.39,false
1003,SKU004,dairy,dairy,2026-05-26T06:00:00,2,2.78,false
1003,SKU004,dairy,dairy,2026-05-26T07:00:00,1,1.39,false
1003,SKU004,dairy,dairy,2026-05-26T08:00:00,1,1.39,false
1003,SKU004,dairy,dairy,2026-05-26T09:00:00,2,2.78,false
1003,SKU004,dairy,dairy,2026-05-26T10:00:00,2,2.78,false
1003,SKU004,dairy,dairy,2026-05-26T11:00:00,3,4.17,false
1003,SKU004,dairy,dairy,2026-05-26T12:00:00,3,4.17,false
1003,SKU004,dairy,dairy,2026-05-26T13:00:00,3,4.17,false
1003,SKU004,dairy,dairy,2026-05-26T14:00:00,3,4.17,false
1003,SKU004,dairy,dairy,2026-05-26T16:00:00,3,4.17,false
1003,SKU004,dairy,dairy,2026-05-26T17:00:00,5,6.95,false
1003,SKU004,dairy,dairy,2026-05-26T18:00:00,3,4.17,false
1003,SKU004,dairy,dairy,2026-05-26T19:00:00,1,1.39,false
1003,SKU004,dairy,dairy,2026-05-26T20:00:00,2,2.78,false
1003,SKU004,dairy,dairy,2026-05-26T21:00:00,5,6.95,false
1003,SKU004,dairy,dairy,2026-05-27T06:00:00,1,1.39,false
1003,SKU004,dairy,dairy,2026-05-27T07:00:00,3,4.17,false
1003,SKU004,dairy,dairy,2026-05-27T08:00:00,2,2.78,false
1003,SKU004,dairy,dairy,2026-05-27T09:00:00,1,1.39,false
1003,SKU004,dairy,dairy,2026-05-27T10:00:00,3,4.17,false
1003,SKU004,dairy,dairy,2026-05-27T11:00:00,2,2.78,false
1003,SKU004,dairy,dairy,2026-05-27T12:00:00,4,5.56,false
1003,SKU004,dairy,dairy,2026-05-27T13:00:00,1,1.39,false
1003,SKU004,dairy,dairy,2026-05-27T14:00:00,2,2.78,false
1003,SKU004,dairy,dairy,2026-05-27T15:00:00,3,4.17,false
1003,SKU004,dairy,dairy,2026-05-27T16:00:00,1,1.39,false
1003,SKU004,dairy,dairy,2026-05-27T17:00:00,4,5.56,false
1003,SKU004,dairy,dairy,2026-05-27T18:00:00,4,5.56,false
1003,SKU004,dairy,dairy,2026-05-27T19:00:00,1,1.39,false
1003,SKU004,dairy,dairy,2026-05-27T21:00:00,3,4.17,false
1003,SKU004,dairy,dairy,2026-05-28T06:00:00,1,1.39,false
1003,SKU004,dairy,dairy,2026-05-28T07:00:00,2,2.78,false
1003,SKU004,dairy,dairy,2026-05-28T08:00:00,1,1.39,false
1003,SKU004,dairy,dairy,2026-05-28T09:00:00,2,2.78,false
1003,SKU004,dairy,dairy,2026-05-28T10:00:00,3,4.17,false
1003,SKU004,dairy,dairy,2026-05-28T11:00:00,3,4.17,false
1003,SKU004,dairy,dairy,2026-05-28T12:00:00,5,6.95,false
1003,SKU004,dairy,dairy,2026-05-28T13:00:00,2,2.78,false
1003,SKU004,dairy,dairy,2026-05-28T14:00:00,2,2.78,false
1003,SKU004,dairy,dairy,2026-05-28T15:00:00,2,2.78,false
1003,SKU004,dairy,dairy,2026-05-28T16:00:00,3,4.17,false
1003,SKU004,dairy,dairy,2026-05-28T17:00:00,2,2.78,false
1003,SKU004,dairy,dairy,2026-05-28T18:00:00,4,5.56,false
1003,SKU004,dairy,dairy,2026-05-28T19:00:00,3,4.17,false
1003,SKU004,dairy,dairy,2026-05-28T20:00:00,2,2.78,false
1003,SKU004,dairy,dairy,2026-05-28T21:00:00,2,2.78,false
1003,SKU004,dairy,dairy,2026-05-29T06:00:00,3,4.17,false
1003,SKU004,dairy,dairy,2026-05-29T07:00:00,2,2.78,false
1003,SKU004,dairy,dairy,2026-05-29T08:00:00,1,1.39,false
1003,SKU004,dairy,dairy,2026-05-29T09:00:00,1,1.39,false
1003,SKU004,dairy,dairy,2026-05-29T10:00:00,3,4.17,false
1003,SKU004,dairy,dairy,2026-05-29T11:00:00,2,2.78,false
1003,SKU004,dairy,dairy,2026-05-29T12:00:00,3,4.17,false
1003,SKU004,dairy,dairy,2026-05-29T13:00:00,2,2.78,false
1003,SKU004,dairy,dairy,2026-05-29T14:00:00,3,4.17,false
1003,SKU004,dairy,dairy,2026-05-29T15:00:00,2,2.78,false
1003,SKU004,dairy,dairy,2026-05-29T17:00:00,2,2.78,false
1003,SKU004,dairy,dairy,2026-05-29T18:00:00,2,2.78,false
1003,SKU004,dairy,dairy,2026-05-29T19:00:00,2,2.78,false
1003,SKU004,dairy,dairy,2026-05-29T20:00:00,2,2.78,false
1003,SKU004,dairy,dairy,2026-05-29T21:00:00,1,1.39,false
1003,SKU004,dairy,dairy,2026-05-30T06:00:00,2,2.78,false
1003,SKU004,dairy,dairy,2026-05-30T07:00:00,1,1.39,false
1003,SKU004,dairy,dairy,2026-05-30T08:00:00,3,4.17,false
1003,SKU004,dairy,dairy,2026-05-30T09:00:00,2,2.78,false
1003,SKU004,dairy,dairy,2026-05-30T11:00:00,4,5.56,false
1003,SKU004,dairy,dairy,2026-05-30T12:00:00,3,4.17,false
1003,SKU004,dairy,dairy,2026-05-30T13:00:00,3,4.17,false
1003,SKU004,dairy,dairy,2026-05-30T14:00:00,2,2.78,false
1003,SKU004,dairy,dairy,2026-05-30T15:00:00,2,2.78,false
1003,SKU004,dairy,dairy,2026-05-30T16:00:00,1,1.39,false
1003,SKU004,dairy,dairy,2026-05-30T17:00:00,5,6.95,false
1003,SKU004,dairy,dairy,2026-05-30T18:00:00,3,4.17,false
1003,SKU004,dairy,dairy,2026-05-30T19:00:00,2,2.78,false
1003,SKU004,dairy,dairy,2026-05-30T20:00:00,4,5.56,false
1003,SKU004,dairy,dairy,2026-05-30T21:00:00,3,4.17,false
1003,SKU004,dairy,dairy,2026-05-31T06:00:00,2,2.78,false
1003,SKU004,dairy,dairy,2026-05-31T08:00:00,2,2.78,false
1003,SKU004,dairy,dairy,2026-05-31T09:00:00,4,5.56,false
1003,SKU004,dairy,dairy,2026-05-31T10:00:00,3,4.17,false
1003,SKU004,dairy,dairy,2026-05-31T11:00:00,2,2.78,false
1003,SKU004,dairy,dairy,2026-05-31T12:00:00,3,4.17,false
1003,SKU004,dairy,dairy,2026-05-31T13:00:00,1,1.39,false
1003,SKU004,dairy,dairy,2026-05-31T14:00:00,1,1.39,false
1003,SKU004,dairy,dairy,2026-05-31T15:00:00,1,1.39,false
1003,SKU004,dairy,dairy,2026-05-31T16:00:00,2,2.78,false
1003,SKU004,dairy,dairy,2026-05-31T17:00:00,5,6.95,false
1003,SKU004,dairy,dairy,2026-05-31T18:00:00,2,2.78,false
1003,SKU004,dairy,dairy,2026-05-31T19:00:00,2,2.78,false
1003,SKU004,dairy,dairy,2026-05-31T20:00:00,1,1.39,false
1003,SKU004,dairy,dairy,2026-05-31T21:00:00,2,2.78,false
1003,SKU004,dairy,dairy,2026-06-01T07:00:00,1,1.39,false
1003,SKU004,dairy,dairy,2026-06-01T08:00:00,2,2.78,false
1003,SKU004,dairy,dairy,2026-06-01T09:00:00,4,5.56,false
1003,SKU004,dairy,dairy,2026-06-01T10:00:00,2,2.78,false
1003,SKU004,dairy,dairy,2026-06-01T11:00:00,4,5.56,false
1003,SKU004,dairy,dairy,2026-06-01T12:00:00,3,4.17,false
1003,SKU004,dairy,dairy,2026-06-01T13:00:00,3,4.17,false
1003,SKU004,dairy,dairy,2026-06-01T14:00:00,1,1.39,false
1003,SKU004,dairy,dairy,2026-06-01T15:00:00,3,4.17,false
1003,SKU004,dairy,dairy,2026-06-01T16:00:00,4,5.56,false
1003,SKU004,dairy,dairy,2026-06-01T17:00:00,3,4.17,false
1003,SKU004,dairy,dairy,2026-06-01T18:00:00,4,5.56,false
1003,SKU004,dairy,dairy,2026-06-01T19:00:00,2,2.78,false
1003,SKU004,dairy,dairy,2026-06-01T20:00:00,3,4.17,false
1003,SKU004,dairy,dairy,2026-06-01T21:00:00,2,2.78,false
1003,SKU004,dairy,dairy,2026-06-02T06:00:00,1,1.39,false
1003,SKU004,dairy,dairy,2026-06-02T07:00:00,3,4.17,false
1003,SKU004,dairy,dairy,2026-06-02T11:00:00,3,4.17,false
1003,SKU004,dairy,dairy,2026-06-02T13:00:00,1,1.39,false
1003,SKU004,dairy,dairy,2026-06-02T14:00:00,1,1.39,false
1003,SKU004,dairy,dairy,2026-06-02T15:00:00,2,2.78,false
1003,SKU004,dairy,dairy,2026-06-02T16:00:00,3,4.17,false
1003,SKU004,dairy,dairy,2026-06-02T17:00:00,3,4.17,false
1003,SKU004,dairy,dairy,2026-06-02T18:00:00,3,4.17,false
1003,SKU004,dairy,dairy,2026-06-02T19:00:00,2,2.78,false
1003,SKU004,dairy,dairy,2026-06-02T20:00:00,3,4.17,false
1003,SKU004,dairy,dairy,2026-06-02T21:00:00,3,4.17,false
1003,SKU004,dairy,dairy,2026-06-03T06:00:00,1,1.39,false
1003,SKU004,dairy,dairy,2026-06-03T07:00:00,3,4.17,false
1003,SKU004,dairy,dairy,2026-06-03T08:00:00,2,2.78,false
1003,SKU004,dairy,dairy,2026-06-03T09:00:00,3,4.17,false
1003,SKU004,dairy,dairy,2026-06-03T10:00:00,2,2.78,false
1003,SKU004,dairy,dairy,2026-06-03T11:00:00,3,4.17,false
1003,SKU004,dairy,dairy,2026-06-03T12:00:00,3,4.17,false
1003,SKU004,dairy,dairy,2026-06-03T13:00:00,2,2.78,false
1003,SKU004,dairy,dairy,2026-06-03T14:00:00,2,2.78,false
1003,SKU004,dairy,dairy,2026-06-03T15:00:00,3,4.17,false
1003,SKU004,dairy,dairy,2026-06-03T16:00:00,2,2.78,false
1003,SKU004,dairy,dairy,2026-06-03T17:00:00,4,5.56,false
1003,SKU004,dairy,dairy,2026-06-03T18:00:00,4,5.56,false
1003,SKU004,dairy,dairy,2026-06-03T19:00:00,2,2.78,false
1003,SKU004,dairy,dairy,2026-06-03T21:00:00,3,4.17,false
1003,SKU004,dairy,dairy,2026-06-04T06:00:00,2,2.78,false
1003,SKU004,dairy,dairy,2026-06-04T07:00:00,2,2.78,false
1003,SKU004,dairy,dairy,2026-06-04T09:00:00,3,4.17,false
1003,SKU004,dairy,dairy,2026-06-04T10:00:00,2,2.78,false
1003,SKU004,dairy,dairy,2026-06-04T11:00:00,3,4.17,false
1003,SKU004,dairy,dairy,2026-06-04T13:00:00,2,2.78,false
1003,SKU004,dairy,dairy,2026-06-04T14:00:00,3,4.17,false
1003,SKU004,dairy,dairy,2026-06-04T15:00:00,1,1.39,false
1003,SKU004,dairy,dairy,2026-06-04T16:00:00,3,4.17,false
1003,SKU004,dairy,dairy,2026-06-04T17:00:00,4,5.56,false
1003,SKU004,dairy,dairy,2026-06-04T18:00:00,3,4.17,false
1003,SKU004,dairy,dairy,2026-06-04T19:00:00,3,4.17,false
1003,SKU004,dairy,dairy,2026-06-04T20:00:00,3,4.17,false
1003,SKU005,meat,meat,2026-05-22T06:00:00,1,8.49,false
1003,SKU005,meat,meat,2026-05-22T07:00:00,3,25.47,false
1003,SKU005,meat,meat,2026-05-22T08:00:00,3,25.47,false
1003,SKU005,meat,meat,2026-05-22T09:00:00,2,16.98,false
1003,SKU005,meat,meat,2026-05-22T10:00:00,5,42.45,false
1003,SKU005,meat,meat,2026-05-22T11:00:00,5,42.45,false
1003,SKU005,meat,meat,2026-05-22T12:00:00,3,25.47,false
1003,SKU005,meat,meat,2026-05-22T13:00:00,1,8.49,false
1003,SKU005,meat,meat,2026-05-22T14:00:00,3,25.47,false
1003,SKU005,meat,meat,2026-05-22T15:00:00,2,16.98,false
1003,SKU005,meat,meat,2026-05-22T16:00:00,3,25.47,false
1003,SKU005,meat,meat,2026-05-22T17:00:00,3,25.47,false
1003,SKU005,meat,meat,2026-05-22T18:00:00,3,25.47,false
1003,SKU005,meat,meat,2026-05-22T19:00:00,1,8.49,false
1003,SKU005,meat,meat,2026-05-22T20:00:00,2,16.98,false
1003,SKU005,meat,meat,2026-05-22T21:00:00,2,16.98,false
1003,SKU005,meat,meat,2026-05-23T06:00:00,3,25.47,false
1003,SKU005,meat,meat,2026-05-23T07:00:00,2,16.98,false
1003,SKU005,meat,meat,2026-05-23T08:00:00,3,25.47,false
1003,SKU005,meat,meat,2026-05-23T09:00:00,3,25.47,false
1003,SKU005,meat,meat,2026-05-23T11:00:00,4,33.96,false
1003,SKU005,meat,meat,2026-05-23T12:00:00,4,33.96,false
1003,SKU005,meat,meat,2026-05-23T13:00:00,5,42.45,false
1003,SKU005,meat,meat,2026-05-23T14:00:00,3,25.47,false
1003,SKU005,meat,meat,2026-05-23T15:00:00,1,8.49,false
1003,SKU005,meat,meat,2026-05-23T16:00:00,1,8.49,false
1003,SKU005,meat,meat,2026-05-23T17:00:00,2,16.98,false
1003,SKU005,meat,meat,2026-05-23T18:00:00,2,16.98,false
1003,SKU005,meat,meat,2026-05-23T19:00:00,1,8.49,false
1003,SKU005,meat,meat,2026-05-23T20:00:00,2,16.98,false
1003,SKU005,meat,meat,2026-05-23T21:00:00,2,16.98,false
1003,SKU005,meat,meat,2026-05-24T07:00:00,3,25.47,false
1003,SKU005,meat,meat,2026-05-24T08:00:00,3,25.47,false
1003,SKU005,meat,meat,2026-05-24T09:00:00,2,16.98,false
1003,SKU005,meat,meat,2026-05-24T10:00:00,1,8.49,false
1003,SKU005,meat,meat,2026-05-24T11:00:00,3,25.47,false
1003,SKU005,meat,meat,2026-05-24T12:00:00,5,42.45,false
1003,SKU005,meat,meat,2026-05-24T13:00:00,2,16.98,false
1003,SKU005,meat,meat,2026-05-24T14:00:00,4,33.96,false
1003,SKU005,meat,meat,2026-05-24T15:00:00,2,16.98,false
1003,SKU005,meat,meat,2026-05-24T16:00:00,3,25.47,false
1003,SKU005,meat,meat,2026-05-24T17:00:00,4,33.96,false
1003,SKU005,meat,meat,2026-05-24T18:00:00,3,25.47,false
1003,SKU005,meat,meat,2026-05-24T19:00:00,4,33.96,false
1003,SKU005,meat,meat,2026-05-24T20:00:00,3,25.47,false
1003,SKU005,meat,meat,2026-05-24T21:00:00,1,8.49,false
1003,SKU005,meat,meat,2026-05-25T07:00:00,3,25.47,false
1003,SKU005,meat,meat,2026-05-25T08:00:00,3,25.47,false
1003,SKU005,meat,meat,2026-05-25T09:00:00,2,16.98,false
1003,SKU005,meat,meat,2026-05-25T10:00:00,2,16.98,false
1003,SKU005,meat,meat,2026-05-25T11:00:00,3,25.47,false
1003,SKU005,meat,meat,2026-05-25T12:00:00,3,25.47,false
1003,SKU005,meat,meat,2026-05-25T13:00:00,2,16.98,false
1003,SKU005,meat,meat,2026-05-25T15:00:00,1,8.49,false
1003,SKU005,meat,meat,2026-05-25T16:00:00,1,8.49,false
1003,SKU005,meat,meat,2026-05-25T17:00:00,2,16.98,false
1003,SKU005,meat,meat,2026-05-25T18:00:00,3,25.47,false
1003,SKU005,meat,meat,2026-05-25T19:00:00,1,8.49,false
1003,SKU005,meat,meat,2026-05-25T20:00:00,2,16.98,false
1003,SKU005,meat,meat,2026-05-25T21:00:00,2,16.98,false
1003,SKU005,meat,meat,2026-05-26T06:00:00,3,25.47,false
1003,SKU005,meat,meat,2026-05-26T07:00:00,3,25.47,false
1003,SKU005,meat,meat,2026-05-26T08:00:00,4,33.96,false
1003,SKU005,meat,meat,2026-05-26T09:00:00,3,25.47,false
1003,SKU005,meat,meat,2026-05-26T11:00:00,1,8.49,false
1003,SKU005,meat,meat,2026-05-26T12:00:00,2,16.98,false
1003,SKU005,meat,meat,2026-05-26T13:00:00,1,8.49,false
1003,SKU005,meat,meat,2026-05-26T14:00:00,2,16.98,false
1003,SKU005,meat,meat,2026-05-26T15:00:00,2,16.98,false
1003,SKU005,meat,meat,2026-05-26T16:00:00,2,16.98,false
1003,SKU005,meat,meat,2026-05-26T17:00:00,2,16.98,false
1003,SKU005,meat,meat,2026-05-26T18:00:00,2,16.98,false
1003,SKU005,meat,meat,2026-05-26T19:00:00,2,16.98,false
1003,SKU005,meat,meat,2026-05-26T20:00:00,2,16.98,false
1003,SKU005,meat,meat,2026-05-26T21:00:00,1,8.49,false
1003,SKU005,meat,meat,2026-05-27T06:00:00,1,8.49,false
1003,SKU005,meat,meat,2026-05-27T07:00:00,3,25.47,false
1003,SKU005,meat,meat,2026-05-27T08:00:00,1,8.49,false
1003,SKU005,meat,meat,2026-05-27T09:00:00,2,16.98,false
1003,SKU005,meat,meat,2026-05-27T10:00:00,2,16.98,false
1003,SKU005,meat,meat,2026-05-27T11:00:00,2,16.98,false
1003,SKU005,meat,meat,2026-05-27T12:00:00,4,33.96,false
1003,SKU005,meat,meat,2026-05-27T13:00:00,2,16.98,false
1003,SKU005,meat,meat,2026-05-27T14:00:00,3,25.47,false
1003,SKU005,meat,meat,2026-05-27T15:00:00,3,25.47,false
1003,SKU005,meat,meat,2026-05-27T16:00:00,2,16.98,false
1003,SKU005,meat,meat,2026-05-27T17:00:00,1,8.49,false
1003,SKU005,meat,meat,2026-05-27T18:00:00,2,16.98,false
1003,SKU005,meat,meat,2026-05-27T19:00:00,3,25.47,false
1003,SKU005,meat,meat,2026-05-27T20:00:00,2,16.98,false
1003,SKU005,meat,meat,2026-05-27T21:00:00,1,8.49,false
1003,SKU005,meat,meat,2026-05-28T06:00:00,2,16.98,false
1003,SKU005,meat,meat,2026-05-28T07:00:00,1,8.49,false
1003,SKU005,meat,meat,2026-05-28T08:00:00,3,25.47,false
1003,SKU005,meat,meat,2026-05-28T09:00:00,4,33.96,false
1003,SKU005,meat,meat,2026-05-28T10:00:00,2,16.98,false
1003,SKU005,meat,meat,2026-05-28T11:00:00,4,33.96,false
1003,SKU005,meat,meat,2026-05-28T12:00:00,2,16.98,false
1003,SKU005,meat,meat,2026-05-28T13:00:00,2,16.98,false
1003,SKU005,meat,meat,2026-05-28T14:00:00,1,8.49,false
1003,SKU005,meat,meat,2026-05-28T15:00:00,1,8.49,false
1003,SKU005,meat,meat,2026-05-28T16:00:00,3,25.47,false
1003,SKU005,meat,meat,2026-05-28T17:00:00,3,25.47,false
1003,SKU005,meat,meat,2026-05-28T18:00:00,2,16.98,false
1003,SKU005,meat,meat,2026-05-28T19:00:00,1,8.49,false
1003,SKU005,meat,meat,2026-05-28T20:00:00,1,8.49,false
1003,SKU005,meat,meat,2026-05-28T21:00:00,1,8.49,false
1003,SKU005,meat,meat,2026-05-29T06:00:00,2,16.98,false
1003,SKU005,meat,meat,2026-05-29T07:00:00,3,25.47,false
1003,SKU005,meat,meat,2026-05-29T08:00:00,1,8.49,false
1003,SKU005,meat,meat,2026-05-29T09:00:00,1,8.49,false
1003,SKU005,meat,meat,2026-05-29T10:00:00,2,16.98,false
1003,SKU005,meat,meat,2026-05-29T11:00:00,3,25.47,false
1003,SKU005,meat,meat,2026-05-29T12:00:00,5,42.45,false
1003,SKU005,meat,meat,2026-05-29T13:00:00,1,8.49,false
1003,SKU005,meat,meat,2026-05-29T14:00:00,1,8.49,false
1003,SKU005,meat,meat,2026-05-29T15:00:00,2,16.98,false
1003,SKU005,meat,meat,2026-05-29T16:00:00,1,8.49,false
1003,SKU005,meat,meat,2026-05-29T17:00:00,2,16.98,false
1003,SKU005,meat,meat,2026-05-29T18:00:00,1,8.49,false
1003,SKU005,meat,meat,2026-05-29T19:00:00,1,8.49,false
1003,SKU005,meat,meat,2026-05-29T20:00:00,2,16.98,false
1003,SKU005,meat,meat,2026-05-30T06:00:00,3,25.47,false
1003,SKU005,meat,meat,2026-05-30T07:00:00,2,16.98,false
1003,SKU005,meat,meat,2026-05-30T08:00:00,1,8.49,false
1003,SKU005,meat,meat,2026-05-30T09:00:00,2,16.98,false
1003,SKU005,meat,meat,2026-05-30T10:00:00,1,8.49,false
1003,SKU005,meat,meat,2026-05-30T11:00:00,4,33.96,false
1003,SKU005,meat,meat,2026-05-30T12:00:00,3,25.47,false
1003,SKU005,meat,meat,2026-05-30T13:00:00,2,16.98,false
1003,SKU005,meat,meat,2026-05-30T15:00:00,2,16.98,false
1003,SKU005,meat,meat,2026-05-30T16:00:00,1,8.49,false
1003,SKU005,meat,meat,2026-05-30T17:00:00,4,33.96,false
1003,SKU005,meat,meat,2026-05-30T18:00:00,2,16.98,false
1003,SKU005,meat,meat,2026-05-30T19:00:00,1,8.49,false
1003,SKU005,meat,meat,2026-05-30T20:00:00,2,16.98,false
1003,SKU005,meat,meat,2026-05-30T21:00:00,1,8.49,false
1003,SKU005,meat,meat,2026-05-31T06:00:00,3,25.47,false
1003,SKU005,meat,meat,2026-05-31T07:00:00,2,16.98,false
1003,SKU005,meat,meat,2026-05-31T08:00:00,2,16.98,false
1003,SKU005,meat,meat,2026-05-31T09:00:00,3,25.47,false
1003,SKU005,meat,meat,2026-05-31T10:00:00,1,8.49,false
1003,SKU005,meat,meat,2026-05-31T11:00:00,3,25.47,false
1003,SKU005,meat,meat,2026-05-31T12:00:00,3,25.47,false
1003,SKU005,meat,meat,2026-05-31T13:00:00,1,8.49,false
1003,SKU005,meat,meat,2026-05-31T14:00:00,2,16.98,false
1003,SKU005,meat,meat,2026-05-31T15:00:00,4,33.96,false
1003,SKU005,meat,meat,2026-05-31T16:00:00,2,16.98,false
1003,SKU005,meat,meat,2026-05-31T17:00:00,4,33.96,false
1003,SKU005,meat,meat,2026-05-31T18:00:00,3,25.47,false
1003,SKU005,meat,meat,2026-05-31T19:00:00,3,25.47,false
1003,SKU005,meat,meat,2026-05-31T21:00:00,2,16.98,false
1003,SKU005,meat,meat,2026-06-01T06:00:00,1,8.49,false
1003,SKU005,meat,meat,2026-06-01T08:00:00,2,16.98,false
1003,SKU005,meat,meat,2026-06-01T09:00:00,3,25.47,false
1003,SKU005,meat,meat,2026-06-01T11:00:00,2,16.98,false
1003,SKU005,meat,meat,2026-06-01T12:00:00,1,8.49,false
1003,SKU005,meat,meat,2026-06-01T14:00:00,1,8.49,false
1003,SKU005,meat,meat,2026-06-01T15:00:00,3,25.47,false
1003,SKU005,meat,meat,2026-06-01T16:00:00,2,16.98,false
1003,SKU005,meat,meat,2026-06-01T17:00:00,4,33.96,false
1003,SKU005,meat,meat,2026-06-01T18:00:00,3,25.47,false
1003,SKU005,meat,meat,2026-06-01T19:00:00,3,25.47,false
1003,SKU005,meat,meat,2026-06-01T20:00:00,3,25.47,false
1003,SKU005,meat,meat,2026-06-01T21:00:00,2,16.98,false
1003,SKU005,meat,meat,2026-06-02T06:00:00,3,25.47,false
1003,SKU005,meat,meat,2026-06-02T07:00:00,3,25.47,false
1003,SKU005,meat,meat,2026-06-02T08:00:00,2,16.98,false
1003,SKU005,meat,meat,2026-06-02T09:00:00,1,8.49,false
1003,SKU005,meat,meat,2026-06-02T10:00:00,2,16.98,false
1003,SKU005,meat,meat,2026-06-02T11:00:00,2,16.98,false
1003,SKU005,meat,meat,2026-06-02T12:00:00,4,33.96,false
1003,SKU005,meat,meat,2026-06-02T13:00:00,1,8.49,false
1003,SKU005,meat,meat,2026-06-02T14:00:00,1,8.49,false
1003,SKU005,meat,meat,2026-06-02T15:00:00,2,16.98,false
1003,SKU005,meat,meat,2026-06-02T16:00:00,3,25.47,false
1003,SKU005,meat,meat,2026-06-02T17:00:00,1,8.49,false
1003,SKU005,meat,meat,2026-06-02T18:00:00,3,25.47,false
1003,SKU005,meat,meat,2026-06-02T20:00:00,2,16.98,false
1003,SKU005,meat,meat,2026-06-02T21:00:00,3,25.47,false
1003,SKU005,meat,meat,2026-06-03T06:00:00,2,16.98,false
1003,SKU005,meat,meat,2026-06-03T07:00:00,2,16.98,false
1003,SKU005,meat,meat,2026-06-03T08:00:00,2,16.98,false
1003,SKU005,meat,meat,2026-06-03T09:00:00,1,8.49,false
1003,SKU005,meat,meat,2026-06-03T10:00:00,1,8.49,false
1003,SKU005,meat,meat,2026-06-03T11:00:00,2,16.98,false
1003,SKU005,meat,meat,2026-06-03T12:00:00,3,25.47,false
1003,SKU005,meat,meat,2026-06-03T14:00:00,3,25.47,false
1003,SKU005,meat,meat,2026-06-03T15:00:00,1,8.49,false
1003,SKU005,meat,meat,2026-06-03T16:00:00,1,8.49,false
1003,SKU005,meat,meat,2026-06-03T17:00:00,4,33.96,false
1003,SKU005,meat,meat,2026-06-03T18:00:00,2,16.98,false
1003,SKU005,meat,meat,2026-06-03T19:00:00,5,42.45,false
1003,SKU005,meat,meat,2026-06-03T20:00:00,2,16.98,false
1003,SKU005,meat,meat,2026-06-03T21:00:00,2,16.98,false
1003,SKU005,meat,meat,2026-06-04T06:00:00,1,8.49,false
1003,SKU005,meat,meat,2026-06-04T07:00:00,3,25.47,false
1003,SKU005,meat,meat,2026-06-04T08:00:00,4,33.96,false
1003,SKU005,meat,meat,2026-06-04T09:00:00,2,16.98,false
1003,SKU005,meat,meat,2026-06-04T10:00:00,1,8.49,false
1003,SKU005,meat,meat,2026-06-04T11:00:00,3,25.47,false
1003,SKU005,meat,meat,2026-06-04T12:00:00,2,16.98,false
1003,SKU005,meat,meat,2026-06-04T13:00:00,3,25.47,false
1003,SKU005,meat,meat,2026-06-04T14:00:00,1,8.49,false
1003,SKU005,meat,meat,2026-06-04T15:00:00,2,16.98,false
1003,SKU005,meat,meat,2026-06-04T16:00:00,3,25.47,false
1003,SKU005,meat,meat,2026-06-04T17:00:00,4,33.96,false
1003,SKU005,meat,meat,2026-06-04T18:00:00,2,16.98,false
1003,SKU005,meat,meat,2026-06-04T19:00:00,1,8.49,false
1003,SKU005,meat,meat,2026-06-04T20:00:00,2,16.98,false
1003,SKU005,meat,meat,2026-06-04T21:00:00,2,16.98,false
1003,SKU006,meat,meat,2026-05-22T06:00:00,2,15.98,false
1003,SKU006,meat,meat,2026-05-22T07:00:00,1,7.99,false
1003,SKU006,meat,meat,2026-05-22T08:00:00,1,7.99,false
1003,SKU006,meat,meat,2026-05-22T09:00:00,3,23.97,false
1003,SKU006,meat,meat,2026-05-22T10:00:00,1,7.99,false
1003,SKU006,meat,meat,2026-05-22T11:00:00,4,31.96,false
1003,SKU006,meat,meat,2026-05-22T12:00:00,3,23.97,false
1003,SKU006,meat,meat,2026-05-22T13:00:00,3,23.97,false
1003,SKU006,meat,meat,2026-05-22T14:00:00,1,7.99,false
1003,SKU006,meat,meat,2026-05-22T17:00:00,3,23.97,false
1003,SKU006,meat,meat,2026-05-22T18:00:00,4,31.96,false
1003,SKU006,meat,meat,2026-05-22T19:00:00,1,7.99,false
1003,SKU006,meat,meat,2026-05-22T21:00:00,1,7.99,false
1003,SKU006,meat,meat,2026-05-23T06:00:00,1,7.99,false
1003,SKU006,meat,meat,2026-05-23T07:00:00,1,7.99,false
1003,SKU006,meat,meat,2026-05-23T09:00:00,1,7.99,false
1003,SKU006,meat,meat,2026-05-23T10:00:00,1,7.99,false
1003,SKU006,meat,meat,2026-05-23T11:00:00,4,31.96,false
1003,SKU006,meat,meat,2026-05-23T12:00:00,4,31.96,false
1003,SKU006,meat,meat,2026-05-23T14:00:00,3,23.97,false
1003,SKU006,meat,meat,2026-05-23T15:00:00,1,7.99,false
1003,SKU006,meat,meat,2026-05-23T16:00:00,2,15.98,false
1003,SKU006,meat,meat,2026-05-23T17:00:00,1,7.99,false
1003,SKU006,meat,meat,2026-05-23T18:00:00,3,23.97,false
1003,SKU006,meat,meat,2026-05-23T19:00:00,1,7.99,false
1003,SKU006,meat,meat,2026-05-23T20:00:00,2,15.98,false
1003,SKU006,meat,meat,2026-05-23T21:00:00,2,15.98,false
1003,SKU006,meat,meat,2026-05-24T06:00:00,1,7.99,false
1003,SKU006,meat,meat,2026-05-24T07:00:00,1,7.99,false
1003,SKU006,meat,meat,2026-05-24T08:00:00,1,7.99,false
1003,SKU006,meat,meat,2026-05-24T09:00:00,1,7.99,false
1003,SKU006,meat,meat,2026-05-24T10:00:00,1,7.99,false
1003,SKU006,meat,meat,2026-05-24T11:00:00,1,7.99,false
1003,SKU006,meat,meat,2026-05-24T12:00:00,1,7.99,false
1003,SKU006,meat,meat,2026-05-24T13:00:00,1,7.99,false
1003,SKU006,meat,meat,2026-05-24T14:00:00,1,7.99,false
1003,SKU006,meat,meat,2026-05-24T15:00:00,1,7.99,false
1003,SKU006,meat,meat,2026-05-24T16:00:00,2,15.98,false
1003,SKU006,meat,meat,2026-05-24T17:00:00,2,15.98,false
1003,SKU006,meat,meat,2026-05-24T18:00:00,2,15.98,false
1003,SKU006,meat,meat,2026-05-24T21:00:00,1,7.99,false
1003,SKU006,meat,meat,2026-05-25T06:00:00,2,15.98,false
1003,SKU006,meat,meat,2026-05-25T07:00:00,4,31.96,false
1003,SKU006,meat,meat,2026-05-25T08:00:00,2,15.98,false
1003,SKU006,meat,meat,2026-05-25T09:00:00,2,15.98,false
1003,SKU006,meat,meat,2026-05-25T10:00:00,2,15.98,false
1003,SKU006,meat,meat,2026-05-25T11:00:00,2,15.98,false
1003,SKU006,meat,meat,2026-05-25T12:00:00,1,7.99,false
1003,SKU006,meat,meat,2026-05-25T13:00:00,1,7.99,false
1003,SKU006,meat,meat,2026-05-25T14:00:00,3,23.97,false
1003,SKU006,meat,meat,2026-05-25T16:00:00,1,7.99,false
1003,SKU006,meat,meat,2026-05-25T17:00:00,4,31.96,false
1003,SKU006,meat,meat,2026-05-25T18:00:00,2,15.98,false
1003,SKU006,meat,meat,2026-05-25T19:00:00,2,15.98,false
1003,SKU006,meat,meat,2026-05-25T20:00:00,2,15.98,false
1003,SKU006,meat,meat,2026-05-25T21:00:00,2,15.98,false
1003,SKU006,meat,meat,2026-05-26T06:00:00,4,31.96,false
1003,SKU006,meat,meat,2026-05-26T07:00:00,3,23.97,false
1003,SKU006,meat,meat,2026-05-26T08:00:00,2,15.98,false
1003,SKU006,meat,meat,2026-05-26T10:00:00,3,23.97,false
1003,SKU006,meat,meat,2026-05-26T11:00:00,3,23.97,false
1003,SKU006,meat,meat,2026-05-26T12:00:00,3,23.97,false
1003,SKU006,meat,meat,2026-05-26T13:00:00,1,7.99,false
1003,SKU006,meat,meat,2026-05-26T15:00:00,3,23.97,false
1003,SKU006,meat,meat,2026-05-26T16:00:00,1,7.99,false
1003,SKU006,meat,meat,2026-05-26T17:00:00,2,15.98,false
1003,SKU006,meat,meat,2026-05-26T18:00:00,3,23.97,false
1003,SKU006,meat,meat,2026-05-26T19:00:00,2,15.98,false
1003,SKU006,meat,meat,2026-05-26T20:00:00,2,15.98,false
1003,SKU006,meat,meat,2026-05-26T21:00:00,1,7.99,false
1003,SKU006,meat,meat,2026-05-27T06:00:00,3,23.97,false
1003,SKU006,meat,meat,2026-05-27T07:00:00,1,7.99,false
1003,SKU006,meat,meat,2026-05-27T08:00:00,1,7.99,false
1003,SKU006,meat,meat,2026-05-27T10:00:00,1,7.99,false
1003,SKU006,meat,meat,2026-05-27T11:00:00,3,23.97,false
1003,SKU006,meat,meat,2026-05-27T12:00:00,3,23.97,false
1003,SKU006,meat,meat,2026-05-27T13:00:00,2,15.98,false
1003,SKU006,meat,meat,2026-05-27T14:00:00,2,15.98,false
1003,SKU006,meat,meat,2026-05-27T15:00:00,1,7.99,false
1003,SKU006,meat,meat,2026-05-27T17:00:00,4,31.96,false
1003,SKU006,meat,meat,2026-05-27T18:00:00,2,15.98,false
1003,SKU006,meat,meat,2026-05-27T19:00:00,2,15.98,false
1003,SKU006,meat,meat,2026-05-27T20:00:00,3,23.97,false
1003,SKU006,meat,meat,2026-05-27T21:00:00,2,15.98,false
1003,SKU006,meat,meat,2026-05-28T06:00:00,2,15.98,false
1003,SKU006,meat,meat,2026-05-28T07:00:00,2,15.98,false
1003,SKU006,meat,meat,2026-05-28T08:00:00,2,15.98,false
1003,SKU006,meat,meat,2026-05-28T09:00:00,3,23.97,false
1003,SKU006,meat,meat,2026-05-28T10:00:00,3,23.97,false
1003,SKU006,meat,meat,2026-05-28T11:00:00,2,15.98,false
1003,SKU006,meat,meat,2026-05-28T12:00:00,1,7.99,false
1003,SKU006,meat,meat,2026-05-28T14:00:00,1,7.99,false
1003,SKU006,meat,meat,2026-05-28T15:00:00,3,23.97,false
1003,SKU006,meat,meat,2026-05-28T17:00:00,2,15.98,false
1003,SKU006,meat,meat,2026-05-28T18:00:00,3,23.97,false
1003,SKU006,meat,meat,2026-05-28T19:00:00,1,7.99,false
1003,SKU006,meat,meat,2026-05-28T21:00:00,1,7.99,false
1003,SKU006,meat,meat,2026-05-29T06:00:00,3,23.97,false
1003,SKU006,meat,meat,2026-05-29T07:00:00,2,15.98,false
1003,SKU006,meat,meat,2026-05-29T08:00:00,2,15.98,false
1003,SKU006,meat,meat,2026-05-29T09:00:00,1,7.99,false
1003,SKU006,meat,meat,2026-05-29T10:00:00,1,7.99,false
1003,SKU006,meat,meat,2026-05-29T11:00:00,1,7.99,false
1003,SKU006,meat,meat,2026-05-29T12:00:00,2,15.98,false
1003,SKU006,meat,meat,2026-05-29T15:00:00,1,7.99,false
1003,SKU006,meat,meat,2026-05-29T16:00:00,1,7.99,false
1003,SKU006,meat,meat,2026-05-29T17:00:00,3,23.97,false
1003,SKU006,meat,meat,2026-05-29T18:00:00,4,31.96,false
1003,SKU006,meat,meat,2026-05-29T19:00:00,1,7.99,false
1003,SKU006,meat,meat,2026-05-29T20:00:00,1,7.99,false
1003,SKU006,meat,meat,2026-05-29T21:00:00,3,23.97,false
1003,SKU006,meat,meat,2026-05-30T06:00:00,3,23.97,false
1003,SKU006,meat,meat,2026-05-30T07:00:00,3,23.97,false
1003,SKU006,meat,meat,2026-05-30T08:00:00,2,15.98,false
1003,SKU006,meat,meat,2026-05-30T09:00:00,1,7.99,false
1003,SKU006,meat,meat,2026-05-30T10:00:00,2,15.98,false
1003,SKU006,meat,meat,2026-05-30T11:00:00,2,15.98,false
1003,SKU006,meat,meat,2026-05-30T12:00:00,1,7.99,false
1003,SKU006,meat,meat,2026-05-30T13:00:00,1,7.99,false
1003,SKU006,meat,meat,2026-05-30T17:00:00,2,15.98,false
1003,SKU006,meat,meat,2026-05-30T18:00:00,2,15.98,false
1003,SKU006,meat,meat,2026-05-30T19:00:00,1,7.99,false
1003,SKU006,meat,meat,2026-05-30T20:00:00,2,15.98,false
1003,SKU006,meat,meat,2026-05-30T21:00:00,2,15.98,false
1003,SKU006,meat,meat,2026-05-31T07:00:00,2,15.98,false
1003,SKU006,meat,meat,2026-05-31T08:00:00,1,7.99,false
1003,SKU006,meat,meat,2026-05-31T09:00:00,1,7.99,false
1003,SKU006,meat,meat,2026-05-31T10:00:00,2,15.98,false
1003,SKU006,meat,meat,2026-05-31T11:00:00,4,31.96,false
1003,SKU006,meat,meat,2026-05-31T12:00:00,1,7.99,false
1003,SKU006,meat,meat,2026-05-31T13:00:00,1,7.99,false
1003,SKU006,meat,meat,2026-05-31T14:00:00,2,15.98,false
1003,SKU006,meat,meat,2026-05-31T15:00:00,2,15.98,false
1003,SKU006,meat,meat,2026-05-31T16:00:00,1,7.99,false
1003,SKU006,meat,meat,2026-05-31T17:00:00,1,7.99,false
1003,SKU006,meat,meat,2026-05-31T18:00:00,4,31.96,false
1003,SKU006,meat,meat,2026-05-31T19:00:00,2,15.98,false
1003,SKU006,meat,meat,2026-05-31T20:00:00,2,15.98,false
1003,SKU006,meat,meat,2026-05-31T21:00:00,1,7.99,false
1003,SKU006,meat,meat,2026-06-01T06:00:00,2,15.98,false
1003,SKU006,meat,meat,2026-06-01T07:00:00,1,7.99,false
1003,SKU006,meat,meat,2026-06-01T08:00:00,2,15.98,false
1003,SKU006,meat,meat,2026-06-01T09:00:00,2,15.98,false
1003,SKU006,meat,meat,2026-06-01T10:00:00,2,15.98,false
1003,SKU006,meat,meat,2026-06-01T11:00:00,5,39.95,false
1003,SKU006,meat,meat,2026-06-01T12:00:00,4,31.96,false
1003,SKU006,meat,meat,2026-06-01T13:00:00,1,7.99,false
1003,SKU006,meat,meat,2026-06-01T14:00:00,2,15.98,false
1003,SKU006,meat,meat,2026-06-01T15:00:00,1,7.99,false
1003,SKU006,meat,meat,2026-06-01T16:00:00,3,23.97,false
1003,SKU006,meat,meat,2026-06-01T17:00:00,2,15.98,false
1003,SKU006,meat,meat,2026-06-01T18:00:00,2,15.98,false
1003,SKU006,meat,meat,2026-06-01T19:00:00,2,15.98,false
1003,SKU006,meat,meat,2026-06-01T20:00:00,2,15.98,false
1003,SKU006,meat,meat,2026-06-02T06:00:00,1,7.99,false
1003,SKU006,meat,meat,2026-06-02T07:00:00,1,7.99,false
1003,SKU006,meat,meat,2026-06-02T08:00:00,1,7.99,false
1003,SKU006,meat,meat,2026-06-02T09:00:00,2,15.98,false
1003,SKU006,meat,meat,2026-06-02T10:00:00,1,7.99,false
1003,SKU006,meat,meat,2026-06-02T11:00:00,2,15.98,false
1003,SKU006,meat,meat,2026-06-02T12:00:00,4,31.96,false
1003,SKU006,meat,meat,2026-06-02T13:00:00,1,7.99,false
1003,SKU006,meat,meat,2026-06-02T14:00:00,2,15.98,false
1003,SKU006,meat,meat,2026-06-02T15:00:00,2,15.98,false
1003,SKU006,meat,meat,2026-06-02T16:00:00,2,15.98,false
1003,SKU006,meat,meat,2026-06-02T17:00:00,2,15.98,false
1003,SKU006,meat,meat,2026-06-02T18:00:00,2,15.98,false
1003,SKU006,meat,meat,2026-06-02T20:00:00,2,15.98,false
1003,SKU006,meat,meat,2026-06-02T21:00:00,3,23.97,false
1003,SKU006,meat,meat,2026-06-03T07:00:00,3,23.97,false
1003,SKU006,meat,meat,2026-06-03T09:00:00,2,15.98,false
1003,SKU006,meat,meat,2026-06-03T10:00:00,2,15.98,false
1003,SKU006,meat,meat,2026-06-03T11:00:00,5,39.95,false
1003,SKU006,meat,meat,2026-06-03T12:00:00,3,23.97,false
1003,SKU006,meat,meat,2026-06-03T13:00:00,3,23.97,false
1003,SKU006,meat,meat,2026-06-03T14:00:00,3,23.97,false
1003,SKU006,meat,meat,2026-06-03T15:00:00,2,15.98,false
1003,SKU006,meat,meat,2026-06-03T16:00:00,3,23.97,false
1003,SKU006,meat,meat,2026-06-03T17:00:00,3,23.97,false
1003,SKU006,meat,meat,2026-06-03T18:00:00,2,15.98,false
1003,SKU006,meat,meat,2026-06-03T19:00:00,2,15.98,false
1003,SKU006,meat,meat,2026-06-03T21:00:00,3,23.97,false
1003,SKU006,meat,meat,2026-06-04T06:00:00,1,7.99,false
1003,SKU006,meat,meat,2026-06-04T07:00:00,1,7.99,false
1003,SKU006,meat,meat,2026-06-04T08:00:00,1,7.99,false
1003,SKU006,meat,meat,2026-06-04T10:00:00,2,15.98,false
1003,SKU006,meat,meat,2026-06-04T11:00:00,2,15.98,false
1003,SKU006,meat,meat,2026-06-04T12:00:00,4,31.96,false
1003,SKU006,meat,meat,2026-06-04T13:00:00,1,7.99,false
1003,SKU006,meat,meat,2026-06-04T14:00:00,4,31.96,false
1003,SKU006,meat,meat,2026-06-04T15:00:00,1,7.99,false
1003,SKU006,meat,meat,2026-06-04T16:00:00,2,15.98,false
1003,SKU006,meat,meat,2026-06-04T17:00:00,3,23.97,false
1003,SKU006,meat,meat,2026-06-04T18:00:00,2,15.98,false
1003,SKU006,meat,meat,2026-06-04T19:00:00,1,7.99,false
1003,SKU007,bakery,bakery,2026-05-22T06:00:00,2,7.98,false
1003,SKU007,bakery,bakery,2026-05-22T07:00:00,1,3.99,false
1003,SKU007,bakery,bakery,2026-05-22T08:00:00,4,15.96,false
1003,SKU007,bakery,bakery,2026-05-22T09:00:00,1,3.99,false
1003,SKU007,bakery,bakery,2026-05-22T11:00:00,1,3.99,false
1003,SKU007,bakery,bakery,2026-05-22T12:00:00,2,7.98,false
1003,SKU007,bakery,bakery,2026-05-22T13:00:00,2,7.98,false
1003,SKU007,bakery,bakery,2026-05-22T17:00:00,4,15.96,false
1003,SKU007,bakery,bakery,2026-05-22T18:00:00,2,7.98,false
1003,SKU007,bakery,bakery,2026-05-22T19:00:00,2,7.98,false
1003,SKU007,bakery,bakery,2026-05-22T20:00:00,2,7.98,false
1003,SKU007,bakery,bakery,2026-05-23T06:00:00,1,3.99,false
1003,SKU007,bakery,bakery,2026-05-23T07:00:00,2,7.98,false
1003,SKU007,bakery,bakery,2026-05-23T08:00:00,1,3.99,false
1003,SKU007,bakery,bakery,2026-05-23T09:00:00,1,3.99,false
1003,SKU007,bakery,bakery,2026-05-23T11:00:00,4,15.96,false
1003,SKU007,bakery,bakery,2026-05-23T12:00:00,5,19.95,false
1003,SKU007,bakery,bakery,2026-05-23T13:00:00,1,3.99,false
1003,SKU007,bakery,bakery,2026-05-23T14:00:00,1,3.99,false
1003,SKU007,bakery,bakery,2026-05-23T15:00:00,2,7.98,false
1003,SKU007,bakery,bakery,2026-05-23T16:00:00,1,3.99,false
1003,SKU007,bakery,bakery,2026-05-23T17:00:00,3,11.97,false
1003,SKU007,bakery,bakery,2026-05-23T18:00:00,3,11.97,false
1003,SKU007,bakery,bakery,2026-05-23T19:00:00,1,3.99,false
1003,SKU007,bakery,bakery,2026-05-23T20:00:00,2,7.98,false
1003,SKU007,bakery,bakery,2026-05-23T21:00:00,1,3.99,false
1003,SKU007,bakery,bakery,2026-05-24T06:00:00,2,7.98,false
1003,SKU007,bakery,bakery,2026-05-24T07:00:00,2,7.98,false
1003,SKU007,bakery,bakery,2026-05-24T09:00:00,1,3.99,false
1003,SKU007,bakery,bakery,2026-05-24T10:00:00,2,7.98,false
1003,SKU007,bakery,bakery,2026-05-24T11:00:00,2,7.98,false
1003,SKU007,bakery,bakery,2026-05-24T12:00:00,3,11.97,false
1003,SKU007,bakery,bakery,2026-05-24T13:00:00,2,7.98,false
1003,SKU007,bakery,bakery,2026-05-24T14:00:00,3,11.97,false
1003,SKU007,bakery,bakery,2026-05-24T15:00:00,2,7.98,false
1003,SKU007,bakery,bakery,2026-05-24T16:00:00,2,7.98,false
1003,SKU007,bakery,bakery,2026-05-24T17:00:00,5,19.95,false
1003,SKU007,bakery,bakery,2026-05-24T18:00:00,2,7.98,false
1003,SKU007,bakery,bakery,2026-05-24T19:00:00,1,3.99,false
1003,SKU007,bakery,bakery,2026-05-24T20:00:00,1,3.99,false
1003,SKU007,bakery,bakery,2026-05-24T21:00:00,3,11.97,false
1003,SKU007,bakery,bakery,2026-05-25T06:00:00,1,3.99,false
1003,SKU007,bakery,bakery,2026-05-25T08:00:00,1,3.99,false
1003,SKU007,bakery,bakery,2026-05-25T09:00:00,2,7.98,false
1003,SKU007,bakery,bakery,2026-05-25T10:00:00,1,3.99,false
1003,SKU007,bakery,bakery,2026-05-25T11:00:00,3,11.97,false
1003,SKU007,bakery,bakery,2026-05-25T12:00:00,4,15.96,false
1003,SKU007,bakery,bakery,2026-05-25T13:00:00,2,7.98,false
1003,SKU007,bakery,bakery,2026-05-25T14:00:00,2,7.98,false
1003,SKU007,bakery,bakery,2026-05-25T15:00:00,3,11.97,false
1003,SKU007,bakery,bakery,2026-05-25T17:00:00,3,11.97,false
1003,SKU007,bakery,bakery,2026-05-25T18:00:00,3,11.97,false
1003,SKU007,bakery,bakery,2026-05-25T19:00:00,1,3.99,false
1003,SKU007,bakery,bakery,2026-05-25T20:00:00,3,11.97,false
1003,SKU007,bakery,bakery,2026-05-26T06:00:00,3,11.97,false
1003,SKU007,bakery,bakery,2026-05-26T07:00:00,3,11.97,false
1003,SKU007,bakery,bakery,2026-05-26T08:00:00,1,3.99,false
1003,SKU007,bakery,bakery,2026-05-26T09:00:00,2,7.98,false
1003,SKU007,bakery,bakery,2026-05-26T11:00:00,2,7.98,false
1003,SKU007,bakery,bakery,2026-05-26T12:00:00,4,15.96,false
1003,SKU007,bakery,bakery,2026-05-26T13:00:00,1,3.99,false
1003,SKU007,bakery,bakery,2026-05-26T14:00:00,2,7.98,false
1003,SKU007,bakery,bakery,2026-05-26T15:00:00,2,7.98,false
1003,SKU007,bakery,bakery,2026-05-26T16:00:00,2,7.98,false
1003,SKU007,bakery,bakery,2026-05-26T17:00:00,2,7.98,false
1003,SKU007,bakery,bakery,2026-05-26T18:00:00,3,11.97,false
1003,SKU007,bakery,bakery,2026-05-26T19:00:00,2,7.98,false
1003,SKU007,bakery,bakery,2026-05-26T20:00:00,3,11.97,false
1003,SKU007,bakery,bakery,2026-05-26T21:00:00,2,7.98,false
1003,SKU007,bakery,bakery,2026-05-27T06:00:00,3,11.97,false
1003,SKU007,bakery,bakery,2026-05-27T07:00:00,3,11.97,false
1003,SKU007,bakery,bakery,2026-05-27T08:00:00,3,11.97,false
1003,SKU007,bakery,bakery,2026-05-27T09:00:00,1,3.99,false
1003,SKU007,bakery,bakery,2026-05-27T10:00:00,2,7.98,false
1003,SKU007,bakery,bakery,2026-05-27T11:00:00,2,7.98,false
1003,SKU007,bakery,bakery,2026-05-27T12:00:00,3,11.97,false
1003,SKU007,bakery,bakery,2026-05-27T13:00:00,2,7.98,false
1003,SKU007,bakery,bakery,2026-05-27T14:00:00,1,3.99,false
1003,SKU007,bakery,bakery,2026-05-27T15:00:00,4,15.96,false
1003,SKU007,bakery,bakery,2026-05-27T16:00:00,3,11.97,false
1003,SKU007,bakery,bakery,2026-05-27T17:00:00,1,3.99,false
1003,SKU007,bakery,bakery,2026-05-27T18:00:00,4,15.96,false
1003,SKU007,bakery,bakery,2026-05-27T19:00:00,3,11.97,false
1003,SKU007,bakery,bakery,2026-05-27T20:00:00,1,3.99,false
1003,SKU007,bakery,bakery,2026-05-27T21:00:00,2,7.98,false
1003,SKU007,bakery,bakery,2026-05-28T06:00:00,4,15.96,false
1003,SKU007,bakery,bakery,2026-05-28T07:00:00,3,11.97,false
1003,SKU007,bakery,bakery,2026-05-28T08:00:00,1,3.99,false
1003,SKU007,bakery,bakery,2026-05-28T09:00:00,1,3.99,false
1003,SKU007,bakery,bakery,2026-05-28T10:00:00,2,7.98,false
1003,SKU007,bakery,bakery,2026-05-28T11:00:00,2,7.98,false
1003,SKU007,bakery,bakery,2026-05-28T12:00:00,4,15.96,false
1003,SKU007,bakery,bakery,2026-05-28T13:00:00,1,3.99,false
1003,SKU007,bakery,bakery,2026-05-28T15:00:00,1,3.99,false
1003,SKU007,bakery,bakery,2026-05-28T16:00:00,2,7.98,false
1003,SKU007,bakery,bakery,2026-05-28T17:00:00,3,11.97,false
1003,SKU007,bakery,bakery,2026-05-28T18:00:00,1,3.99,false
1003,SKU007,bakery,bakery,2026-05-28T19:00:00,1,3.99,false
1003,SKU007,bakery,bakery,2026-05-28T20:00:00,3,11.97,false
1003,SKU007,bakery,bakery,2026-05-29T06:00:00,2,7.98,false
1003,SKU007,bakery,bakery,2026-05-29T07:00:00,2,7.98,false
1003,SKU007,bakery,bakery,2026-05-29T08:00:00,2,7.98,false
1003,SKU007,bakery,bakery,2026-05-29T09:00:00,1,3.99,false
1003,SKU007,bakery,bakery,2026-05-29T10:00:00,3,11.97,false
1003,SKU007,bakery,bakery,2026-05-29T11:00:00,2,7.98,false
1003,SKU007,bakery,bakery,2026-05-29T12:00:00,2,7.98,false
1003,SKU007,bakery,bakery,2026-05-29T13:00:00,3,11.97,false
1003,SKU007,bakery,bakery,2026-05-29T14:00:00,3,11.97,false
1003,SKU007,bakery,bakery,2026-05-29T15:00:00,1,3.99,false
1003,SKU007,bakery,bakery,2026-05-29T16:00:00,3,11.97,false
1003,SKU007,bakery,bakery,2026-05-29T17:00:00,3,11.97,false
1003,SKU007,bakery,bakery,2026-05-29T18:00:00,2,7.98,false
1003,SKU007,bakery,bakery,2026-05-29T19:00:00,2,7.98,false
1003,SKU007,bakery,bakery,2026-05-29T20:00:00,1,3.99,false
1003,SKU007,bakery,bakery,2026-05-29T21:00:00,3,11.97,false
1003,SKU007,bakery,bakery,2026-05-30T06:00:00,1,3.99,false
1003,SKU007,bakery,bakery,2026-05-30T07:00:00,3,11.97,false
1003,SKU007,bakery,bakery,2026-05-30T08:00:00,4,15.96,false
1003,SKU007,bakery,bakery,2026-05-30T09:00:00,1,3.99,false
1003,SKU007,bakery,bakery,2026-05-30T10:00:00,1,3.99,false
1003,SKU007,bakery,bakery,2026-05-30T11:00:00,2,7.98,false
1003,SKU007,bakery,bakery,2026-05-30T12:00:00,3,11.97,false
1003,SKU007,bakery,bakery,2026-05-30T13:00:00,2,7.98,false
1003,SKU007,bakery,bakery,2026-05-30T14:00:00,3,11.97,false
1003,SKU007,bakery,bakery,2026-05-30T15:00:00,3,11.97,false
1003,SKU007,bakery,bakery,2026-05-30T16:00:00,2,7.98,false
1003,SKU007,bakery,bakery,2026-05-30T17:00:00,3,11.97,false
1003,SKU007,bakery,bakery,2026-05-30T18:00:00,3,11.97,false
1003,SKU007,bakery,bakery,2026-05-30T19:00:00,1,3.99,false
1003,SKU007,bakery,bakery,2026-05-30T20:00:00,2,7.98,false
1003,SKU007,bakery,bakery,2026-05-30T21:00:00,1,3.99,false
1003,SKU007,bakery,bakery,2026-05-31T06:00:00,2,7.98,false
1003,SKU007,bakery,bakery,2026-05-31T07:00:00,1,3.99,false
1003,SKU007,bakery,bakery,2026-05-31T08:00:00,2,7.98,false
1003,SKU007,bakery,bakery,2026-05-31T09:00:00,2,7.98,false
1003,SKU007,bakery,bakery,2026-05-31T10:00:00,3,11.97,false
1003,SKU007,bakery,bakery,2026-05-31T11:00:00,1,3.99,false
1003,SKU007,bakery,bakery,2026-05-31T12:00:00,2,7.98,false
1003,SKU007,bakery,bakery,2026-05-31T15:00:00,2,7.98,false
1003,SKU007,bakery,bakery,2026-05-31T16:00:00,3,11.97,false
1003,SKU007,bakery,bakery,2026-05-31T17:00:00,3,11.97,false
1003,SKU007,bakery,bakery,2026-05-31T18:00:00,2,7.98,false
1003,SKU007,bakery,bakery,2026-05-31T19:00:00,1,3.99,false
1003,SKU007,bakery,bakery,2026-05-31T20:00:00,1,3.99,false
1003,SKU007,bakery,bakery,2026-06-01T06:00:00,2,7.98,false
1003,SKU007,bakery,bakery,2026-06-01T07:00:00,1,3.99,false
1003,SKU007,bakery,bakery,2026-06-01T08:00:00,1,3.99,false
1003,SKU007,bakery,bakery,2026-06-01T09:00:00,3,11.97,false
1003,SKU007,bakery,bakery,2026-06-01T10:00:00,2,7.98,false
1003,SKU007,bakery,bakery,2026-06-01T11:00:00,2,7.98,false
1003,SKU007,bakery,bakery,2026-06-01T12:00:00,2,7.98,false
1003,SKU007,bakery,bakery,2026-06-01T13:00:00,3,11.97,false
1003,SKU007,bakery,bakery,2026-06-01T15:00:00,2,7.98,false
1003,SKU007,bakery,bakery,2026-06-01T16:00:00,1,3.99,false
1003,SKU007,bakery,bakery,2026-06-01T17:00:00,3,11.97,false
1003,SKU007,bakery,bakery,2026-06-01T18:00:00,3,11.97,false
1003,SKU007,bakery,bakery,2026-06-01T19:00:00,1,3.99,false
1003,SKU007,bakery,bakery,2026-06-01T20:00:00,3,11.97,false
1003,SKU007,bakery,bakery,2026-06-01T21:00:00,2,7.98,false
1003,SKU007,bakery,bakery,2026-06-02T07:00:00,4,15.96,false
1003,SKU007,bakery,bakery,2026-06-02T09:00:00,3,11.97,false
1003,SKU007,bakery,bakery,2026-06-02T11:00:00,1,3.99,false
1003,SKU007,bakery,bakery,2026-06-02T12:00:00,1,3.99,false
1003,SKU007,bakery,bakery,2026-06-02T13:00:00,1,3.99,false
1003,SKU007,bakery,bakery,2026-06-02T14:00:00,1,3.99,false
1003,SKU007,bakery,bakery,2026-06-02T15:00:00,2,7.98,false
1003,SKU007,bakery,bakery,2026-06-02T16:00:00,3,11.97,false
1003,SKU007,bakery,bakery,2026-06-02T17:00:00,2,7.98,false
1003,SKU007,bakery,bakery,2026-06-02T18:00:00,3,11.97,false
1003,SKU007,bakery,bakery,2026-06-02T19:00:00,2,7.98,false
1003,SKU007,bakery,bakery,2026-06-02T20:00:00,1,3.99,false
1003,SKU007,bakery,bakery,2026-06-02T21:00:00,1,3.99,false
1003,SKU007,bakery,bakery,2026-06-03T06:00:00,2,7.98,false
1003,SKU007,bakery,bakery,2026-06-03T07:00:00,1,3.99,false
1003,SKU007,bakery,bakery,2026-06-03T08:00:00,2,7.98,false
1003,SKU007,bakery,bakery,2026-06-03T09:00:00,2,7.98,false
1003,SKU007,bakery,bakery,2026-06-03T11:00:00,3,11.97,false
1003,SKU007,bakery,bakery,2026-06-03T12:00:00,2,7.98,false
1003,SKU007,bakery,bakery,2026-06-03T13:00:00,1,3.99,false
1003,SKU007,bakery,bakery,2026-06-03T15:00:00,3,11.97,false
1003,SKU007,bakery,bakery,2026-06-03T16:00:00,3,11.97,false
1003,SKU007,bakery,bakery,2026-06-03T17:00:00,3,11.97,false
1003,SKU007,bakery,bakery,2026-06-03T18:00:00,1,3.99,false
1003,SKU007,bakery,bakery,2026-06-03T19:00:00,3,11.97,false
1003,SKU007,bakery,bakery,2026-06-03T20:00:00,1,3.99,false
1003,SKU007,bakery,bakery,2026-06-03T21:00:00,3,11.97,false
1003,SKU007,bakery,bakery,2026-06-04T06:00:00,2,7.98,false
1003,SKU007,bakery,bakery,2026-06-04T07:00:00,1,3.99,false
1003,SKU007,bakery,bakery,2026-06-04T08:00:00,2,7.98,false
1003,SKU007,bakery,bakery,2026-06-04T09:00:00,1,3.99,false
1003,SKU007,bakery,bakery,2026-06-04T10:00:00,1,3.99,false
1003,SKU007,bakery,bakery,2026-06-04T11:00:00,1,3.99,false
1003,SKU007,bakery,bakery,2026-06-04T12:00:00,3,11.97,false
1003,SKU007,bakery,bakery,2026-06-04T13:00:00,2,7.98,false
1003,SKU007,bakery,bakery,2026-06-04T14:00:00,1,3.99,false
1003,SKU007,bakery,bakery,2026-06-04T16:00:00,1,3.99,false
1003,SKU007,bakery,bakery,2026-06-04T17:00:00,2,7.98,false
1003,SKU007,bakery,bakery,2026-06-04T18:00:00,2,7.98,false
1003,SKU007,bakery,bakery,2026-06-04T19:00:00,2,7.98,false
1003,SKU007,bakery,bakery,2026-06-04T20:00:00,3,11.97,false
1003,SKU007,bakery,bakery,2026-06-04T21:00:00,3,11.97,false
1003,SKU008,bakery,bakery,2026-05-22T08:00:00,1,4.99,false
1003,SKU008,bakery,bakery,2026-05-22T11:00:00,1,4.99,false
1003,SKU008,bakery,bakery,2026-05-22T12:00:00,4,19.96,false
1003,SKU008,bakery,bakery,2026-05-22T13:00:00,1,4.99,false
1003,SKU008,bakery,bakery,2026-05-22T14:00:00,2,9.98,false
1003,SKU008,bakery,bakery,2026-05-22T16:00:00,2,9.98,false
1003,SKU008,bakery,bakery,2026-05-22T17:00:00,1,4.99,false
1003,SKU008,bakery,bakery,2026-05-22T18:00:00,1,4.99,false
1003,SKU008,bakery,bakery,2026-05-22T19:00:00,1,4.99,false
1003,SKU008,bakery,bakery,2026-05-22T21:00:00,2,9.98,false
1003,SKU008,bakery,bakery,2026-05-23T06:00:00,1,4.99,false
1003,SKU008,bakery,bakery,2026-05-23T08:00:00,2,9.98,false
1003,SKU008,bakery,bakery,2026-05-23T09:00:00,1,4.99,false
1003,SKU008,bakery,bakery,2026-05-23T10:00:00,1,4.99,false
1003,SKU008,bakery,bakery,2026-05-23T11:00:00,2,9.98,false
1003,SKU008,bakery,bakery,2026-05-23T12:00:00,2,9.98,false
1003,SKU008,bakery,bakery,2026-05-23T13:00:00,1,4.99,false
1003,SKU008,bakery,bakery,2026-05-23T14:00:00,2,9.98,false
1003,SKU008,bakery,bakery,2026-05-23T15:00:00,1,4.99,false
1003,SKU008,bakery,bakery,2026-05-23T16:00:00,2,9.98,false
1003,SKU008,bakery,bakery,2026-05-23T18:00:00,1,4.99,false
1003,SKU008,bakery,bakery,2026-05-23T19:00:00,1,4.99,false
1003,SKU008,bakery,bakery,2026-05-23T21:00:00,1,4.99,false
1003,SKU008,bakery,bakery,2026-05-24T06:00:00,1,4.99,false
1003,SKU008,bakery,bakery,2026-05-24T07:00:00,1,4.99,false
1003,SKU008,bakery,bakery,2026-05-24T08:00:00,1,4.99,false
1003,SKU008,bakery,bakery,2026-05-24T10:00:00,1,4.99,false
1003,SKU008,bakery,bakery,2026-05-24T11:00:00,1,4.99,false
1003,SKU008,bakery,bakery,2026-05-24T12:00:00,1,4.99,false
1003,SKU008,bakery,bakery,2026-05-24T14:00:00,1,4.99,false
1003,SKU008,bakery,bakery,2026-05-24T15:00:00,2,9.98,false
1003,SKU008,bakery,bakery,2026-05-24T17:00:00,2,9.98,false
1003,SKU008,bakery,bakery,2026-05-24T18:00:00,2,9.98,false
1003,SKU008,bakery,bakery,2026-05-24T21:00:00,1,4.99,false
1003,SKU008,bakery,bakery,2026-05-25T06:00:00,2,9.98,false
1003,SKU008,bakery,bakery,2026-05-25T10:00:00,1,4.99,false
1003,SKU008,bakery,bakery,2026-05-25T11:00:00,1,4.99,false
1003,SKU008,bakery,bakery,2026-05-25T12:00:00,2,9.98,false
1003,SKU008,bakery,bakery,2026-05-25T13:00:00,2,9.98,false
1003,SKU008,bakery,bakery,2026-05-25T14:00:00,2,9.98,false
1003,SKU008,bakery,bakery,2026-05-25T15:00:00,1,4.99,false
1003,SKU008,bakery,bakery,2026-05-25T16:00:00,2,9.98,false
1003,SKU008,bakery,bakery,2026-05-25T17:00:00,1,4.99,false
1003,SKU008,bakery,bakery,2026-05-25T18:00:00,3,14.97,false
1003,SKU008,bakery,bakery,2026-05-25T19:00:00,1,4.99,false
1003,SKU008,bakery,bakery,2026-05-25T21:00:00,3,14.97,false
1003,SKU008,bakery,bakery,2026-05-26T07:00:00,3,14.97,false
1003,SKU008,bakery,bakery,2026-05-26T08:00:00,2,9.98,false
1003,SKU008,bakery,bakery,2026-05-26T09:00:00,2,9.98,false
1003,SKU008,bakery,bakery,2026-05-26T10:00:00,2,9.98,false
1003,SKU008,bakery,bakery,2026-05-26T11:00:00,2,9.98,false
1003,SKU008,bakery,bakery,2026-05-26T12:00:00,4,19.96,false
1003,SKU008,bakery,bakery,2026-05-26T13:00:00,1,4.99,false
1003,SKU008,bakery,bakery,2026-05-26T14:00:00,2,9.98,false
1003,SKU008,bakery,bakery,2026-05-26T17:00:00,3,14.97,false
1003,SKU008,bakery,bakery,2026-05-26T19:00:00,1,4.99,false
1003,SKU008,bakery,bakery,2026-05-26T20:00:00,2,9.98,false
1003,SKU008,bakery,bakery,2026-05-27T06:00:00,1,4.99,false
1003,SKU008,bakery,bakery,2026-05-27T07:00:00,1,4.99,false
1003,SKU008,bakery,bakery,2026-05-27T10:00:00,3,14.97,false
1003,SKU008,bakery,bakery,2026-05-27T11:00:00,1,4.99,false
1003,SKU008,bakery,bakery,2026-05-27T12:00:00,2,9.98,false
1003,SKU008,bakery,bakery,2026-05-27T13:00:00,1,4.99,false
1003,SKU008,bakery,bakery,2026-05-27T14:00:00,1,4.99,false
1003,SKU008,bakery,bakery,2026-05-27T18:00:00,3,14.97,false
1003,SKU008,bakery,bakery,2026-05-27T20:00:00,1,4.99,false
1003,SKU008,bakery,bakery,2026-05-27T21:00:00,1,4.99,false
1003,SKU008,bakery,bakery,2026-05-28T07:00:00,1,4.99,false
1003,SKU008,bakery,bakery,2026-05-28T08:00:00,2,9.98,false
1003,SKU008,bakery,bakery,2026-05-28T09:00:00,2,9.98,false
1003,SKU008,bakery,bakery,2026-05-28T10:00:00,1,4.99,false
1003,SKU008,bakery,bakery,2026-05-28T11:00:00,2,9.98,false
1003,SKU008,bakery,bakery,2026-05-28T12:00:00,1,4.99,false
1003,SKU008,bakery,bakery,2026-05-28T13:00:00,1,4.99,false
1003,SKU008,bakery,bakery,2026-05-28T14:00:00,1,4.99,false
1003,SKU008,bakery,bakery,2026-05-28T15:00:00,2,9.98,false
1003,SKU008,bakery,bakery,2026-05-28T17:00:00,1,4.99,false
1003,SKU008,bakery,bakery,2026-05-28T18:00:00,1,4.99,false
1003,SKU008,bakery,bakery,2026-05-28T19:00:00,1,4.99,false
1003,SKU008,bakery,bakery,2026-05-28T20:00:00,2,9.98,false
1003,SKU008,bakery,bakery,2026-05-28T21:00:00,2,9.98,false
1003,SKU008,bakery,bakery,2026-05-29T06:00:00,1,4.99,false
1003,SKU008,bakery,bakery,2026-05-29T07:00:00,1,4.99,false
1003,SKU008,bakery,bakery,2026-05-29T08:00:00,3,14.97,false
1003,SKU008,bakery,bakery,2026-05-29T11:00:00,3,14.97,false
1003,SKU008,bakery,bakery,2026-05-29T12:00:00,1,4.99,false
1003,SKU008,bakery,bakery,2026-05-29T14:00:00,1,4.99,false
1003,SKU008,bakery,bakery,2026-05-29T16:00:00,2,9.98,false
1003,SKU008,bakery,bakery,2026-05-29T17:00:00,2,9.98,false
1003,SKU008,bakery,bakery,2026-05-29T18:00:00,2,9.98,false
1003,SKU008,bakery,bakery,2026-05-29T19:00:00,1,4.99,false
1003,SKU008,bakery,bakery,2026-05-29T21:00:00,1,4.99,false
1003,SKU008,bakery,bakery,2026-05-30T07:00:00,1,4.99,false
1003,SKU008,bakery,bakery,2026-05-30T09:00:00,3,14.97,false
1003,SKU008,bakery,bakery,2026-05-30T11:00:00,1,4.99,false
1003,SKU008,bakery,bakery,2026-05-30T12:00:00,2,9.98,false
1003,SKU008,bakery,bakery,2026-05-30T13:00:00,1,4.99,false
1003,SKU008,bakery,bakery,2026-05-30T14:00:00,2,9.98,false
1003,SKU008,bakery,bakery,2026-05-30T16:00:00,1,4.99,false
1003,SKU008,bakery,bakery,2026-05-30T17:00:00,2,9.98,false
1003,SKU008,bakery,bakery,2026-05-30T18:00:00,2,9.98,false
1003,SKU008,bakery,bakery,2026-05-30T19:00:00,1,4.99,false
1003,SKU008,bakery,bakery,2026-05-31T06:00:00,1,4.99,false
1003,SKU008,bakery,bakery,2026-05-31T07:00:00,1,4.99,false
1003,SKU008,bakery,bakery,2026-05-31T08:00:00,2,9.98,false
1003,SKU008,bakery,bakery,2026-05-31T09:00:00,2,9.98,false
1003,SKU008,bakery,bakery,2026-05-31T10:00:00,3,14.97,false
1003,SKU008,bakery,bakery,2026-05-31T11:00:00,1,4.99,false
1003,SKU008,bakery,bakery,2026-05-31T12:00:00,1,4.99,false
1003,SKU008,bakery,bakery,2026-05-31T13:00:00,1,4.99,false
1003,SKU008,bakery,bakery,2026-05-31T15:00:00,1,4.99,false
1003,SKU008,bakery,bakery,2026-05-31T16:00:00,1,4.99,false
1003,SKU008,bakery,bakery,2026-05-31T17:00:00,1,4.99,false
1003,SKU008,bakery,bakery,2026-05-31T18:00:00,2,9.98,false
1003,SKU008,bakery,bakery,2026-05-31T19:00:00,2,9.98,false
1003,SKU008,bakery,bakery,2026-05-31T20:00:00,1,4.99,false
1003,SKU008,bakery,bakery,2026-05-31T21:00:00,1,4.99,false
1003,SKU008,bakery,bakery,2026-06-01T07:00:00,1,4.99,false
1003,SKU008,bakery,bakery,2026-06-01T08:00:00,3,14.97,false
1003,SKU008,bakery,bakery,2026-06-01T09:00:00,1,4.99,false
1003,SKU008,bakery,bakery,2026-06-01T10:00:00,1,4.99,false
1003,SKU008,bakery,bakery,2026-06-01T11:00:00,4,19.96,false
1003,SKU008,bakery,bakery,2026-06-01T12:00:00,2,9.98,false
1003,SKU008,bakery,bakery,2026-06-01T13:00:00,5,24.95,false
1003,SKU008,bakery,bakery,2026-06-01T14:00:00,2,9.98,false
1003,SKU008,bakery,bakery,2026-06-01T15:00:00,3,14.97,false
1003,SKU008,bakery,bakery,2026-06-01T16:00:00,2,9.98,false
1003,SKU008,bakery,bakery,2026-06-01T17:00:00,2,9.98,false
1003,SKU008,bakery,bakery,2026-06-01T18:00:00,3,14.97,false
1003,SKU008,bakery,bakery,2026-06-01T19:00:00,1,4.99,false
1003,SKU008,bakery,bakery,2026-06-02T09:00:00,2,9.98,false
1003,SKU008,bakery,bakery,2026-06-02T10:00:00,2,9.98,false
1003,SKU008,bakery,bakery,2026-06-02T11:00:00,2,9.98,false
1003,SKU008,bakery,bakery,2026-06-02T12:00:00,3,14.97,false
1003,SKU008,bakery,bakery,2026-06-02T13:00:00,3,14.97,false
1003,SKU008,bakery,bakery,2026-06-02T15:00:00,1,4.99,false
1003,SKU008,bakery,bakery,2026-06-02T16:00:00,1,4.99,false
1003,SKU008,bakery,bakery,2026-06-02T17:00:00,2,9.98,false
1003,SKU008,bakery,bakery,2026-06-02T18:00:00,1,4.99,false
1003,SKU008,bakery,bakery,2026-06-02T19:00:00,2,9.98,false
1003,SKU008,bakery,bakery,2026-06-02T20:00:00,2,9.98,false
1003,SKU008,bakery,bakery,2026-06-02T21:00:00,2,9.98,false
1003,SKU008,bakery,bakery,2026-06-03T06:00:00,2,9.98,false
1003,SKU008,bakery,bakery,2026-06-03T07:00:00,3,14.97,false
1003,SKU008,bakery,bakery,2026-06-03T08:00:00,1,4.99,false
1003,SKU008,bakery,bakery,2026-06-03T09:00:00,1,4.99,false
1003,SKU008,bakery,bakery,2026-06-03T10:00:00,2,9.98,false
1003,SKU008,bakery,bakery,2026-06-03T11:00:00,1,4.99,false
1003,SKU008,bakery,bakery,2026-06-03T12:00:00,1,4.99,false
1003,SKU008,bakery,bakery,2026-06-03T13:00:00,2,9.98,false
1003,SKU008,bakery,bakery,2026-06-03T15:00:00,2,9.98,false
1003,SKU008,bakery,bakery,2026-06-03T17:00:00,2,9.98,false
1003,SKU008,bakery,bakery,2026-06-03T18:00:00,2,9.98,false
1003,SKU008,bakery,bakery,2026-06-03T19:00:00,2,9.98,false
1003,SKU008,bakery,bakery,2026-06-03T20:00:00,3,14.97,false
1003,SKU008,bakery,bakery,2026-06-03T21:00:00,2,9.98,false
1003,SKU008,bakery,bakery,2026-06-04T08:00:00,3,14.97,false
1003,SKU008,bakery,bakery,2026-06-04T09:00:00,2,9.98,false
1003,SKU008,bakery,bakery,2026-06-04T10:00:00,1,4.99,false
1003,SKU008,bakery,bakery,2026-06-04T12:00:00,4,19.96,false
1003,SKU008,bakery,bakery,2026-06-04T13:00:00,1,4.99,false
1003,SKU008,bakery,bakery,2026-06-04T15:00:00,1,4.99,false
1003,SKU008,bakery,bakery,2026-06-04T16:00:00,1,4.99,false
1003,SKU008,bakery,bakery,2026-06-04T17:00:00,1,4.99,false
1003,SKU008,bakery,bakery,2026-06-04T18:00:00,1,4.99,false
1003,SKU008,bakery,bakery,2026-06-04T19:00:00,1,4.99,false
1003,SKU008,bakery,bakery,2026-06-04T21:00:00,1,4.99,false
1003,SKU009,beverages,grocery,2026-05-22T06:00:00,3,14.82,true
1003,SKU009,beverages,grocery,2026-05-22T07:00:00,1,4.94,true
1003,SKU009,beverages,grocery,2026-05-22T08:00:00,3,14.82,true
1003,SKU009,beverages,grocery,2026-05-22T09:00:00,2,9.88,true
1003,SKU009,beverages,grocery,2026-05-22T10:00:00,2,9.88,true
1003,SKU009,beverages,grocery,2026-05-22T11:00:00,3,14.82,true
1003,SKU009,beverages,grocery,2026-05-22T12:00:00,3,14.82,true
1003,SKU009,beverages,grocery,2026-05-22T13:00:00,2,9.88,true
1003,SKU009,beverages,grocery,2026-05-22T14:00:00,1,4.94,true
1003,SKU009,beverages,grocery,2026-05-22T16:00:00,1,4.94,true
1003,SKU009,beverages,grocery,2026-05-22T17:00:00,3,14.82,true
1003,SKU009,beverages,grocery,2026-05-22T18:00:00,1,4.94,true
1003,SKU009,beverages,grocery,2026-05-22T19:00:00,2,9.88,true
1003,SKU009,beverages,grocery,2026-05-22T20:00:00,1,4.94,true
1003,SKU009,beverages,grocery,2026-05-22T21:00:00,1,4.94,true
1003,SKU009,beverages,grocery,2026-05-23T06:00:00,2,9.88,true
1003,SKU009,beverages,grocery,2026-05-23T08:00:00,2,9.88,true
1003,SKU009,beverages,grocery,2026-05-23T09:00:00,4,19.76,true
1003,SKU009,beverages,grocery,2026-05-23T10:00:00,2,9.88,true
1003,SKU009,beverages,grocery,2026-05-23T11:00:00,4,19.76,true
1003,SKU009,beverages,grocery,2026-05-23T12:00:00,3,14.82,true
1003,SKU009,beverages,grocery,2026-05-23T13:00:00,2,9.88,true
1003,SKU009,beverages,grocery,2026-05-23T15:00:00,1,4.94,true
1003,SKU009,beverages,grocery,2026-05-23T16:00:00,2,9.88,true
1003,SKU009,beverages,grocery,2026-05-23T17:00:00,2,9.88,true
1003,SKU009,beverages,grocery,2026-05-23T18:00:00,2,9.88,true
1003,SKU009,beverages,grocery,2026-05-23T19:00:00,1,4.94,true
1003,SKU009,beverages,grocery,2026-05-23T20:00:00,3,14.82,true
1003,SKU009,beverages,grocery,2026-05-24T07:00:00,1,4.94,true
1003,SKU009,beverages,grocery,2026-05-24T08:00:00,2,9.88,true
1003,SKU009,beverages,grocery,2026-05-24T10:00:00,3,14.82,true
1003,SKU009,beverages,grocery,2026-05-24T11:00:00,4,19.76,true
1003,SKU009,beverages,grocery,2026-05-24T12:00:00,3,14.82,true
1003,SKU009,beverages,grocery,2026-05-24T13:00:00,1,4.94,true
1003,SKU009,beverages,grocery,2026-05-24T14:00:00,4,19.76,true
1003,SKU009,beverages,grocery,2026-05-24T15:00:00,1,4.94,true
1003,SKU009,beverages,grocery,2026-05-24T17:00:00,2,9.88,true
1003,SKU009,beverages,grocery,2026-05-24T18:00:00,2,9.88,true
1003,SKU009,beverages,grocery,2026-05-24T19:00:00,3,14.82,true
1003,SKU009,beverages,grocery,2026-05-24T21:00:00,2,9.88,true
1003,SKU009,beverages,grocery,2026-05-25T06:00:00,2,10.98,false
1003,SKU009,beverages,grocery,2026-05-25T07:00:00,1,5.49,false
1003,SKU009,beverages,grocery,2026-05-25T08:00:00,1,5.49,false
1003,SKU009,beverages,grocery,2026-05-25T09:00:00,1,5.49,false
1003,SKU009,beverages,grocery,2026-05-25T11:00:00,3,16.47,false
1003,SKU009,beverages,grocery,2026-05-25T12:00:00,2,10.98,false
1003,SKU009,beverages,grocery,2026-05-25T13:00:00,1,5.49,false
1003,SKU009,beverages,grocery,2026-05-25T14:00:00,1,5.49,false
1003,SKU009,beverages,grocery,2026-05-25T15:00:00,2,10.98,false
1003,SKU009,beverages,grocery,2026-05-25T16:00:00,2,10.98,false
1003,SKU009,beverages,grocery,2026-05-25T17:00:00,2,10.98,false
1003,SKU009,beverages,grocery,2026-05-25T18:00:00,1,5.49,false
1003,SKU009,beverages,grocery,2026-05-25T19:00:00,2,10.98,false
1003,SKU009,beverages,grocery,2026-05-25T20:00:00,2,10.98,false
1003,SKU009,beverages,grocery,2026-05-25T21:00:00,1,5.49,false
1003,SKU009,beverages,grocery,2026-05-26T06:00:00,1,5.49,false
1003,SKU009,beverages,grocery,2026-05-26T08:00:00,1,5.49,false
1003,SKU009,beverages,grocery,2026-05-26T09:00:00,2,10.98,false
1003,SKU009,beverages,grocery,2026-05-26T11:00:00,1,5.49,false
1003,SKU009,beverages,grocery,2026-05-26T12:00:00,1,5.49,false
1003,SKU009,beverages,grocery,2026-05-26T13:00:00,2,10.98,false
1003,SKU009,beverages,grocery,2026-05-26T14:00:00,1,5.49,false
1003,SKU009,beverages,grocery,2026-05-26T16:00:00,1,5.49,false
1003,SKU009,beverages,grocery,2026-05-26T17:00:00,2,10.98,false
1003,SKU009,beverages,grocery,2026-05-26T18:00:00,2,10.98,false
1003,SKU009,beverages,grocery,2026-05-26T19:00:00,3,16.47,false
1003,SKU009,beverages,grocery,2026-05-26T20:00:00,1,5.49,false
1003,SKU009,beverages,grocery,2026-05-26T21:00:00,2,10.98,false
1003,SKU009,beverages,grocery,2026-05-27T06:00:00,3,16.47,false
1003,SKU009,beverages,grocery,2026-05-27T07:00:00,1,5.49,false
1003,SKU009,beverages,grocery,2026-05-27T10:00:00,2,10.98,false
1003,SKU009,beverages,grocery,2026-05-27T11:00:00,2,10.98,false
1003,SKU009,beverages,grocery,2026-05-27T12:00:00,3,16.47,false
1003,SKU009,beverages,grocery,2026-05-27T13:00:00,1,5.49,false
1003,SKU009,beverages,grocery,2026-05-27T14:00:00,1,5.49,false
1003,SKU009,beverages,grocery,2026-05-27T15:00:00,2,10.98,false
1003,SKU009,beverages,grocery,2026-05-27T17:00:00,1,5.49,false
1003,SKU009,beverages,grocery,2026-05-27T18:00:00,1,5.49,false
1003,SKU009,beverages,grocery,2026-05-27T19:00:00,3,16.47,false
1003,SKU009,beverages,grocery,2026-05-27T20:00:00,1,5.49,false
1003,SKU009,beverages,grocery,2026-05-27T21:00:00,1,5.49,false
1003,SKU009,beverages,grocery,2026-05-28T06:00:00,1,5.49,false
1003,SKU009,beverages,grocery,2026-05-28T07:00:00,2,10.98,false
1003,SKU009,beverages,grocery,2026-05-28T08:00:00,1,5.49,false
1003,SKU009,beverages,grocery,2026-05-28T09:00:00,1,5.49,false
1003,SKU009,beverages,grocery,2026-05-28T10:00:00,1,5.49,false
1003,SKU009,beverages,grocery,2026-05-28T12:00:00,1,5.49,false
1003,SKU009,beverages,grocery,2026-05-28T13:00:00,1,5.49,false
1003,SKU009,beverages,grocery,2026-05-28T14:00:00,2,10.98,false
1003,SKU009,beverages,grocery,2026-05-28T17:00:00,2,10.98,false
1003,SKU009,beverages,grocery,2026-05-28T18:00:00,2,10.98,false
1003,SKU009,beverages,grocery,2026-05-28T19:00:00,1,5.49,false
1003,SKU009,beverages,grocery,2026-05-28T21:00:00,1,5.49,false
1003,SKU009,beverages,grocery,2026-05-29T06:00:00,2,9.88,true
1003,SKU009,beverages,grocery,2026-05-29T07:00:00,2,9.88,true
1003,SKU009,beverages,grocery,2026-05-29T09:00:00,1,4.94,true
1003,SKU009,beverages,grocery,2026-05-29T10:00:00,2,9.88,true
1003,SKU009,beverages,grocery,2026-05-29T11:00:00,3,14.82,true
1003,SKU009,beverages,grocery,2026-05-29T12:00:00,4,19.76,true
1003,SKU009,beverages,grocery,2026-05-29T13:00:00,2,9.88,true
1003,SKU009,beverages,grocery,2026-05-29T14:00:00,2,9.88,true
1003,SKU009,beverages,grocery,2026-05-29T15:00:00,3,14.82,true
1003,SKU009,beverages,grocery,2026-05-29T16:00:00,2,9.88,true
1003,SKU009,beverages,grocery,2026-05-29T17:00:00,2,9.88,true
1003,SKU009,beverages,grocery,2026-05-29T18:00:00,3,14.82,true
1003,SKU009,beverages,grocery,2026-05-29T19:00:00,1,4.94,true
1003,SKU009,beverages,grocery,2026-05-29T20:00:00,2,9.88,true
1003,SKU009,beverages,grocery,2026-05-29T21:00:00,2,9.88,true
1003,SKU009,beverages,grocery,2026-05-30T06:00:00,1,4.94,true
1003,SKU009,beverages,grocery,2026-05-30T07:00:00,3,14.82,true
1003,SKU009,beverages,grocery,2026-05-30T08:00:00,1,4.94,true
1003,SKU009,beverages,grocery,2026-05-30T09:00:00,2,9.88,true
1003,SKU009,beverages,grocery,2026-05-30T10:00:00,2,9.88,true
1003,SKU009,beverages,grocery,2026-05-30T11:00:00,3,14.82,true
1003,SKU009,beverages,grocery,2026-05-30T12:00:00,3,14.82,true
1003,SKU009,beverages,grocery,2026-05-30T13:00:00,3,14.82,true
1003,SKU009,beverages,grocery,2026-05-30T14:00:00,2,9.88,true
1003,SKU009,beverages,grocery,2026-05-30T15:00:00,2,9.88,true
1003,SKU009,beverages,grocery,2026-05-30T16:00:00,2,9.88,true
1003,SKU009,beverages,grocery,2026-05-30T17:00:00,2,9.88,true
1003,SKU009,beverages,grocery,2026-05-30T18:00:00,3,14.82,true
1003,SKU009,beverages,grocery,2026-05-30T19:00:00,1,4.94,true
1003,SKU009,beverages,grocery,2026-05-30T20:00:00,2,9.88,true
1003,SKU009,beverages,grocery,2026-05-30T21:00:00,2,9.88,true
1003,SKU009,beverages,grocery,2026-05-31T06:00:00,1,4.94,true
1003,SKU009,beverages,grocery,2026-05-31T07:00:00,3,14.82,true
1003,SKU009,beverages,grocery,2026-05-31T08:00:00,2,9.88,true
1003,SKU009,beverages,grocery,2026-05-31T09:00:00,4,19.76,true
1003,SKU009,beverages,grocery,2026-05-31T10:00:00,3,14.82,true
1003,SKU009,beverages,grocery,2026-05-31T11:00:00,2,9.88,true
1003,SKU009,beverages,grocery,2026-05-31T12:00:00,2,9.88,true
1003,SKU009,beverages,grocery,2026-05-31T13:00:00,2,9.88,true
1003,SKU009,beverages,grocery,2026-05-31T14:00:00,2,9.88,true
1003,SKU009,beverages,grocery,2026-05-31T16:00:00,1,4.94,true
1003,SKU009,beverages,grocery,2026-05-31T17:00:00,4,19.76,true
1003,SKU009,beverages,grocery,2026-05-31T18:00:00,2,9.88,true
1003,SKU009,beverages,grocery,2026-05-31T19:00:00,2,9.88,true
1003,SKU009,beverages,grocery,2026-05-31T20:00:00,3,14.82,true
1003,SKU009,beverages,grocery,2026-05-31T21:00:00,3,14.82,true
1003,SKU009,beverages,grocery,2026-06-01T06:00:00,2,10.98,false
1003,SKU009,beverages,grocery,2026-06-01T07:00:00,2,10.98,false
1003,SKU009,beverages,grocery,2026-06-01T08:00:00,3,16.47,false
1003,SKU009,beverages,grocery,2026-06-01T09:00:00,1,5.49,false
1003,SKU009,beverages,grocery,2026-06-01T10:00:00,2,10.98,false
1003,SKU009,beverages,grocery,2026-06-01T11:00:00,2,10.98,false
1003,SKU009,beverages,grocery,2026-06-01T12:00:00,2,10.98,false
1003,SKU009,beverages,grocery,2026-06-01T13:00:00,1,5.49,false
1003,SKU009,beverages,grocery,2026-06-01T15:00:00,1,5.49,false
1003,SKU009,beverages,grocery,2026-06-01T16:00:00,1,5.49,false
1003,SKU009,beverages,grocery,2026-06-01T18:00:00,2,10.98,false
1003,SKU009,beverages,grocery,2026-06-01T20:00:00,1,5.49,false
1003,SKU009,beverages,grocery,2026-06-01T21:00:00,1,5.49,false
1003,SKU009,beverages,grocery,2026-06-02T07:00:00,2,10.98,false
1003,SKU009,beverages,grocery,2026-06-02T08:00:00,1,5.49,false
1003,SKU009,beverages,grocery,2026-06-02T09:00:00,2,10.98,false
1003,SKU009,beverages,grocery,2026-06-02T10:00:00,2,10.98,false
1003,SKU009,beverages,grocery,2026-06-02T11:00:00,2,10.98,false
1003,SKU009,beverages,grocery,2026-06-02T12:00:00,2,10.98,false
1003,SKU009,beverages,grocery,2026-06-02T13:00:00,2,10.98,false
1003,SKU009,beverages,grocery,2026-06-02T14:00:00,2,10.98,false
1003,SKU009,beverages,grocery,2026-06-02T15:00:00,1,5.49,false
1003,SKU009,beverages,grocery,2026-06-02T16:00:00,1,5.49,false
1003,SKU009,beverages,grocery,2026-06-02T18:00:00,2,10.98,false
1003,SKU009,beverages,grocery,2026-06-02T20:00:00,1,5.49,false
1003,SKU009,beverages,grocery,2026-06-02T21:00:00,3,16.47,false
1003,SKU009,beverages,grocery,2026-06-03T06:00:00,1,5.49,false
1003,SKU009,beverages,grocery,2026-06-03T07:00:00,1,5.49,false
1003,SKU009,beverages,grocery,2026-06-03T08:00:00,2,10.98,false
1003,SKU009,beverages,grocery,2026-06-03T09:00:00,1,5.49,false
1003,SKU009,beverages,grocery,2026-06-03T11:00:00,3,16.47,false
1003,SKU009,beverages,grocery,2026-06-03T12:00:00,3,16.47,false
1003,SKU009,beverages,grocery,2026-06-03T13:00:00,2,10.98,false
1003,SKU009,beverages,grocery,2026-06-03T14:00:00,1,5.49,false
1003,SKU009,beverages,grocery,2026-06-03T15:00:00,2,10.98,false
1003,SKU009,beverages,grocery,2026-06-03T16:00:00,1,5.49,false
1003,SKU009,beverages,grocery,2026-06-03T17:00:00,5,27.45,false
1003,SKU009,beverages,grocery,2026-06-03T18:00:00,2,10.98,false
1003,SKU009,beverages,grocery,2026-06-03T21:00:00,2,10.98,false
1003,SKU009,beverages,grocery,2026-06-04T06:00:00,2,10.98,false
1003,SKU009,beverages,grocery,2026-06-04T08:00:00,3,16.47,false
1003,SKU009,beverages,grocery,2026-06-04T13:00:00,2,10.98,false
1003,SKU009,beverages,grocery,2026-06-04T15:00:00,2,10.98,false
1003,SKU009,beverages,grocery,2026-06-04T17:00:00,1,5.49,false
1003,SKU009,beverages,grocery,2026-06-04T18:00:00,3,16.47,false
1003,SKU009,beverages,grocery,2026-06-04T19:00:00,1,5.49,false
1003,SKU009,beverages,grocery,2026-06-04T20:00:00,1,5.49,false
1003,SKU009,beverages,grocery,2026-06-04T21:00:00,3,16.47,false
1003,SKU010,beverages,grocery,2026-05-22T07:00:00,1,4.99,false
1003,SKU010,beverages,grocery,2026-05-22T09:00:00,2,9.98,false
1003,SKU010,beverages,grocery,2026-05-22T10:00:00,2,9.98,false
1003,SKU010,beverages,grocery,2026-05-22T11:00:00,3,14.97,false
1003,SKU010,beverages,grocery,2026-05-22T13:00:00,2,9.98,false
1003,SKU010,beverages,grocery,2026-05-22T15:00:00,2,9.98,false
1003,SKU010,beverages,grocery,2026-05-22T16:00:00,1,4.99,false
1003,SKU010,beverages,grocery,2026-05-22T17:00:00,2,9.98,false
1003,SKU010,beverages,grocery,2026-05-22T18:00:00,3,14.97,false
1003,SKU010,beverages,grocery,2026-05-22T20:00:00,1,4.99,false
1003,SKU010,beverages,grocery,2026-05-22T21:00:00,1,4.99,false
1003,SKU010,beverages,grocery,2026-05-23T06:00:00,2,9.98,false
1003,SKU010,beverages,grocery,2026-05-23T07:00:00,1,4.99,false
1003,SKU010,beverages,grocery,2026-05-23T09:00:00,2,9.98,false
1003,SKU010,beverages,grocery,2026-05-23T10:00:00,1,4.99,false
1003,SKU010,beverages,grocery,2026-05-23T11:00:00,1,4.99,false
1003,SKU010,beverages,grocery,2026-05-23T12:00:00,3,14.97,false
1003,SKU010,beverages,grocery,2026-05-23T13:00:00,1,4.99,false
1003,SKU010,beverages,grocery,2026-05-23T15:00:00,1,4.99,false
1003,SKU010,beverages,grocery,2026-05-23T16:00:00,2,9.98,false
1003,SKU010,beverages,grocery,2026-05-23T17:00:00,3,14.97,false
1003,SKU010,beverages,grocery,2026-05-23T18:00:00,3,14.97,false
1003,SKU010,beverages,grocery,2026-05-23T19:00:00,2,9.98,false
1003,SKU010,beverages,grocery,2026-05-23T20:00:00,2,9.98,false
1003,SKU010,beverages,grocery,2026-05-23T21:00:00,2,9.98,false
1003,SKU010,beverages,grocery,2026-05-24T08:00:00,1,4.99,false
1003,SKU010,beverages,grocery,2026-05-24T10:00:00,1,4.99,false
1003,SKU010,beverages,grocery,2026-05-24T11:00:00,4,19.96,false
1003,SKU010,beverages,grocery,2026-05-24T12:00:00,3,14.97,false
1003,SKU010,beverages,grocery,2026-05-24T13:00:00,1,4.99,false
1003,SKU010,beverages,grocery,2026-05-24T14:00:00,3,14.97,false
1003,SKU010,beverages,grocery,2026-05-24T15:00:00,1,4.99,false
1003,SKU010,beverages,grocery,2026-05-24T16:00:00,2,9.98,false
1003,SKU010,beverages,grocery,2026-05-24T17:00:00,2,9.98,false
1003,SKU010,beverages,grocery,2026-05-24T18:00:00,3,14.97,false
1003,SKU010,beverages,grocery,2026-05-24T19:00:00,1,4.99,false
1003,SKU010,beverages,grocery,2026-05-24T20:00:00,2,9.98,false
1003,SKU010,beverages,grocery,2026-05-24T21:00:00,2,9.98,false
1003,SKU010,beverages,grocery,2026-05-25T06:00:00,1,4.99,false
1003,SKU010,beverages,grocery,2026-05-25T07:00:00,1,4.99,false
1003,SKU010,beverages,grocery,2026-05-25T10:00:00,1,4.99,false
1003,SKU010,beverages,grocery,2026-05-25T11:00:00,3,14.97,false
1003,SKU010,beverages,grocery,2026-05-25T12:00:00,4,19.96,false
1003,SKU010,beverages,grocery,2026-05-25T13:00:00,2,9.98,false
1003,SKU010,beverages,grocery,2026-05-25T14:00:00,3,14.97,false
1003,SKU010,beverages,grocery,2026-05-25T15:00:00,1,4.99,false
1003,SKU010,beverages,grocery,2026-05-25T16:00:00,2,9.98,false
1003,SKU010,beverages,grocery,2026-05-25T17:00:00,1,4.99,false
1003,SKU010,beverages,grocery,2026-05-25T18:00:00,3,14.97,false
1003,SKU010,beverages,grocery,2026-05-25T19:00:00,2,9.98,false
1003,SKU010,beverages,grocery,2026-05-25T20:00:00,3,14.97,false
1003,SKU010,beverages,grocery,2026-05-25T21:00:00,1,4.99,false
1003,SKU010,beverages,grocery,2026-05-26T06:00:00,2,9.98,false
1003,SKU010,beverages,grocery,2026-05-26T08:00:00,1,4.99,false
1003,SKU010,beverages,grocery,2026-05-26T09:00:00,2,9.98,false
1003,SKU010,beverages,grocery,2026-05-26T11:00:00,2,9.98,false
1003,SKU010,beverages,grocery,2026-05-26T12:00:00,2,9.98,false
1003,SKU010,beverages,grocery,2026-05-26T13:00:00,4,19.96,false
1003,SKU010,beverages,grocery,2026-05-26T14:00:00,2,9.98,false
1003,SKU010,beverages,grocery,2026-05-26T15:00:00,2,9.98,false
1003,SKU010,beverages,grocery,2026-05-26T16:00:00,1,4.99,false
1003,SKU010,beverages,grocery,2026-05-26T17:00:00,2,9.98,false
1003,SKU010,beverages,grocery,2026-05-26T18:00:00,3,14.97,false
1003,SKU010,beverages,grocery,2026-05-26T19:00:00,1,4.99,false
1003,SKU010,beverages,grocery,2026-05-26T20:00:00,1,4.99,false
1003,SKU010,beverages,grocery,2026-05-26T21:00:00,1,4.99,false
1003,SKU010,beverages,grocery,2026-05-27T06:00:00,3,14.97,false
1003,SKU010,beverages,grocery,2026-05-27T07:00:00,2,9.98,false
1003,SKU010,beverages,grocery,2026-05-27T08:00:00,3,14.97,false
1003,SKU010,beverages,grocery,2026-05-27T09:00:00,3,14.97,false
1003,SKU010,beverages,grocery,2026-05-27T11:00:00,2,9.98,false
1003,SKU010,beverages,grocery,2026-05-27T12:00:00,2,9.98,false
1003,SKU010,beverages,grocery,2026-05-27T13:00:00,3,14.97,false
1003,SKU010,beverages,grocery,2026-05-27T15:00:00,1,4.99,false
1003,SKU010,beverages,grocery,2026-05-27T17:00:00,3,14.97,false
1003,SKU010,beverages,grocery,2026-05-27T18:00:00,1,4.99,false
1003,SKU010,beverages,grocery,2026-05-27T19:00:00,1,4.99,false
1003,SKU010,beverages,grocery,2026-05-27T21:00:00,1,4.99,false
1003,SKU010,beverages,grocery,2026-05-28T06:00:00,1,4.99,false
1003,SKU010,beverages,grocery,2026-05-28T07:00:00,2,9.98,false
1003,SKU010,beverages,grocery,2026-05-28T08:00:00,2,9.98,false
1003,SKU010,beverages,grocery,2026-05-28T09:00:00,1,4.99,false
1003,SKU010,beverages,grocery,2026-05-28T10:00:00,1,4.99,false
1003,SKU010,beverages,grocery,2026-05-28T11:00:00,1,4.99,false
1003,SKU010,beverages,grocery,2026-05-28T12:00:00,4,19.96,false
1003,SKU010,beverages,grocery,2026-05-28T14:00:00,3,14.97,false
1003,SKU010,beverages,grocery,2026-05-28T15:00:00,3,14.97,false
1003,SKU010,beverages,grocery,2026-05-28T16:00:00,2,9.98,false
1003,SKU010,beverages,grocery,2026-05-28T17:00:00,2,9.98,false
1003,SKU010,beverages,grocery,2026-05-28T18:00:00,3,14.97,false
1003,SKU010,beverages,grocery,2026-05-28T19:00:00,1,4.99,false
1003,SKU010,beverages,grocery,2026-05-28T21:00:00,1,4.99,false
1003,SKU010,beverages,grocery,2026-05-29T06:00:00,2,9.98,false
1003,SKU010,beverages,grocery,2026-05-29T09:00:00,2,9.98,false
1003,SKU010,beverages,grocery,2026-05-29T10:00:00,3,14.97,false
1003,SKU010,beverages,grocery,2026-05-29T11:00:00,2,9.98,false
1003,SKU010,beverages,grocery,2026-05-29T12:00:00,3,14.97,false
1003,SKU010,beverages,grocery,2026-05-29T13:00:00,1,4.99,false
1003,SKU010,beverages,grocery,2026-05-29T14:00:00,1,4.99,false
1003,SKU010,beverages,grocery,2026-05-29T15:00:00,2,9.98,false
1003,SKU010,beverages,grocery,2026-05-29T16:00:00,1,4.99,false
1003,SKU010,beverages,grocery,2026-05-29T17:00:00,2,9.98,false
1003,SKU010,beverages,grocery,2026-05-29T18:00:00,3,14.97,false
1003,SKU010,beverages,grocery,2026-05-29T19:00:00,1,4.99,false
1003,SKU010,beverages,grocery,2026-05-29T20:00:00,2,9.98,false
1003,SKU010,beverages,grocery,2026-05-29T21:00:00,1,4.99,false
1003,SKU010,beverages,grocery,2026-05-30T06:00:00,3,14.97,false
1003,SKU010,beverages,grocery,2026-05-30T08:00:00,1,4.99,false
1003,SKU010,beverages,grocery,2026-05-30T09:00:00,1,4.99,false
1003,SKU010,beverages,grocery,2026-05-30T10:00:00,2,9.98,false
1003,SKU010,beverages,grocery,2026-05-30T11:00:00,1,4.99,false
1003,SKU010,beverages,grocery,2026-05-30T12:00:00,1,4.99,false
1003,SKU010,beverages,grocery,2026-05-30T13:00:00,3,14.97,false
1003,SKU010,beverages,grocery,2026-05-30T14:00:00,1,4.99,false
1003,SKU010,beverages,grocery,2026-05-30T15:00:00,1,4.99,false
1003,SKU010,beverages,grocery,2026-05-30T16:00:00,2,9.98,false
1003,SKU010,beverages,grocery,2026-05-30T17:00:00,2,9.98,false
1003,SKU010,beverages,grocery,2026-05-30T18:00:00,4,19.96,false
1003,SKU010,beverages,grocery,2026-05-30T19:00:00,1,4.99,false
1003,SKU010,beverages,grocery,2026-05-30T20:00:00,3,14.97,false
1003,SKU010,beverages,grocery,2026-05-30T21:00:00,1,4.99,false
1003,SKU010,beverages,grocery,2026-05-31T07:00:00,2,9.98,false
1003,SKU010,beverages,grocery,2026-05-31T08:00:00,3,14.97,false
1003,SKU010,beverages,grocery,2026-05-31T09:00:00,2,9.98,false
1003,SKU010,beverages,grocery,2026-05-31T12:00:00,2,9.98,false
1003,SKU010,beverages,grocery,2026-05-31T13:00:00,1,4.99,false
1003,SKU010,beverages,grocery,2026-05-31T14:00:00,1,4.99,false
1003,SKU010,beverages,grocery,2026-05-31T16:00:00,1,4.99,false
1003,SKU010,beverages,grocery,2026-05-31T17:00:00,1,4.99,false
1003,SKU010,beverages,grocery,2026-05-31T18:00:00,4,19.96,false
1003,SKU010,beverages,grocery,2026-05-31T19:00:00,3,14.97,false
1003,SKU010,beverages,grocery,2026-05-31T20:00:00,2,9.98,false
1003,SKU010,beverages,grocery,2026-05-31T21:00:00,2,9.98,false
1003,SKU010,beverages,grocery,2026-06-01T06:00:00,1,4.99,false
1003,SKU010,beverages,grocery,2026-06-01T08:00:00,1,4.99,false
1003,SKU010,beverages,grocery,2026-06-01T10:00:00,1,4.99,false
1003,SKU010,beverages,grocery,2026-06-01T11:00:00,2,9.98,false
1003,SKU010,beverages,grocery,2026-06-01T12:00:00,3,14.97,false
1003,SKU010,beverages,grocery,2026-06-01T13:00:00,1,4.99,false
1003,SKU010,beverages,grocery,2026-06-01T14:00:00,1,4.99,false
1003,SKU010,beverages,grocery,2026-06-01T15:00:00,2,9.98,false
1003,SKU010,beverages,grocery,2026-06-01T16:00:00,3,14.97,false
1003,SKU010,beverages,grocery,2026-06-01T17:00:00,3,14.97,false
1003,SKU010,beverages,grocery,2026-06-01T18:00:00,3,14.97,false
1003,SKU010,beverages,grocery,2026-06-01T19:00:00,1,4.99,false
1003,SKU010,beverages,grocery,2026-06-01T20:00:00,2,9.98,false
1003,SKU010,beverages,grocery,2026-06-01T21:00:00,4,19.96,false
1003,SKU010,beverages,grocery,2026-06-02T06:00:00,1,4.99,false
1003,SKU010,beverages,grocery,2026-06-02T08:00:00,3,14.97,false
1003,SKU010,beverages,grocery,2026-06-02T09:00:00,1,4.99,false
1003,SKU010,beverages,grocery,2026-06-02T10:00:00,1,4.99,false
1003,SKU010,beverages,grocery,2026-06-02T11:00:00,3,14.97,false
1003,SKU010,beverages,grocery,2026-06-02T12:00:00,2,9.98,false
1003,SKU010,beverages,grocery,2026-06-02T13:00:00,1,4.99,false
1003,SKU010,beverages,grocery,2026-06-02T14:00:00,1,4.99,false
1003,SKU010,beverages,grocery,2026-06-02T15:00:00,1,4.99,false
1003,SKU010,beverages,grocery,2026-06-02T16:00:00,3,14.97,false
1003,SKU010,beverages,grocery,2026-06-02T17:00:00,3,14.97,false
1003,SKU010,beverages,grocery,2026-06-02T18:00:00,2,9.98,false
1003,SKU010,beverages,grocery,2026-06-02T19:00:00,2,9.98,false
1003,SKU010,beverages,grocery,2026-06-02T20:00:00,1,4.99,false
1003,SKU010,beverages,grocery,2026-06-02T21:00:00,2,9.98,false
1003,SKU010,beverages,grocery,2026-06-03T06:00:00,2,9.98,false
1003,SKU010,beverages,grocery,2026-06-03T07:00:00,1,4.99,false
1003,SKU010,beverages,grocery,2026-06-03T09:00:00,2,9.98,false
1003,SKU010,beverages,grocery,2026-06-03T10:00:00,2,9.98,false
1003,SKU010,beverages,grocery,2026-06-03T11:00:00,2,9.98,false
1003,SKU010,beverages,grocery,2026-06-03T12:00:00,4,19.96,false
1003,SKU010,beverages,grocery,2026-06-03T13:00:00,1,4.99,false
1003,SKU010,beverages,grocery,2026-06-03T14:00:00,1,4.99,false
1003,SKU010,beverages,grocery,2026-06-03T15:00:00,1,4.99,false
1003,SKU010,beverages,grocery,2026-06-03T16:00:00,1,4.99,false
1003,SKU010,beverages,grocery,2026-06-03T17:00:00,1,4.99,false
1003,SKU010,beverages,grocery,2026-06-03T18:00:00,2,9.98,false
1003,SKU010,beverages,grocery,2026-06-03T19:00:00,1,4.99,false
1003,SKU010,beverages,grocery,2026-06-03T21:00:00,1,4.99,false
1003,SKU010,beverages,grocery,2026-06-04T06:00:00,1,4.99,false
1003,SKU010,beverages,grocery,2026-06-04T07:00:00,3,14.97,false
1003,SKU010,beverages,grocery,2026-06-04T08:00:00,3,14.97,false
1003,SKU010,beverages,grocery,2026-06-04T09:00:00,1,4.99,false
1003,SKU010,beverages,grocery,2026-06-04T10:00:00,2,9.98,false
1003,SKU010,beverages,grocery,2026-06-04T11:00:00,1,4.99,false
1003,SKU010,beverages,grocery,2026-06-04T13:00:00,1,4.99,false
1003,SKU010,beverages,grocery,2026-06-04T14:00:00,2,9.98,false
1003,SKU010,beverages,grocery,2026-06-04T15:00:00,1,4.99,false
1003,SKU010,beverages,grocery,2026-06-04T16:00:00,2,9.98,false
1003,SKU010,beverages,grocery,2026-06-04T17:00:00,4,19.96,false
1003,SKU010,beverages,grocery,2026-06-04T21:00:00,3,14.97,false
1003,SKU011,frozen,frozen,2026-05-22T06:00:00,1,6.29,true
1003,SKU011,frozen,frozen,2026-05-22T07:00:00,2,12.58,true
1003,SKU011,frozen,frozen,2026-05-22T08:00:00,1,6.29,true
1003,SKU011,frozen,frozen,2026-05-22T09:00:00,1,6.29,true
1003,SKU011,frozen,frozen,2026-05-22T10:00:00,3,18.87,true
1003,SKU011,frozen,frozen,2026-05-22T11:00:00,1,6.29,true
1003,SKU011,frozen,frozen,2026-05-22T12:00:00,3,18.87,true
1003,SKU011,frozen,frozen,2026-05-22T13:00:00,1,6.29,true
1003,SKU011,frozen,frozen,2026-05-22T14:00:00,1,6.29,true
1003,SKU011,frozen,frozen,2026-05-22T16:00:00,1,6.29,true
1003,SKU011,frozen,frozen,2026-05-22T17:00:00,1,6.29,true
1003,SKU011,frozen,frozen,2026-05-22T18:00:00,2,12.58,true
1003,SKU011,frozen,frozen,2026-05-22T19:00:00,1,6.29,true
1003,SKU011,frozen,frozen,2026-05-22T21:00:00,1,6.29,true
1003,SKU011,frozen,frozen,2026-05-23T06:00:00,1,6.29,true
1003,SKU011,frozen,frozen,2026-05-23T07:00:00,1,6.29,true
1003,SKU011,frozen,frozen,2026-05-23T08:00:00,2,12.58,true
1003,SKU011,frozen,frozen,2026-05-23T09:00:00,2,12.58,true
1003,SKU011,frozen,frozen,2026-05-23T10:00:00,2,12.58,true
1003,SKU011,frozen,frozen,2026-05-23T11:00:00,1,6.29,true
1003,SKU011,frozen,frozen,2026-05-23T12:00:00,2,12.58,true
1003,SKU011,frozen,frozen,2026-05-23T14:00:00,3,18.87,true
1003,SKU011,frozen,frozen,2026-05-23T15:00:00,1,6.29,true
1003,SKU011,frozen,frozen,2026-05-23T16:00:00,2,12.58,true
1003,SKU011,frozen,frozen,2026-05-23T17:00:00,1,6.29,true
1003,SKU011,frozen,frozen,2026-05-23T18:00:00,3,18.87,true
1003,SKU011,frozen,frozen,2026-05-23T19:00:00,1,6.29,true
1003,SKU011,frozen,frozen,2026-05-23T20:00:00,1,6.29,true
1003,SKU011,frozen,frozen,2026-05-24T07:00:00,2,12.58,true
1003,SKU011,frozen,frozen,2026-05-24T08:00:00,3,18.87,true
1003,SKU011,frozen,frozen,2026-05-24T09:00:00,2,12.58,true
1003,SKU011,frozen,frozen,2026-05-24T10:00:00,2,12.58,true
1003,SKU011,frozen,frozen,2026-05-24T11:00:00,5,31.46,true
1003,SKU011,frozen,frozen,2026-05-24T12:00:00,1,6.29,true
1003,SKU011,frozen,frozen,2026-05-24T13:00:00,1,6.29,true
1003,SKU011,frozen,frozen,2026-05-24T14:00:00,1,6.29,true
1003,SKU011,frozen,frozen,2026-05-24T15:00:00,2,12.58,true
1003,SKU011,frozen,frozen,2026-05-24T16:00:00,1,6.29,true
1003,SKU011,frozen,frozen,2026-05-24T17:00:00,1,6.29,true
1003,SKU011,frozen,frozen,2026-05-24T19:00:00,2,12.58,true
1003,SKU011,frozen,frozen,2026-05-24T20:00:00,2,12.58,true
1003,SKU011,frozen,frozen,2026-05-24T21:00:00,2,12.58,true
1003,SKU011,frozen,frozen,2026-05-25T06:00:00,1,6.99,false
1003,SKU011,frozen,frozen,2026-05-25T07:00:00,1,6.99,false
1003,SKU011,frozen,frozen,2026-05-25T08:00:00,2,13.98,false
1003,SKU011,frozen,frozen,2026-05-25T10:00:00,1,6.99,false
1003,SKU011,frozen,frozen,2026-05-25T11:00:00,2,13.98,false
1003,SKU011,frozen,frozen,2026-05-25T12:00:00,1,6.99,false
1003,SKU011,frozen,frozen,2026-05-25T14:00:00,1,6.99,false
1003,SKU011,frozen,frozen,2026-05-25T15:00:00,1,6.99,false
1003,SKU011,frozen,frozen,2026-05-25T17:00:00,2,13.98,false
1003,SKU011,frozen,frozen,2026-05-25T21:00:00,2,13.98,false
1003,SKU011,frozen,frozen,2026-05-26T06:00:00,1,6.99,false
1003,SKU011,frozen,frozen,2026-05-26T07:00:00,3,20.97,false
1003,SKU011,frozen,frozen,2026-05-26T08:00:00,1,6.99,false
1003,SKU011,frozen,frozen,2026-05-26T09:00:00,3,20.97,false
1003,SKU011,frozen,frozen,2026-05-26T10:00:00,1,6.99,false
1003,SKU011,frozen,frozen,2026-05-26T11:00:00,2,13.98,false
1003,SKU011,frozen,frozen,2026-05-26T12:00:00,2,13.98,false
1003,SKU011,frozen,frozen,2026-05-26T13:00:00,2,13.98,false
1003,SKU011,frozen,frozen,2026-05-26T15:00:00,1,6.99,false
1003,SKU011,frozen,frozen,2026-05-26T16:00:00,2,13.98,false
1003,SKU011,frozen,frozen,2026-05-26T17:00:00,1,6.99,false
1003,SKU011,frozen,frozen,2026-05-26T18:00:00,1,6.99,false
1003,SKU011,frozen,frozen,2026-05-26T19:00:00,1,6.99,false
1003,SKU011,frozen,frozen,2026-05-27T06:00:00,1,6.99,false
1003,SKU011,frozen,frozen,2026-05-27T07:00:00,1,6.99,false
1003,SKU011,frozen,frozen,2026-05-27T09:00:00,2,13.98,false
1003,SKU011,frozen,frozen,2026-05-27T10:00:00,4,27.96,false
1003,SKU011,frozen,frozen,2026-05-27T11:00:00,1,6.99,false
1003,SKU011,frozen,frozen,2026-05-27T13:00:00,1,6.99,false
1003,SKU011,frozen,frozen,2026-05-27T14:00:00,2,13.98,false
1003,SKU011,frozen,frozen,2026-05-27T15:00:00,2,13.98,false
1003,SKU011,frozen,frozen,2026-05-27T16:00:00,1,6.99,false
1003,SKU011,frozen,frozen,2026-05-27T17:00:00,1,6.99,false
1003,SKU011,frozen,frozen,2026-05-27T19:00:00,1,6.99,false
1003,SKU011,frozen,frozen,2026-05-27T21:00:00,1,6.99,false
1003,SKU011,frozen,frozen,2026-05-28T08:00:00,1,6.99,false
1003,SKU011,frozen,frozen,2026-05-28T09:00:00,2,13.98,false
1003,SKU011,frozen,frozen,2026-05-28T11:00:00,1,6.99,false
1003,SKU011,frozen,frozen,2026-05-28T12:00:00,1,6.99,false
1003,SKU011,frozen,frozen,2026-05-28T14:00:00,2,13.98,false
1003,SKU011,frozen,frozen,2026-05-28T18:00:00,1,6.99,false
1003,SKU011,frozen,frozen,2026-05-28T21:00:00,2,13.98,false
1003,SKU011,frozen,frozen,2026-05-29T06:00:00,2,12.58,true
1003,SKU011,frozen,frozen,2026-05-29T09:00:00,4,25.16,true
1003,SKU011,frozen,frozen,2026-05-29T10:00:00,1,6.29,true
1003,SKU011,frozen,frozen,2026-05-29T11:00:00,2,12.58,true
1003,SKU011,frozen,frozen,2026-05-29T12:00:00,3,18.87,true
1003,SKU011,frozen,frozen,2026-05-29T13:00:00,1,6.29,true
1003,SKU011,frozen,frozen,2026-05-29T14:00:00,2,12.58,true
1003,SKU011,frozen,frozen,2026-05-29T15:00:00,2,12.58,true
1003,SKU011,frozen,frozen,2026-05-29T16:00:00,2,12.58,true
1003,SKU011,frozen,frozen,2026-05-29T17:00:00,1,6.29,true
1003,SKU011,frozen,frozen,2026-05-29T18:00:00,3,18.87,true
1003,SKU011,frozen,frozen,2026-05-29T21:00:00,2,12.58,true
1003,SKU011,frozen,frozen,2026-05-30T06:00:00,2,12.58,true
1003,SKU011,frozen,frozen,2026-05-30T07:00:00,2,12.58,true
1003,SKU011,frozen,frozen,2026-05-30T09:00:00,3,18.87,true
1003,SKU011,frozen,frozen,2026-05-30T10:00:00,2,12.58,true
1003,SKU011,frozen,frozen,2026-05-30T11:00:00,2,12.58,true
1003,SKU011,frozen,frozen,2026-05-30T12:00:00,3,18.87,true
1003,SKU011,frozen,frozen,2026-05-30T13:00:00,3,18.87,true
1003,SKU011,frozen,frozen,2026-05-30T14:00:00,1,6.29,true
1003,SKU011,frozen,frozen,2026-05-30T15:00:00,2,12.58,true
1003,SKU011,frozen,frozen,2026-05-30T16:00:00,2,12.58,true
1003,SKU011,frozen,frozen,2026-05-30T17:00:00,4,25.16,true
1003,SKU011,frozen,frozen,2026-05-30T18:00:00,1,6.29,true
1003,SKU011,frozen,frozen,2026-05-30T19:00:00,2,12.58,true
1003,SKU011,frozen,frozen,2026-05-30T20:00:00,3,18.87,true
1003,SKU011,frozen,frozen,2026-05-30T21:00:00,3,18.87,true
1003,SKU011,frozen,frozen,2026-05-31T06:00:00,1,6.29,true
1003,SKU011,frozen,frozen,2026-05-31T07:00:00,2,12.58,true
1003,SKU011,frozen,frozen,2026-05-31T09:00:00,1,6.29,true
1003,SKU011,frozen,frozen,2026-05-31T10:00:00,1,6.29,true
1003,SKU011,frozen,frozen,2026-05-31T12:00:00,1,6.29,true
1003,SKU011,frozen,frozen,2026-05-31T13:00:00,1,6.29,true
1003,SKU011,frozen,frozen,2026-05-31T14:00:00,1,6.29,true
1003,SKU011,frozen,frozen,2026-05-31T16:00:00,2,12.58,true
1003,SKU011,frozen,frozen,2026-05-31T17:00:00,2,12.58,true
1003,SKU011,frozen,frozen,2026-05-31T18:00:00,1,6.29,true
1003,SKU011,frozen,frozen,2026-05-31T19:00:00,2,12.58,true
1003,SKU011,frozen,frozen,2026-05-31T21:00:00,2,12.58,true
1003,SKU011,frozen,frozen,2026-06-01T06:00:00,2,13.98,false
1003,SKU011,frozen,frozen,2026-06-01T07:00:00,1,6.99,false
1003,SKU011,frozen,frozen,2026-06-01T09:00:00,2,13.98,false
1003,SKU011,frozen,frozen,2026-06-01T10:00:00,1,6.99,false
1003,SKU011,frozen,frozen,2026-06-01T11:00:00,1,6.99,false
1003,SKU011,frozen,frozen,2026-06-01T12:00:00,2,13.98,false
1003,SKU011,frozen,frozen,2026-06-01T14:00:00,2,13.98,false
1003,SKU011,frozen,frozen,2026-06-01T15:00:00,1,6.99,false
1003,SKU011,frozen,frozen,2026-06-01T17:00:00,2,13.98,false
1003,SKU011,frozen,frozen,2026-06-01T18:00:00,1,6.99,false
1003,SKU011,frozen,frozen,2026-06-01T19:00:00,1,6.99,false
1003,SKU011,frozen,frozen,2026-06-01T20:00:00,1,6.99,false
1003,SKU011,frozen,frozen,2026-06-02T08:00:00,1,6.99,false
1003,SKU011,frozen,frozen,2026-06-02T09:00:00,1,6.99,false
1003,SKU011,frozen,frozen,2026-06-02T10:00:00,1,6.99,false
1003,SKU011,frozen,frozen,2026-06-02T11:00:00,1,6.99,false
1003,SKU011,frozen,frozen,2026-06-02T12:00:00,2,13.98,false
1003,SKU011,frozen,frozen,2026-06-02T16:00:00,1,6.99,false
1003,SKU011,frozen,frozen,2026-06-02T18:00:00,1,6.99,false
1003,SKU011,frozen,frozen,2026-06-02T19:00:00,1,6.99,false
1003,SKU011,frozen,frozen,2026-06-02T21:00:00,1,6.99,false
1003,SKU011,frozen,frozen,2026-06-03T08:00:00,1,6.99,false
1003,SKU011,frozen,frozen,2026-06-03T09:00:00,1,6.99,false
1003,SKU011,frozen,frozen,2026-06-03T11:00:00,1,6.99,false
1003,SKU011,frozen,frozen,2026-06-03T14:00:00,1,6.99,false
1003,SKU011,frozen,frozen,2026-06-03T15:00:00,1,6.99,false
1003,SKU011,frozen,frozen,2026-06-03T16:00:00,1,6.99,false
1003,SKU011,frozen,frozen,2026-06-03T17:00:00,2,13.98,false
1003,SKU011,frozen,frozen,2026-06-03T19:00:00,1,6.99,false
1003,SKU011,frozen,frozen,2026-06-03T21:00:00,1,6.99,false
1003,SKU011,frozen,frozen,2026-06-04T06:00:00,1,6.99,false
1003,SKU011,frozen,frozen,2026-06-04T07:00:00,1,6.99,false
1003,SKU011,frozen,frozen,2026-06-04T08:00:00,2,13.98,false
1003,SKU011,frozen,frozen,2026-06-04T09:00:00,2,13.98,false
1003,SKU011,frozen,frozen,2026-06-04T11:00:00,1,6.99,false
1003,SKU011,frozen,frozen,2026-06-04T12:00:00,2,13.98,false
1003,SKU011,frozen,frozen,2026-06-04T13:00:00,3,20.97,false
1003,SKU011,frozen,frozen,2026-06-04T14:00:00,1,6.99,false
1003,SKU011,frozen,frozen,2026-06-04T15:00:00,1,6.99,false
1003,SKU011,frozen,frozen,2026-06-04T16:00:00,2,13.98,false
1003,SKU011,frozen,frozen,2026-06-04T17:00:00,2,13.98,false
1003,SKU011,frozen,frozen,2026-06-04T18:00:00,1,6.99,false
1003,SKU011,frozen,frozen,2026-06-04T19:00:00,1,6.99,false
1003,SKU011,frozen,frozen,2026-06-04T20:00:00,2,13.98,false
1003,SKU012,frozen,frozen,2026-05-22T06:00:00,1,5.99,false
1003,SKU012,frozen,frozen,2026-05-22T07:00:00,2,11.98,false
1003,SKU012,frozen,frozen,2026-05-22T08:00:00,1,5.99,false
1003,SKU012,frozen,frozen,2026-05-22T09:00:00,2,11.98,false
1003,SKU012,frozen,frozen,2026-05-22T10:00:00,1,5.99,false
1003,SKU012,frozen,frozen,2026-05-22T12:00:00,1,5.99,false
1003,SKU012,frozen,frozen,2026-05-22T13:00:00,2,11.98,false
1003,SKU012,frozen,frozen,2026-05-22T14:00:00,1,5.99,false
1003,SKU012,frozen,frozen,2026-05-22T15:00:00,1,5.99,false
1003,SKU012,frozen,frozen,2026-05-22T16:00:00,2,11.98,false
1003,SKU012,frozen,frozen,2026-05-22T17:00:00,2,11.98,false
1003,SKU012,frozen,frozen,2026-05-22T18:00:00,3,17.97,false
1003,SKU012,frozen,frozen,2026-05-22T19:00:00,1,5.99,false
1003,SKU012,frozen,frozen,2026-05-22T20:00:00,2,11.98,false
1003,SKU012,frozen,frozen,2026-05-22T21:00:00,2,11.98,false
1003,SKU012,frozen,frozen,2026-05-23T08:00:00,1,5.99,false
1003,SKU012,frozen,frozen,2026-05-23T11:00:00,2,11.98,false
1003,SKU012,frozen,frozen,2026-05-23T12:00:00,2,11.98,false
1003,SKU012,frozen,frozen,2026-05-23T16:00:00,2,11.98,false
1003,SKU012,frozen,frozen,2026-05-23T17:00:00,2,11.98,false
1003,SKU012,frozen,frozen,2026-05-23T19:00:00,4,23.96,false
1003,SKU012,frozen,frozen,2026-05-23T20:00:00,1,5.99,false
1003,SKU012,frozen,frozen,2026-05-23T21:00:00,1,5.99,false
1003,SKU012,frozen,frozen,2026-05-24T06:00:00,1,5.99,false
1003,SKU012,frozen,frozen,2026-05-24T07:00:00,1,5.99,false
1003,SKU012,frozen,frozen,2026-05-24T08:00:00,1,5.99,false
1003,SKU012,frozen,frozen,2026-05-24T10:00:00,1,5.99,false
1003,SKU012,frozen,frozen,2026-05-24T11:00:00,1,5.99,false
1003,SKU012,frozen,frozen,2026-05-24T12:00:00,3,17.97,false
1003,SKU012,frozen,frozen,2026-05-24T14:00:00,4,23.96,false
1003,SKU012,frozen,frozen,2026-05-24T15:00:00,2,11.98,false
1003,SKU012,frozen,frozen,2026-05-24T17:00:00,2,11.98,false
1003,SKU012,frozen,frozen,2026-05-24T18:00:00,2,11.98,false
1003,SKU012,frozen,frozen,2026-05-24T20:00:00,2,11.98,false
1003,SKU012,frozen,frozen,2026-05-25T06:00:00,1,5.99,false
1003,SKU012,frozen,frozen,2026-05-25T08:00:00,1,5.99,false
1003,SKU012,frozen,frozen,2026-05-25T11:00:00,2,11.98,false
1003,SKU012,frozen,frozen,2026-05-25T12:00:00,1,5.99,false
1003,SKU012,frozen,frozen,2026-05-25T13:00:00,3,17.97,false
1003,SKU012,frozen,frozen,2026-05-25T14:00:00,2,11.98,false
1003,SKU012,frozen,frozen,2026-05-25T18:00:00,2,11.98,false
1003,SKU012,frozen,frozen,2026-05-25T19:00:00,1,5.99,false
1003,SKU012,frozen,frozen,2026-05-25T20:00:00,2,11.98,false
1003,SKU012,frozen,frozen,2026-05-26T06:00:00,1,5.99,false
1003,SKU012,frozen,frozen,2026-05-26T07:00:00,1,5.99,false
1003,SKU012,frozen,frozen,2026-05-26T08:00:00,2,11.98,false
1003,SKU012,frozen,frozen,2026-05-26T10:00:00,3,17.97,false
1003,SKU012,frozen,frozen,2026-05-26T11:00:00,1,5.99,false
1003,SKU012,frozen,frozen,2026-05-26T12:00:00,3,17.97,false
1003,SKU012,frozen,frozen,2026-05-26T14:00:00,2,11.98,false
1003,SKU012,frozen,frozen,2026-05-26T15:00:00,1,5.99,false
1003,SKU012,frozen,frozen,2026-05-26T16:00:00,1,5.99,false
1003,SKU012,frozen,frozen,2026-05-26T17:00:00,1,5.99,false
1003,SKU012,frozen,frozen,2026-05-26T18:00:00,2,11.98,false
1003,SKU012,frozen,frozen,2026-05-27T07:00:00,3,17.97,false
1003,SKU012,frozen,frozen,2026-05-27T08:00:00,1,5.99,false
1003,SKU012,frozen,frozen,2026-05-27T09:00:00,2,11.98,false
1003,SKU012,frozen,frozen,2026-05-27T11:00:00,2,11.98,false
1003,SKU012,frozen,frozen,2026-05-27T12:00:00,2,11.98,false
1003,SKU012,frozen,frozen,2026-05-27T13:00:00,2,11.98,false
1003,SKU012,frozen,frozen,2026-05-27T14:00:00,2,11.98,false
1003,SKU012,frozen,frozen,2026-05-27T15:00:00,1,5.99,false
1003,SKU012,frozen,frozen,2026-05-27T16:00:00,2,11.98,false
1003,SKU012,frozen,frozen,2026-05-27T17:00:00,2,11.98,false
1003,SKU012,frozen,frozen,2026-05-27T19:00:00,2,11.98,false
1003,SKU012,frozen,frozen,2026-05-28T06:00:00,1,5.99,false
1003,SKU012,frozen,frozen,2026-05-28T08:00:00,1,5.99,false
1003,SKU012,frozen,frozen,2026-05-28T09:00:00,1,5.99,false
1003,SKU012,frozen,frozen,2026-05-28T11:00:00,2,11.98,false
1003,SKU012,frozen,frozen,2026-05-28T12:00:00,1,5.99,false
1003,SKU012,frozen,frozen,2026-05-28T13:00:00,1,5.99,false
1003,SKU012,frozen,frozen,2026-05-28T14:00:00,1,5.99,false
1003,SKU012,frozen,frozen,2026-05-28T15:00:00,1,5.99,false
1003,SKU012,frozen,frozen,2026-05-28T16:00:00,2,11.98,false
1003,SKU012,frozen,frozen,2026-05-28T17:00:00,1,5.99,false
1003,SKU012,frozen,frozen,2026-05-28T18:00:00,3,17.97,false
1003,SKU012,frozen,frozen,2026-05-28T20:00:00,1,5.99,false
1003,SKU012,frozen,frozen,2026-05-29T07:00:00,1,5.99,false
1003,SKU012,frozen,frozen,2026-05-29T08:00:00,2,11.98,false
1003,SKU012,frozen,frozen,2026-05-29T09:00:00,1,5.99,false
1003,SKU012,frozen,frozen,2026-05-29T10:00:00,1,5.99,false
1003,SKU012,frozen,frozen,2026-05-29T12:00:00,1,5.99,false
1003,SKU012,frozen,frozen,2026-05-29T13:00:00,2,11.98,false
1003,SKU012,frozen,frozen,2026-05-29T15:00:00,2,11.98,false
1003,SKU012,frozen,frozen,2026-05-29T16:00:00,2,11.98,false
1003,SKU012,frozen,frozen,2026-05-29T17:00:00,3,17.97,false
1003,SKU012,frozen,frozen,2026-05-29T18:00:00,1,5.99,false
1003,SKU012,frozen,frozen,2026-05-29T19:00:00,2,11.98,false
1003,SKU012,frozen,frozen,2026-05-29T21:00:00,2,11.98,false
1003,SKU012,frozen,frozen,2026-05-30T07:00:00,1,5.99,false
1003,SKU012,frozen,frozen,2026-05-30T09:00:00,2,11.98,false
1003,SKU012,frozen,frozen,2026-05-30T10:00:00,1,5.99,false
1003,SKU012,frozen,frozen,2026-05-30T11:00:00,2,11.98,false
1003,SKU012,frozen,frozen,2026-05-30T12:00:00,2,11.98,false
1003,SKU012,frozen,frozen,2026-05-30T13:00:00,1,5.99,false
1003,SKU012,frozen,frozen,2026-05-30T15:00:00,2,11.98,false
1003,SKU012,frozen,frozen,2026-05-30T16:00:00,1,5.99,false
1003,SKU012,frozen,frozen,2026-05-30T18:00:00,2,11.98,false
1003,SKU012,frozen,frozen,2026-05-30T19:00:00,2,11.98,false
1003,SKU012,frozen,frozen,2026-05-30T21:00:00,2,11.98,false
1003,SKU012,frozen,frozen,2026-05-31T06:00:00,1,5.99,false
1003,SKU012,frozen,frozen,2026-05-31T07:00:00,1,5.99,false
1003,SKU012,frozen,frozen,2026-05-31T09:00:00,1,5.99,false
1003,SKU012,frozen,frozen,2026-05-31T10:00:00,1,5.99,false
1003,SKU012,frozen,frozen,2026-05-31T12:00:00,1,5.99,false
1003,SKU012,frozen,frozen,2026-05-31T14:00:00,2,11.98,false
1003,SKU012,frozen,frozen,2026-05-31T15:00:00,2,11.98,false
1003,SKU012,frozen,frozen,2026-05-31T17:00:00,1,5.99,false
1003,SKU012,frozen,frozen,2026-05-31T18:00:00,2,11.98,false
1003,SKU012,frozen,frozen,2026-05-31T19:00:00,1,5.99,false
1003,SKU012,frozen,frozen,2026-05-31T20:00:00,1,5.99,false
1003,SKU012,frozen,frozen,2026-06-01T10:00:00,2,11.98,false
1003,SKU012,frozen,frozen,2026-06-01T11:00:00,3,17.97,false
1003,SKU012,frozen,frozen,2026-06-01T12:00:00,1,5.99,false
1003,SKU012,frozen,frozen,2026-06-01T13:00:00,1,5.99,false
1003,SKU012,frozen,frozen,2026-06-01T14:00:00,1,5.99,false
1003,SKU012,frozen,frozen,2026-06-01T17:00:00,2,11.98,false
1003,SKU012,frozen,frozen,2026-06-01T18:00:00,2,11.98,false
1003,SKU012,frozen,frozen,2026-06-02T06:00:00,2,11.98,false
1003,SKU012,frozen,frozen,2026-06-02T07:00:00,1,5.99,false
1003,SKU012,frozen,frozen,2026-06-02T09:00:00,1,5.99,false
1003,SKU012,frozen,frozen,2026-06-02T10:00:00,1,5.99,false
1003,SKU012,frozen,frozen,2026-06-02T12:00:00,1,5.99,false
1003,SKU012,frozen,frozen,2026-06-02T13:00:00,1,5.99,false
1003,SKU012,frozen,frozen,2026-06-02T14:00:00,1,5.99,false
1003,SKU012,frozen,frozen,2026-06-02T18:00:00,1,5.99,false
1003,SKU012,frozen,frozen,2026-06-02T19:00:00,1,5.99,false
1003,SKU012,frozen,frozen,2026-06-02T20:00:00,2,11.98,false
1003,SKU012,frozen,frozen,2026-06-03T07:00:00,1,5.99,false
1003,SKU012,frozen,frozen,2026-06-03T08:00:00,1,5.99,false
1003,SKU012,frozen,frozen,2026-06-03T10:00:00,2,11.98,false
1003,SKU012,frozen,frozen,2026-06-03T11:00:00,3,17.97,false
1003,SKU012,frozen,frozen,2026-06-03T12:00:00,1,5.99,false
1003,SKU012,frozen,frozen,2026-06-03T13:00:00,1,5.99,false
1003,SKU012,frozen,frozen,2026-06-03T14:00:00,1,5.99,false
1003,SKU012,frozen,frozen,2026-06-03T17:00:00,2,11.98,false
1003,SKU012,frozen,frozen,2026-06-03T18:00:00,2,11.98,false
1003,SKU012,frozen,frozen,2026-06-03T20:00:00,1,5.99,false
1003,SKU012,frozen,frozen,2026-06-03T21:00:00,1,5.99,false
1003,SKU012,frozen,frozen,2026-06-04T06:00:00,1,5.99,false
1003,SKU012,frozen,frozen,2026-06-04T08:00:00,1,5.99,false
1003,SKU012,frozen,frozen,2026-06-04T09:00:00,2,11.98,false
1003,SKU012,frozen,frozen,2026-06-04T11:00:00,1,5.99,false
1003,SKU012,frozen,frozen,2026-06-04T14:00:00,1,5.99,false
1003,SKU012,frozen,frozen,2026-06-04T16:00:00,1,5.99,false
1003,SKU012,frozen,frozen,2026-06-04T17:00:00,2,11.98,false
1003,SKU012,frozen,frozen,2026-06-04T18:00:00,2,11.98,false
1003,SKU012,frozen,frozen,2026-06-04T19:00:00,1,5.99,false
1003,SKU012,frozen,frozen,2026-06-04T20:00:00,1,5.99,false
1003,SKU013,grocery,grocery,2026-05-22T06:00:00,1,3.49,false
1003,SKU013,grocery,grocery,2026-05-22T07:00:00,1,3.49,false
1003,SKU013,grocery,grocery,2026-05-22T08:00:00,2,6.98,false
1003,SKU013,grocery,grocery,2026-05-22T09:00:00,1,3.49,false
1003,SKU013,grocery,grocery,2026-05-22T12:00:00,1,3.49,false
1003,SKU013,grocery,grocery,2026-05-22T17:00:00,2,6.98,false
1003,SKU013,grocery,grocery,2026-05-22T18:00:00,1,3.49,false
1003,SKU013,grocery,grocery,2026-05-22T19:00:00,1,3.49,false
1003,SKU013,grocery,grocery,2026-05-22T20:00:00,2,6.98,false
1003,SKU013,grocery,grocery,2026-05-22T21:00:00,1,3.49,false
1003,SKU013,grocery,grocery,2026-05-23T06:00:00,1,3.49,false
1003,SKU013,grocery,grocery,2026-05-23T08:00:00,2,6.98,false
1003,SKU013,grocery,grocery,2026-05-23T09:00:00,1,3.49,false
1003,SKU013,grocery,grocery,2026-05-23T10:00:00,1,3.49,false
1003,SKU013,grocery,grocery,2026-05-23T11:00:00,1,3.49,false
1003,SKU013,grocery,grocery,2026-05-23T12:00:00,1,3.49,false
1003,SKU013,grocery,grocery,2026-05-23T14:00:00,1,3.49,false
1003,SKU013,grocery,grocery,2026-05-23T15:00:00,1,3.49,false
1003,SKU013,grocery,grocery,2026-05-23T16:00:00,1,3.49,false
1003,SKU013,grocery,grocery,2026-05-23T18:00:00,2,6.98,false
1003,SKU013,grocery,grocery,2026-05-23T20:00:00,1,3.49,false
1003,SKU013,grocery,grocery,2026-05-23T21:00:00,1,3.49,false
1003,SKU013,grocery,grocery,2026-05-24T06:00:00,2,6.98,false
1003,SKU013,grocery,grocery,2026-05-24T07:00:00,1,3.49,false
1003,SKU013,grocery,grocery,2026-05-24T09:00:00,1,3.49,false
1003,SKU013,grocery,grocery,2026-05-24T16:00:00,2,6.98,false
1003,SKU013,grocery,grocery,2026-05-24T18:00:00,1,3.49,false
1003,SKU013,grocery,grocery,2026-05-24T19:00:00,1,3.49,false
1003,SKU013,grocery,grocery,2026-05-24T20:00:00,2,6.98,false
1003,SKU013,grocery,grocery,2026-05-24T21:00:00,1,3.49,false
1003,SKU013,grocery,grocery,2026-05-25T07:00:00,2,6.98,false
1003,SKU013,grocery,grocery,2026-05-25T09:00:00,1,3.49,false
1003,SKU013,grocery,grocery,2026-05-25T10:00:00,1,3.49,false
1003,SKU013,grocery,grocery,2026-05-25T11:00:00,1,3.49,false
1003,SKU013,grocery,grocery,2026-05-25T12:00:00,1,3.49,false
1003,SKU013,grocery,grocery,2026-05-25T13:00:00,1,3.49,false
1003,SKU013,grocery,grocery,2026-05-25T14:00:00,1,3.49,false
1003,SKU013,grocery,grocery,2026-05-25T17:00:00,1,3.49,false
1003,SKU013,grocery,grocery,2026-05-25T21:00:00,1,3.49,false
1003,SKU013,grocery,grocery,2026-05-26T06:00:00,1,3.49,false
1003,SKU013,grocery,grocery,2026-05-26T07:00:00,1,3.49,false
1003,SKU013,grocery,grocery,2026-05-26T08:00:00,1,3.49,false
1003,SKU013,grocery,grocery,2026-05-26T09:00:00,1,3.49,false
1003,SKU013,grocery,grocery,2026-05-26T10:00:00,1,3.49,false
1003,SKU013,grocery,grocery,2026-05-26T11:00:00,1,3.49,false
1003,SKU013,grocery,grocery,2026-05-26T12:00:00,1,3.49,false
1003,SKU013,grocery,grocery,2026-05-26T15:00:00,1,3.49,false
1003,SKU013,grocery,grocery,2026-05-26T16:00:00,1,3.49,false
1003,SKU013,grocery,grocery,2026-05-26T17:00:00,2,6.98,false
1003,SKU013,grocery,grocery,2026-05-26T19:00:00,1,3.49,false
1003,SKU013,grocery,grocery,2026-05-26T20:00:00,2,6.98,false
1003,SKU013,grocery,grocery,2026-05-27T06:00:00,1,3.49,false
1003,SKU013,grocery,grocery,2026-05-27T07:00:00,1,3.49,false
1003,SKU013,grocery,grocery,2026-05-27T08:00:00,1,3.49,false
1003,SKU013,grocery,grocery,2026-05-27T09:00:00,2,6.98,false
1003,SKU013,grocery,grocery,2026-05-27T11:00:00,1,3.49,false
1003,SKU013,grocery,grocery,2026-05-27T12:00:00,4,13.96,false
1003,SKU013,grocery,grocery,2026-05-27T13:00:00,2,6.98,false
1003,SKU013,grocery,grocery,2026-05-27T14:00:00,2,6.98,false
1003,SKU013,grocery,grocery,2026-05-27T16:00:00,1,3.49,false
1003,SKU013,grocery,grocery,2026-05-27T18:00:00,1,3.49,false
1003,SKU013,grocery,grocery,2026-05-27T19:00:00,2,6.98,false
1003,SKU013,grocery,grocery,2026-05-28T06:00:00,1,3.49,false
1003,SKU013,grocery,grocery,2026-05-28T07:00:00,1,3.49,false
1003,SKU013,grocery,grocery,2026-05-28T08:00:00,2,6.98,false
1003,SKU013,grocery,grocery,2026-05-28T09:00:00,1,3.49,false
1003,SKU013,grocery,grocery,2026-05-28T12:00:00,3,10.47,false
1003,SKU013,grocery,grocery,2026-05-28T13:00:00,1,3.49,false
1003,SKU013,grocery,grocery,2026-05-28T14:00:00,1,3.49,false
1003,SKU013,grocery,grocery,2026-05-28T16:00:00,3,10.47,false
1003,SKU013,grocery,grocery,2026-05-28T17:00:00,2,6.98,false
1003,SKU013,grocery,grocery,2026-05-28T18:00:00,3,10.47,false
1003,SKU013,grocery,grocery,2026-05-28T20:00:00,3,10.47,false
1003,SKU013,grocery,grocery,2026-05-29T06:00:00,2,6.98,false
1003,SKU013,grocery,grocery,2026-05-29T07:00:00,2,6.98,false
1003,SKU013,grocery,grocery,2026-05-29T09:00:00,1,3.49,false
1003,SKU013,grocery,grocery,2026-05-29T11:00:00,1,3.49,false
1003,SKU013,grocery,grocery,2026-05-29T12:00:00,2,6.98,false
1003,SKU013,grocery,grocery,2026-05-29T18:00:00,1,3.49,false
1003,SKU013,grocery,grocery,2026-05-29T19:00:00,2,6.98,false
1003,SKU013,grocery,grocery,2026-05-30T06:00:00,2,6.98,false
1003,SKU013,grocery,grocery,2026-05-30T10:00:00,1,3.49,false
1003,SKU013,grocery,grocery,2026-05-30T11:00:00,1,3.49,false
1003,SKU013,grocery,grocery,2026-05-30T12:00:00,1,3.49,false
1003,SKU013,grocery,grocery,2026-05-30T13:00:00,1,3.49,false
1003,SKU013,grocery,grocery,2026-05-30T15:00:00,1,3.49,false
1003,SKU013,grocery,grocery,2026-05-30T17:00:00,2,6.98,false
1003,SKU013,grocery,grocery,2026-05-30T19:00:00,3,10.47,false
1003,SKU013,grocery,grocery,2026-05-30T20:00:00,2,6.98,false
1003,SKU013,grocery,grocery,2026-05-31T07:00:00,1,3.49,false
1003,SKU013,grocery,grocery,2026-05-31T08:00:00,2,6.98,false
1003,SKU013,grocery,grocery,2026-05-31T10:00:00,1,3.49,false
1003,SKU013,grocery,grocery,2026-05-31T11:00:00,2,6.98,false
1003,SKU013,grocery,grocery,2026-05-31T13:00:00,2,6.98,false
1003,SKU013,grocery,grocery,2026-05-31T15:00:00,1,3.49,false
1003,SKU013,grocery,grocery,2026-05-31T16:00:00,1,3.49,false
1003,SKU013,grocery,grocery,2026-05-31T17:00:00,2,6.98,false
1003,SKU013,grocery,grocery,2026-05-31T19:00:00,2,6.98,false
1003,SKU013,grocery,grocery,2026-06-01T06:00:00,1,3.49,false
1003,SKU013,grocery,grocery,2026-06-01T09:00:00,1,3.49,false
1003,SKU013,grocery,grocery,2026-06-01T10:00:00,1,3.49,false
1003,SKU013,grocery,grocery,2026-06-01T11:00:00,3,10.47,false
1003,SKU013,grocery,grocery,2026-06-01T13:00:00,1,3.49,false
1003,SKU013,grocery,grocery,2026-06-01T14:00:00,1,3.49,false
1003,SKU013,grocery,grocery,2026-06-01T15:00:00,1,3.49,false
1003,SKU013,grocery,grocery,2026-06-01T16:00:00,1,3.49,false
1003,SKU013,grocery,grocery,2026-06-01T17:00:00,1,3.49,false
1003,SKU013,grocery,grocery,2026-06-01T18:00:00,1,3.49,false
1003,SKU013,grocery,grocery,2026-06-01T19:00:00,1,3.49,false
1003,SKU013,grocery,grocery,2026-06-01T20:00:00,1,3.49,false
1003,SKU013,grocery,grocery,2026-06-01T21:00:00,1,3.49,false
1003,SKU013,grocery,grocery,2026-06-02T06:00:00,1,3.49,false
1003,SKU013,grocery,grocery,2026-06-02T07:00:00,1,3.49,false
1003,SKU013,grocery,grocery,2026-06-02T11:00:00,1,3.49,false
1003,SKU013,grocery,grocery,2026-06-02T12:00:00,4,13.96,false
1003,SKU013,grocery,grocery,2026-06-02T14:00:00,2,6.98,false
1003,SKU013,grocery,grocery,2026-06-02T15:00:00,1,3.49,false
1003,SKU013,grocery,grocery,2026-06-02T16:00:00,2,6.98,false
1003,SKU013,grocery,grocery,2026-06-02T17:00:00,1,3.49,false
1003,SKU013,grocery,grocery,2026-06-02T18:00:00,1,3.49,false
1003,SKU013,grocery,grocery,2026-06-02T19:00:00,1,3.49,false
1003,SKU013,grocery,grocery,2026-06-03T06:00:00,1,3.49,false
1003,SKU013,grocery,grocery,2026-06-03T08:00:00,1,3.49,false
1003,SKU013,grocery,grocery,2026-06-03T12:00:00,2,6.98,false
1003,SKU013,grocery,grocery,2026-06-03T14:00:00,1,3.49,false
1003,SKU013,grocery,grocery,2026-06-03T15:00:00,1,3.49,false
1003,SKU013,grocery,grocery,2026-06-03T16:00:00,1,3.49,false
1003,SKU013,grocery,grocery,2026-06-03T17:00:00,2,6.98,false
1003,SKU013,grocery,grocery,2026-06-03T18:00:00,2,6.98,false
1003,SKU013,grocery,grocery,2026-06-04T07:00:00,3,10.47,false
1003,SKU013,grocery,grocery,2026-06-04T09:00:00,2,6.98,false
1003,SKU013,grocery,grocery,2026-06-04T10:00:00,1,3.49,false
1003,SKU013,grocery,grocery,2026-06-04T11:00:00,2,6.98,false
1003,SKU013,grocery,grocery,2026-06-04T12:00:00,2,6.98,false
1003,SKU013,grocery,grocery,2026-06-04T15:00:00,1,3.49,false
1003,SKU013,grocery,grocery,2026-06-04T17:00:00,2,6.98,false
1003,SKU013,grocery,grocery,2026-06-04T18:00:00,1,3.49,false
1003,SKU013,grocery,grocery,2026-06-04T19:00:00,1,3.49,false
1003,SKU013,grocery,grocery,2026-06-04T21:00:00,2,6.98,false
1003,SKU014,grocery,grocery,2026-05-22T06:00:00,1,1.89,false
1003,SKU014,grocery,grocery,2026-05-22T07:00:00,1,1.89,false
1003,SKU014,grocery,grocery,2026-05-22T11:00:00,1,1.89,false
1003,SKU014,grocery,grocery,2026-05-22T12:00:00,2,3.78,false
1003,SKU014,grocery,grocery,2026-05-22T13:00:00,1,1.89,false
1003,SKU014,grocery,grocery,2026-05-22T14:00:00,1,1.89,false
1003,SKU014,grocery,grocery,2026-05-22T15:00:00,1,1.89,false
1003,SKU014,grocery,grocery,2026-05-22T16:00:00,1,1.89,false
1003,SKU014,grocery,grocery,2026-05-22T17:00:00,1,1.89,false
1003,SKU014,grocery,grocery,2026-05-22T18:00:00,1,1.89,false
1003,SKU014,grocery,grocery,2026-05-22T20:00:00,1,1.89,false
1003,SKU014,grocery,grocery,2026-05-23T08:00:00,1,1.89,false
1003,SKU014,grocery,grocery,2026-05-23T11:00:00,1,1.89,false
1003,SKU014,grocery,grocery,2026-05-23T12:00:00,1,1.89,false
1003,SKU014,grocery,grocery,2026-05-23T15:00:00,1,1.89,false
1003,SKU014,grocery,grocery,2026-05-23T17:00:00,1,1.89,false
1003,SKU014,grocery,grocery,2026-05-23T20:00:00,1,1.89,false
1003,SKU014,grocery,grocery,2026-05-24T06:00:00,1,1.89,false
1003,SKU014,grocery,grocery,2026-05-24T08:00:00,1,1.89,false
1003,SKU014,grocery,grocery,2026-05-24T10:00:00,1,1.89,false
1003,SKU014,grocery,grocery,2026-05-24T12:00:00,1,1.89,false
1003,SKU014,grocery,grocery,2026-05-24T13:00:00,1,1.89,false
1003,SKU014,grocery,grocery,2026-05-24T16:00:00,1,1.89,false
1003,SKU014,grocery,grocery,2026-05-24T17:00:00,2,3.78,false
1003,SKU014,grocery,grocery,2026-05-24T18:00:00,3,5.67,false
1003,SKU014,grocery,grocery,2026-05-24T19:00:00,3,5.67,false
1003,SKU014,grocery,grocery,2026-05-24T20:00:00,1,1.89,false
1003,SKU014,grocery,grocery,2026-05-25T06:00:00,4,7.56,false
1003,SKU014,grocery,grocery,2026-05-25T07:00:00,2,3.78,false
1003,SKU014,grocery,grocery,2026-05-25T09:00:00,1,1.89,false
1003,SKU014,grocery,grocery,2026-05-25T11:00:00,2,3.78,false
1003,SKU014,grocery,grocery,2026-05-25T14:00:00,1,1.89,false
1003,SKU014,grocery,grocery,2026-05-25T16:00:00,2,3.78,false
1003,SKU014,grocery,grocery,2026-05-25T17:00:00,1,1.89,false
1003,SKU014,grocery,grocery,2026-05-25T18:00:00,1,1.89,false
1003,SKU014,grocery,grocery,2026-05-25T19:00:00,1,1.89,false
1003,SKU014,grocery,grocery,2026-05-26T06:00:00,2,3.78,false
1003,SKU014,grocery,grocery,2026-05-26T11:00:00,1,1.89,false
1003,SKU014,grocery,grocery,2026-05-26T14:00:00,2,3.78,false
1003,SKU014,grocery,grocery,2026-05-26T17:00:00,2,3.78,false
1003,SKU014,grocery,grocery,2026-05-27T10:00:00,1,1.89,false
1003,SKU014,grocery,grocery,2026-05-27T11:00:00,1,1.89,false
1003,SKU014,grocery,grocery,2026-05-27T12:00:00,2,3.78,false
1003,SKU014,grocery,grocery,2026-05-27T13:00:00,2,3.78,false
1003,SKU014,grocery,grocery,2026-05-27T14:00:00,2,3.78,false
1003,SKU014,grocery,grocery,2026-05-27T15:00:00,1,1.89,false
1003,SKU014,grocery,grocery,2026-05-27T17:00:00,2,3.78,false
1003,SKU014,grocery,grocery,2026-05-27T18:00:00,1,1.89,false
1003,SKU014,grocery,grocery,2026-05-27T19:00:00,1,1.89,false
1003,SKU014,grocery,grocery,2026-05-28T06:00:00,1,1.89,false
1003,SKU014,grocery,grocery,2026-05-28T08:00:00,1,1.89,false
1003,SKU014,grocery,grocery,2026-05-28T10:00:00,1,1.89,false
1003,SKU014,grocery,grocery,2026-05-28T11:00:00,1,1.89,false
1003,SKU014,grocery,grocery,2026-05-28T12:00:00,2,3.78,false
1003,SKU014,grocery,grocery,2026-05-28T13:00:00,1,1.89,false
1003,SKU014,grocery,grocery,2026-05-28T17:00:00,1,1.89,false
1003,SKU014,grocery,grocery,2026-05-28T21:00:00,1,1.89,false
1003,SKU014,grocery,grocery,2026-05-29T09:00:00,1,1.89,false
1003,SKU014,grocery,grocery,2026-05-29T10:00:00,1,1.89,false
1003,SKU014,grocery,grocery,2026-05-29T11:00:00,2,3.78,false
1003,SKU014,grocery,grocery,2026-05-29T12:00:00,2,3.78,false
1003,SKU014,grocery,grocery,2026-05-29T17:00:00,1,1.89,false
1003,SKU014,grocery,grocery,2026-05-29T19:00:00,1,1.89,false
1003,SKU014,grocery,grocery,2026-05-29T21:00:00,1,1.89,false
1003,SKU014,grocery,grocery,2026-05-30T08:00:00,1,1.89,false
1003,SKU014,grocery,grocery,2026-05-30T09:00:00,1,1.89,false
1003,SKU014,grocery,grocery,2026-05-30T11:00:00,1,1.89,false
1003,SKU014,grocery,grocery,2026-05-30T12:00:00,1,1.89,false
1003,SKU014,grocery,grocery,2026-05-30T13:00:00,2,3.78,false
1003,SKU014,grocery,grocery,2026-05-30T14:00:00,2,3.78,false
1003,SKU014,grocery,grocery,2026-05-30T15:00:00,1,1.89,false
1003,SKU014,grocery,grocery,2026-05-30T16:00:00,1,1.89,false
1003,SKU014,grocery,grocery,2026-05-30T17:00:00,1,1.89,false
1003,SKU014,grocery,grocery,2026-05-30T18:00:00,2,3.78,false
1003,SKU014,grocery,grocery,2026-05-30T21:00:00,1,1.89,false
1003,SKU014,grocery,grocery,2026-05-31T06:00:00,1,1.89,false
1003,SKU014,grocery,grocery,2026-05-31T07:00:00,2,3.78,false
1003,SKU014,grocery,grocery,2026-05-31T09:00:00,1,1.89,false
1003,SKU014,grocery,grocery,2026-05-31T10:00:00,1,1.89,false
1003,SKU014,grocery,grocery,2026-05-31T11:00:00,1,1.89,false
1003,SKU014,grocery,grocery,2026-05-31T14:00:00,1,1.89,false
1003,SKU014,grocery,grocery,2026-05-31T16:00:00,1,1.89,false
1003,SKU014,grocery,grocery,2026-05-31T19:00:00,1,1.89,false
1003,SKU014,grocery,grocery,2026-05-31T20:00:00,1,1.89,false
1003,SKU014,grocery,grocery,2026-06-01T06:00:00,1,1.89,false
1003,SKU014,grocery,grocery,2026-06-01T07:00:00,3,5.67,false
1003,SKU014,grocery,grocery,2026-06-01T09:00:00,1,1.89,false
1003,SKU014,grocery,grocery,2026-06-01T10:00:00,2,3.78,false
1003,SKU014,grocery,grocery,2026-06-01T11:00:00,1,1.89,false
1003,SKU014,grocery,grocery,2026-06-01T12:00:00,3,5.67,false
1003,SKU014,grocery,grocery,2026-06-01T16:00:00,2,3.78,false
1003,SKU014,grocery,grocery,2026-06-01T17:00:00,1,1.89,false
1003,SKU014,grocery,grocery,2026-06-01T18:00:00,1,1.89,false
1003,SKU014,grocery,grocery,2026-06-01T19:00:00,1,1.89,false
1003,SKU014,grocery,grocery,2026-06-02T06:00:00,1,1.89,false
1003,SKU014,grocery,grocery,2026-06-02T09:00:00,1,1.89,false
1003,SKU014,grocery,grocery,2026-06-02T11:00:00,3,5.67,false
1003,SKU014,grocery,grocery,2026-06-02T12:00:00,2,3.78,false
1003,SKU014,grocery,grocery,2026-06-02T14:00:00,2,3.78,false
1003,SKU014,grocery,grocery,2026-06-02T15:00:00,1,1.89,false
1003,SKU014,grocery,grocery,2026-06-02T18:00:00,1,1.89,false
1003,SKU014,grocery,grocery,2026-06-03T08:00:00,1,1.89,false
1003,SKU014,grocery,grocery,2026-06-03T09:00:00,3,5.67,false
1003,SKU014,grocery,grocery,2026-06-03T11:00:00,2,3.78,false
1003,SKU014,grocery,grocery,2026-06-03T15:00:00,1,1.89,false
1003,SKU014,grocery,grocery,2026-06-03T18:00:00,1,1.89,false
1003,SKU014,grocery,grocery,2026-06-03T19:00:00,2,3.78,false
1003,SKU014,grocery,grocery,2026-06-03T20:00:00,1,1.89,false
1003,SKU014,grocery,grocery,2026-06-04T06:00:00,2,3.78,false
1003,SKU014,grocery,grocery,2026-06-04T09:00:00,1,1.89,false
1003,SKU014,grocery,grocery,2026-06-04T10:00:00,1,1.89,false
1003,SKU014,grocery,grocery,2026-06-04T11:00:00,2,3.78,false
1003,SKU014,grocery,grocery,2026-06-04T13:00:00,1,1.89,false
1003,SKU014,grocery,grocery,2026-06-04T15:00:00,1,1.89,false
1003,SKU014,grocery,grocery,2026-06-04T17:00:00,3,5.67,false
1003,SKU014,grocery,grocery,2026-06-04T18:00:00,1,1.89,false
1003,SKU015,household,grocery,2026-05-22T06:00:00,1,12.99,false
1003,SKU015,household,grocery,2026-05-22T08:00:00,1,12.99,false
1003,SKU015,household,grocery,2026-05-22T09:00:00,1,12.99,false
1003,SKU015,household,grocery,2026-05-22T10:00:00,1,12.99,false
1003,SKU015,household,grocery,2026-05-22T12:00:00,1,12.99,false
1003,SKU015,household,grocery,2026-05-22T13:00:00,1,12.99,false
1003,SKU015,household,grocery,2026-05-22T18:00:00,1,12.99,false
1003,SKU015,household,grocery,2026-05-22T21:00:00,1,12.99,false
1003,SKU015,household,grocery,2026-05-23T08:00:00,3,38.97,false
1003,SKU015,household,grocery,2026-05-23T12:00:00,2,25.98,false
1003,SKU015,household,grocery,2026-05-23T17:00:00,1,12.99,false
1003,SKU015,household,grocery,2026-05-23T20:00:00,1,12.99,false
1003,SKU015,household,grocery,2026-05-24T07:00:00,1,12.99,false
1003,SKU015,household,grocery,2026-05-24T09:00:00,3,38.97,false
1003,SKU015,household,grocery,2026-05-24T11:00:00,2,25.98,false
1003,SKU015,household,grocery,2026-05-24T12:00:00,1,12.99,false
1003,SKU015,household,grocery,2026-05-24T13:00:00,2,25.98,false
1003,SKU015,household,grocery,2026-05-24T14:00:00,2,25.98,false
1003,SKU015,household,grocery,2026-05-24T16:00:00,3,38.97,false
1003,SKU015,household,grocery,2026-05-24T18:00:00,1,12.99,false
1003,SKU015,household,grocery,2026-05-24T19:00:00,2,25.98,false
1003,SKU015,household,grocery,2026-05-25T07:00:00,1,12.99,false
1003,SKU015,household,grocery,2026-05-25T10:00:00,1,12.99,false
1003,SKU015,household,grocery,2026-05-25T12:00:00,1,12.99,false
1003,SKU015,household,grocery,2026-05-25T16:00:00,1,12.99,false
1003,SKU015,household,grocery,2026-05-25T17:00:00,1,12.99,false
1003,SKU015,household,grocery,2026-05-25T18:00:00,1,12.99,false
1003,SKU015,household,grocery,2026-05-25T19:00:00,1,12.99,false
1003,SKU015,household,grocery,2026-05-26T06:00:00,2,25.98,false
1003,SKU015,household,grocery,2026-05-26T09:00:00,1,12.99,false
1003,SKU015,household,grocery,2026-05-26T13:00:00,2,25.98,false
1003,SKU015,household,grocery,2026-05-26T18:00:00,1,12.99,false
1003,SKU015,household,grocery,2026-05-26T19:00:00,1,12.99,false
1003,SKU015,household,grocery,2026-05-27T09:00:00,1,12.99,false
1003,SKU015,household,grocery,2026-05-27T14:00:00,1,12.99,false
1003,SKU015,household,grocery,2026-05-27T16:00:00,1,12.99,false
1003,SKU015,household,grocery,2026-05-27T19:00:00,1,12.99,false
1003,SKU015,household,grocery,2026-05-27T21:00:00,1,12.99,false
1003,SKU015,household,grocery,2026-05-28T07:00:00,2,25.98,false
1003,SKU015,household,grocery,2026-05-28T11:00:00,3,38.97,false
1003,SKU015,household,grocery,2026-05-28T14:00:00,1,12.99,false
1003,SKU015,household,grocery,2026-05-29T06:00:00,1,12.99,false
1003,SKU015,household,grocery,2026-05-29T07:00:00,1,12.99,false
1003,SKU015,household,grocery,2026-05-29T08:00:00,1,12.99,false
1003,SKU015,household,grocery,2026-05-29T11:00:00,2,25.98,false
1003,SKU015,household,grocery,2026-05-29T12:00:00,1,12.99,false
1003,SKU015,household,grocery,2026-05-29T15:00:00,2,25.98,false
1003,SKU015,household,grocery,2026-05-29T16:00:00,1,12.99,false
1003,SKU015,household,grocery,2026-05-29T18:00:00,1,12.99,false
1003,SKU015,household,grocery,2026-05-30T06:00:00,2,25.98,false
1003,SKU015,household,grocery,2026-05-30T07:00:00,1,12.99,false
1003,SKU015,household,grocery,2026-05-30T11:00:00,1,12.99,false
1003,SKU015,household,grocery,2026-05-30T13:00:00,1,12.99,false
1003,SKU015,household,grocery,2026-05-30T17:00:00,1,12.99,false
1003,SKU015,household,grocery,2026-05-30T18:00:00,1,12.99,false
1003,SKU015,household,grocery,2026-05-30T21:00:00,1,12.99,false
1003,SKU015,household,grocery,2026-05-31T10:00:00,1,12.99,false
1003,SKU015,household,grocery,2026-05-31T13:00:00,1,12.99,false
1003,SKU015,household,grocery,2026-05-31T14:00:00,1,12.99,false
1003,SKU015,household,grocery,2026-05-31T16:00:00,1,12.99,false
1003,SKU015,household,grocery,2026-05-31T18:00:00,1,12.99,false
1003,SKU015,household,grocery,2026-05-31T20:00:00,1,12.99,false
1003,SKU015,household,grocery,2026-05-31T21:00:00,1,12.99,false
1003,SKU015,household,grocery,2026-06-01T07:00:00,1,12.99,false
1003,SKU015,household,grocery,2026-06-01T10:00:00,1,12.99,false
1003,SKU015,household,grocery,2026-06-01T13:00:00,2,25.98,false
1003,SKU015,household,grocery,2026-06-01T14:00:00,1,12.99,false
1003,SKU015,household,grocery,2026-06-01T16:00:00,1,12.99,false
1003,SKU015,household,grocery,2026-06-01T18:00:00,1,12.99,false
1003,SKU015,household,grocery,2026-06-01T19:00:00,1,12.99,false
1003,SKU015,household,grocery,2026-06-02T06:00:00,2,25.98,false
1003,SKU015,household,grocery,2026-06-02T07:00:00,1,12.99,false
1003,SKU015,household,grocery,2026-06-02T09:00:00,1,12.99,false
1003,SKU015,household,grocery,2026-06-02T10:00:00,1,12.99,false
1003,SKU015,household,grocery,2026-06-02T18:00:00,1,12.99,false
1003,SKU015,household,grocery,2026-06-03T08:00:00,1,12.99,false
1003,SKU015,household,grocery,2026-06-03T11:00:00,1,12.99,false
1003,SKU015,household,grocery,2026-06-03T17:00:00,2,25.98,false
1003,SKU015,household,grocery,2026-06-03T19:00:00,2,25.98,false
1003,SKU015,household,grocery,2026-06-03T20:00:00,1,12.99,false
1003,SKU015,household,grocery,2026-06-03T21:00:00,1,12.99,false
1003,SKU015,household,grocery,2026-06-04T07:00:00,1,12.99,false
1003,SKU015,household,grocery,2026-06-04T10:00:00,1,12.99,false
1003,SKU015,household,grocery,2026-06-04T12:00:00,2,25.98,false
1003,SKU015,household,grocery,2026-06-04T17:00:00,2,25.98,false
1003,SKU015,household,grocery,2026-06-04T18:00:00,1,12.99,false
1003,SKU015,household,grocery,2026-06-04T19:00:00,1,12.99,false
