snapshot_ts,store_id,item_id,category,department,on_hand_units,backroom_units
2026-05-22T06:00:00,1001,SKU001,produce,produce,16,12
2026-05-22T06:00:00,1001,SKU002,produce,produce,15,8
2026-05-22T06:00:00,1001,SKU003,dairy,dairy,15,11
2026-05-22T06:00:00,1001,SKU004,dairy,dairy,22,10
2026-05-22T06:00:00,1001,SKU005,meat,meat,16,9
2026-05-22T06:00:00,1001,SKU006,meat,meat,17,14
2026-05-22T06:00:00,1001,SKU007,bakery,bakery,23,9
2026-05-22T06:00:00,1001,SKU008,bakery,bakery,19,13
2026-05-22T06:00:00,1001,SKU009,beverages,grocery,29,15
2026-05-22T06:00:00,1001,SKU010,beverages,grocery,16,10
2026-05-22T06:00:00,1001,SKU011,frozen,frozen,23,14
2026-05-22T06:00:00,1001,SKU012,frozen,frozen,28,19
2026-05-22T06:00:00,1001,SKU013,grocery,grocery,32,19
2026-05-22T06:00:00,1001,SKU014,grocery,grocery,32,14
2026-05-22T06:00:00,1001,SKU015,household,grocery,25,17
2026-05-22T06:00:00,1002,SKU001,produce,produce,8,10
2026-05-22T06:00:00,1002,SKU002,produce,produce,18,12
2026-05-22T06:00:00,1002,SKU003,dairy,dairy,16,10
2026-05-22T06:00:00,1002,SKU004,dairy,dairy,16,8
2026-05-22T06:00:00,1002,SKU005,meat,meat,19,14
2026-05-22T06:00:00,1002,SKU006,meat,meat,21,11
2026-05-22T06:00:00,1002,SKU007,bakery,bakery,15,14
2026-05-22T06:00:00,1002,SKU008,bakery,bakery,21,11
2026-05-22T06:00:00,1002,SKU009,beverages,grocery,28,14
2026-05-22T06:00:00,1002,SKU010,beverages,grocery,18,9
2026-05-22T06:00:00,1002,SKU011,frozen,frozen,27,15
2026-05-22T06:00:00,1002,SKU012,frozen,frozen,31,18
2026-05-22T06:00:00,1002,SKU013,grocery,grocery,25,19
2026-05-22T06:00:00,1002,SKU014,grocery,grocery,29,14
2026-05-22T06:00:00,1002,SKU015,household,grocery,33,20
2026-05-22T06:00:00,1003,SKU001,produce,produce,13,8
2026-05-22T06:00:00,1003,SKU002,produce,produce,19,14
2026-05-22T06:00:00,1003,SKU003,dairy,dairy,14,14
2026-05-22T06:00:00,1003,SKU004,dairy,dairy,18,14
2026-05-22T06:00:00,1003,SKU005,meat,meat,15,10
2026-05-22T06:00:00,1003,SKU006,meat,meat,21,14
2026-05-22T06:00:00,1003,SKU007,bakery,bakery,21,14
2026-05-22T06:00:00,1003,SKU008,bakery,bakery,15,14
2026-05-22T06:00:00,1003,SKU009,beverages,grocery,22,18
2026-05-22T06:00:00,1003,SKU010,beverages,grocery,21,13
2026-05-22T06:00:00,1003,SKU011,frozen,frozen,25,20
2026-05-22T06:00:00,1003,SKU012,frozen,frozen,33,17
2026-05-22T06:00:00,1003,SKU013,grocery,grocery,31,18
2026-05-22T06:00:00,1003,SKU014,grocery,grocery,33,16
2026-05-22T06:00:00,1003,SKU015,household,grocery,27,17
2026-05-22T07:00:00,1001,SKU001,produce,produce,11,13
2026-05-22T07:00:00,1001,SKU002,produce,produce,16,9
2026-05-22T07:00:00,1001,SKU003,dairy,dairy,9,10
2026-05-22T07:00:00,1001,SKU004,dairy,dairy,18,8
2026-05-22T07:00:00,1001,SKU005,meat,meat,17,14
2026-05-22T07:00:00,1001,SKU006,meat,meat,22,10
2026-05-22T07:00:00,1001,SKU007,bakery,bakery,19,12
2026-05-22T07:00:00,1001,SKU008,bakery,bakery,20,8
2026-05-22T07:00:00,1001,SKU009,beverages,grocery,24,16
2026-05-22T07:00:00,1001,SKU010,beverages,grocery,18,13
2026-05-22T07:00:00,1001,SKU011,frozen,frozen,25,20
2026-05-22T07:00:00,1001,SKU012,frozen,frozen,24,14
2026-05-22T07:00:00,1001,SKU013,grocery,grocery,29,18
2026-05-22T07:00:00,1001,SKU014,grocery,grocery,30,20
2026-05-22T07:00:00,1001,SKU015,household,grocery,29,20
2026-05-22T07:00:00,1002,SKU001,produce,produce,6,11
2026-05-22T07:00:00,1002,SKU002,produce,produce,20,8
2026-05-22T07:00:00,1002,SKU003,dairy,dairy,16,8
2026-05-22T07:00:00,1002,SKU004,dairy,dairy,21,8
2026-05-22T07:00:00,1002,SKU005,meat,meat,19,11
2026-05-22T07:00:00,1002,SKU006,meat,meat,22,9
2026-05-22T07:00:00,1002,SKU007,bakery,bakery,20,8
2026-05-22T07:00:00,1002,SKU008,bakery,bakery,15,10
2026-05-22T07:00:00,1002,SKU009,beverages,grocery,28,16
2026-05-22T07:00:00,1002,SKU010,beverages,grocery,15,11
2026-05-22T07:00:00,1002,SKU011,frozen,frozen,23,16
2026-05-22T07:00:00,1002,SKU012,frozen,frozen,28,16
2026-05-22T07:00:00,1002,SKU013,grocery,grocery,32,15
2026-05-22T07:00:00,1002,SKU014,grocery,grocery,28,19
2026-05-22T07:00:00,1002,SKU015,household,grocery,27,15
2026-05-22T07:00:00,1003,SKU001,produce,produce,4,9
2026-05-22T07:00:00,1003,SKU002,produce,produce,14,13
2026-05-22T07:00:00,1003,SKU003,dairy,dairy,9,9
2026-05-22T07:00:00,1003,SKU004,dairy,dairy,22,14
2026-05-22T07:00:00,1003,SKU005,meat,meat,21,12
2026-05-22T07:00:00,1003,SKU006,meat,meat,19,8
2026-05-22T07:00:00,1003,SKU007,bakery,bakery,22,13
2026-05-22T07:00:00,1003,SKU008,bakery,bakery,17,8
2026-05-22T07:00:00,1003,SKU009,beverages,grocery,24,16
2026-05-22T07:00:00,1003,SKU010,beverages,grocery,14,13
2026-05-22T07:00:00,1003,SKU011,frozen,frozen,26,18
2026-05-22T07:00:00,1003,SKU012,frozen,frozen,24,18
2026-05-22T07:00:00,1003,SKU013,grocery,grocery,28,16
2026-05-22T07:00:00,1003,SKU014,grocery,grocery,26,14
2026-05-22T07:00:00,1003,SKU015,household,grocery,33,17
2026-05-22T08:00:00,1001,SKU001,produce,produce,1,12
2026-05-22T08:00:00,1001,SKU002,produce,produce,12,9
2026-05-22T08:00:00,1001,SKU003,dairy,dairy,11,10
2026-05-22T08:00:00,1001,SKU004,dairy,dairy,18,14
2026-05-22T08:00:00,1001,SKU005,meat,meat,19,8
2026-05-22T08:00:00,1001,SKU006,meat,meat,19,10
2026-05-22T08:00:00,1001,SKU007,bakery,bakery,15,8
2026-05-22T08:00:00,1001,SKU008,bakery,bakery,19,12
2026-05-22T08:00:00,1001,SKU009,beverages,grocery,25,16
2026-05-22T08:00:00,1001,SKU010,beverages,grocery,19,13
2026-05-22T08:00:00,1001,SKU011,frozen,frozen,25,17
2026-05-22T08:00:00,1001,SKU012,frozen,frozen,28,18
2026-05-22T08:00:00,1001,SKU013,grocery,grocery,24,15
2026-05-22T08:00:00,1001,SKU014,grocery,grocery,29,14
2026-05-22T08:00:00,1001,SKU015,household,grocery,29,15
2026-05-22T08:00:00,1002,SKU001,produce,produce,0,8
2026-05-22T08:00:00,1002,SKU002,produce,produce,14,14
2026-05-22T08:00:00,1002,SKU003,dairy,dairy,13,12
2026-05-22T08:00:00,1002,SKU004,dairy,dairy,21,14
2026-05-22T08:00:00,1002,SKU005,meat,meat,18,9
2026-05-22T08:00:00,1002,SKU006,meat,meat,19,14
2026-05-22T08:00:00,1002,SKU007,bakery,bakery,13,13
2026-05-22T08:00:00,1002,SKU008,bakery,bakery,16,11
2026-05-22T08:00:00,1002,SKU009,beverages,grocery,21,14
2026-05-22T08:00:00,1002,SKU010,beverages,grocery,16,12
2026-05-22T08:00:00,1002,SKU011,frozen,frozen,28,18
2026-05-22T08:00:00,1002,SKU012,frozen,frozen,32,19
2026-05-22T08:00:00,1002,SKU013,grocery,grocery,30,18
2026-05-22T08:00:00,1002,SKU014,grocery,grocery,25,20
2026-05-22T08:00:00,1002,SKU015,household,grocery,33,20
2026-05-22T08:00:00,1003,SKU001,produce,produce,0,12
2026-05-22T08:00:00,1003,SKU002,produce,produce,18,13
2026-05-22T08:00:00,1003,SKU003,dairy,dairy,16,12
2026-05-22T08:00:00,1003,SKU004,dairy,dairy,20,10
2026-05-22T08:00:00,1003,SKU005,meat,meat,17,9
2026-05-22T08:00:00,1003,SKU006,meat,meat,17,9
2026-05-22T08:00:00,1003,SKU007,bakery,bakery,18,9
2026-05-22T08:00:00,1003,SKU008,bakery,bakery,19,9
2026-05-22T08:00:00,1003,SKU009,beverages,grocery,27,16
2026-05-22T08:00:00,1003,SKU010,beverages,grocery,14,13
2026-05-22T08:00:00,1003,SKU011,frozen,frozen,23,17
2026-05-22T08:00:00,1003,SKU012,frozen,frozen,30,16
2026-05-22T08:00:00,1003,SKU013,grocery,grocery,25,16
2026-05-22T08:00:00,1003,SKU014,grocery,grocery,32,18
2026-05-22T08:00:00,1003,SKU015,household,grocery,26,16
2026-05-22T09:00:00,1001,SKU001,produce,produce,4,12
2026-05-22T09:00:00,1001,SKU002,produce,produce,13,11
2026-05-22T09:00:00,1001,SKU003,dairy,dairy,13,9
2026-05-22T09:00:00,1001,SKU004,dairy,dairy,14,12
2026-05-22T09:00:00,1001,SKU005,meat,meat,15,14
2026-05-22T09:00:00,1001,SKU006,meat,meat,18,13
2026-05-22T09:00:00,1001,SKU007,bakery,bakery,14,12
2026-05-22T09:00:00,1001,SKU008,bakery,bakery,17,14
2026-05-22T09:00:00,1001,SKU009,beverages,grocery,23,16
2026-05-22T09:00:00,1001,SKU010,beverages,grocery,18,8
2026-05-22T09:00:00,1001,SKU011,frozen,frozen,21,17
2026-05-22T09:00:00,1001,SKU012,frozen,frozen,29,18
2026-05-22T09:00:00,1001,SKU013,grocery,grocery,26,18
2026-05-22T09:00:00,1001,SKU014,grocery,grocery,31,19
2026-05-22T09:00:00,1001,SKU015,household,grocery,28,15
2026-05-22T09:00:00,1002,SKU001,produce,produce,4,8
2026-05-22T09:00:00,1002,SKU002,produce,produce,12,8
2026-05-22T09:00:00,1002,SKU003,dairy,dairy,13,10
2026-05-22T09:00:00,1002,SKU004,dairy,dairy,20,13
2026-05-22T09:00:00,1002,SKU005,meat,meat,19,13
2026-05-22T09:00:00,1002,SKU006,meat,meat,13,9
2026-05-22T09:00:00,1002,SKU007,bakery,bakery,12,14
2026-05-22T09:00:00,1002,SKU008,bakery,bakery,19,8
2026-05-22T09:00:00,1002,SKU009,beverages,grocery,21,14
2026-05-22T09:00:00,1002,SKU010,beverages,grocery,15,12
2026-05-22T09:00:00,1002,SKU011,frozen,frozen,28,17
2026-05-22T09:00:00,1002,SKU012,frozen,frozen,29,16
2026-05-22T09:00:00,1002,SKU013,grocery,grocery,26,17
2026-05-22T09:00:00,1002,SKU014,grocery,grocery,32,15
2026-05-22T09:00:00,1002,SKU015,household,grocery,29,14
2026-05-22T09:00:00,1003,SKU001,produce,produce,2,14
2026-05-22T09:00:00,1003,SKU002,produce,produce,15,12
2026-05-22T09:00:00,1003,SKU003,dairy,dairy,8,13
2026-05-22T09:00:00,1003,SKU004,dairy,dairy,12,8
2026-05-22T09:00:00,1003,SKU005,meat,meat,17,11
2026-05-22T09:00:00,1003,SKU006,meat,meat,18,13
2026-05-22T09:00:00,1003,SKU007,bakery,bakery,19,13
2026-05-22T09:00:00,1003,SKU008,bakery,bakery,19,10
2026-05-22T09:00:00,1003,SKU009,beverages,grocery,26,19
2026-05-22T09:00:00,1003,SKU010,beverages,grocery,15,13
2026-05-22T09:00:00,1003,SKU011,frozen,frozen,22,19
2026-05-22T09:00:00,1003,SKU012,frozen,frozen,31,14
2026-05-22T09:00:00,1003,SKU013,grocery,grocery,26,14
2026-05-22T09:00:00,1003,SKU014,grocery,grocery,29,19
2026-05-22T09:00:00,1003,SKU015,household,grocery,32,17
2026-05-22T10:00:00,1001,SKU001,produce,produce,0,11
2026-05-22T10:00:00,1001,SKU002,produce,produce,10,12
2026-05-22T10:00:00,1001,SKU003,dairy,dairy,10,14
2026-05-22T10:00:00,1001,SKU004,dairy,dairy,12,9
2026-05-22T10:00:00,1001,SKU005,meat,meat,15,11
2026-05-22T10:00:00,1001,SKU006,meat,meat,17,8
2026-05-22T10:00:00,1001,SKU007,bakery,bakery,19,12
2026-05-22T10:00:00,1001,SKU008,bakery,bakery,21,14
2026-05-22T10:00:00,1001,SKU009,beverages,grocery,24,16
2026-05-22T10:00:00,1001,SKU010,beverages,grocery,17,11
2026-05-22T10:00:00,1001,SKU011,frozen,frozen,24,20
2026-05-22T10:00:00,1001,SKU012,frozen,frozen,25,15
2026-05-22T10:00:00,1001,SKU013,grocery,grocery,23,20
2026-05-22T10:00:00,1001,SKU014,grocery,grocery,26,17
2026-05-22T10:00:00,1001,SKU015,household,grocery,32,16
2026-05-22T10:00:00,1002,SKU001,produce,produce,0,8
2026-05-22T10:00:00,1002,SKU002,produce,produce,13,10
2026-05-22T10:00:00,1002,SKU003,dairy,dairy,8,8
2026-05-22T10:00:00,1002,SKU004,dairy,dairy,15,10
2026-05-22T10:00:00,1002,SKU005,meat,meat,18,11
2026-05-22T10:00:00,1002,SKU006,meat,meat,15,9
2026-05-22T10:00:00,1002,SKU007,bakery,bakery,15,10
2026-05-22T10:00:00,1002,SKU008,bakery,bakery,14,9
2026-05-22T10:00:00,1002,SKU009,beverages,grocery,22,15
2026-05-22T10:00:00,1002,SKU010,beverages,grocery,13,9
2026-05-22T10:00:00,1002,SKU011,frozen,frozen,27,20
2026-05-22T10:00:00,1002,SKU012,frozen,frozen,31,20
2026-05-22T10:00:00,1002,SKU013,grocery,grocery,25,14
2026-05-22T10:00:00,1002,SKU014,grocery,grocery,23,18
2026-05-22T10:00:00,1002,SKU015,household,grocery,32,20
2026-05-22T10:00:00,1003,SKU001,produce,produce,0,8
2026-05-22T10:00:00,1003,SKU002,produce,produce,15,14
2026-05-22T10:00:00,1003,SKU003,dairy,dairy,6,10
2026-05-22T10:00:00,1003,SKU004,dairy,dairy,14,10
2026-05-22T10:00:00,1003,SKU005,meat,meat,17,13
2026-05-22T10:00:00,1003,SKU006,meat,meat,19,12
2026-05-22T10:00:00,1003,SKU007,bakery,bakery,13,14
2026-05-22T10:00:00,1003,SKU008,bakery,bakery,20,10
2026-05-22T10:00:00,1003,SKU009,beverages,grocery,19,19
2026-05-22T10:00:00,1003,SKU010,beverages,grocery,13,11
2026-05-22T10:00:00,1003,SKU011,frozen,frozen,25,17
2026-05-22T10:00:00,1003,SKU012,frozen,frozen,27,14
2026-05-22T10:00:00,1003,SKU013,grocery,grocery,25,16
2026-05-22T10:00:00,1003,SKU014,grocery,grocery,24,16
2026-05-22T10:00:00,1003,SKU015,household,grocery,25,19
2026-05-22T11:00:00,1001,SKU001,produce,produce,0,13
2026-05-22T11:00:00,1001,SKU002,produce,produce,8,10
2026-05-22T11:00:00,1001,SKU003,dairy,dairy,6,12
2026-05-22T11:00:00,1001,SKU004,dairy,dairy,15,10
2026-05-22T11:00:00,1001,SKU005,meat,meat,17,13
2026-05-22T11:00:00,1001,SKU006,meat,meat,19,13
2026-05-22T11:00:00,1001,SKU007,bakery,bakery,11,13
2026-05-22T11:00:00,1001,SKU008,bakery,bakery,17,8
2026-05-22T11:00:00,1001,SKU009,beverages,grocery,24,14
2026-05-22T11:00:00,1001,SKU010,beverages,grocery,19,10
2026-05-22T11:00:00,1001,SKU011,frozen,frozen,22,20
2026-05-22T11:00:00,1001,SKU012,frozen,frozen,30,19
2026-05-22T11:00:00,1001,SKU013,grocery,grocery,23,19
2026-05-22T11:00:00,1001,SKU014,grocery,grocery,23,15
2026-05-22T11:00:00,1001,SKU015,household,grocery,26,18
2026-05-22T11:00:00,1002,SKU001,produce,produce,0,14
2026-05-22T11:00:00,1002,SKU002,produce,produce,10,13
2026-05-22T11:00:00,1002,SKU003,dairy,dairy,7,10
2026-05-22T11:00:00,1002,SKU004,dairy,dairy,17,9
2026-05-22T11:00:00,1002,SKU005,meat,meat,17,14
2026-05-22T11:00:00,1002,SKU006,meat,meat,13,13
2026-05-22T11:00:00,1002,SKU007,bakery,bakery,17,10
2026-05-22T11:00:00,1002,SKU008,bakery,bakery,14,9
2026-05-22T11:00:00,1002,SKU009,beverages,grocery,19,18
2026-05-22T11:00:00,1002,SKU010,beverages,grocery,14,8
2026-05-22T11:00:00,1002,SKU011,frozen,frozen,25,14
2026-05-22T11:00:00,1002,SKU012,frozen,frozen,29,18
2026-05-22T11:00:00,1002,SKU013,grocery,grocery,26,19
2026-05-22T11:00:00,1002,SKU014,grocery,grocery,25,14
2026-05-22T11:00:00,1002,SKU015,household,grocery,30,19
2026-05-22T11:00:00,1003,SKU001,produce,produce,0,12
2026-05-22T11:00:00,1003,SKU002,produce,produce,13,13
2026-05-22T11:00:00,1003,SKU003,dairy,dairy,7,13
2026-05-22T11:00:00,1003,SKU004,dairy,dairy,15,11
2026-05-22T11:00:00,1003,SKU005,meat,meat,18,13
2026-05-22T11:00:00,1003,SKU006,meat,meat,13,10
2026-05-22T11:00:00,1003,SKU007,bakery,bakery,13,10
2026-05-22T11:00:00,1003,SKU008,bakery,bakery,19,11
2026-05-22T11:00:00,1003,SKU009,beverages,grocery,24,18
2026-05-22T11:00:00,1003,SKU010,beverages,grocery,16,12
2026-05-22T11:00:00,1003,SKU011,frozen,frozen,26,16
2026-05-22T11:00:00,1003,SKU012,frozen,frozen,23,15
2026-05-22T11:00:00,1003,SKU013,grocery,grocery,24,20
2026-05-22T11:00:00,1003,SKU014,grocery,grocery,27,17
2026-05-22T11:00:00,1003,SKU015,household,grocery,31,16
2026-05-22T12:00:00,1001,SKU001,produce,produce,0,13
2026-05-22T12:00:00,1001,SKU002,produce,produce,12,8
2026-05-22T12:00:00,1001,SKU003,dairy,dairy,5,11
2026-05-22T12:00:00,1001,SKU004,dairy,dairy,14,13
2026-05-22T12:00:00,1001,SKU005,meat,meat,10,10
2026-05-22T12:00:00,1001,SKU006,meat,meat,16,13
2026-05-22T12:00:00,1001,SKU007,bakery,bakery,12,14
2026-05-22T12:00:00,1001,SKU008,bakery,bakery,18,14
2026-05-22T12:00:00,1001,SKU009,beverages,grocery,24,18
2026-05-22T12:00:00,1001,SKU010,beverages,grocery,17,13
2026-05-22T12:00:00,1001,SKU011,frozen,frozen,21,14
2026-05-22T12:00:00,1001,SKU012,frozen,frozen,26,16
2026-05-22T12:00:00,1001,SKU013,grocery,grocery,30,15
2026-05-22T12:00:00,1001,SKU014,grocery,grocery,29,14
2026-05-22T12:00:00,1001,SKU015,household,grocery,32,20
2026-05-22T12:00:00,1002,SKU001,produce,produce,0,10
2026-05-22T12:00:00,1002,SKU002,produce,produce,11,11
2026-05-22T12:00:00,1002,SKU003,dairy,dairy,9,14
2026-05-22T12:00:00,1002,SKU004,dairy,dairy,16,11
2026-05-22T12:00:00,1002,SKU005,meat,meat,15,10
2026-05-22T12:00:00,1002,SKU006,meat,meat,10,10
2026-05-22T12:00:00,1002,SKU007,bakery,bakery,17,13
2026-05-22T12:00:00,1002,SKU008,bakery,bakery,14,10
2026-05-22T12:00:00,1002,SKU009,beverages,grocery,17,16
2026-05-22T12:00:00,1002,SKU010,beverages,grocery,18,11
2026-05-22T12:00:00,1002,SKU011,frozen,frozen,21,18
2026-05-22T12:00:00,1002,SKU012,frozen,frozen,24,18
2026-05-22T12:00:00,1002,SKU013,grocery,grocery,25,20
2026-05-22T12:00:00,1002,SKU014,grocery,grocery,24,18
2026-05-22T12:00:00,1002,SKU015,household,grocery,29,15
2026-05-22T12:00:00,1003,SKU001,produce,produce,0,8
2026-05-22T12:00:00,1003,SKU002,produce,produce,6,14
2026-05-22T12:00:00,1003,SKU003,dairy,dairy,9,8
2026-05-22T12:00:00,1003,SKU004,dairy,dairy,14,10
2026-05-22T12:00:00,1003,SKU005,meat,meat,17,8
2026-05-22T12:00:00,1003,SKU006,meat,meat,10,12
2026-05-22T12:00:00,1003,SKU007,bakery,bakery,13,10
2026-05-22T12:00:00,1003,SKU008,bakery,bakery,19,9
2026-05-22T12:00:00,1003,SKU009,beverages,grocery,19,20
2026-05-22T12:00:00,1003,SKU010,beverages,grocery,19,11
2026-05-22T12:00:00,1003,SKU011,frozen,frozen,21,16
2026-05-22T12:00:00,1003,SKU012,frozen,frozen,24,16
2026-05-22T12:00:00,1003,SKU013,grocery,grocery,27,17
2026-05-22T12:00:00,1003,SKU014,grocery,grocery,26,18
2026-05-22T12:00:00,1003,SKU015,household,grocery,27,14
2026-05-22T13:00:00,1001,SKU001,produce,produce,0,14
2026-05-22T13:00:00,1001,SKU002,produce,produce,4,14
2026-05-22T13:00:00,1001,SKU003,dairy,dairy,10,8
2026-05-22T13:00:00,1001,SKU004,dairy,dairy,16,11
2026-05-22T13:00:00,1001,SKU005,meat,meat,15,8
2026-05-22T13:00:00,1001,SKU006,meat,meat,11,10
2026-05-22T13:00:00,1001,SKU007,bakery,bakery,13,8
2026-05-22T13:00:00,1001,SKU008,bakery,bakery,14,13
2026-05-22T13:00:00,1001,SKU009,beverages,grocery,19,14
2026-05-22T13:00:00,1001,SKU010,beverages,grocery,14,13
2026-05-22T13:00:00,1001,SKU011,frozen,frozen,19,20
2026-05-22T13:00:00,1001,SKU012,frozen,frozen,27,19
2026-05-22T13:00:00,1001,SKU013,grocery,grocery,28,15
2026-05-22T13:00:00,1001,SKU014,grocery,grocery,26,20
2026-05-22T13:00:00,1001,SKU015,household,grocery,25,14
2026-05-22T13:00:00,1002,SKU001,produce,produce,0,12
2026-05-22T13:00:00,1002,SKU002,produce,produce,10,8
2026-05-22T13:00:00,1002,SKU003,dairy,dairy,2,13
2026-05-22T13:00:00,1002,SKU004,dairy,dairy,16,12
2026-05-22T13:00:00,1002,SKU005,meat,meat,10,8
2026-05-22T13:00:00,1002,SKU006,meat,meat,15,9
2026-05-22T13:00:00,1002,SKU007,bakery,bakery,13,14
2026-05-22T13:00:00,1002,SKU008,bakery,bakery,16,11
2026-05-22T13:00:00,1002,SKU009,beverages,grocery,24,19
2026-05-22T13:00:00,1002,SKU010,beverages,grocery,10,10
2026-05-22T13:00:00,1002,SKU011,frozen,frozen,22,17
2026-05-22T13:00:00,1002,SKU012,frozen,frozen,24,14
2026-05-22T13:00:00,1002,SKU013,grocery,grocery,26,19
2026-05-22T13:00:00,1002,SKU014,grocery,grocery,29,17
2026-05-22T13:00:00,1002,SKU015,household,grocery,28,17
2026-05-22T13:00:00,1003,SKU001,produce,produce,0,9
2026-05-22T13:00:00,1003,SKU002,produce,produce,10,12
2026-05-22T13:00:00,1003,SKU003,dairy,dairy,6,11
2026-05-22T13:00:00,1003,SKU004,dairy,dairy,12,13
2026-05-22T13:00:00,1003,SKU005,meat,meat,16,12
2026-05-22T13:00:00,1003,SKU006,meat,meat,12,11
2026-05-22T13:00:00,1003,SKU007,bakery,bakery,9,11
2026-05-22T13:00:00,1003,SKU008,bakery,bakery,17,10
2026-05-22T13:00:00,1003,SKU009,beverages,grocery,24,19
2026-05-22T13:00:00,1003,SKU010,beverages,grocery,11,11
2026-05-22T13:00:00,1003,SKU011,frozen,frozen,21,18
2026-05-22T13:00:00,1003,SKU012,frozen,frozen,21,17
2026-05-22T13:00:00,1003,SKU013,grocery,grocery,25,17
2026-05-22T13:00:00,1003,SKU014,grocery,grocery,27,17
2026-05-22T13:00:00,1003,SKU015,household,grocery,25,19
2026-05-22T14:00:00,1001,SKU001,produce,produce,0,10
2026-05-22T14:00:00,1001,SKU002,produce,produce,5,14
2026-05-22T14:00:00,1001,SKU003,dairy,dairy,2,8
2026-05-22T14:00:00,1001,SKU004,dairy,dairy,15,9
2026-05-22T14:00:00,1001,SKU005,meat,meat,10,14
2026-05-22T14:00:00,1001,SKU006,meat,meat,16,12
2026-05-22T14:00:00,1001,SKU007,bakery,bakery,11,8
2026-05-22T14:00:00,1001,SKU008,bakery,bakery,12,11
2026-05-22T14:00:00,1001,SKU009,beverages,grocery,23,18
2026-05-22T14:00:00,1001,SKU010,beverages,grocery,12,8
2026-05-22T14:00:00,1001,SKU011,frozen,frozen,24,16
2026-05-22T14:00:00,1001,SKU012,frozen,frozen,27,16
2026-05-22T14:00:00,1001,SKU013,grocery,grocery,26,20
2026-05-22T14:00:00,1001,SKU014,grocery,grocery,24,14
2026-05-22T14:00:00,1001,SKU015,household,grocery,28,19
2026-05-22T14:00:00,1002,SKU001,produce,produce,0,14
2026-05-22T14:00:00,1002,SKU002,produce,produce,3,10
2026-05-22T14:00:00,1002,SKU003,dairy,dairy,4,14
2026-05-22T14:00:00,1002,SKU004,dairy,dairy,15,14
2026-05-22T14:00:00,1002,SKU005,meat,meat,14,12
2026-05-22T14:00:00,1002,SKU006,meat,meat,16,10
2026-05-22T14:00:00,1002,SKU007,bakery,bakery,11,10
2026-05-22T14:00:00,1002,SKU008,bakery,bakery,17,13
2026-05-22T14:00:00,1002,SKU009,beverages,grocery,23,18
2026-05-22T14:00:00,1002,SKU010,beverages,grocery,17,14
2026-05-22T14:00:00,1002,SKU011,frozen,frozen,18,14
2026-05-22T14:00:00,1002,SKU012,frozen,frozen,27,19
2026-05-22T14:00:00,1002,SKU013,grocery,grocery,22,17
2026-05-22T14:00:00,1002,SKU014,grocery,grocery,24,20
2026-05-22T14:00:00,1002,SKU015,household,grocery,23,15
2026-05-22T14:00:00,1003,SKU001,produce,produce,0,13
2026-05-22T14:00:00,1003,SKU002,produce,produce,4,9
2026-05-22T14:00:00,1003,SKU003,dairy,dairy,4,11
2026-05-22T14:00:00,1003,SKU004,dairy,dairy,8,8
2026-05-22T14:00:00,1003,SKU005,meat,meat,13,11
2026-05-22T14:00:00,1003,SKU006,meat,meat,11,13
2026-05-22T14:00:00,1003,SKU007,bakery,bakery,16,11
2026-05-22T14:00:00,1003,SKU008,bakery,bakery,12,13
2026-05-22T14:00:00,1003,SKU009,beverages,grocery,24,17
2026-05-22T14:00:00,1003,SKU010,beverages,grocery,15,8
2026-05-22T14:00:00,1003,SKU011,frozen,frozen,21,14
2026-05-22T14:00:00,1003,SKU012,frozen,frozen,27,16
2026-05-22T14:00:00,1003,SKU013,grocery,grocery,25,18
2026-05-22T14:00:00,1003,SKU014,grocery,grocery,27,18
2026-05-22T14:00:00,1003,SKU015,household,grocery,28,18
2026-05-22T15:00:00,1001,SKU001,produce,produce,0,9
2026-05-22T15:00:00,1001,SKU002,produce,produce,5,12
2026-05-22T15:00:00,1001,SKU003,dairy,dairy,3,14
2026-05-22T15:00:00,1001,SKU004,dairy,dairy,11,12
2026-05-22T15:00:00,1001,SKU005,meat,meat,10,11
2026-05-22T15:00:00,1001,SKU006,meat,meat,15,9
2026-05-22T15:00:00,1001,SKU007,bakery,bakery,12,13
2026-05-22T15:00:00,1001,SKU008,bakery,bakery,12,9
2026-05-22T15:00:00,1001,SKU009,beverages,grocery,23,19
2026-05-22T15:00:00,1001,SKU010,beverages,grocery,15,8
2026-05-22T15:00:00,1001,SKU011,frozen,frozen,22,17
2026-05-22T15:00:00,1001,SKU012,frozen,frozen,22,15
2026-05-22T15:00:00,1001,SKU013,grocery,grocery,28,14
2026-05-22T15:00:00,1001,SKU014,grocery,grocery,21,16
2026-05-22T15:00:00,1001,SKU015,household,grocery,26,15
2026-05-22T15:00:00,1002,SKU001,produce,produce,0,12
2026-05-22T15:00:00,1002,SKU002,produce,produce,8,10
2026-05-22T15:00:00,1002,SKU003,dairy,dairy,1,8
2026-05-22T15:00:00,1002,SKU004,dairy,dairy,13,12
2026-05-22T15:00:00,1002,SKU005,meat,meat,8,8
2026-05-22T15:00:00,1002,SKU006,meat,meat,13,13
2026-05-22T15:00:00,1002,SKU007,bakery,bakery,15,9
2026-05-22T15:00:00,1002,SKU008,bakery,bakery,15,13
2026-05-22T15:00:00,1002,SKU009,beverages,grocery,15,15
2026-05-22T15:00:00,1002,SKU010,beverages,grocery,12,10
2026-05-22T15:00:00,1002,SKU011,frozen,frozen,23,18
2026-05-22T15:00:00,1002,SKU012,frozen,frozen,24,16
2026-05-22T15:00:00,1002,SKU013,grocery,grocery,27,16
2026-05-22T15:00:00,1002,SKU014,grocery,grocery,29,18
2026-05-22T15:00:00,1002,SKU015,household,grocery,26,14
2026-05-22T15:00:00,1003,SKU001,produce,produce,0,8
2026-05-22T15:00:00,1003,SKU002,produce,produce,4,10
2026-05-22T15:00:00,1003,SKU003,dairy,dairy,2,10
2026-05-22T15:00:00,1003,SKU004,dairy,dairy,7,9
2026-05-22T15:00:00,1003,SKU005,meat,meat,14,12
2026-05-22T15:00:00,1003,SKU006,meat,meat,14,10
2026-05-22T15:00:00,1003,SKU007,bakery,bakery,11,14
2026-05-22T15:00:00,1003,SKU008,bakery,bakery,17,9
2026-05-22T15:00:00,1003,SKU009,beverages,grocery,17,14
2026-05-22T15:00:00,1003,SKU010,beverages,grocery,11,9
2026-05-22T15:00:00,1003,SKU011,frozen,frozen,18,20
2026-05-22T15:00:00,1003,SKU012,frozen,frozen,22,15
2026-05-22T15:00:00,1003,SKU013,grocery,grocery,23,17
2026-05-22T15:00:00,1003,SKU014,grocery,grocery,21,16
2026-05-22T15:00:00,1003,SKU015,household,grocery,24,14
2026-05-22T16:00:00,1001,SKU001,produce,produce,0,12
2026-05-22T16:00:00,1001,SKU002,produce,produce,7,11
2026-05-22T16:00:00,1001,SKU003,dairy,dairy,5,10
2026-05-22T16:00:00,1001,SKU004,dairy,dairy,9,12
2026-05-22T16:00:00,1001,SKU005,meat,meat,6,9
2026-05-22T16:00:00,1001,SKU006,meat,meat,15,11
2026-05-22T16:00:00,1001,SKU007,bakery,bakery,12,14
2026-05-22T16:00:00,1001,SKU008,bakery,bakery,15,13
2026-05-22T16:00:00,1001,SKU009,beverages,grocery,22,16
2026-05-22T16:00:00,1001,SKU010,beverages,grocery,12,14
2026-05-22T16:00:00,1001,SKU011,frozen,frozen,24,16
2026-05-22T16:00:00,1001,SKU012,frozen,frozen,28,14
2026-05-22T16:00:00,1001,SKU013,grocery,grocery,23,15
2026-05-22T16:00:00,1001,SKU014,grocery,grocery,25,19
2026-05-22T16:00:00,1001,SKU015,household,grocery,25,20
2026-05-22T16:00:00,1002,SKU001,produce,produce,0,12
2026-05-22T16:00:00,1002,SKU002,produce,produce,7,11
2026-05-22T16:00:00,1002,SKU003,dairy,dairy,2,13
2026-05-22T16:00:00,1002,SKU004,dairy,dairy,6,12
2026-05-22T16:00:00,1002,SKU005,meat,meat,11,13
2026-05-22T16:00:00,1002,SKU006,meat,meat,12,9
2026-05-22T16:00:00,1002,SKU007,bakery,bakery,6,14
2026-05-22T16:00:00,1002,SKU008,bakery,bakery,14,14
2026-05-22T16:00:00,1002,SKU009,beverages,grocery,22,20
2026-05-22T16:00:00,1002,SKU010,beverages,grocery,13,13
2026-05-22T16:00:00,1002,SKU011,frozen,frozen,22,15
2026-05-22T16:00:00,1002,SKU012,frozen,frozen,28,15
2026-05-22T16:00:00,1002,SKU013,grocery,grocery,26,16
2026-05-22T16:00:00,1002,SKU014,grocery,grocery,23,19
2026-05-22T16:00:00,1002,SKU015,household,grocery,23,15
2026-05-22T16:00:00,1003,SKU001,produce,produce,0,10
2026-05-22T16:00:00,1003,SKU002,produce,produce,8,9
2026-05-22T16:00:00,1003,SKU003,dairy,dairy,0,12
2026-05-22T16:00:00,1003,SKU004,dairy,dairy,9,10
2026-05-22T16:00:00,1003,SKU005,meat,meat,6,10
2026-05-22T16:00:00,1003,SKU006,meat,meat,11,12
2026-05-22T16:00:00,1003,SKU007,bakery,bakery,6,12
2026-05-22T16:00:00,1003,SKU008,bakery,bakery,13,8
2026-05-22T16:00:00,1003,SKU009,beverages,grocery,19,19
2026-05-22T16:00:00,1003,SKU010,beverages,grocery,15,11
2026-05-22T16:00:00,1003,SKU011,frozen,frozen,16,19
2026-05-22T16:00:00,1003,SKU012,frozen,frozen,24,16
2026-05-22T16:00:00,1003,SKU013,grocery,grocery,20,18
2026-05-22T16:00:00,1003,SKU014,grocery,grocery,21,20
2026-05-22T16:00:00,1003,SKU015,household,grocery,30,18
2026-05-22T17:00:00,1001,SKU001,produce,produce,0,11
2026-05-22T17:00:00,1001,SKU002,produce,produce,1,11
2026-05-22T17:00:00,1001,SKU003,dairy,dairy,5,14
2026-05-22T17:00:00,1001,SKU004,dairy,dairy,5,8
2026-05-22T17:00:00,1001,SKU005,meat,meat,10,8
2026-05-22T17:00:00,1001,SKU006,meat,meat,8,13
2026-05-22T17:00:00,1001,SKU007,bakery,bakery,7,14
2026-05-22T17:00:00,1001,SKU008,bakery,bakery,10,8
2026-05-22T17:00:00,1001,SKU009,beverages,grocery,20,20
2026-05-22T17:00:00,1001,SKU010,beverages,grocery,8,8
2026-05-22T17:00:00,1001,SKU011,frozen,frozen,23,19
2026-05-22T17:00:00,1001,SKU012,frozen,frozen,19,16
2026-05-22T17:00:00,1001,SKU013,grocery,grocery,21,20
2026-05-22T17:00:00,1001,SKU014,grocery,grocery,28,16
2026-05-22T17:00:00,1001,SKU015,household,grocery,26,19
2026-05-22T17:00:00,1002,SKU001,produce,produce,0,10
2026-05-22T17:00:00,1002,SKU002,produce,produce,4,13
2026-05-22T17:00:00,1002,SKU003,dairy,dairy,0,12
2026-05-22T17:00:00,1002,SKU004,dairy,dairy,9,12
2026-05-22T17:00:00,1002,SKU005,meat,meat,5,13
2026-05-22T17:00:00,1002,SKU006,meat,meat,12,11
2026-05-22T17:00:00,1002,SKU007,bakery,bakery,5,8
2026-05-22T17:00:00,1002,SKU008,bakery,bakery,11,14
2026-05-22T17:00:00,1002,SKU009,beverages,grocery,22,15
2026-05-22T17:00:00,1002,SKU010,beverages,grocery,11,8
2026-05-22T17:00:00,1002,SKU011,frozen,frozen,18,17
2026-05-22T17:00:00,1002,SKU012,frozen,frozen,19,16
2026-05-22T17:00:00,1002,SKU013,grocery,grocery,23,19
2026-05-22T17:00:00,1002,SKU014,grocery,grocery,28,17
2026-05-22T17:00:00,1002,SKU015,household,grocery,25,19
2026-05-22T17:00:00,1003,SKU001,produce,produce,0,10
2026-05-22T17:00:00,1003,SKU002,produce,produce,3,12
2026-05-22T17:00:00,1003,SKU003,dairy,dairy,2,8
2026-05-22T17:00:00,1003,SKU004,dairy,dairy,9,11
2026-05-22T17:00:00,1003,SKU005,meat,meat,6,12
2026-05-22T17:00:00,1003,SKU006,meat,meat,13,8
2026-05-22T17:00:00,1003,SKU007,bakery,bakery,6,8
2026-05-22T17:00:00,1003,SKU008,bakery,bakery,10,13
2026-05-22T17:00:00,1003,SKU009,beverages,grocery,15,15
2026-05-22T17:00:00,1003,SKU010,beverages,grocery,12,12
2026-05-22T17:00:00,1003,SKU011,frozen,frozen,16,20
2026-05-22T17:00:00,1003,SKU012,frozen,frozen,21,20
2026-05-22T17:00:00,1003,SKU013,grocery,grocery,20,15
2026-05-22T17:00:00,1003,SKU014,grocery,grocery,25,17
2026-05-22T17:00:00,1003,SKU015,household,grocery,24,19
2026-05-22T18:00:00,1001,SKU001,produce,produce,0,10
2026-05-22T18:00:00,1001,SKU002,produce,produce,0,13
2026-05-22T18:00:00,1001,SKU003,dairy,dairy,0,10
2026-05-22T18:00:00,1001,SKU004,dairy,dairy,3,11
2026-05-22T18:00:00,1001,SKU005,meat,meat,8,9
2026-05-22T18:00:00,1001,SKU006,meat,meat,9,9
2026-05-22T18:00:00,1001,SKU007,bakery,bakery,10,11
2026-05-22T18:00:00,1001,SKU008,bakery,bakery,11,14
2026-05-22T18:00:00,1001,SKU009,beverages,grocery,16,16
2026-05-22T18:00:00,1001,SKU010,beverages,grocery,9,9
2026-05-22T18:00:00,1001,SKU011,frozen,frozen,19,16
2026-05-22T18:00:00,1001,SKU012,frozen,frozen,26,16
2026-05-22T18:00:00,1001,SKU013,grocery,grocery,21,17
2026-05-22T18:00:00,1001,SKU014,grocery,grocery,25,18
2026-05-22T18:00:00,1001,SKU015,household,grocery,27,16
2026-05-22T18:00:00,1002,SKU001,produce,produce,0,11
2026-05-22T18:00:00,1002,SKU002,produce,produce,0,8
2026-05-22T18:00:00,1002,SKU003,dairy,dairy,2,9
2026-05-22T18:00:00,1002,SKU004,dairy,dairy,11,12
2026-05-22T18:00:00,1002,SKU005,meat,meat,7,13
2026-05-22T18:00:00,1002,SKU006,meat,meat,11,10
2026-05-22T18:00:00,1002,SKU007,bakery,bakery,9,9
2026-05-22T18:00:00,1002,SKU008,bakery,bakery,13,13
2026-05-22T18:00:00,1002,SKU009,beverages,grocery,21,18
2026-05-22T18:00:00,1002,SKU010,beverages,grocery,10,8
2026-05-22T18:00:00,1002,SKU011,frozen,frozen,23,20
2026-05-22T18:00:00,1002,SKU012,frozen,frozen,22,16
2026-05-22T18:00:00,1002,SKU013,grocery,grocery,23,17
2026-05-22T18:00:00,1002,SKU014,grocery,grocery,24,14
2026-05-22T18:00:00,1002,SKU015,household,grocery,23,18
2026-05-22T18:00:00,1003,SKU001,produce,produce,0,11
2026-05-22T18:00:00,1003,SKU002,produce,produce,0,11
2026-05-22T18:00:00,1003,SKU003,dairy,dairy,1,10
2026-05-22T18:00:00,1003,SKU004,dairy,dairy,9,13
2026-05-22T18:00:00,1003,SKU005,meat,meat,4,10
2026-05-22T18:00:00,1003,SKU006,meat,meat,6,13
2026-05-22T18:00:00,1003,SKU007,bakery,bakery,10,14
2026-05-22T18:00:00,1003,SKU008,bakery,bakery,8,9
2026-05-22T18:00:00,1003,SKU009,beverages,grocery,19,17
2026-05-22T18:00:00,1003,SKU010,beverages,grocery,11,10
2026-05-22T18:00:00,1003,SKU011,frozen,frozen,16,15
2026-05-22T18:00:00,1003,SKU012,frozen,frozen,24,16
2026-05-22T18:00:00,1003,SKU013,grocery,grocery,22,17
2026-05-22T18:00:00,1003,SKU014,grocery,grocery,28,15
2026-05-22T18:00:00,1003,SKU015,household,grocery,22,17
2026-05-22T19:00:00,1001,SKU001,produce,produce,0,12
2026-05-22T19:00:00,1001,SKU002,produce,produce,2,13
2026-05-22T19:00:00,1001,SKU003,dairy,dairy,1,11
2026-05-22T19:00:00,1001,SKU004,dairy,dairy,5,10
2026-05-22T19:00:00,1001,SKU005,meat,meat,8,12
2026-05-22T19:00:00,1001,SKU006,meat,meat,10,11
2026-05-22T19:00:00,1001,SKU007,bakery,bakery,10,10
2026-05-22T19:00:00,1001,SKU008,bakery,bakery,7,9
2026-05-22T19:00:00,1001,SKU009,beverages,grocery,21,14
2026-05-22T19:00:00,1001,SKU010,beverages,grocery,12,11
2026-05-22T19:00:00,1001,SKU011,frozen,frozen,19,18
2026-05-22T19:00:00,1001,SKU012,frozen,frozen,24,18
2026-05-22T19:00:00,1001,SKU013,grocery,grocery,19,15
2026-05-22T19:00:00,1001,SKU014,grocery,grocery,28,15
2026-05-22T19:00:00,1001,SKU015,household,grocery,26,18
2026-05-22T19:00:00,1002,SKU001,produce,produce,0,9
2026-05-22T19:00:00,1002,SKU002,produce,produce,0,9
2026-05-22T19:00:00,1002,SKU003,dairy,dairy,0,14
2026-05-22T19:00:00,1002,SKU004,dairy,dairy,2,8
2026-05-22T19:00:00,1002,SKU005,meat,meat,7,14
2026-05-22T19:00:00,1002,SKU006,meat,meat,7,14
2026-05-22T19:00:00,1002,SKU007,bakery,bakery,9,11
2026-05-22T19:00:00,1002,SKU008,bakery,bakery,13,9
2026-05-22T19:00:00,1002,SKU009,beverages,grocery,20,14
2026-05-22T19:00:00,1002,SKU010,beverages,grocery,8,9
2026-05-22T19:00:00,1002,SKU011,frozen,frozen,17,16
2026-05-22T19:00:00,1002,SKU012,frozen,frozen,22,14
2026-05-22T19:00:00,1002,SKU013,grocery,grocery,21,15
2026-05-22T19:00:00,1002,SKU014,grocery,grocery,23,17
2026-05-22T19:00:00,1002,SKU015,household,grocery,23,19
2026-05-22T19:00:00,1003,SKU001,produce,produce,0,9
2026-05-22T19:00:00,1003,SKU002,produce,produce,4,14
2026-05-22T19:00:00,1003,SKU003,dairy,dairy,0,8
2026-05-22T19:00:00,1003,SKU004,dairy,dairy,9,9
2026-05-22T19:00:00,1003,SKU005,meat,meat,8,8
2026-05-22T19:00:00,1003,SKU006,meat,meat,12,12
2026-05-22T19:00:00,1003,SKU007,bakery,bakery,10,13
2026-05-22T19:00:00,1003,SKU008,bakery,bakery,10,11
2026-05-22T19:00:00,1003,SKU009,beverages,grocery,19,20
2026-05-22T19:00:00,1003,SKU010,beverages,grocery,13,13
2026-05-22T19:00:00,1003,SKU011,frozen,frozen,18,20
2026-05-22T19:00:00,1003,SKU012,frozen,frozen,19,17
2026-05-22T19:00:00,1003,SKU013,grocery,grocery,21,16
2026-05-22T19:00:00,1003,SKU014,grocery,grocery,22,17
2026-05-22T19:00:00,1003,SKU015,household,grocery,27,16
2026-05-22T20:00:00,1001,SKU001,produce,produce,0,12
2026-05-22T20:00:00,1001,SKU002,produce,produce,0,12
2026-05-22T20:00:00,1001,SKU003,dairy,dairy,0,10
2026-05-22T20:00:00,1001,SKU004,dairy,dairy,8,13
2026-05-22T20:00:00,1001,SKU005,meat,meat,2,9
2026-05-22T20:00:00,1001,SKU006,meat,meat,6,14
2026-05-22T20:00:00,1001,SKU007,bakery,bakery,6,10
2026-05-22T20:00:00,1001,SKU008,bakery,bakery,12,10
2026-05-22T20:00:00,1001,SKU009,beverages,grocery,20,20
2026-05-22T20:00:00,1001,SKU010,beverages,grocery,5,12
2026-05-22T20:00:00,1001,SKU011,frozen,frozen,20,14
2026-05-22T20:00:00,1001,SKU012,frozen,frozen,21,15
2026-05-22T20:00:00,1001,SKU013,grocery,grocery,26,15
2026-05-22T20:00:00,1001,SKU014,grocery,grocery,19,15
2026-05-22T20:00:00,1001,SKU015,household,grocery,26,17
2026-05-22T20:00:00,1002,SKU001,produce,produce,0,10
2026-05-22T20:00:00,1002,SKU002,produce,produce,0,13
2026-05-22T20:00:00,1002,SKU003,dairy,dairy,0,11
2026-05-22T20:00:00,1002,SKU004,dairy,dairy,3,10
2026-05-22T20:00:00,1002,SKU005,meat,meat,6,11
2026-05-22T20:00:00,1002,SKU006,meat,meat,11,8
2026-05-22T20:00:00,1002,SKU007,bakery,bakery,7,11
2026-05-22T20:00:00,1002,SKU008,bakery,bakery,9,9
2026-05-22T20:00:00,1002,SKU009,beverages,grocery,18,19
2026-05-22T20:00:00,1002,SKU010,beverages,grocery,13,14
2026-05-22T20:00:00,1002,SKU011,frozen,frozen,15,17
2026-05-22T20:00:00,1002,SKU012,frozen,frozen,19,16
2026-05-22T20:00:00,1002,SKU013,grocery,grocery,20,19
2026-05-22T20:00:00,1002,SKU014,grocery,grocery,25,20
2026-05-22T20:00:00,1002,SKU015,household,grocery,22,15
2026-05-22T20:00:00,1003,SKU001,produce,produce,0,9
2026-05-22T20:00:00,1003,SKU002,produce,produce,2,11
2026-05-22T20:00:00,1003,SKU003,dairy,dairy,1,8
2026-05-22T20:00:00,1003,SKU004,dairy,dairy,8,13
2026-05-22T20:00:00,1003,SKU005,meat,meat,8,11
2026-05-22T20:00:00,1003,SKU006,meat,meat,4,10
2026-05-22T20:00:00,1003,SKU007,bakery,bakery,9,10
2026-05-22T20:00:00,1003,SKU008,bakery,bakery,8,12
2026-05-22T20:00:00,1003,SKU009,beverages,grocery,19,18
2026-05-22T20:00:00,1003,SKU010,beverages,grocery,10,14
2026-05-22T20:00:00,1003,SKU011,frozen,frozen,21,19
2026-05-22T20:00:00,1003,SKU012,frozen,frozen,23,20
2026-05-22T20:00:00,1003,SKU013,grocery,grocery,27,16
2026-05-22T20:00:00,1003,SKU014,grocery,grocery,20,20
2026-05-22T20:00:00,1003,SKU015,household,grocery,24,17
2026-05-22T21:00:00,1001,SKU001,produce,produce,0,14
2026-05-22T21:00:00,1001,SKU002,produce,produce,0,14
2026-05-22T21:00:00,1001,SKU003,dairy,dairy,0,9
2026-05-22T21:00:00,1001,SKU004,dairy,dairy,0,10
2026-05-22T21:00:00,1001,SKU005,meat,meat,5,9
2026-05-22T21:00:00,1001,SKU006,meat,meat,11,14
2026-05-22T21:00:00,1001,SKU007,bakery,bakery,9,11
2026-05-22T21:00:00,1001,SKU008,bakery,bakery,6,11
2026-05-22T21:00:00,1001,SKU009,beverages,grocery,15,14
2026-05-22T21:00:00,1001,SKU010,beverages,grocery,5,14
2026-05-22T21:00:00,1001,SKU011,frozen,frozen,21,17
2026-05-22T21:00:00,1001,SKU012,frozen,frozen,22,14
2026-05-22T21:00:00,1001,SKU013,grocery,grocery,23,16
2026-05-22T21:00:00,1001,SKU014,grocery,grocery,25,16
2026-05-22T21:00:00,1001,SKU015,household,grocery,26,20
2026-05-22T21:00:00,1002,SKU001,produce,produce,0,12
2026-05-22T21:00:00,1002,SKU002,produce,produce,0,9
2026-05-22T21:00:00,1002,SKU003,dairy,dairy,0,10
2026-05-22T21:00:00,1002,SKU004,dairy,dairy,6,8
2026-05-22T21:00:00,1002,SKU005,meat,meat,8,10
2026-05-22T21:00:00,1002,SKU006,meat,meat,7,13
2026-05-22T21:00:00,1002,SKU007,bakery,bakery,2,12
2026-05-22T21:00:00,1002,SKU008,bakery,bakery,7,10
2026-05-22T21:00:00,1002,SKU009,beverages,grocery,11,18
2026-05-22T21:00:00,1002,SKU010,beverages,grocery,10,9
2026-05-22T21:00:00,1002,SKU011,frozen,frozen,16,14
2026-05-22T21:00:00,1002,SKU012,frozen,frozen,25,14
2026-05-22T21:00:00,1002,SKU013,grocery,grocery,20,19
2026-05-22T21:00:00,1002,SKU014,grocery,grocery,21,19
2026-05-22T21:00:00,1002,SKU015,household,grocery,29,17
2026-05-22T21:00:00,1003,SKU001,produce,produce,0,10
2026-05-22T21:00:00,1003,SKU002,produce,produce,0,13
2026-05-22T21:00:00,1003,SKU003,dairy,dairy,0,14
2026-05-22T21:00:00,1003,SKU004,dairy,dairy,8,12
2026-05-22T21:00:00,1003,SKU005,meat,meat,8,8
2026-05-22T21:00:00,1003,SKU006,meat,meat,4,10
2026-05-22T21:00:00,1003,SKU007,bakery,bakery,7,8
2026-05-22T21:00:00,1003,SKU008,bakery,bakery,8,12
2026-05-22T21:00:00,1003,SKU009,beverages,grocery,12,17
2026-05-22T21:00:00,1003,SKU010,beverages,grocery,12,13
2026-05-22T21:00:00,1003,SKU011,frozen,frozen,15,16
2026-05-22T21:00:00,1003,SKU012,frozen,frozen,21,17
2026-05-22T21:00:00,1003,SKU013,grocery,grocery,24,14
2026-05-22T21:00:00,1003,SKU014,grocery,grocery,21,19
2026-05-22T21:00:00,1003,SKU015,household,grocery,26,19
2026-05-23T06:00:00,1001,SKU001,produce,produce,9,14
2026-05-23T06:00:00,1001,SKU002,produce,produce,20,8
2026-05-23T06:00:00,1001,SKU003,dairy,dairy,13,12
2026-05-23T06:00:00,1001,SKU004,dairy,dairy,19,10
2026-05-23T06:00:00,1001,SKU005,meat,meat,23,12
2026-05-23T06:00:00,1001,SKU006,meat,meat,18,13
2026-05-23T06:00:00,1001,SKU007,bakery,bakery,15,10
2026-05-23T06:00:00,1001,SKU008,bakery,bakery,22,9
2026-05-23T06:00:00,1001,SKU009,beverages,grocery,27,16
2026-05-23T06:00:00,1001,SKU010,beverages,grocery,17,10
2026-05-23T06:00:00,1001,SKU011,frozen,frozen,29,19
2026-05-23T06:00:00,1001,SKU012,frozen,frozen,25,18
2026-05-23T06:00:00,1001,SKU013,grocery,grocery,31,15
2026-05-23T06:00:00,1001,SKU014,grocery,grocery,29,16
2026-05-23T06:00:00,1001,SKU015,household,grocery,25,17
2026-05-23T06:00:00,1002,SKU001,produce,produce,11,8
2026-05-23T06:00:00,1002,SKU002,produce,produce,20,13
2026-05-23T06:00:00,1002,SKU003,dairy,dairy,12,10
2026-05-23T06:00:00,1002,SKU004,dairy,dairy,19,11
2026-05-23T06:00:00,1002,SKU005,meat,meat,20,8
2026-05-23T06:00:00,1002,SKU006,meat,meat,18,9
2026-05-23T06:00:00,1002,SKU007,bakery,bakery,15,13
2026-05-23T06:00:00,1002,SKU008,bakery,bakery,20,9
2026-05-23T06:00:00,1002,SKU009,beverages,grocery,22,18
2026-05-23T06:00:00,1002,SKU010,beverages,grocery,19,13
2026-05-23T06:00:00,1002,SKU011,frozen,frozen,28,18
2026-05-23T06:00:00,1002,SKU012,frozen,frozen,31,19
2026-05-23T06:00:00,1002,SKU013,grocery,grocery,30,18
2026-05-23T06:00:00,1002,SKU014,grocery,grocery,31,17
2026-05-23T06:00:00,1002,SKU015,household,grocery,33,14
2026-05-23T06:00:00,1003,SKU001,produce,produce,13,10
2026-05-23T06:00:00,1003,SKU002,produce,produce,19,10
2026-05-23T06:00:00,1003,SKU003,dairy,dairy,17,9
2026-05-23T06:00:00,1003,SKU004,dairy,dairy,22,14
2026-05-23T06:00:00,1003,SKU005,meat,meat,22,9
2026-05-23T06:00:00,1003,SKU006,meat,meat,23,13
2026-05-23T06:00:00,1003,SKU007,bakery,bakery,17,13
2026-05-23T06:00:00,1003,SKU008,bakery,bakery,21,10
2026-05-23T06:00:00,1003,SKU009,beverages,grocery,27,14
2026-05-23T06:00:00,1003,SKU010,beverages,grocery,16,13
2026-05-23T06:00:00,1003,SKU011,frozen,frozen,28,18
2026-05-23T06:00:00,1003,SKU012,frozen,frozen,30,14
2026-05-23T06:00:00,1003,SKU013,grocery,grocery,28,19
2026-05-23T06:00:00,1003,SKU014,grocery,grocery,33,16
2026-05-23T06:00:00,1003,SKU015,household,grocery,29,16
2026-05-23T07:00:00,1001,SKU001,produce,produce,9,11
2026-05-23T07:00:00,1001,SKU002,produce,produce,20,8
2026-05-23T07:00:00,1001,SKU003,dairy,dairy,11,12
2026-05-23T07:00:00,1001,SKU004,dairy,dairy,16,12
2026-05-23T07:00:00,1001,SKU005,meat,meat,19,12
2026-05-23T07:00:00,1001,SKU006,meat,meat,20,11
2026-05-23T07:00:00,1001,SKU007,bakery,bakery,14,14
2026-05-23T07:00:00,1001,SKU008,bakery,bakery,18,12
2026-05-23T07:00:00,1001,SKU009,beverages,grocery,27,15
2026-05-23T07:00:00,1001,SKU010,beverages,grocery,20,12
2026-05-23T07:00:00,1001,SKU011,frozen,frozen,23,17
2026-05-23T07:00:00,1001,SKU012,frozen,frozen,25,14
2026-05-23T07:00:00,1001,SKU013,grocery,grocery,31,15
2026-05-23T07:00:00,1001,SKU014,grocery,grocery,28,14
2026-05-23T07:00:00,1001,SKU015,household,grocery,29,15
2026-05-23T07:00:00,1002,SKU001,produce,produce,6,14
2026-05-23T07:00:00,1002,SKU002,produce,produce,19,12
2026-05-23T07:00:00,1002,SKU003,dairy,dairy,15,10
2026-05-23T07:00:00,1002,SKU004,dairy,dairy,17,11
2026-05-23T07:00:00,1002,SKU005,meat,meat,18,10
2026-05-23T07:00:00,1002,SKU006,meat,meat,19,13
2026-05-23T07:00:00,1002,SKU007,bakery,bakery,15,13
2026-05-23T07:00:00,1002,SKU008,bakery,bakery,19,12
2026-05-23T07:00:00,1002,SKU009,beverages,grocery,28,18
2026-05-23T07:00:00,1002,SKU010,beverages,grocery,20,9
2026-05-23T07:00:00,1002,SKU011,frozen,frozen,27,17
2026-05-23T07:00:00,1002,SKU012,frozen,frozen,31,16
2026-05-23T07:00:00,1002,SKU013,grocery,grocery,32,15
2026-05-23T07:00:00,1002,SKU014,grocery,grocery,27,17
2026-05-23T07:00:00,1002,SKU015,household,grocery,29,14
2026-05-23T07:00:00,1003,SKU001,produce,produce,12,14
2026-05-23T07:00:00,1003,SKU002,produce,produce,18,14
2026-05-23T07:00:00,1003,SKU003,dairy,dairy,16,13
2026-05-23T07:00:00,1003,SKU004,dairy,dairy,16,13
2026-05-23T07:00:00,1003,SKU005,meat,meat,15,11
2026-05-23T07:00:00,1003,SKU006,meat,meat,20,11
2026-05-23T07:00:00,1003,SKU007,bakery,bakery,20,9
2026-05-23T07:00:00,1003,SKU008,bakery,bakery,14,12
2026-05-23T07:00:00,1003,SKU009,beverages,grocery,23,15
2026-05-23T07:00:00,1003,SKU010,beverages,grocery,22,8
2026-05-23T07:00:00,1003,SKU011,frozen,frozen,27,14
2026-05-23T07:00:00,1003,SKU012,frozen,frozen,29,18
2026-05-23T07:00:00,1003,SKU013,grocery,grocery,28,15
2026-05-23T07:00:00,1003,SKU014,grocery,grocery,32,19
2026-05-23T07:00:00,1003,SKU015,household,grocery,26,16
2026-05-23T08:00:00,1001,SKU001,produce,produce,0,13
2026-05-23T08:00:00,1001,SKU002,produce,produce,17,12
2026-05-23T08:00:00,1001,SKU003,dairy,dairy,16,14
2026-05-23T08:00:00,1001,SKU004,dairy,dairy,16,14
2026-05-23T08:00:00,1001,SKU005,meat,meat,15,11
2026-05-23T08:00:00,1001,SKU006,meat,meat,18,13
2026-05-23T08:00:00,1001,SKU007,bakery,bakery,16,9
2026-05-23T08:00:00,1001,SKU008,bakery,bakery,21,13
2026-05-23T08:00:00,1001,SKU009,beverages,grocery,23,16
2026-05-23T08:00:00,1001,SKU010,beverages,grocery,15,10
2026-05-23T08:00:00,1001,SKU011,frozen,frozen,21,14
2026-05-23T08:00:00,1001,SKU012,frozen,frozen,27,18
2026-05-23T08:00:00,1001,SKU013,grocery,grocery,31,17
2026-05-23T08:00:00,1001,SKU014,grocery,grocery,27,19
2026-05-23T08:00:00,1001,SKU015,household,grocery,32,15
2026-05-23T08:00:00,1002,SKU001,produce,produce,2,11
2026-05-23T08:00:00,1002,SKU002,produce,produce,19,13
2026-05-23T08:00:00,1002,SKU003,dairy,dairy,9,14
2026-05-23T08:00:00,1002,SKU004,dairy,dairy,18,14
2026-05-23T08:00:00,1002,SKU005,meat,meat,15,9
2026-05-23T08:00:00,1002,SKU006,meat,meat,20,13
2026-05-23T08:00:00,1002,SKU007,bakery,bakery,14,8
2026-05-23T08:00:00,1002,SKU008,bakery,bakery,14,13
2026-05-23T08:00:00,1002,SKU009,beverages,grocery,26,20
2026-05-23T08:00:00,1002,SKU010,beverages,grocery,21,11
2026-05-23T08:00:00,1002,SKU011,frozen,frozen,26,14
2026-05-23T08:00:00,1002,SKU012,frozen,frozen,30,16
2026-05-23T08:00:00,1002,SKU013,grocery,grocery,32,14
2026-05-23T08:00:00,1002,SKU014,grocery,grocery,32,19
2026-05-23T08:00:00,1002,SKU015,household,grocery,25,17
2026-05-23T08:00:00,1003,SKU001,produce,produce,7,14
2026-05-23T08:00:00,1003,SKU002,produce,produce,11,10
2026-05-23T08:00:00,1003,SKU003,dairy,dairy,14,14
2026-05-23T08:00:00,1003,SKU004,dairy,dairy,13,10
2026-05-23T08:00:00,1003,SKU005,meat,meat,19,13
2026-05-23T08:00:00,1003,SKU006,meat,meat,21,13
2026-05-23T08:00:00,1003,SKU007,bakery,bakery,20,11
2026-05-23T08:00:00,1003,SKU008,bakery,bakery,15,8
2026-05-23T08:00:00,1003,SKU009,beverages,grocery,22,20
2026-05-23T08:00:00,1003,SKU010,beverages,grocery,17,14
2026-05-23T08:00:00,1003,SKU011,frozen,frozen,21,19
2026-05-23T08:00:00,1003,SKU012,frozen,frozen,26,16
2026-05-23T08:00:00,1003,SKU013,grocery,grocery,30,19
2026-05-23T08:00:00,1003,SKU014,grocery,grocery,29,15
2026-05-23T08:00:00,1003,SKU015,household,grocery,28,20
2026-05-23T09:00:00,1001,SKU001,produce,produce,4,9
2026-05-23T09:00:00,1001,SKU002,produce,produce,14,8
2026-05-23T09:00:00,1001,SKU003,dairy,dairy,12,13
2026-05-23T09:00:00,1001,SKU004,dairy,dairy,13,11
2026-05-23T09:00:00,1001,SKU005,meat,meat,19,14
2026-05-23T09:00:00,1001,SKU006,meat,meat,15,14
2026-05-23T09:00:00,1001,SKU007,bakery,bakery,16,10
2026-05-23T09:00:00,1001,SKU008,bakery,bakery,17,13
2026-05-23T09:00:00,1001,SKU009,beverages,grocery,26,16
2026-05-23T09:00:00,1001,SKU010,beverages,grocery,20,13
2026-05-23T09:00:00,1001,SKU011,frozen,frozen,24,18
2026-05-23T09:00:00,1001,SKU012,frozen,frozen,27,18
2026-05-23T09:00:00,1001,SKU013,grocery,grocery,24,20
2026-05-23T09:00:00,1001,SKU014,grocery,grocery,26,15
2026-05-23T09:00:00,1001,SKU015,household,grocery,33,16
2026-05-23T09:00:00,1002,SKU001,produce,produce,0,9
2026-05-23T09:00:00,1002,SKU002,produce,produce,15,12
2026-05-23T09:00:00,1002,SKU003,dairy,dairy,12,13
2026-05-23T09:00:00,1002,SKU004,dairy,dairy,16,10
2026-05-23T09:00:00,1002,SKU005,meat,meat,14,12
2026-05-23T09:00:00,1002,SKU006,meat,meat,16,11
2026-05-23T09:00:00,1002,SKU007,bakery,bakery,19,13
2026-05-23T09:00:00,1002,SKU008,bakery,bakery,17,9
2026-05-23T09:00:00,1002,SKU009,beverages,grocery,21,15
2026-05-23T09:00:00,1002,SKU010,beverages,grocery,17,14
2026-05-23T09:00:00,1002,SKU011,frozen,frozen,26,16
2026-05-23T09:00:00,1002,SKU012,frozen,frozen,26,14
2026-05-23T09:00:00,1002,SKU013,grocery,grocery,27,18
2026-05-23T09:00:00,1002,SKU014,grocery,grocery,28,15
2026-05-23T09:00:00,1002,SKU015,household,grocery,25,16
2026-05-23T09:00:00,1003,SKU001,produce,produce,2,13
2026-05-23T09:00:00,1003,SKU002,produce,produce,18,13
2026-05-23T09:00:00,1003,SKU003,dairy,dairy,15,11
2026-05-23T09:00:00,1003,SKU004,dairy,dairy,19,12
2026-05-23T09:00:00,1003,SKU005,meat,meat,14,10
2026-05-23T09:00:00,1003,SKU006,meat,meat,14,12
2026-05-23T09:00:00,1003,SKU007,bakery,bakery,20,10
2026-05-23T09:00:00,1003,SKU008,bakery,bakery,21,10
2026-05-23T09:00:00,1003,SKU009,beverages,grocery,25,20
2026-05-23T09:00:00,1003,SKU010,beverages,grocery,20,13
2026-05-23T09:00:00,1003,SKU011,frozen,frozen,22,20
2026-05-23T09:00:00,1003,SKU012,frozen,frozen,31,17
2026-05-23T09:00:00,1003,SKU013,grocery,grocery,26,17
2026-05-23T09:00:00,1003,SKU014,grocery,grocery,30,14
2026-05-23T09:00:00,1003,SKU015,household,grocery,26,16
2026-05-23T10:00:00,1001,SKU001,produce,produce,0,10
2026-05-23T10:00:00,1001,SKU002,produce,produce,11,9
2026-05-23T10:00:00,1001,SKU003,dairy,dairy,8,10
2026-05-23T10:00:00,1001,SKU004,dairy,dairy,12,13
2026-05-23T10:00:00,1001,SKU005,meat,meat,14,10
2026-05-23T10:00:00,1001,SKU006,meat,meat,19,11
2026-05-23T10:00:00,1001,SKU007,bakery,bakery,11,14
2026-05-23T10:00:00,1001,SKU008,bakery,bakery,21,9
2026-05-23T10:00:00,1001,SKU009,beverages,grocery,21,16
2026-05-23T10:00:00,1001,SKU010,beverages,grocery,12,11
2026-05-23T10:00:00,1001,SKU011,frozen,frozen,20,16
2026-05-23T10:00:00,1001,SKU012,frozen,frozen,31,14
2026-05-23T10:00:00,1001,SKU013,grocery,grocery,27,18
2026-05-23T10:00:00,1001,SKU014,grocery,grocery,31,20
2026-05-23T10:00:00,1001,SKU015,household,grocery,32,20
2026-05-23T10:00:00,1002,SKU001,produce,produce,0,14
2026-05-23T10:00:00,1002,SKU002,produce,produce,8,11
2026-05-23T10:00:00,1002,SKU003,dairy,dairy,14,9
2026-05-23T10:00:00,1002,SKU004,dairy,dairy,14,10
2026-05-23T10:00:00,1002,SKU005,meat,meat,13,13
2026-05-23T10:00:00,1002,SKU006,meat,meat,15,9
2026-05-23T10:00:00,1002,SKU007,bakery,bakery,18,9
2026-05-23T10:00:00,1002,SKU008,bakery,bakery,13,12
2026-05-23T10:00:00,1002,SKU009,beverages,grocery,22,18
2026-05-23T10:00:00,1002,SKU010,beverages,grocery,16,8
2026-05-23T10:00:00,1002,SKU011,frozen,frozen,22,19
2026-05-23T10:00:00,1002,SKU012,frozen,frozen,24,15
2026-05-23T10:00:00,1002,SKU013,grocery,grocery,31,16
2026-05-23T10:00:00,1002,SKU014,grocery,grocery,23,15
2026-05-23T10:00:00,1002,SKU015,household,grocery,27,15
2026-05-23T10:00:00,1003,SKU001,produce,produce,0,11
2026-05-23T10:00:00,1003,SKU002,produce,produce,9,12
2026-05-23T10:00:00,1003,SKU003,dairy,dairy,6,10
2026-05-23T10:00:00,1003,SKU004,dairy,dairy,12,9
2026-05-23T10:00:00,1003,SKU005,meat,meat,18,8
2026-05-23T10:00:00,1003,SKU006,meat,meat,19,8
2026-05-23T10:00:00,1003,SKU007,bakery,bakery,18,9
2026-05-23T10:00:00,1003,SKU008,bakery,bakery,14,12
2026-05-23T10:00:00,1003,SKU009,beverages,grocery,21,18
2026-05-23T10:00:00,1003,SKU010,beverages,grocery,19,10
2026-05-23T10:00:00,1003,SKU011,frozen,frozen,19,18
2026-05-23T10:00:00,1003,SKU012,frozen,frozen,29,20
2026-05-23T10:00:00,1003,SKU013,grocery,grocery,24,19
2026-05-23T10:00:00,1003,SKU014,grocery,grocery,30,20
2026-05-23T10:00:00,1003,SKU015,household,grocery,27,18
2026-05-23T11:00:00,1001,SKU001,produce,produce,0,8
2026-05-23T11:00:00,1001,SKU002,produce,produce,11,14
2026-05-23T11:00:00,1001,SKU003,dairy,dairy,10,12
2026-05-23T11:00:00,1001,SKU004,dairy,dairy,14,11
2026-05-23T11:00:00,1001,SKU005,meat,meat,12,10
2026-05-23T11:00:00,1001,SKU006,meat,meat,19,11
2026-05-23T11:00:00,1001,SKU007,bakery,bakery,18,10
2026-05-23T11:00:00,1001,SKU008,bakery,bakery,16,10
2026-05-23T11:00:00,1001,SKU009,beverages,grocery,26,15
2026-05-23T11:00:00,1001,SKU010,beverages,grocery,16,10
2026-05-23T11:00:00,1001,SKU011,frozen,frozen,27,18
2026-05-23T11:00:00,1001,SKU012,frozen,frozen,26,19
2026-05-23T11:00:00,1001,SKU013,grocery,grocery,30,14
2026-05-23T11:00:00,1001,SKU014,grocery,grocery,25,17
2026-05-23T11:00:00,1001,SKU015,household,grocery,24,16
2026-05-23T11:00:00,1002,SKU001,produce,produce,0,11
2026-05-23T11:00:00,1002,SKU002,produce,produce,14,9
2026-05-23T11:00:00,1002,SKU003,dairy,dairy,6,8
2026-05-23T11:00:00,1002,SKU004,dairy,dairy,16,13
2026-05-23T11:00:00,1002,SKU005,meat,meat,14,8
2026-05-23T11:00:00,1002,SKU006,meat,meat,18,10
2026-05-23T11:00:00,1002,SKU007,bakery,bakery,18,14
2026-05-23T11:00:00,1002,SKU008,bakery,bakery,14,9
2026-05-23T11:00:00,1002,SKU009,beverages,grocery,19,20
2026-05-23T11:00:00,1002,SKU010,beverages,grocery,14,9
2026-05-23T11:00:00,1002,SKU011,frozen,frozen,23,18
2026-05-23T11:00:00,1002,SKU012,frozen,frozen,26,16
2026-05-23T11:00:00,1002,SKU013,grocery,grocery,31,17
2026-05-23T11:00:00,1002,SKU014,grocery,grocery,24,19
2026-05-23T11:00:00,1002,SKU015,household,grocery,28,18
2026-05-23T11:00:00,1003,SKU001,produce,produce,0,12
2026-05-23T11:00:00,1003,SKU002,produce,produce,9,10
2026-05-23T11:00:00,1003,SKU003,dairy,dairy,6,9
2026-05-23T11:00:00,1003,SKU004,dairy,dairy,16,14
2026-05-23T11:00:00,1003,SKU005,meat,meat,12,14
2026-05-23T11:00:00,1003,SKU006,meat,meat,13,12
2026-05-23T11:00:00,1003,SKU007,bakery,bakery,12,10
2026-05-23T11:00:00,1003,SKU008,bakery,bakery,20,11
2026-05-23T11:00:00,1003,SKU009,beverages,grocery,24,20
2026-05-23T11:00:00,1003,SKU010,beverages,grocery,15,9
2026-05-23T11:00:00,1003,SKU011,frozen,frozen,23,17
2026-05-23T11:00:00,1003,SKU012,frozen,frozen,26,16
2026-05-23T11:00:00,1003,SKU013,grocery,grocery,25,16
2026-05-23T11:00:00,1003,SKU014,grocery,grocery,28,19
2026-05-23T11:00:00,1003,SKU015,household,grocery,29,20
2026-05-23T12:00:00,1001,SKU001,produce,produce,0,11
2026-05-23T12:00:00,1001,SKU002,produce,produce,10,11
2026-05-23T12:00:00,1001,SKU003,dairy,dairy,9,14
2026-05-23T12:00:00,1001,SKU004,dairy,dairy,15,8
2026-05-23T12:00:00,1001,SKU005,meat,meat,15,8
2026-05-23T12:00:00,1001,SKU006,meat,meat,16,10
2026-05-23T12:00:00,1001,SKU007,bakery,bakery,12,11
2026-05-23T12:00:00,1001,SKU008,bakery,bakery,15,8
2026-05-23T12:00:00,1001,SKU009,beverages,grocery,20,15
2026-05-23T12:00:00,1001,SKU010,beverages,grocery,15,10
2026-05-23T12:00:00,1001,SKU011,frozen,frozen,23,14
2026-05-23T12:00:00,1001,SKU012,frozen,frozen,27,17
2026-05-23T12:00:00,1001,SKU013,grocery,grocery,28,16
2026-05-23T12:00:00,1001,SKU014,grocery,grocery,31,18
2026-05-23T12:00:00,1001,SKU015,household,grocery,27,20
2026-05-23T12:00:00,1002,SKU001,produce,produce,0,12
2026-05-23T12:00:00,1002,SKU002,produce,produce,14,11
2026-05-23T12:00:00,1002,SKU003,dairy,dairy,7,8
2026-05-23T12:00:00,1002,SKU004,dairy,dairy,10,9
2026-05-23T12:00:00,1002,SKU005,meat,meat,11,10
2026-05-23T12:00:00,1002,SKU006,meat,meat,17,13
2026-05-23T12:00:00,1002,SKU007,bakery,bakery,17,8
2026-05-23T12:00:00,1002,SKU008,bakery,bakery,17,13
2026-05-23T12:00:00,1002,SKU009,beverages,grocery,24,15
2026-05-23T12:00:00,1002,SKU010,beverages,grocery,15,12
2026-05-23T12:00:00,1002,SKU011,frozen,frozen,24,14
2026-05-23T12:00:00,1002,SKU012,frozen,frozen,23,14
2026-05-23T12:00:00,1002,SKU013,grocery,grocery,27,16
2026-05-23T12:00:00,1002,SKU014,grocery,grocery,31,16
2026-05-23T12:00:00,1002,SKU015,household,grocery,31,16
2026-05-23T12:00:00,1003,SKU001,produce,produce,0,11
2026-05-23T12:00:00,1003,SKU002,produce,produce,8,13
2026-05-23T12:00:00,1003,SKU003,dairy,dairy,4,10
2026-05-23T12:00:00,1003,SKU004,dairy,dairy,15,14
2026-05-23T12:00:00,1003,SKU005,meat,meat,11,14
2026-05-23T12:00:00,1003,SKU006,meat,meat,12,12
2026-05-23T12:00:00,1003,SKU007,bakery,bakery,14,12
2026-05-23T12:00:00,1003,SKU008,bakery,bakery,14,12
2026-05-23T12:00:00,1003,SKU009,beverages,grocery,18,17
2026-05-23T12:00:00,1003,SKU010,beverages,grocery,14,10
2026-05-23T12:00:00,1003,SKU011,frozen,frozen,26,20
2026-05-23T12:00:00,1003,SKU012,frozen,frozen,26,18
2026-05-23T12:00:00,1003,SKU013,grocery,grocery,30,20
2026-05-23T12:00:00,1003,SKU014,grocery,grocery,27,19
2026-05-23T12:00:00,1003,SKU015,household,grocery,24,15
2026-05-23T13:00:00,1001,SKU001,produce,produce,0,14
2026-05-23T13:00:00,1001,SKU002,produce,produce,9,14
2026-05-23T13:00:00,1001,SKU003,dairy,dairy,7,14
2026-05-23T13:00:00,1001,SKU004,dairy,dairy,15,13
2026-05-23T13:00:00,1001,SKU005,meat,meat,11,9
2026-05-23T13:00:00,1001,SKU006,meat,meat,14,11
2026-05-23T13:00:00,1001,SKU007,bakery,bakery,12,11
2026-05-23T13:00:00,1001,SKU008,bakery,bakery,16,10
2026-05-23T13:00:00,1001,SKU009,beverages,grocery,19,19
2026-05-23T13:00:00,1001,SKU010,beverages,grocery,14,10
2026-05-23T13:00:00,1001,SKU011,frozen,frozen,18,15
2026-05-23T13:00:00,1001,SKU012,frozen,frozen,22,19
2026-05-23T13:00:00,1001,SKU013,grocery,grocery,28,17
2026-05-23T13:00:00,1001,SKU014,grocery,grocery,28,20
2026-05-23T13:00:00,1001,SKU015,household,grocery,31,20
2026-05-23T13:00:00,1002,SKU001,produce,produce,0,14
2026-05-23T13:00:00,1002,SKU002,produce,produce,12,8
2026-05-23T13:00:00,1002,SKU003,dairy,dairy,10,10
2026-05-23T13:00:00,1002,SKU004,dairy,dairy,8,12
2026-05-23T13:00:00,1002,SKU005,meat,meat,14,8
2026-05-23T13:00:00,1002,SKU006,meat,meat,17,14
2026-05-23T13:00:00,1002,SKU007,bakery,bakery,14,14
2026-05-23T13:00:00,1002,SKU008,bakery,bakery,19,11
2026-05-23T13:00:00,1002,SKU009,beverages,grocery,20,18
2026-05-23T13:00:00,1002,SKU010,beverages,grocery,15,13
2026-05-23T13:00:00,1002,SKU011,frozen,frozen,19,19
2026-05-23T13:00:00,1002,SKU012,frozen,frozen,22,18
2026-05-23T13:00:00,1002,SKU013,grocery,grocery,23,18
2026-05-23T13:00:00,1002,SKU014,grocery,grocery,23,18
2026-05-23T13:00:00,1002,SKU015,household,grocery,26,20
2026-05-23T13:00:00,1003,SKU001,produce,produce,0,14
2026-05-23T13:00:00,1003,SKU002,produce,produce,5,12
2026-05-23T13:00:00,1003,SKU003,dairy,dairy,9,12
2026-05-23T13:00:00,1003,SKU004,dairy,dairy,11,14
2026-05-23T13:00:00,1003,SKU005,meat,meat,9,14
2026-05-23T13:00:00,1003,SKU006,meat,meat,15,14
2026-05-23T13:00:00,1003,SKU007,bakery,bakery,13,11
2026-05-23T13:00:00,1003,SKU008,bakery,bakery,18,13
2026-05-23T13:00:00,1003,SKU009,beverages,grocery,18,19
2026-05-23T13:00:00,1003,SKU010,beverages,grocery,15,8
2026-05-23T13:00:00,1003,SKU011,frozen,frozen,20,19
2026-05-23T13:00:00,1003,SKU012,frozen,frozen,26,17
2026-05-23T13:00:00,1003,SKU013,grocery,grocery,30,20
2026-05-23T13:00:00,1003,SKU014,grocery,grocery,28,14
2026-05-23T13:00:00,1003,SKU015,household,grocery,30,18
2026-05-23T14:00:00,1001,SKU001,produce,produce,0,8
2026-05-23T14:00:00,1001,SKU002,produce,produce,9,8
2026-05-23T14:00:00,1001,SKU003,dairy,dairy,1,9
2026-05-23T14:00:00,1001,SKU004,dairy,dairy,12,11
2026-05-23T14:00:00,1001,SKU005,meat,meat,9,10
2026-05-23T14:00:00,1001,SKU006,meat,meat,12,12
2026-05-23T14:00:00,1001,SKU007,bakery,bakery,13,12
2026-05-23T14:00:00,1001,SKU008,bakery,bakery,17,13
2026-05-23T14:00:00,1001,SKU009,beverages,grocery,19,20
2026-05-23T14:00:00,1001,SKU010,beverages,grocery,14,13
2026-05-23T14:00:00,1001,SKU011,frozen,frozen,19,15
2026-05-23T14:00:00,1001,SKU012,frozen,frozen,23,15
2026-05-23T14:00:00,1001,SKU013,grocery,grocery,25,15
2026-05-23T14:00:00,1001,SKU014,grocery,grocery,23,14
2026-05-23T14:00:00,1001,SKU015,household,grocery,31,18
2026-05-23T14:00:00,1002,SKU001,produce,produce,0,14
2026-05-23T14:00:00,1002,SKU002,produce,produce,5,12
2026-05-23T14:00:00,1002,SKU003,dairy,dairy,6,8
2026-05-23T14:00:00,1002,SKU004,dairy,dairy,12,14
2026-05-23T14:00:00,1002,SKU005,meat,meat,12,9
2026-05-23T14:00:00,1002,SKU006,meat,meat,12,9
2026-05-23T14:00:00,1002,SKU007,bakery,bakery,12,9
2026-05-23T14:00:00,1002,SKU008,bakery,bakery,16,10
2026-05-23T14:00:00,1002,SKU009,beverages,grocery,19,15
2026-05-23T14:00:00,1002,SKU010,beverages,grocery,14,8
2026-05-23T14:00:00,1002,SKU011,frozen,frozen,19,17
2026-05-23T14:00:00,1002,SKU012,frozen,frozen,22,20
2026-05-23T14:00:00,1002,SKU013,grocery,grocery,27,14
2026-05-23T14:00:00,1002,SKU014,grocery,grocery,29,20
2026-05-23T14:00:00,1002,SKU015,household,grocery,26,17
2026-05-23T14:00:00,1003,SKU001,produce,produce,0,11
2026-05-23T14:00:00,1003,SKU002,produce,produce,10,11
2026-05-23T14:00:00,1003,SKU003,dairy,dairy,4,9
2026-05-23T14:00:00,1003,SKU004,dairy,dairy,13,12
2026-05-23T14:00:00,1003,SKU005,meat,meat,8,8
2026-05-23T14:00:00,1003,SKU006,meat,meat,11,12
2026-05-23T14:00:00,1003,SKU007,bakery,bakery,16,8
2026-05-23T14:00:00,1003,SKU008,bakery,bakery,12,14
2026-05-23T14:00:00,1003,SKU009,beverages,grocery,19,14
2026-05-23T14:00:00,1003,SKU010,beverages,grocery,16,13
2026-05-23T14:00:00,1003,SKU011,frozen,frozen,22,19
2026-05-23T14:00:00,1003,SKU012,frozen,frozen,26,17
2026-05-23T14:00:00,1003,SKU013,grocery,grocery,24,15
2026-05-23T14:00:00,1003,SKU014,grocery,grocery,23,20
2026-05-23T14:00:00,1003,SKU015,household,grocery,31,16
2026-05-23T15:00:00,1001,SKU001,produce,produce,0,10
2026-05-23T15:00:00,1001,SKU002,produce,produce,9,8
2026-05-23T15:00:00,1001,SKU003,dairy,dairy,7,8
2026-05-23T15:00:00,1001,SKU004,dairy,dairy,6,11
2026-05-23T15:00:00,1001,SKU005,meat,meat,12,11
2026-05-23T15:00:00,1001,SKU006,meat,meat,9,10
2026-05-23T15:00:00,1001,SKU007,bakery,bakery,12,10
2026-05-23T15:00:00,1001,SKU008,bakery,bakery,11,11
2026-05-23T15:00:00,1001,SKU009,beverages,grocery,19,15
2026-05-23T15:00:00,1001,SKU010,beverages,grocery,9,13
2026-05-23T15:00:00,1001,SKU011,frozen,frozen,23,17
2026-05-23T15:00:00,1001,SKU012,frozen,frozen,20,16
2026-05-23T15:00:00,1001,SKU013,grocery,grocery,26,14
2026-05-23T15:00:00,1001,SKU014,grocery,grocery,23,20
2026-05-23T15:00:00,1001,SKU015,household,grocery,26,15
2026-05-23T15:00:00,1002,SKU001,produce,produce,0,9
2026-05-23T15:00:00,1002,SKU002,produce,produce,9,9
2026-05-23T15:00:00,1002,SKU003,dairy,dairy,2,13
2026-05-23T15:00:00,1002,SKU004,dairy,dairy,13,14
2026-05-23T15:00:00,1002,SKU005,meat,meat,6,8
2026-05-23T15:00:00,1002,SKU006,meat,meat,11,14
2026-05-23T15:00:00,1002,SKU007,bakery,bakery,11,10
2026-05-23T15:00:00,1002,SKU008,bakery,bakery,16,14
2026-05-23T15:00:00,1002,SKU009,beverages,grocery,17,17
2026-05-23T15:00:00,1002,SKU010,beverages,grocery,10,9
2026-05-23T15:00:00,1002,SKU011,frozen,frozen,25,15
2026-05-23T15:00:00,1002,SKU012,frozen,frozen,22,16
2026-05-23T15:00:00,1002,SKU013,grocery,grocery,22,20
2026-05-23T15:00:00,1002,SKU014,grocery,grocery,23,14
2026-05-23T15:00:00,1002,SKU015,household,grocery,30,15
2026-05-23T15:00:00,1003,SKU001,produce,produce,0,11
2026-05-23T15:00:00,1003,SKU002,produce,produce,6,14
2026-05-23T15:00:00,1003,SKU003,dairy,dairy,4,12
2026-05-23T15:00:00,1003,SKU004,dairy,dairy,11,8
2026-05-23T15:00:00,1003,SKU005,meat,meat,6,10
2026-05-23T15:00:00,1003,SKU006,meat,meat,8,11
2026-05-23T15:00:00,1003,SKU007,bakery,bakery,7,13
2026-05-23T15:00:00,1003,SKU008,bakery,bakery,12,11
2026-05-23T15:00:00,1003,SKU009,beverages,grocery,15,18
2026-05-23T15:00:00,1003,SKU010,beverages,grocery,14,14
2026-05-23T15:00:00,1003,SKU011,frozen,frozen,25,15
2026-05-23T15:00:00,1003,SKU012,frozen,frozen,22,14
2026-05-23T15:00:00,1003,SKU013,grocery,grocery,21,16
2026-05-23T15:00:00,1003,SKU014,grocery,grocery,24,14
2026-05-23T15:00:00,1003,SKU015,household,grocery,29,14
2026-05-23T16:00:00,1001,SKU001,produce,produce,0,11
2026-05-23T16:00:00,1001,SKU002,produce,produce,7,11
2026-05-23T16:00:00,1001,SKU003,dairy,dairy,6,11
2026-05-23T16:00:00,1001,SKU004,dairy,dairy,7,14
2026-05-23T16:00:00,1001,SKU005,meat,meat,5,10
2026-05-23T16:00:00,1001,SKU006,meat,meat,14,11
2026-05-23T16:00:00,1001,SKU007,bakery,bakery,10,9
2026-05-23T16:00:00,1001,SKU008,bakery,bakery,14,13
2026-05-23T16:00:00,1001,SKU009,beverages,grocery,23,16
2026-05-23T16:00:00,1001,SKU010,beverages,grocery,9,11
2026-05-23T16:00:00,1001,SKU011,frozen,frozen,23,19
2026-05-23T16:00:00,1001,SKU012,frozen,frozen,23,15
2026-05-23T16:00:00,1001,SKU013,grocery,grocery,23,18
2026-05-23T16:00:00,1001,SKU014,grocery,grocery,23,20
2026-05-23T16:00:00,1001,SKU015,household,grocery,25,15
2026-05-23T16:00:00,1002,SKU001,produce,produce,0,13
2026-05-23T16:00:00,1002,SKU002,produce,produce,1,13
2026-05-23T16:00:00,1002,SKU003,dairy,dairy,4,10
2026-05-23T16:00:00,1002,SKU004,dairy,dairy,6,9
2026-05-23T16:00:00,1002,SKU005,meat,meat,8,10
2026-05-23T16:00:00,1002,SKU006,meat,meat,9,13
2026-05-23T16:00:00,1002,SKU007,bakery,bakery,10,10
2026-05-23T16:00:00,1002,SKU008,bakery,bakery,16,13
2026-05-23T16:00:00,1002,SKU009,beverages,grocery,23,18
2026-05-23T16:00:00,1002,SKU010,beverages,grocery,12,14
2026-05-23T16:00:00,1002,SKU011,frozen,frozen,18,16
2026-05-23T16:00:00,1002,SKU012,frozen,frozen,26,16
2026-05-23T16:00:00,1002,SKU013,grocery,grocery,22,18
2026-05-23T16:00:00,1002,SKU014,grocery,grocery,21,19
2026-05-23T16:00:00,1002,SKU015,household,grocery,29,19
2026-05-23T16:00:00,1003,SKU001,produce,produce,0,14
2026-05-23T16:00:00,1003,SKU002,produce,produce,3,9
2026-05-23T16:00:00,1003,SKU003,dairy,dairy,0,9
2026-05-23T16:00:00,1003,SKU004,dairy,dairy,5,14
2026-05-23T16:00:00,1003,SKU005,meat,meat,8,9
2026-05-23T16:00:00,1003,SKU006,meat,meat,13,10
2026-05-23T16:00:00,1003,SKU007,bakery,bakery,6,12
2026-05-23T16:00:00,1003,SKU008,bakery,bakery,16,11
2026-05-23T16:00:00,1003,SKU009,beverages,grocery,20,15
2026-05-23T16:00:00,1003,SKU010,beverages,grocery,14,11
2026-05-23T16:00:00,1003,SKU011,frozen,frozen,19,17
2026-05-23T16:00:00,1003,SKU012,frozen,frozen,24,18
2026-05-23T16:00:00,1003,SKU013,grocery,grocery,27,14
2026-05-23T16:00:00,1003,SKU014,grocery,grocery,25,19
2026-05-23T16:00:00,1003,SKU015,household,grocery,31,16
2026-05-23T17:00:00,1001,SKU001,produce,produce,0,9
2026-05-23T17:00:00,1001,SKU002,produce,produce,3,10
2026-05-23T17:00:00,1001,SKU003,dairy,dairy,4,14
2026-05-23T17:00:00,1001,SKU004,dairy,dairy,12,11
2026-05-23T17:00:00,1001,SKU005,meat,meat,6,13
2026-05-23T17:00:00,1001,SKU006,meat,meat,11,14
2026-05-23T17:00:00,1001,SKU007,bakery,bakery,13,10
2026-05-23T17:00:00,1001,SKU008,bakery,bakery,9,14
2026-05-23T17:00:00,1001,SKU009,beverages,grocery,19,17
2026-05-23T17:00:00,1001,SKU010,beverages,grocery,7,12
2026-05-23T17:00:00,1001,SKU011,frozen,frozen,18,14
2026-05-23T17:00:00,1001,SKU012,frozen,frozen,22,17
2026-05-23T17:00:00,1001,SKU013,grocery,grocery,21,14
2026-05-23T17:00:00,1001,SKU014,grocery,grocery,28,19
2026-05-23T17:00:00,1001,SKU015,household,grocery,27,15
2026-05-23T17:00:00,1002,SKU001,produce,produce,0,10
2026-05-23T17:00:00,1002,SKU002,produce,produce,6,11
2026-05-23T17:00:00,1002,SKU003,dairy,dairy,5,8
2026-05-23T17:00:00,1002,SKU004,dairy,dairy,12,9
2026-05-23T17:00:00,1002,SKU005,meat,meat,11,14
2026-05-23T17:00:00,1002,SKU006,meat,meat,14,9
2026-05-23T17:00:00,1002,SKU007,bakery,bakery,7,14
2026-05-23T17:00:00,1002,SKU008,bakery,bakery,11,14
2026-05-23T17:00:00,1002,SKU009,beverages,grocery,14,15
2026-05-23T17:00:00,1002,SKU010,beverages,grocery,12,12
2026-05-23T17:00:00,1002,SKU011,frozen,frozen,18,18
2026-05-23T17:00:00,1002,SKU012,frozen,frozen,27,18
2026-05-23T17:00:00,1002,SKU013,grocery,grocery,20,20
2026-05-23T17:00:00,1002,SKU014,grocery,grocery,28,16
2026-05-23T17:00:00,1002,SKU015,household,grocery,31,15
2026-05-23T17:00:00,1003,SKU001,produce,produce,0,9
2026-05-23T17:00:00,1003,SKU002,produce,produce,4,9
2026-05-23T17:00:00,1003,SKU003,dairy,dairy,0,13
2026-05-23T17:00:00,1003,SKU004,dairy,dairy,6,13
2026-05-23T17:00:00,1003,SKU005,meat,meat,8,14
2026-05-23T17:00:00,1003,SKU006,meat,meat,8,12
2026-05-23T17:00:00,1003,SKU007,bakery,bakery,11,14
2026-05-23T17:00:00,1003,SKU008,bakery,bakery,11,10
2026-05-23T17:00:00,1003,SKU009,beverages,grocery,14,17
2026-05-23T17:00:00,1003,SKU010,beverages,grocery,11,11
2026-05-23T17:00:00,1003,SKU011,frozen,frozen,24,17
2026-05-23T17:00:00,1003,SKU012,frozen,frozen,26,17
2026-05-23T17:00:00,1003,SKU013,grocery,grocery,25,15
2026-05-23T17:00:00,1003,SKU014,grocery,grocery,24,14
2026-05-23T17:00:00,1003,SKU015,household,grocery,24,16
2026-05-23T18:00:00,1001,SKU001,produce,produce,0,13
2026-05-23T18:00:00,1001,SKU002,produce,produce,1,9
2026-05-23T18:00:00,1001,SKU003,dairy,dairy,0,8
2026-05-23T18:00:00,1001,SKU004,dairy,dairy,9,9
2026-05-23T18:00:00,1001,SKU005,meat,meat,6,11
2026-05-23T18:00:00,1001,SKU006,meat,meat,7,14
2026-05-23T18:00:00,1001,SKU007,bakery,bakery,8,11
2026-05-23T18:00:00,1001,SKU008,bakery,bakery,10,13
2026-05-23T18:00:00,1001,SKU009,beverages,grocery,19,17
2026-05-23T18:00:00,1001,SKU010,beverages,grocery,9,9
2026-05-23T18:00:00,1001,SKU011,frozen,frozen,20,14
2026-05-23T18:00:00,1001,SKU012,frozen,frozen,22,16
2026-05-23T18:00:00,1001,SKU013,grocery,grocery,22,17
2026-05-23T18:00:00,1001,SKU014,grocery,grocery,21,19
2026-05-23T18:00:00,1001,SKU015,household,grocery,24,15
2026-05-23T18:00:00,1002,SKU001,produce,produce,0,9
2026-05-23T18:00:00,1002,SKU002,produce,produce,1,14
2026-05-23T18:00:00,1002,SKU003,dairy,dairy,1,8
2026-05-23T18:00:00,1002,SKU004,dairy,dairy,4,12
2026-05-23T18:00:00,1002,SKU005,meat,meat,8,12
2026-05-23T18:00:00,1002,SKU006,meat,meat,6,14
2026-05-23T18:00:00,1002,SKU007,bakery,bakery,12,9
2026-05-23T18:00:00,1002,SKU008,bakery,bakery,15,10
2026-05-23T18:00:00,1002,SKU009,beverages,grocery,14,18
2026-05-23T18:00:00,1002,SKU010,beverages,grocery,13,9
2026-05-23T18:00:00,1002,SKU011,frozen,frozen,16,20
2026-05-23T18:00:00,1002,SKU012,frozen,frozen,24,16
2026-05-23T18:00:00,1002,SKU013,grocery,grocery,20,17
2026-05-23T18:00:00,1002,SKU014,grocery,grocery,24,14
2026-05-23T18:00:00,1002,SKU015,household,grocery,29,17
2026-05-23T18:00:00,1003,SKU001,produce,produce,0,13
2026-05-23T18:00:00,1003,SKU002,produce,produce,4,14
2026-05-23T18:00:00,1003,SKU003,dairy,dairy,0,9
2026-05-23T18:00:00,1003,SKU004,dairy,dairy,11,8
2026-05-23T18:00:00,1003,SKU005,meat,meat,5,13
2026-05-23T18:00:00,1003,SKU006,meat,meat,10,9
2026-05-23T18:00:00,1003,SKU007,bakery,bakery,12,14
2026-05-23T18:00:00,1003,SKU008,bakery,bakery,14,11
2026-05-23T18:00:00,1003,SKU009,beverages,grocery,13,19
2026-05-23T18:00:00,1003,SKU010,beverages,grocery,7,14
2026-05-23T18:00:00,1003,SKU011,frozen,frozen,19,20
2026-05-23T18:00:00,1003,SKU012,frozen,frozen,23,16
2026-05-23T18:00:00,1003,SKU013,grocery,grocery,28,16
2026-05-23T18:00:00,1003,SKU014,grocery,grocery,26,19
2026-05-23T18:00:00,1003,SKU015,household,grocery,26,16
2026-05-23T19:00:00,1001,SKU001,produce,produce,0,8
2026-05-23T19:00:00,1001,SKU002,produce,produce,0,13
2026-05-23T19:00:00,1001,SKU003,dairy,dairy,2,9
2026-05-23T19:00:00,1001,SKU004,dairy,dairy,9,9
2026-05-23T19:00:00,1001,SKU005,meat,meat,9,13
2026-05-23T19:00:00,1001,SKU006,meat,meat,9,8
2026-05-23T19:00:00,1001,SKU007,bakery,bakery,11,12
2026-05-23T19:00:00,1001,SKU008,bakery,bakery,13,12
2026-05-23T19:00:00,1001,SKU009,beverages,grocery,21,20
2026-05-23T19:00:00,1001,SKU010,beverages,grocery,12,8
2026-05-23T19:00:00,1001,SKU011,frozen,frozen,16,18
2026-05-23T19:00:00,1001,SKU012,frozen,frozen,19,18
2026-05-23T19:00:00,1001,SKU013,grocery,grocery,20,14
2026-05-23T19:00:00,1001,SKU014,grocery,grocery,23,16
2026-05-23T19:00:00,1001,SKU015,household,grocery,28,20
2026-05-23T19:00:00,1002,SKU001,produce,produce,0,13
2026-05-23T19:00:00,1002,SKU002,produce,produce,0,10
2026-05-23T19:00:00,1002,SKU003,dairy,dairy,2,14
2026-05-23T19:00:00,1002,SKU004,dairy,dairy,9,12
2026-05-23T19:00:00,1002,SKU005,meat,meat,11,8
2026-05-23T19:00:00,1002,SKU006,meat,meat,11,14
2026-05-23T19:00:00,1002,SKU007,bakery,bakery,10,13
2026-05-23T19:00:00,1002,SKU008,bakery,bakery,7,9
2026-05-23T19:00:00,1002,SKU009,beverages,grocery,15,14
2026-05-23T19:00:00,1002,SKU010,beverages,grocery,11,8
2026-05-23T19:00:00,1002,SKU011,frozen,frozen,19,17
2026-05-23T19:00:00,1002,SKU012,frozen,frozen,18,19
2026-05-23T19:00:00,1002,SKU013,grocery,grocery,26,20
2026-05-23T19:00:00,1002,SKU014,grocery,grocery,24,16
2026-05-23T19:00:00,1002,SKU015,household,grocery,27,16
2026-05-23T19:00:00,1003,SKU001,produce,produce,0,10
2026-05-23T19:00:00,1003,SKU002,produce,produce,3,14
2026-05-23T19:00:00,1003,SKU003,dairy,dairy,0,10
2026-05-23T19:00:00,1003,SKU004,dairy,dairy,9,13
2026-05-23T19:00:00,1003,SKU005,meat,meat,7,14
2026-05-23T19:00:00,1003,SKU006,meat,meat,7,9
2026-05-23T19:00:00,1003,SKU007,bakery,bakery,12,14
2026-05-23T19:00:00,1003,SKU008,bakery,bakery,15,13
2026-05-23T19:00:00,1003,SKU009,beverages,grocery,18,19
2026-05-23T19:00:00,1003,SKU010,beverages,grocery,12,14
2026-05-23T19:00:00,1003,SKU011,frozen,frozen,20,20
2026-05-23T19:00:00,1003,SKU012,frozen,frozen,20,20
2026-05-23T19:00:00,1003,SKU013,grocery,grocery,26,20
2026-05-23T19:00:00,1003,SKU014,grocery,grocery,21,16
2026-05-23T19:00:00,1003,SKU015,household,grocery,27,18
2026-05-23T20:00:00,1001,SKU001,produce,produce,0,13
2026-05-23T20:00:00,1001,SKU002,produce,produce,0,10
2026-05-23T20:00:00,1001,SKU003,dairy,dairy,0,8
2026-05-23T20:00:00,1001,SKU004,dairy,dairy,2,13
2026-05-23T20:00:00,1001,SKU005,meat,meat,8,10
2026-05-23T20:00:00,1001,SKU006,meat,meat,11,13
2026-05-23T20:00:00,1001,SKU007,bakery,bakery,5,14
2026-05-23T20:00:00,1001,SKU008,bakery,bakery,13,9
2026-05-23T20:00:00,1001,SKU009,beverages,grocery,16,20
2026-05-23T20:00:00,1001,SKU010,beverages,grocery,12,10
2026-05-23T20:00:00,1001,SKU011,frozen,frozen,19,20
2026-05-23T20:00:00,1001,SKU012,frozen,frozen,25,16
2026-05-23T20:00:00,1001,SKU013,grocery,grocery,21,15
2026-05-23T20:00:00,1001,SKU014,grocery,grocery,24,14
2026-05-23T20:00:00,1001,SKU015,household,grocery,23,15
2026-05-23T20:00:00,1002,SKU001,produce,produce,0,12
2026-05-23T20:00:00,1002,SKU002,produce,produce,2,10
2026-05-23T20:00:00,1002,SKU003,dairy,dairy,2,12
2026-05-23T20:00:00,1002,SKU004,dairy,dairy,3,11
2026-05-23T20:00:00,1002,SKU005,meat,meat,3,9
2026-05-23T20:00:00,1002,SKU006,meat,meat,5,8
2026-05-23T20:00:00,1002,SKU007,bakery,bakery,9,14
2026-05-23T20:00:00,1002,SKU008,bakery,bakery,11,9
2026-05-23T20:00:00,1002,SKU009,beverages,grocery,17,18
2026-05-23T20:00:00,1002,SKU010,beverages,grocery,10,11
2026-05-23T20:00:00,1002,SKU011,frozen,frozen,16,17
2026-05-23T20:00:00,1002,SKU012,frozen,frozen,19,20
2026-05-23T20:00:00,1002,SKU013,grocery,grocery,23,18
2026-05-23T20:00:00,1002,SKU014,grocery,grocery,20,16
2026-05-23T20:00:00,1002,SKU015,household,grocery,25,17
2026-05-23T20:00:00,1003,SKU001,produce,produce,0,9
2026-05-23T20:00:00,1003,SKU002,produce,produce,2,9
2026-05-23T20:00:00,1003,SKU003,dairy,dairy,0,8
2026-05-23T20:00:00,1003,SKU004,dairy,dairy,8,9
2026-05-23T20:00:00,1003,SKU005,meat,meat,5,9
2026-05-23T20:00:00,1003,SKU006,meat,meat,7,11
2026-05-23T20:00:00,1003,SKU007,bakery,bakery,6,9
2026-05-23T20:00:00,1003,SKU008,bakery,bakery,7,10
2026-05-23T20:00:00,1003,SKU009,beverages,grocery,15,14
2026-05-23T20:00:00,1003,SKU010,beverages,grocery,12,14
2026-05-23T20:00:00,1003,SKU011,frozen,frozen,21,17
2026-05-23T20:00:00,1003,SKU012,frozen,frozen,26,18
2026-05-23T20:00:00,1003,SKU013,grocery,grocery,22,17
2026-05-23T20:00:00,1003,SKU014,grocery,grocery,21,20
2026-05-23T20:00:00,1003,SKU015,household,grocery,30,18
2026-05-23T21:00:00,1001,SKU001,produce,produce,0,13
2026-05-23T21:00:00,1001,SKU002,produce,produce,0,13
2026-05-23T21:00:00,1001,SKU003,dairy,dairy,0,13
2026-05-23T21:00:00,1001,SKU004,dairy,dairy,5,14
2026-05-23T21:00:00,1001,SKU005,meat,meat,5,11
2026-05-23T21:00:00,1001,SKU006,meat,meat,8,10
2026-05-23T21:00:00,1001,SKU007,bakery,bakery,5,10
2026-05-23T21:00:00,1001,SKU008,bakery,bakery,14,10
2026-05-23T21:00:00,1001,SKU009,beverages,grocery,12,19
2026-05-23T21:00:00,1001,SKU010,beverages,grocery,6,10
2026-05-23T21:00:00,1001,SKU011,frozen,frozen,17,20
2026-05-23T21:00:00,1001,SKU012,frozen,frozen,25,18
2026-05-23T21:00:00,1001,SKU013,grocery,grocery,20,14
2026-05-23T21:00:00,1001,SKU014,grocery,grocery,27,19
2026-05-23T21:00:00,1001,SKU015,household,grocery,29,18
2026-05-23T21:00:00,1002,SKU001,produce,produce,0,8
2026-05-23T21:00:00,1002,SKU002,produce,produce,0,13
2026-05-23T21:00:00,1002,SKU003,dairy,dairy,0,13
2026-05-23T21:00:00,1002,SKU004,dairy,dairy,8,14
2026-05-23T21:00:00,1002,SKU005,meat,meat,4,11
2026-05-23T21:00:00,1002,SKU006,meat,meat,7,12
2026-05-23T21:00:00,1002,SKU007,bakery,bakery,2,11
2026-05-23T21:00:00,1002,SKU008,bakery,bakery,13,11
2026-05-23T21:00:00,1002,SKU009,beverages,grocery,17,14
2026-05-23T21:00:00,1002,SKU010,beverages,grocery,6,8
2026-05-23T21:00:00,1002,SKU011,frozen,frozen,22,17
2026-05-23T21:00:00,1002,SKU012,frozen,frozen,25,19
2026-05-23T21:00:00,1002,SKU013,grocery,grocery,18,16
2026-05-23T21:00:00,1002,SKU014,grocery,grocery,26,20
2026-05-23T21:00:00,1002,SKU015,household,grocery,24,14
2026-05-23T21:00:00,1003,SKU001,produce,produce,0,8
2026-05-23T21:00:00,1003,SKU002,produce,produce,0,12
2026-05-23T21:00:00,1003,SKU003,dairy,dairy,0,13
2026-05-23T21:00:00,1003,SKU004,dairy,dairy,0,13
2026-05-23T21:00:00,1003,SKU005,meat,meat,8,11
2026-05-23T21:00:00,1003,SKU006,meat,meat,5,11
2026-05-23T21:00:00,1003,SKU007,bakery,bakery,5,13
2026-05-23T21:00:00,1003,SKU008,bakery,bakery,13,10
2026-05-23T21:00:00,1003,SKU009,beverages,grocery,19,19
2026-05-23T21:00:00,1003,SKU010,beverages,grocery,8,10
2026-05-23T21:00:00,1003,SKU011,frozen,frozen,17,18
2026-05-23T21:00:00,1003,SKU012,frozen,frozen,25,17
2026-05-23T21:00:00,1003,SKU013,grocery,grocery,20,20
2026-05-23T21:00:00,1003,SKU014,grocery,grocery,27,19
2026-05-23T21:00:00,1003,SKU015,household,grocery,27,20
2026-05-24T06:00:00,1001,SKU001,produce,produce,8,12
2026-05-24T06:00:00,1001,SKU002,produce,produce,14,13
2026-05-24T06:00:00,1001,SKU003,dairy,dairy,15,12
2026-05-24T06:00:00,1001,SKU004,dairy,dairy,16,14
2026-05-24T06:00:00,1001,SKU005,meat,meat,16,12
2026-05-24T06:00:00,1001,SKU006,meat,meat,16,12
2026-05-24T06:00:00,1001,SKU007,bakery,bakery,21,13
2026-05-24T06:00:00,1001,SKU008,bakery,bakery,17,13
2026-05-24T06:00:00,1001,SKU009,beverages,grocery,24,15
2026-05-24T06:00:00,1001,SKU010,beverages,grocery,17,14
2026-05-24T06:00:00,1001,SKU011,frozen,frozen,23,14
2026-05-24T06:00:00,1001,SKU012,frozen,frozen,32,19
2026-05-24T06:00:00,1001,SKU013,grocery,grocery,26,16
2026-05-24T06:00:00,1001,SKU014,grocery,grocery,26,14
2026-05-24T06:00:00,1001,SKU015,household,grocery,31,18
2026-05-24T06:00:00,1002,SKU001,produce,produce,14,14
2026-05-24T06:00:00,1002,SKU002,produce,produce,20,11
2026-05-24T06:00:00,1002,SKU003,dairy,dairy,17,9
2026-05-24T06:00:00,1002,SKU004,dairy,dairy,20,9
2026-05-24T06:00:00,1002,SKU005,meat,meat,16,10
2026-05-24T06:00:00,1002,SKU006,meat,meat,20,9
2026-05-24T06:00:00,1002,SKU007,bakery,bakery,21,10
2026-05-24T06:00:00,1002,SKU008,bakery,bakery,22,8
2026-05-24T06:00:00,1002,SKU009,beverages,grocery,23,16
2026-05-24T06:00:00,1002,SKU010,beverages,grocery,21,9
2026-05-24T06:00:00,1002,SKU011,frozen,frozen,24,16
2026-05-24T06:00:00,1002,SKU012,frozen,frozen,26,16
2026-05-24T06:00:00,1002,SKU013,grocery,grocery,32,20
2026-05-24T06:00:00,1002,SKU014,grocery,grocery,26,18
2026-05-24T06:00:00,1002,SKU015,household,grocery,29,14
2026-05-24T06:00:00,1003,SKU001,produce,produce,8,12
2026-05-24T06:00:00,1003,SKU002,produce,produce,14,13
2026-05-24T06:00:00,1003,SKU003,dairy,dairy,15,8
2026-05-24T06:00:00,1003,SKU004,dairy,dairy,17,8
2026-05-24T06:00:00,1003,SKU005,meat,meat,23,8
2026-05-24T06:00:00,1003,SKU006,meat,meat,15,10
2026-05-24T06:00:00,1003,SKU007,bakery,bakery,21,10
2026-05-24T06:00:00,1003,SKU008,bakery,bakery,15,14
2026-05-24T06:00:00,1003,SKU009,beverages,grocery,26,20
2026-05-24T06:00:00,1003,SKU010,beverages,grocery,16,9
2026-05-24T06:00:00,1003,SKU011,frozen,frozen,24,19
2026-05-24T06:00:00,1003,SKU012,frozen,frozen,32,15
2026-05-24T06:00:00,1003,SKU013,grocery,grocery,33,15
2026-05-24T06:00:00,1003,SKU014,grocery,grocery,30,14
2026-05-24T06:00:00,1003,SKU015,household,grocery,27,18
2026-05-24T07:00:00,1001,SKU001,produce,produce,9,12
2026-05-24T07:00:00,1001,SKU002,produce,produce,15,11
2026-05-24T07:00:00,1001,SKU003,dairy,dairy,11,12
2026-05-24T07:00:00,1001,SKU004,dairy,dairy,16,14
2026-05-24T07:00:00,1001,SKU005,meat,meat,21,8
2026-05-24T07:00:00,1001,SKU006,meat,meat,14,12
2026-05-24T07:00:00,1001,SKU007,bakery,bakery,15,14
2026-05-24T07:00:00,1001,SKU008,bakery,bakery,18,10
2026-05-24T07:00:00,1001,SKU009,beverages,grocery,21,16
2026-05-24T07:00:00,1001,SKU010,beverages,grocery,16,12
2026-05-24T07:00:00,1001,SKU011,frozen,frozen,29,15
2026-05-24T07:00:00,1001,SKU012,frozen,frozen,25,17
2026-05-24T07:00:00,1001,SKU013,grocery,grocery,28,18
2026-05-24T07:00:00,1001,SKU014,grocery,grocery,27,18
2026-05-24T07:00:00,1001,SKU015,household,grocery,30,17
2026-05-24T07:00:00,1002,SKU001,produce,produce,12,14
2026-05-24T07:00:00,1002,SKU002,produce,produce,19,14
2026-05-24T07:00:00,1002,SKU003,dairy,dairy,16,8
2026-05-24T07:00:00,1002,SKU004,dairy,dairy,22,8
2026-05-24T07:00:00,1002,SKU005,meat,meat,19,9
2026-05-24T07:00:00,1002,SKU006,meat,meat,19,9
2026-05-24T07:00:00,1002,SKU007,bakery,bakery,17,14
2026-05-24T07:00:00,1002,SKU008,bakery,bakery,21,9
2026-05-24T07:00:00,1002,SKU009,beverages,grocery,26,14
2026-05-24T07:00:00,1002,SKU010,beverages,grocery,19,8
2026-05-24T07:00:00,1002,SKU011,frozen,frozen,28,20
2026-05-24T07:00:00,1002,SKU012,frozen,frozen,25,20
2026-05-24T07:00:00,1002,SKU013,grocery,grocery,33,14
2026-05-24T07:00:00,1002,SKU014,grocery,grocery,30,18
2026-05-24T07:00:00,1002,SKU015,household,grocery,33,18
2026-05-24T07:00:00,1003,SKU001,produce,produce,10,14
2026-05-24T07:00:00,1003,SKU002,produce,produce,21,13
2026-05-24T07:00:00,1003,SKU003,dairy,dairy,12,10
2026-05-24T07:00:00,1003,SKU004,dairy,dairy,19,9
2026-05-24T07:00:00,1003,SKU005,meat,meat,21,14
2026-05-24T07:00:00,1003,SKU006,meat,meat,17,10
2026-05-24T07:00:00,1003,SKU007,bakery,bakery,20,11
2026-05-24T07:00:00,1003,SKU008,bakery,bakery,20,11
2026-05-24T07:00:00,1003,SKU009,beverages,grocery,21,17
2026-05-24T07:00:00,1003,SKU010,beverages,grocery,14,11
2026-05-24T07:00:00,1003,SKU011,frozen,frozen,22,16
2026-05-24T07:00:00,1003,SKU012,frozen,frozen,32,17
2026-05-24T07:00:00,1003,SKU013,grocery,grocery,31,16
2026-05-24T07:00:00,1003,SKU014,grocery,grocery,32,20
2026-05-24T07:00:00,1003,SKU015,household,grocery,29,20
2026-05-24T08:00:00,1001,SKU001,produce,produce,0,12
2026-05-24T08:00:00,1001,SKU002,produce,produce,11,9
2026-05-24T08:00:00,1001,SKU003,dairy,dairy,9,10
2026-05-24T08:00:00,1001,SKU004,dairy,dairy,21,9
2026-05-24T08:00:00,1001,SKU005,meat,meat,18,13
2026-05-24T08:00:00,1001,SKU006,meat,meat,13,12
2026-05-24T08:00:00,1001,SKU007,bakery,bakery,13,8
2026-05-24T08:00:00,1001,SKU008,bakery,bakery,18,11
2026-05-24T08:00:00,1001,SKU009,beverages,grocery,23,16
2026-05-24T08:00:00,1001,SKU010,beverages,grocery,21,8
2026-05-24T08:00:00,1001,SKU011,frozen,frozen,26,19
2026-05-24T08:00:00,1001,SKU012,frozen,frozen,32,18
2026-05-24T08:00:00,1001,SKU013,grocery,grocery,26,18
2026-05-24T08:00:00,1001,SKU014,grocery,grocery,29,19
2026-05-24T08:00:00,1001,SKU015,household,grocery,25,15
2026-05-24T08:00:00,1002,SKU001,produce,produce,1,11
2026-05-24T08:00:00,1002,SKU002,produce,produce,13,9
2026-05-24T08:00:00,1002,SKU003,dairy,dairy,13,8
2026-05-24T08:00:00,1002,SKU004,dairy,dairy,16,11
2026-05-24T08:00:00,1002,SKU005,meat,meat,16,12
2026-05-24T08:00:00,1002,SKU006,meat,meat,13,8
2026-05-24T08:00:00,1002,SKU007,bakery,bakery,19,9
2026-05-24T08:00:00,1002,SKU008,bakery,bakery,15,10
2026-05-24T08:00:00,1002,SKU009,beverages,grocery,20,15
2026-05-24T08:00:00,1002,SKU010,beverages,grocery,18,9
2026-05-24T08:00:00,1002,SKU011,frozen,frozen,26,20
2026-05-24T08:00:00,1002,SKU012,frozen,frozen,27,16
2026-05-24T08:00:00,1002,SKU013,grocery,grocery,30,14
2026-05-24T08:00:00,1002,SKU014,grocery,grocery,26,15
2026-05-24T08:00:00,1002,SKU015,household,grocery,28,18
2026-05-24T08:00:00,1003,SKU001,produce,produce,4,11
2026-05-24T08:00:00,1003,SKU002,produce,produce,15,9
2026-05-24T08:00:00,1003,SKU003,dairy,dairy,12,11
2026-05-24T08:00:00,1003,SKU004,dairy,dairy,13,11
2026-05-24T08:00:00,1003,SKU005,meat,meat,19,11
2026-05-24T08:00:00,1003,SKU006,meat,meat,17,14
2026-05-24T08:00:00,1003,SKU007,bakery,bakery,16,14
2026-05-24T08:00:00,1003,SKU008,bakery,bakery,21,10
2026-05-24T08:00:00,1003,SKU009,beverages,grocery,20,19
2026-05-24T08:00:00,1003,SKU010,beverages,grocery,19,8
2026-05-24T08:00:00,1003,SKU011,frozen,frozen,27,15
2026-05-24T08:00:00,1003,SKU012,frozen,frozen,27,14
2026-05-24T08:00:00,1003,SKU013,grocery,grocery,25,14
2026-05-24T08:00:00,1003,SKU014,grocery,grocery,26,20
2026-05-24T08:00:00,1003,SKU015,household,grocery,32,14
2026-05-24T09:00:00,1001,SKU001,produce,produce,0,12
2026-05-24T09:00:00,1001,SKU002,produce,produce,15,9
2026-05-24T09:00:00,1001,SKU003,dairy,dairy,11,13
2026-05-24T09:00:00,1001,SKU004,dairy,dairy,18,10
2026-05-24T09:00:00,1001,SKU005,meat,meat,20,10
2026-05-24T09:00:00,1001,SKU006,meat,meat,16,14
2026-05-24T09:00:00,1001,SKU007,bakery,bakery,16,8
2026-05-24T09:00:00,1001,SKU008,bakery,bakery,14,11
2026-05-24T09:00:00,1001,SKU009,beverages,grocery,22,14
2026-05-24T09:00:00,1001,SKU010,beverages,grocery,21,14
2026-05-24T09:00:00,1001,SKU011,frozen,frozen,27,15
2026-05-24T09:00:00,1001,SKU012,frozen,frozen,25,18
2026-05-24T09:00:00,1001,SKU013,grocery,grocery,24,17
2026-05-24T09:00:00,1001,SKU014,grocery,grocery,31,14
2026-05-24T09:00:00,1001,SKU015,household,grocery,26,15
2026-05-24T09:00:00,1002,SKU001,produce,produce,0,14
2026-05-24T09:00:00,1002,SKU002,produce,produce,16,9
2026-05-24T09:00:00,1002,SKU003,dairy,dairy,8,14
2026-05-24T09:00:00,1002,SKU004,dairy,dairy,13,9
2026-05-24T09:00:00,1002,SKU005,meat,meat,18,12
2026-05-24T09:00:00,1002,SKU006,meat,meat,17,11
2026-05-24T09:00:00,1002,SKU007,bakery,bakery,14,11
2026-05-24T09:00:00,1002,SKU008,bakery,bakery,13,13
2026-05-24T09:00:00,1002,SKU009,beverages,grocery,27,20
2026-05-24T09:00:00,1002,SKU010,beverages,grocery,16,14
2026-05-24T09:00:00,1002,SKU011,frozen,frozen,23,19
2026-05-24T09:00:00,1002,SKU012,frozen,frozen,28,14
2026-05-24T09:00:00,1002,SKU013,grocery,grocery,24,15
2026-05-24T09:00:00,1002,SKU014,grocery,grocery,29,20
2026-05-24T09:00:00,1002,SKU015,household,grocery,29,15
2026-05-24T09:00:00,1003,SKU001,produce,produce,2,11
2026-05-24T09:00:00,1003,SKU002,produce,produce,13,13
2026-05-24T09:00:00,1003,SKU003,dairy,dairy,7,11
2026-05-24T09:00:00,1003,SKU004,dairy,dairy,18,9
2026-05-24T09:00:00,1003,SKU005,meat,meat,16,12
2026-05-24T09:00:00,1003,SKU006,meat,meat,13,9
2026-05-24T09:00:00,1003,SKU007,bakery,bakery,14,13
2026-05-24T09:00:00,1003,SKU008,bakery,bakery,16,10
2026-05-24T09:00:00,1003,SKU009,beverages,grocery,26,14
2026-05-24T09:00:00,1003,SKU010,beverages,grocery,20,8
2026-05-24T09:00:00,1003,SKU011,frozen,frozen,23,18
2026-05-24T09:00:00,1003,SKU012,frozen,frozen,31,16
2026-05-24T09:00:00,1003,SKU013,grocery,grocery,32,15
2026-05-24T09:00:00,1003,SKU014,grocery,grocery,26,18
2026-05-24T09:00:00,1003,SKU015,household,grocery,30,14
2026-05-24T10:00:00,1001,SKU001,produce,produce,0,13
2026-05-24T10:00:00,1001,SKU002,produce,produce,9,11
2026-05-24T10:00:00,1001,SKU003,dairy,dairy,14,12
2026-05-24T10:00:00,1001,SKU004,dairy,dairy,11,12
2026-05-24T10:00:00,1001,SKU005,meat,meat,13,13
2026-05-24T10:00:00,1001,SKU006,meat,meat,17,10
2026-05-24T10:00:00,1001,SKU007,bakery,bakery,11,9
2026-05-24T10:00:00,1001,SKU008,bakery,bakery,14,13
2026-05-24T10:00:00,1001,SKU009,beverages,grocery,21,14
2026-05-24T10:00:00,1001,SKU010,beverages,grocery,18,8
2026-05-24T10:00:00,1001,SKU011,frozen,frozen,19,20
2026-05-24T10:00:00,1001,SKU012,frozen,frozen,29,20
2026-05-24T10:00:00,1001,SKU013,grocery,grocery,24,20
2026-05-24T10:00:00,1001,SKU014,grocery,grocery,26,20
2026-05-24T10:00:00,1001,SKU015,household,grocery,24,18
2026-05-24T10:00:00,1002,SKU001,produce,produce,1,8
2026-05-24T10:00:00,1002,SKU002,produce,produce,8,13
2026-05-24T10:00:00,1002,SKU003,dairy,dairy,13,12
2026-05-24T10:00:00,1002,SKU004,dairy,dairy,17,10
2026-05-24T10:00:00,1002,SKU005,meat,meat,17,11
2026-05-24T10:00:00,1002,SKU006,meat,meat,15,13
2026-05-24T10:00:00,1002,SKU007,bakery,bakery,18,12
2026-05-24T10:00:00,1002,SKU008,bakery,bakery,17,10
2026-05-24T10:00:00,1002,SKU009,beverages,grocery,25,17
2026-05-24T10:00:00,1002,SKU010,beverages,grocery,14,11
2026-05-24T10:00:00,1002,SKU011,frozen,frozen,27,16
2026-05-24T10:00:00,1002,SKU012,frozen,frozen,26,15
2026-05-24T10:00:00,1002,SKU013,grocery,grocery,27,19
2026-05-24T10:00:00,1002,SKU014,grocery,grocery,25,17
2026-05-24T10:00:00,1002,SKU015,household,grocery,28,15
2026-05-24T10:00:00,1003,SKU001,produce,produce,0,13
2026-05-24T10:00:00,1003,SKU002,produce,produce,8,11
2026-05-24T10:00:00,1003,SKU003,dairy,dairy,10,9
2026-05-24T10:00:00,1003,SKU004,dairy,dairy,11,11
2026-05-24T10:00:00,1003,SKU005,meat,meat,17,13
2026-05-24T10:00:00,1003,SKU006,meat,meat,20,14
2026-05-24T10:00:00,1003,SKU007,bakery,bakery,14,11
2026-05-24T10:00:00,1003,SKU008,bakery,bakery,15,14
2026-05-24T10:00:00,1003,SKU009,beverages,grocery,23,15
2026-05-24T10:00:00,1003,SKU010,beverages,grocery,18,11
2026-05-24T10:00:00,1003,SKU011,frozen,frozen,25,17
2026-05-24T10:00:00,1003,SKU012,frozen,frozen,30,17
2026-05-24T10:00:00,1003,SKU013,grocery,grocery,29,17
2026-05-24T10:00:00,1003,SKU014,grocery,grocery,28,16
2026-05-24T10:00:00,1003,SKU015,household,grocery,29,19
2026-05-24T11:00:00,1001,SKU001,produce,produce,0,9
2026-05-24T11:00:00,1001,SKU002,produce,produce,15,9
2026-05-24T11:00:00,1001,SKU003,dairy,dairy,7,9
2026-05-24T11:00:00,1001,SKU004,dairy,dairy,13,12
2026-05-24T11:00:00,1001,SKU005,meat,meat,13,14
2026-05-24T11:00:00,1001,SKU006,meat,meat,16,11
2026-05-24T11:00:00,1001,SKU007,bakery,bakery,18,14
2026-05-24T11:00:00,1001,SKU008,bakery,bakery,18,10
2026-05-24T11:00:00,1001,SKU009,beverages,grocery,22,15
2026-05-24T11:00:00,1001,SKU010,beverages,grocery,17,9
2026-05-24T11:00:00,1001,SKU011,frozen,frozen,26,14
2026-05-24T11:00:00,1001,SKU012,frozen,frozen,30,19
2026-05-24T11:00:00,1001,SKU013,grocery,grocery,30,16
2026-05-24T11:00:00,1001,SKU014,grocery,grocery,29,14
2026-05-24T11:00:00,1001,SKU015,household,grocery,27,15
2026-05-24T11:00:00,1002,SKU001,produce,produce,0,12
2026-05-24T11:00:00,1002,SKU002,produce,produce,9,13
2026-05-24T11:00:00,1002,SKU003,dairy,dairy,10,12
2026-05-24T11:00:00,1002,SKU004,dairy,dairy,16,9
2026-05-24T11:00:00,1002,SKU005,meat,meat,17,8
2026-05-24T11:00:00,1002,SKU006,meat,meat,14,11
2026-05-24T11:00:00,1002,SKU007,bakery,bakery,12,10
2026-05-24T11:00:00,1002,SKU008,bakery,bakery,14,13
2026-05-24T11:00:00,1002,SKU009,beverages,grocery,24,18
2026-05-24T11:00:00,1002,SKU010,beverages,grocery,14,9
2026-05-24T11:00:00,1002,SKU011,frozen,frozen,25,16
2026-05-24T11:00:00,1002,SKU012,frozen,frozen,29,15
2026-05-24T11:00:00,1002,SKU013,grocery,grocery,25,20
2026-05-24T11:00:00,1002,SKU014,grocery,grocery,30,16
2026-05-24T11:00:00,1002,SKU015,household,grocery,32,19
2026-05-24T11:00:00,1003,SKU001,produce,produce,0,13
2026-05-24T11:00:00,1003,SKU002,produce,produce,8,14
2026-05-24T11:00:00,1003,SKU003,dairy,dairy,5,8
2026-05-24T11:00:00,1003,SKU004,dairy,dairy,10,8
2026-05-24T11:00:00,1003,SKU005,meat,meat,10,10
2026-05-24T11:00:00,1003,SKU006,meat,meat,12,10
2026-05-24T11:00:00,1003,SKU007,bakery,bakery,15,9
2026-05-24T11:00:00,1003,SKU008,bakery,bakery,14,9
2026-05-24T11:00:00,1003,SKU009,beverages,grocery,22,20
2026-05-24T11:00:00,1003,SKU010,beverages,grocery,12,10
2026-05-24T11:00:00,1003,SKU011,frozen,frozen,24,18
2026-05-24T11:00:00,1003,SKU012,frozen,frozen,29,17
2026-05-24T11:00:00,1003,SKU013,grocery,grocery,28,19
2026-05-24T11:00:00,1003,SKU014,grocery,grocery,25,16
2026-05-24T11:00:00,1003,SKU015,household,grocery,28,14
2026-05-24T12:00:00,1001,SKU001,produce,produce,0,9
2026-05-24T12:00:00,1001,SKU002,produce,produce,8,9
2026-05-24T12:00:00,1001,SKU003,dairy,dairy,9,8
2026-05-24T12:00:00,1001,SKU004,dairy,dairy,17,12
2026-05-24T12:00:00,1001,SKU005,meat,meat,15,9
2026-05-24T12:00:00,1001,SKU006,meat,meat,18,12
2026-05-24T12:00:00,1001,SKU007,bakery,bakery,17,13
2026-05-24T12:00:00,1001,SKU008,bakery,bakery,15,13
2026-05-24T12:00:00,1001,SKU009,beverages,grocery,20,14
2026-05-24T12:00:00,1001,SKU010,beverages,grocery,13,11
2026-05-24T12:00:00,1001,SKU011,frozen,frozen,19,20
2026-05-24T12:00:00,1001,SKU012,frozen,frozen,22,15
2026-05-24T12:00:00,1001,SKU013,grocery,grocery,28,17
2026-05-24T12:00:00,1001,SKU014,grocery,grocery,29,17
2026-05-24T12:00:00,1001,SKU015,household,grocery,26,20
2026-05-24T12:00:00,1002,SKU001,produce,produce,0,12
2026-05-24T12:00:00,1002,SKU002,produce,produce,11,11
2026-05-24T12:00:00,1002,SKU003,dairy,dairy,5,11
2026-05-24T12:00:00,1002,SKU004,dairy,dairy,9,11
2026-05-24T12:00:00,1002,SKU005,meat,meat,14,10
2026-05-24T12:00:00,1002,SKU006,meat,meat,11,10
2026-05-24T12:00:00,1002,SKU007,bakery,bakery,11,9
2026-05-24T12:00:00,1002,SKU008,bakery,bakery,13,12
2026-05-24T12:00:00,1002,SKU009,beverages,grocery,21,19
2026-05-24T12:00:00,1002,SKU010,beverages,grocery,17,9
2026-05-24T12:00:00,1002,SKU011,frozen,frozen,19,20
2026-05-24T12:00:00,1002,SKU012,frozen,frozen,25,19
2026-05-24T12:00:00,1002,SKU013,grocery,grocery,27,16
2026-05-24T12:00:00,1002,SKU014,grocery,grocery,24,16
2026-05-24T12:00:00,1002,SKU015,household,grocery,31,14
2026-05-24T12:00:00,1003,SKU001,produce,produce,0,9
2026-05-24T12:00:00,1003,SKU002,produce,produce,11,14
2026-05-24T12:00:00,1003,SKU003,dairy,dairy,7,9
2026-05-24T12:00:00,1003,SKU004,dairy,dairy,17,10
2026-05-24T12:00:00,1003,SKU005,meat,meat,17,8
2026-05-24T12:00:00,1003,SKU006,meat,meat,17,10
2026-05-24T12:00:00,1003,SKU007,bakery,bakery,12,8
2026-05-24T12:00:00,1003,SKU008,bakery,bakery,14,13
2026-05-24T12:00:00,1003,SKU009,beverages,grocery,21,16
2026-05-24T12:00:00,1003,SKU010,beverages,grocery,18,11
2026-05-24T12:00:00,1003,SKU011,frozen,frozen,23,14
2026-05-24T12:00:00,1003,SKU012,frozen,frozen,26,19
2026-05-24T12:00:00,1003,SKU013,grocery,grocery,29,19
2026-05-24T12:00:00,1003,SKU014,grocery,grocery,24,16
2026-05-24T12:00:00,1003,SKU015,household,grocery,32,14
2026-05-24T13:00:00,1001,SKU001,produce,produce,0,14
2026-05-24T13:00:00,1001,SKU002,produce,produce,4,13
2026-05-24T13:00:00,1001,SKU003,dairy,dairy,2,10
2026-05-24T13:00:00,1001,SKU004,dairy,dairy,14,9
2026-05-24T13:00:00,1001,SKU005,meat,meat,15,11
2026-05-24T13:00:00,1001,SKU006,meat,meat,15,8
2026-05-24T13:00:00,1001,SKU007,bakery,bakery,13,13
2026-05-24T13:00:00,1001,SKU008,bakery,bakery,17,10
2026-05-24T13:00:00,1001,SKU009,beverages,grocery,21,20
2026-05-24T13:00:00,1001,SKU010,beverages,grocery,18,14
2026-05-24T13:00:00,1001,SKU011,frozen,frozen,24,17
2026-05-24T13:00:00,1001,SKU012,frozen,frozen,26,15
2026-05-24T13:00:00,1001,SKU013,grocery,grocery,27,19
2026-05-24T13:00:00,1001,SKU014,grocery,grocery,26,18
2026-05-24T13:00:00,1001,SKU015,household,grocery,27,17
2026-05-24T13:00:00,1002,SKU001,produce,produce,0,10
2026-05-24T13:00:00,1002,SKU002,produce,produce,5,11
2026-05-24T13:00:00,1002,SKU003,dairy,dairy,3,14
2026-05-24T13:00:00,1002,SKU004,dairy,dairy,13,14
2026-05-24T13:00:00,1002,SKU005,meat,meat,16,8
2026-05-24T13:00:00,1002,SKU006,meat,meat,9,14
2026-05-24T13:00:00,1002,SKU007,bakery,bakery,11,14
2026-05-24T13:00:00,1002,SKU008,bakery,bakery,12,9
2026-05-24T13:00:00,1002,SKU009,beverages,grocery,17,15
2026-05-24T13:00:00,1002,SKU010,beverages,grocery,15,8
2026-05-24T13:00:00,1002,SKU011,frozen,frozen,20,18
2026-05-24T13:00:00,1002,SKU012,frozen,frozen,24,20
2026-05-24T13:00:00,1002,SKU013,grocery,grocery,23,20
2026-05-24T13:00:00,1002,SKU014,grocery,grocery,23,14
2026-05-24T13:00:00,1002,SKU015,household,grocery,24,19
2026-05-24T13:00:00,1003,SKU001,produce,produce,0,14
2026-05-24T13:00:00,1003,SKU002,produce,produce,5,9
2026-05-24T13:00:00,1003,SKU003,dairy,dairy,9,13
2026-05-24T13:00:00,1003,SKU004,dairy,dairy,13,14
2026-05-24T13:00:00,1003,SKU005,meat,meat,9,12
2026-05-24T13:00:00,1003,SKU006,meat,meat,10,8
2026-05-24T13:00:00,1003,SKU007,bakery,bakery,11,9
2026-05-24T13:00:00,1003,SKU008,bakery,bakery,12,9
2026-05-24T13:00:00,1003,SKU009,beverages,grocery,17,19
2026-05-24T13:00:00,1003,SKU010,beverages,grocery,11,8
2026-05-24T13:00:00,1003,SKU011,frozen,frozen,24,20
2026-05-24T13:00:00,1003,SKU012,frozen,frozen,24,15
2026-05-24T13:00:00,1003,SKU013,grocery,grocery,22,19
2026-05-24T13:00:00,1003,SKU014,grocery,grocery,23,17
2026-05-24T13:00:00,1003,SKU015,household,grocery,29,19
2026-05-24T14:00:00,1001,SKU001,produce,produce,0,9
2026-05-24T14:00:00,1001,SKU002,produce,produce,10,14
2026-05-24T14:00:00,1001,SKU003,dairy,dairy,4,13
2026-05-24T14:00:00,1001,SKU004,dairy,dairy,14,12
2026-05-24T14:00:00,1001,SKU005,meat,meat,9,11
2026-05-24T14:00:00,1001,SKU006,meat,meat,13,13
2026-05-24T14:00:00,1001,SKU007,bakery,bakery,8,11
2026-05-24T14:00:00,1001,SKU008,bakery,bakery,12,12
2026-05-24T14:00:00,1001,SKU009,beverages,grocery,16,14
2026-05-24T14:00:00,1001,SKU010,beverages,grocery,11,9
2026-05-24T14:00:00,1001,SKU011,frozen,frozen,21,15
2026-05-24T14:00:00,1001,SKU012,frozen,frozen,29,18
2026-05-24T14:00:00,1001,SKU013,grocery,grocery,24,19
2026-05-24T14:00:00,1001,SKU014,grocery,grocery,23,19
2026-05-24T14:00:00,1001,SKU015,household,grocery,24,15
2026-05-24T14:00:00,1002,SKU001,produce,produce,0,14
2026-05-24T14:00:00,1002,SKU002,produce,produce,8,14
2026-05-24T14:00:00,1002,SKU003,dairy,dairy,4,9
2026-05-24T14:00:00,1002,SKU004,dairy,dairy,13,13
2026-05-24T14:00:00,1002,SKU005,meat,meat,11,12
2026-05-24T14:00:00,1002,SKU006,meat,meat,15,12
2026-05-24T14:00:00,1002,SKU007,bakery,bakery,12,9
2026-05-24T14:00:00,1002,SKU008,bakery,bakery,16,10
2026-05-24T14:00:00,1002,SKU009,beverages,grocery,21,19
2026-05-24T14:00:00,1002,SKU010,beverages,grocery,12,12
2026-05-24T14:00:00,1002,SKU011,frozen,frozen,17,19
2026-05-24T14:00:00,1002,SKU012,frozen,frozen,25,16
2026-05-24T14:00:00,1002,SKU013,grocery,grocery,23,14
2026-05-24T14:00:00,1002,SKU014,grocery,grocery,22,14
2026-05-24T14:00:00,1002,SKU015,household,grocery,30,16
2026-05-24T14:00:00,1003,SKU001,produce,produce,0,12
2026-05-24T14:00:00,1003,SKU002,produce,produce,9,8
2026-05-24T14:00:00,1003,SKU003,dairy,dairy,8,8
2026-05-24T14:00:00,1003,SKU004,dairy,dairy,8,10
2026-05-24T14:00:00,1003,SKU005,meat,meat,12,13
2026-05-24T14:00:00,1003,SKU006,meat,meat,10,12
2026-05-24T14:00:00,1003,SKU007,bakery,bakery,12,13
2026-05-24T14:00:00,1003,SKU008,bakery,bakery,15,11
2026-05-24T14:00:00,1003,SKU009,beverages,grocery,21,19
2026-05-24T14:00:00,1003,SKU010,beverages,grocery,16,10
2026-05-24T14:00:00,1003,SKU011,frozen,frozen,24,16
2026-05-24T14:00:00,1003,SKU012,frozen,frozen,28,16
2026-05-24T14:00:00,1003,SKU013,grocery,grocery,29,19
2026-05-24T14:00:00,1003,SKU014,grocery,grocery,25,15
2026-05-24T14:00:00,1003,SKU015,household,grocery,25,14
2026-05-24T15:00:00,1001,SKU001,produce,produce,0,11
2026-05-24T15:00:00,1001,SKU002,produce,produce,8,11
2026-05-24T15:00:00,1001,SKU003,dairy,dairy,5,14
2026-05-24T15:00:00,1001,SKU004,dairy,dairy,12,11
2026-05-24T15:00:00,1001,SKU005,meat,meat,13,11
2026-05-24T15:00:00,1001,SKU006,meat,meat,10,9
2026-05-24T15:00:00,1001,SKU007,bakery,bakery,13,11
2026-05-24T15:00:00,1001,SKU008,bakery,bakery,10,14
2026-05-24T15:00:00,1001,SKU009,beverages,grocery,17,20
2026-05-24T15:00:00,1001,SKU010,beverages,grocery,13,11
2026-05-24T15:00:00,1001,SKU011,frozen,frozen,19,17
2026-05-24T15:00:00,1001,SKU012,frozen,frozen,25,14
2026-05-24T15:00:00,1001,SKU013,grocery,grocery,27,20
2026-05-24T15:00:00,1001,SKU014,grocery,grocery,23,15
2026-05-24T15:00:00,1001,SKU015,household,grocery,25,15
2026-05-24T15:00:00,1002,SKU001,produce,produce,0,8
2026-05-24T15:00:00,1002,SKU002,produce,produce,7,11
2026-05-24T15:00:00,1002,SKU003,dairy,dairy,2,10
2026-05-24T15:00:00,1002,SKU004,dairy,dairy,11,9
2026-05-24T15:00:00,1002,SKU005,meat,meat,6,11
2026-05-24T15:00:00,1002,SKU006,meat,meat,14,9
2026-05-24T15:00:00,1002,SKU007,bakery,bakery,11,14
2026-05-24T15:00:00,1002,SKU008,bakery,bakery,18,10
2026-05-24T15:00:00,1002,SKU009,beverages,grocery,18,15
2026-05-24T15:00:00,1002,SKU010,beverages,grocery,15,12
2026-05-24T15:00:00,1002,SKU011,frozen,frozen,24,17
2026-05-24T15:00:00,1002,SKU012,frozen,frozen,26,20
2026-05-24T15:00:00,1002,SKU013,grocery,grocery,23,17
2026-05-24T15:00:00,1002,SKU014,grocery,grocery,21,16
2026-05-24T15:00:00,1002,SKU015,household,grocery,24,14
2026-05-24T15:00:00,1003,SKU001,produce,produce,0,13
2026-05-24T15:00:00,1003,SKU002,produce,produce,8,12
2026-05-24T15:00:00,1003,SKU003,dairy,dairy,4,9
2026-05-24T15:00:00,1003,SKU004,dairy,dairy,9,12
2026-05-24T15:00:00,1003,SKU005,meat,meat,13,14
2026-05-24T15:00:00,1003,SKU006,meat,meat,11,11
2026-05-24T15:00:00,1003,SKU007,bakery,bakery,14,8
2026-05-24T15:00:00,1003,SKU008,bakery,bakery,14,13
2026-05-24T15:00:00,1003,SKU009,beverages,grocery,17,16
2026-05-24T15:00:00,1003,SKU010,beverages,grocery,12,13
2026-05-24T15:00:00,1003,SKU011,frozen,frozen,23,18
2026-05-24T15:00:00,1003,SKU012,frozen,frozen,21,18
2026-05-24T15:00:00,1003,SKU013,grocery,grocery,23,18
2026-05-24T15:00:00,1003,SKU014,grocery,grocery,25,16
2026-05-24T15:00:00,1003,SKU015,household,grocery,28,20
2026-05-24T16:00:00,1001,SKU001,produce,produce,0,10
2026-05-24T16:00:00,1001,SKU002,produce,produce,7,8
2026-05-24T16:00:00,1001,SKU003,dairy,dairy,0,11
2026-05-24T16:00:00,1001,SKU004,dairy,dairy,10,11
2026-05-24T16:00:00,1001,SKU005,meat,meat,8,9
2026-05-24T16:00:00,1001,SKU006,meat,meat,12,13
2026-05-24T16:00:00,1001,SKU007,bakery,bakery,9,14
2026-05-24T16:00:00,1001,SKU008,bakery,bakery,14,13
2026-05-24T16:00:00,1001,SKU009,beverages,grocery,22,20
2026-05-24T16:00:00,1001,SKU010,beverages,grocery,12,12
2026-05-24T16:00:00,1001,SKU011,frozen,frozen,21,18
2026-05-24T16:00:00,1001,SKU012,frozen,frozen,25,19
2026-05-24T16:00:00,1001,SKU013,grocery,grocery,23,15
2026-05-24T16:00:00,1001,SKU014,grocery,grocery,26,20
2026-05-24T16:00:00,1001,SKU015,household,grocery,26,19
2026-05-24T16:00:00,1002,SKU001,produce,produce,0,14
2026-05-24T16:00:00,1002,SKU002,produce,produce,3,11
2026-05-24T16:00:00,1002,SKU003,dairy,dairy,5,8
2026-05-24T16:00:00,1002,SKU004,dairy,dairy,10,12
2026-05-24T16:00:00,1002,SKU005,meat,meat,6,11
2026-05-24T16:00:00,1002,SKU006,meat,meat,9,12
2026-05-24T16:00:00,1002,SKU007,bakery,bakery,11,8
2026-05-24T16:00:00,1002,SKU008,bakery,bakery,17,11
2026-05-24T16:00:00,1002,SKU009,beverages,grocery,22,18
2026-05-24T16:00:00,1002,SKU010,beverages,grocery,12,8
2026-05-24T16:00:00,1002,SKU011,frozen,frozen,23,17
2026-05-24T16:00:00,1002,SKU012,frozen,frozen,23,20
2026-05-24T16:00:00,1002,SKU013,grocery,grocery,24,19
2026-05-24T16:00:00,1002,SKU014,grocery,grocery,23,16
2026-05-24T16:00:00,1002,SKU015,household,grocery,23,17
2026-05-24T16:00:00,1003,SKU001,produce,produce,0,9
2026-05-24T16:00:00,1003,SKU002,produce,produce,0,10
2026-05-24T16:00:00,1003,SKU003,dairy,dairy,3,14
2026-05-24T16:00:00,1003,SKU004,dairy,dairy,12,12
2026-05-24T16:00:00,1003,SKU005,meat,meat,7,14
2026-05-24T16:00:00,1003,SKU006,meat,meat,11,10
2026-05-24T16:00:00,1003,SKU007,bakery,bakery,13,10
2026-05-24T16:00:00,1003,SKU008,bakery,bakery,17,9
2026-05-24T16:00:00,1003,SKU009,beverages,grocery,18,18
2026-05-24T16:00:00,1003,SKU010,beverages,grocery,9,10
2026-05-24T16:00:00,1003,SKU011,frozen,frozen,16,19
2026-05-24T16:00:00,1003,SKU012,frozen,frozen,23,18
2026-05-24T16:00:00,1003,SKU013,grocery,grocery,28,16
2026-05-24T16:00:00,1003,SKU014,grocery,grocery,24,20
2026-05-24T16:00:00,1003,SKU015,household,grocery,29,17
2026-05-24T17:00:00,1001,SKU001,produce,produce,0,10
2026-05-24T17:00:00,1001,SKU002,produce,produce,3,9
2026-05-24T17:00:00,1001,SKU003,dairy,dairy,0,10
2026-05-24T17:00:00,1001,SKU004,dairy,dairy,4,8
2026-05-24T17:00:00,1001,SKU005,meat,meat,11,8
2026-05-24T17:00:00,1001,SKU006,meat,meat,11,11
2026-05-24T17:00:00,1001,SKU007,bakery,bakery,7,11
2026-05-24T17:00:00,1001,SKU008,bakery,bakery,14,12
2026-05-24T17:00:00,1001,SKU009,beverages,grocery,16,18
2026-05-24T17:00:00,1001,SKU010,beverages,grocery,14,14
2026-05-24T17:00:00,1001,SKU011,frozen,frozen,21,14
2026-05-24T17:00:00,1001,SKU012,frozen,frozen,23,17
2026-05-24T17:00:00,1001,SKU013,grocery,grocery,24,15
2026-05-24T17:00:00,1001,SKU014,grocery,grocery,27,16
2026-05-24T17:00:00,1001,SKU015,household,grocery,25,18
2026-05-24T17:00:00,1002,SKU001,produce,produce,0,10
2026-05-24T17:00:00,1002,SKU002,produce,produce,0,8
2026-05-24T17:00:00,1002,SKU003,dairy,dairy,0,14
2026-05-24T17:00:00,1002,SKU004,dairy,dairy,9,12
2026-05-24T17:00:00,1002,SKU005,meat,meat,12,10
2026-05-24T17:00:00,1002,SKU006,meat,meat,8,10
2026-05-24T17:00:00,1002,SKU007,bakery,bakery,11,12
2026-05-24T17:00:00,1002,SKU008,bakery,bakery,8,13
2026-05-24T17:00:00,1002,SKU009,beverages,grocery,20,19
2026-05-24T17:00:00,1002,SKU010,beverages,grocery,12,11
2026-05-24T17:00:00,1002,SKU011,frozen,frozen,18,16
2026-05-24T17:00:00,1002,SKU012,frozen,frozen,19,19
2026-05-24T17:00:00,1002,SKU013,grocery,grocery,24,16
2026-05-24T17:00:00,1002,SKU014,grocery,grocery,20,18
2026-05-24T17:00:00,1002,SKU015,household,grocery,23,19
2026-05-24T17:00:00,1003,SKU001,produce,produce,0,11
2026-05-24T17:00:00,1003,SKU002,produce,produce,0,8
2026-05-24T17:00:00,1003,SKU003,dairy,dairy,0,9
2026-05-24T17:00:00,1003,SKU004,dairy,dairy,5,12
2026-05-24T17:00:00,1003,SKU005,meat,meat,7,13
2026-05-24T17:00:00,1003,SKU006,meat,meat,9,8
2026-05-24T17:00:00,1003,SKU007,bakery,bakery,10,10
2026-05-24T17:00:00,1003,SKU008,bakery,bakery,13,8
2026-05-24T17:00:00,1003,SKU009,beverages,grocery,20,16
2026-05-24T17:00:00,1003,SKU010,beverages,grocery,8,11
2026-05-24T17:00:00,1003,SKU011,frozen,frozen,22,18
2026-05-24T17:00:00,1003,SKU012,frozen,frozen,19,18
2026-05-24T17:00:00,1003,SKU013,grocery,grocery,26,19
2026-05-24T17:00:00,1003,SKU014,grocery,grocery,26,19
2026-05-24T17:00:00,1003,SKU015,household,grocery,25,18
2026-05-24T18:00:00,1001,SKU001,produce,produce,0,14
2026-05-24T18:00:00,1001,SKU002,produce,produce,0,11
2026-05-24T18:00:00,1001,SKU003,dairy,dairy,0,8
2026-05-24T18:00:00,1001,SKU004,dairy,dairy,7,9
2026-05-24T18:00:00,1001,SKU005,meat,meat,7,8
2026-05-24T18:00:00,1001,SKU006,meat,meat,13,8
2026-05-24T18:00:00,1001,SKU007,bakery,bakery,5,13
2026-05-24T18:00:00,1001,SKU008,bakery,bakery,11,11
2026-05-24T18:00:00,1001,SKU009,beverages,grocery,13,14
2026-05-24T18:00:00,1001,SKU010,beverages,grocery,9,14
2026-05-24T18:00:00,1001,SKU011,frozen,frozen,18,15
2026-05-24T18:00:00,1001,SKU012,frozen,frozen,21,18
2026-05-24T18:00:00,1001,SKU013,grocery,grocery,25,16
2026-05-24T18:00:00,1001,SKU014,grocery,grocery,26,20
2026-05-24T18:00:00,1001,SKU015,household,grocery,28,14
2026-05-24T18:00:00,1002,SKU001,produce,produce,0,14
2026-05-24T18:00:00,1002,SKU002,produce,produce,1,11
2026-05-24T18:00:00,1002,SKU003,dairy,dairy,0,13
2026-05-24T18:00:00,1002,SKU004,dairy,dairy,9,12
2026-05-24T18:00:00,1002,SKU005,meat,meat,5,8
2026-05-24T18:00:00,1002,SKU006,meat,meat,8,12
2026-05-24T18:00:00,1002,SKU007,bakery,bakery,5,9
2026-05-24T18:00:00,1002,SKU008,bakery,bakery,11,12
2026-05-24T18:00:00,1002,SKU009,beverages,grocery,20,14
2026-05-24T18:00:00,1002,SKU010,beverages,grocery,11,13
2026-05-24T18:00:00,1002,SKU011,frozen,frozen,16,18
2026-05-24T18:00:00,1002,SKU012,frozen,frozen,24,18
2026-05-24T18:00:00,1002,SKU013,grocery,grocery,22,17
2026-05-24T18:00:00,1002,SKU014,grocery,grocery,23,15
2026-05-24T18:00:00,1002,SKU015,household,grocery,30,14
2026-05-24T18:00:00,1003,SKU001,produce,produce,0,10
2026-05-24T18:00:00,1003,SKU002,produce,produce,5,10
2026-05-24T18:00:00,1003,SKU003,dairy,dairy,4,11
2026-05-24T18:00:00,1003,SKU004,dairy,dairy,5,14
2026-05-24T18:00:00,1003,SKU005,meat,meat,7,14
2026-05-24T18:00:00,1003,SKU006,meat,meat,9,10
2026-05-24T18:00:00,1003,SKU007,bakery,bakery,8,10
2026-05-24T18:00:00,1003,SKU008,bakery,bakery,12,11
2026-05-24T18:00:00,1003,SKU009,beverages,grocery,14,19
2026-05-24T18:00:00,1003,SKU010,beverages,grocery,10,11
2026-05-24T18:00:00,1003,SKU011,frozen,frozen,15,17
2026-05-24T18:00:00,1003,SKU012,frozen,frozen,27,20
2026-05-24T18:00:00,1003,SKU013,grocery,grocery,26,15
2026-05-24T18:00:00,1003,SKU014,grocery,grocery,22,14
2026-05-24T18:00:00,1003,SKU015,household,grocery,22,17
2026-05-24T19:00:00,1001,SKU001,produce,produce,0,13
2026-05-24T19:00:00,1001,SKU002,produce,produce,0,9
2026-05-24T19:00:00,1001,SKU003,dairy,dairy,0,14
2026-05-24T19:00:00,1001,SKU004,dairy,dairy,5,12
2026-05-24T19:00:00,1001,SKU005,meat,meat,7,10
2026-05-24T19:00:00,1001,SKU006,meat,meat,12,8
2026-05-24T19:00:00,1001,SKU007,bakery,bakery,7,12
2026-05-24T19:00:00,1001,SKU008,bakery,bakery,11,9
2026-05-24T19:00:00,1001,SKU009,beverages,grocery,21,14
2026-05-24T19:00:00,1001,SKU010,beverages,grocery,10,8
2026-05-24T19:00:00,1001,SKU011,frozen,frozen,18,20
2026-05-24T19:00:00,1001,SKU012,frozen,frozen,20,20
2026-05-24T19:00:00,1001,SKU013,grocery,grocery,24,15
2026-05-24T19:00:00,1001,SKU014,grocery,grocery,27,19
2026-05-24T19:00:00,1001,SKU015,household,grocery,28,19
2026-05-24T19:00:00,1002,SKU001,produce,produce,0,11
2026-05-24T19:00:00,1002,SKU002,produce,produce,2,12
2026-05-24T19:00:00,1002,SKU003,dairy,dairy,0,11
2026-05-24T19:00:00,1002,SKU004,dairy,dairy,9,12
2026-05-24T19:00:00,1002,SKU005,meat,meat,7,14
2026-05-24T19:00:00,1002,SKU006,meat,meat,8,8
2026-05-24T19:00:00,1002,SKU007,bakery,bakery,5,8
2026-05-24T19:00:00,1002,SKU008,bakery,bakery,7,12
2026-05-24T19:00:00,1002,SKU009,beverages,grocery,13,20
2026-05-24T19:00:00,1002,SKU010,beverages,grocery,6,10
2026-05-24T19:00:00,1002,SKU011,frozen,frozen,15,16
2026-05-24T19:00:00,1002,SKU012,frozen,frozen,25,17
2026-05-24T19:00:00,1002,SKU013,grocery,grocery,21,14
2026-05-24T19:00:00,1002,SKU014,grocery,grocery,20,16
2026-05-24T19:00:00,1002,SKU015,household,grocery,25,19
2026-05-24T19:00:00,1003,SKU001,produce,produce,0,11
2026-05-24T19:00:00,1003,SKU002,produce,produce,1,8
2026-05-24T19:00:00,1003,SKU003,dairy,dairy,0,11
2026-05-24T19:00:00,1003,SKU004,dairy,dairy,2,10
2026-05-24T19:00:00,1003,SKU005,meat,meat,3,8
2026-05-24T19:00:00,1003,SKU006,meat,meat,9,9
2026-05-24T19:00:00,1003,SKU007,bakery,bakery,8,11
2026-05-24T19:00:00,1003,SKU008,bakery,bakery,10,8
2026-05-24T19:00:00,1003,SKU009,beverages,grocery,13,17
2026-05-24T19:00:00,1003,SKU010,beverages,grocery,8,8
2026-05-24T19:00:00,1003,SKU011,frozen,frozen,16,14
2026-05-24T19:00:00,1003,SKU012,frozen,frozen,21,17
2026-05-24T19:00:00,1003,SKU013,grocery,grocery,27,16
2026-05-24T19:00:00,1003,SKU014,grocery,grocery,24,14
2026-05-24T19:00:00,1003,SKU015,household,grocery,29,14
2026-05-24T20:00:00,1001,SKU001,produce,produce,0,9
2026-05-24T20:00:00,1001,SKU002,produce,produce,0,11
2026-05-24T20:00:00,1001,SKU003,dairy,dairy,0,8
2026-05-24T20:00:00,1001,SKU004,dairy,dairy,1,11
2026-05-24T20:00:00,1001,SKU005,meat,meat,8,14
2026-05-24T20:00:00,1001,SKU006,meat,meat,11,11
2026-05-24T20:00:00,1001,SKU007,bakery,bakery,5,8
2026-05-24T20:00:00,1001,SKU008,bakery,bakery,7,13
2026-05-24T20:00:00,1001,SKU009,beverages,grocery,13,20
2026-05-24T20:00:00,1001,SKU010,beverages,grocery,9,13
2026-05-24T20:00:00,1001,SKU011,frozen,frozen,18,19
2026-05-24T20:00:00,1001,SKU012,frozen,frozen,25,15
2026-05-24T20:00:00,1001,SKU013,grocery,grocery,23,14
2026-05-24T20:00:00,1001,SKU014,grocery,grocery,23,20
2026-05-24T20:00:00,1001,SKU015,household,grocery,25,15
2026-05-24T20:00:00,1002,SKU001,produce,produce,0,14
2026-05-24T20:00:00,1002,SKU002,produce,produce,0,13
2026-05-24T20:00:00,1002,SKU003,dairy,dairy,0,14
2026-05-24T20:00:00,1002,SKU004,dairy,dairy,7,12
2026-05-24T20:00:00,1002,SKU005,meat,meat,9,14
2026-05-24T20:00:00,1002,SKU006,meat,meat,7,13
2026-05-24T20:00:00,1002,SKU007,bakery,bakery,3,10
2026-05-24T20:00:00,1002,SKU008,bakery,bakery,12,8
2026-05-24T20:00:00,1002,SKU009,beverages,grocery,17,17
2026-05-24T20:00:00,1002,SKU010,beverages,grocery,12,12
2026-05-24T20:00:00,1002,SKU011,frozen,frozen,16,16
2026-05-24T20:00:00,1002,SKU012,frozen,frozen,23,19
2026-05-24T20:00:00,1002,SKU013,grocery,grocery,27,18
2026-05-24T20:00:00,1002,SKU014,grocery,grocery,21,16
2026-05-24T20:00:00,1002,SKU015,household,grocery,27,17
2026-05-24T20:00:00,1003,SKU001,produce,produce,0,12
2026-05-24T20:00:00,1003,SKU002,produce,produce,0,10
2026-05-24T20:00:00,1003,SKU003,dairy,dairy,1,10
2026-05-24T20:00:00,1003,SKU004,dairy,dairy,5,9
2026-05-24T20:00:00,1003,SKU005,meat,meat,9,13
2026-05-24T20:00:00,1003,SKU006,meat,meat,12,11
2026-05-24T20:00:00,1003,SKU007,bakery,bakery,8,11
2026-05-24T20:00:00,1003,SKU008,bakery,bakery,8,12
2026-05-24T20:00:00,1003,SKU009,beverages,grocery,16,15
2026-05-24T20:00:00,1003,SKU010,beverages,grocery,10,10
2026-05-24T20:00:00,1003,SKU011,frozen,frozen,21,17
2026-05-24T20:00:00,1003,SKU012,frozen,frozen,26,20
2026-05-24T20:00:00,1003,SKU013,grocery,grocery,21,14
2026-05-24T20:00:00,1003,SKU014,grocery,grocery,24,18
2026-05-24T20:00:00,1003,SKU015,household,grocery,24,18
2026-05-24T21:00:00,1001,SKU001,produce,produce,0,12
2026-05-24T21:00:00,1001,SKU002,produce,produce,0,14
2026-05-24T21:00:00,1001,SKU003,dairy,dairy,0,14
2026-05-24T21:00:00,1001,SKU004,dairy,dairy,3,14
2026-05-24T21:00:00,1001,SKU005,meat,meat,7,8
2026-05-24T21:00:00,1001,SKU006,meat,meat,9,8
2026-05-24T21:00:00,1001,SKU007,bakery,bakery,10,12
2026-05-24T21:00:00,1001,SKU008,bakery,bakery,6,12
2026-05-24T21:00:00,1001,SKU009,beverages,grocery,12,18
2026-05-24T21:00:00,1001,SKU010,beverages,grocery,4,10
2026-05-24T21:00:00,1001,SKU011,frozen,frozen,22,19
2026-05-24T21:00:00,1001,SKU012,frozen,frozen,19,19
2026-05-24T21:00:00,1001,SKU013,grocery,grocery,21,19
2026-05-24T21:00:00,1001,SKU014,grocery,grocery,24,17
2026-05-24T21:00:00,1001,SKU015,household,grocery,23,16
2026-05-24T21:00:00,1002,SKU001,produce,produce,0,12
2026-05-24T21:00:00,1002,SKU002,produce,produce,0,12
2026-05-24T21:00:00,1002,SKU003,dairy,dairy,0,9
2026-05-24T21:00:00,1002,SKU004,dairy,dairy,5,13
2026-05-24T21:00:00,1002,SKU005,meat,meat,7,13
2026-05-24T21:00:00,1002,SKU006,meat,meat,4,9
2026-05-24T21:00:00,1002,SKU007,bakery,bakery,9,9
2026-05-24T21:00:00,1002,SKU008,bakery,bakery,9,13
2026-05-24T21:00:00,1002,SKU009,beverages,grocery,11,20
2026-05-24T21:00:00,1002,SKU010,beverages,grocery,12,14
2026-05-24T21:00:00,1002,SKU011,frozen,frozen,15,17
2026-05-24T21:00:00,1002,SKU012,frozen,frozen,19,14
2026-05-24T21:00:00,1002,SKU013,grocery,grocery,22,15
2026-05-24T21:00:00,1002,SKU014,grocery,grocery,25,16
2026-05-24T21:00:00,1002,SKU015,household,grocery,25,18
2026-05-24T21:00:00,1003,SKU001,produce,produce,0,14
2026-05-24T21:00:00,1003,SKU002,produce,produce,0,8
2026-05-24T21:00:00,1003,SKU003,dairy,dairy,0,8
2026-05-24T21:00:00,1003,SKU004,dairy,dairy,4,8
2026-05-24T21:00:00,1003,SKU005,meat,meat,4,9
2026-05-24T21:00:00,1003,SKU006,meat,meat,4,8
2026-05-24T21:00:00,1003,SKU007,bakery,bakery,6,11
2026-05-24T21:00:00,1003,SKU008,bakery,bakery,7,11
2026-05-24T21:00:00,1003,SKU009,beverages,grocery,16,19
2026-05-24T21:00:00,1003,SKU010,beverages,grocery,10,8
2026-05-24T21:00:00,1003,SKU011,frozen,frozen,18,16
2026-05-24T21:00:00,1003,SKU012,frozen,frozen,23,16
2026-05-24T21:00:00,1003,SKU013,grocery,grocery,21,16
2026-05-24T21:00:00,1003,SKU014,grocery,grocery,25,18
2026-05-24T21:00:00,1003,SKU015,household,grocery,29,19
2026-05-25T06:00:00,1001,SKU001,produce,produce,12,13
2026-05-25T06:00:00,1001,SKU002,produce,produce,21,8
2026-05-25T06:00:00,1001,SKU003,dairy,dairy,21,10
2026-05-25T06:00:00,1001,SKU004,dairy,dairy,20,8
2026-05-25T06:00:00,1001,SKU005,meat,meat,19,13
2026-05-25T06:00:00,1001,SKU006,meat,meat,22,14
2026-05-25T06:00:00,1001,SKU007,bakery,bakery,21,14
2026-05-25T06:00:00,1001,SKU008,bakery,bakery,23,14
2026-05-25T06:00:00,1001,SKU009,beverages,grocery,26,17
2026-05-25T06:00:00,1001,SKU010,beverages,grocery,20,13
2026-05-25T06:00:00,1001,SKU011,frozen,frozen,32,14
2026-05-25T06:00:00,1001,SKU012,frozen,frozen,31,14
2026-05-25T06:00:00,1001,SKU013,grocery,grocery,32,20
2026-05-25T06:00:00,1001,SKU014,grocery,grocery,26,17
2026-05-25T06:00:00,1001,SKU015,household,grocery,29,18
2026-05-25T06:00:00,1002,SKU001,produce,produce,13,8
2026-05-25T06:00:00,1002,SKU002,produce,produce,17,13
2026-05-25T06:00:00,1002,SKU003,dairy,dairy,15,11
2026-05-25T06:00:00,1002,SKU004,dairy,dairy,21,13
2026-05-25T06:00:00,1002,SKU005,meat,meat,20,9
2026-05-25T06:00:00,1002,SKU006,meat,meat,22,8
2026-05-25T06:00:00,1002,SKU007,bakery,bakery,20,10
2026-05-25T06:00:00,1002,SKU008,bakery,bakery,23,14
2026-05-25T06:00:00,1002,SKU009,beverages,grocery,32,15
2026-05-25T06:00:00,1002,SKU010,beverages,grocery,21,8
2026-05-25T06:00:00,1002,SKU011,frozen,frozen,25,19
2026-05-25T06:00:00,1002,SKU012,frozen,frozen,27,18
2026-05-25T06:00:00,1002,SKU013,grocery,grocery,25,18
2026-05-25T06:00:00,1002,SKU014,grocery,grocery,32,14
2026-05-25T06:00:00,1002,SKU015,household,grocery,33,15
2026-05-25T06:00:00,1003,SKU001,produce,produce,19,10
2026-05-25T06:00:00,1003,SKU002,produce,produce,20,14
2026-05-25T06:00:00,1003,SKU003,dairy,dairy,22,13
2026-05-25T06:00:00,1003,SKU004,dairy,dairy,15,10
2026-05-25T06:00:00,1003,SKU005,meat,meat,16,13
2026-05-25T06:00:00,1003,SKU006,meat,meat,23,11
2026-05-25T06:00:00,1003,SKU007,bakery,bakery,17,11
2026-05-25T06:00:00,1003,SKU008,bakery,bakery,19,14
2026-05-25T06:00:00,1003,SKU009,beverages,grocery,27,14
2026-05-25T06:00:00,1003,SKU010,beverages,grocery,19,12
2026-05-25T06:00:00,1003,SKU011,frozen,frozen,30,17
2026-05-25T06:00:00,1003,SKU012,frozen,frozen,26,19
2026-05-25T06:00:00,1003,SKU013,grocery,grocery,27,20
2026-05-25T06:00:00,1003,SKU014,grocery,grocery,26,15
2026-05-25T06:00:00,1003,SKU015,household,grocery,32,17
2026-05-25T07:00:00,1001,SKU001,produce,produce,11,8
2026-05-25T07:00:00,1001,SKU002,produce,produce,19,14
2026-05-25T07:00:00,1001,SKU003,dairy,dairy,15,14
2026-05-25T07:00:00,1001,SKU004,dairy,dairy,20,8
2026-05-25T07:00:00,1001,SKU005,meat,meat,18,9
2026-05-25T07:00:00,1001,SKU006,meat,meat,17,10
2026-05-25T07:00:00,1001,SKU007,bakery,bakery,21,9
2026-05-25T07:00:00,1001,SKU008,bakery,bakery,21,14
2026-05-25T07:00:00,1001,SKU009,beverages,grocery,25,14
2026-05-25T07:00:00,1001,SKU010,beverages,grocery,16,9
2026-05-25T07:00:00,1001,SKU011,frozen,frozen,27,19
2026-05-25T07:00:00,1001,SKU012,frozen,frozen,24,17
2026-05-25T07:00:00,1001,SKU013,grocery,grocery,32,16
2026-05-25T07:00:00,1001,SKU014,grocery,grocery,31,14
2026-05-25T07:00:00,1001,SKU015,household,grocery,33,19
2026-05-25T07:00:00,1002,SKU001,produce,produce,13,13
2026-05-25T07:00:00,1002,SKU002,produce,produce,21,8
2026-05-25T07:00:00,1002,SKU003,dairy,dairy,19,11
2026-05-25T07:00:00,1002,SKU004,dairy,dairy,14,10
2026-05-25T07:00:00,1002,SKU005,meat,meat,20,12
2026-05-25T07:00:00,1002,SKU006,meat,meat,20,8
2026-05-25T07:00:00,1002,SKU007,bakery,bakery,15,8
2026-05-25T07:00:00,1002,SKU008,bakery,bakery,18,13
2026-05-25T07:00:00,1002,SKU009,beverages,grocery,29,17
2026-05-25T07:00:00,1002,SKU010,beverages,grocery,20,12
2026-05-25T07:00:00,1002,SKU011,frozen,frozen,28,15
2026-05-25T07:00:00,1002,SKU012,frozen,frozen,25,14
2026-05-25T07:00:00,1002,SKU013,grocery,grocery,27,14
2026-05-25T07:00:00,1002,SKU014,grocery,grocery,27,19
2026-05-25T07:00:00,1002,SKU015,household,grocery,28,17
2026-05-25T07:00:00,1003,SKU001,produce,produce,16,10
2026-05-25T07:00:00,1003,SKU002,produce,produce,21,10
2026-05-25T07:00:00,1003,SKU003,dairy,dairy,20,8
2026-05-25T07:00:00,1003,SKU004,dairy,dairy,16,12
2026-05-25T07:00:00,1003,SKU005,meat,meat,20,8
2026-05-25T07:00:00,1003,SKU006,meat,meat,22,8
2026-05-25T07:00:00,1003,SKU007,bakery,bakery,17,9
2026-05-25T07:00:00,1003,SKU008,bakery,bakery,16,10
2026-05-25T07:00:00,1003,SKU009,beverages,grocery,26,19
2026-05-25T07:00:00,1003,SKU010,beverages,grocery,20,8
2026-05-25T07:00:00,1003,SKU011,frozen,frozen,30,14
2026-05-25T07:00:00,1003,SKU012,frozen,frozen,32,20
2026-05-25T07:00:00,1003,SKU013,grocery,grocery,25,14
2026-05-25T07:00:00,1003,SKU014,grocery,grocery,33,19
2026-05-25T07:00:00,1003,SKU015,household,grocery,29,18
2026-05-25T08:00:00,1001,SKU001,produce,produce,12,8
2026-05-25T08:00:00,1001,SKU002,produce,produce,15,14
2026-05-25T08:00:00,1001,SKU003,dairy,dairy,14,10
2026-05-25T08:00:00,1001,SKU004,dairy,dairy,16,14
2026-05-25T08:00:00,1001,SKU005,meat,meat,20,14
2026-05-25T08:00:00,1001,SKU006,meat,meat,16,9
2026-05-25T08:00:00,1001,SKU007,bakery,bakery,20,11
2026-05-25T08:00:00,1001,SKU008,bakery,bakery,21,9
2026-05-25T08:00:00,1001,SKU009,beverages,grocery,25,15
2026-05-25T08:00:00,1001,SKU010,beverages,grocery,19,12
2026-05-25T08:00:00,1001,SKU011,frozen,frozen,32,20
2026-05-25T08:00:00,1001,SKU012,frozen,frozen,25,15
2026-05-25T08:00:00,1001,SKU013,grocery,grocery,26,20
2026-05-25T08:00:00,1001,SKU014,grocery,grocery,32,15
2026-05-25T08:00:00,1001,SKU015,household,grocery,26,17
2026-05-25T08:00:00,1002,SKU001,produce,produce,12,8
2026-05-25T08:00:00,1002,SKU002,produce,produce,13,9
2026-05-25T08:00:00,1002,SKU003,dairy,dairy,18,14
2026-05-25T08:00:00,1002,SKU004,dairy,dairy,18,9
2026-05-25T08:00:00,1002,SKU005,meat,meat,17,11
2026-05-25T08:00:00,1002,SKU006,meat,meat,13,14
2026-05-25T08:00:00,1002,SKU007,bakery,bakery,19,8
2026-05-25T08:00:00,1002,SKU008,bakery,bakery,19,14
2026-05-25T08:00:00,1002,SKU009,beverages,grocery,30,14
2026-05-25T08:00:00,1002,SKU010,beverages,grocery,16,13
2026-05-25T08:00:00,1002,SKU011,frozen,frozen,29,17
2026-05-25T08:00:00,1002,SKU012,frozen,frozen,31,18
2026-05-25T08:00:00,1002,SKU013,grocery,grocery,27,19
2026-05-25T08:00:00,1002,SKU014,grocery,grocery,26,17
2026-05-25T08:00:00,1002,SKU015,household,grocery,33,17
2026-05-25T08:00:00,1003,SKU001,produce,produce,6,9
2026-05-25T08:00:00,1003,SKU002,produce,produce,19,10
2026-05-25T08:00:00,1003,SKU003,dairy,dairy,19,14
2026-05-25T08:00:00,1003,SKU004,dairy,dairy,14,11
2026-05-25T08:00:00,1003,SKU005,meat,meat,13,11
2026-05-25T08:00:00,1003,SKU006,meat,meat,14,12
2026-05-25T08:00:00,1003,SKU007,bakery,bakery,14,13
2026-05-25T08:00:00,1003,SKU008,bakery,bakery,16,14
2026-05-25T08:00:00,1003,SKU009,beverages,grocery,24,16
2026-05-25T08:00:00,1003,SKU010,beverages,grocery,17,11
2026-05-25T08:00:00,1003,SKU011,frozen,frozen,28,17
2026-05-25T08:00:00,1003,SKU012,frozen,frozen,29,16
2026-05-25T08:00:00,1003,SKU013,grocery,grocery,32,18
2026-05-25T08:00:00,1003,SKU014,grocery,grocery,29,16
2026-05-25T08:00:00,1003,SKU015,household,grocery,32,18
2026-05-25T09:00:00,1001,SKU001,produce,produce,8,11
2026-05-25T09:00:00,1001,SKU002,produce,produce,18,13
2026-05-25T09:00:00,1001,SKU003,dairy,dairy,13,11
2026-05-25T09:00:00,1001,SKU004,dairy,dairy,17,8
2026-05-25T09:00:00,1001,SKU005,meat,meat,19,10
2026-05-25T09:00:00,1001,SKU006,meat,meat,20,12
2026-05-25T09:00:00,1001,SKU007,bakery,bakery,13,10
2026-05-25T09:00:00,1001,SKU008,bakery,bakery,17,10
2026-05-25T09:00:00,1001,SKU009,beverages,grocery,27,18
2026-05-25T09:00:00,1001,SKU010,beverages,grocery,21,9
2026-05-25T09:00:00,1001,SKU011,frozen,frozen,29,16
2026-05-25T09:00:00,1001,SKU012,frozen,frozen,26,18
2026-05-25T09:00:00,1001,SKU013,grocery,grocery,27,16
2026-05-25T09:00:00,1001,SKU014,grocery,grocery,28,15
2026-05-25T09:00:00,1001,SKU015,household,grocery,30,18
2026-05-25T09:00:00,1002,SKU001,produce,produce,7,10
2026-05-25T09:00:00,1002,SKU002,produce,produce,14,12
2026-05-25T09:00:00,1002,SKU003,dairy,dairy,17,13
2026-05-25T09:00:00,1002,SKU004,dairy,dairy,15,14
2026-05-25T09:00:00,1002,SKU005,meat,meat,14,14
2026-05-25T09:00:00,1002,SKU006,meat,meat,16,9
2026-05-25T09:00:00,1002,SKU007,bakery,bakery,17,13
2026-05-25T09:00:00,1002,SKU008,bakery,bakery,21,12
2026-05-25T09:00:00,1002,SKU009,beverages,grocery,28,15
2026-05-25T09:00:00,1002,SKU010,beverages,grocery,20,12
2026-05-25T09:00:00,1002,SKU011,frozen,frozen,32,15
2026-05-25T09:00:00,1002,SKU012,frozen,frozen,24,19
2026-05-25T09:00:00,1002,SKU013,grocery,grocery,28,19
2026-05-25T09:00:00,1002,SKU014,grocery,grocery,27,15
2026-05-25T09:00:00,1002,SKU015,household,grocery,30,15
2026-05-25T09:00:00,1003,SKU001,produce,produce,8,10
2026-05-25T09:00:00,1003,SKU002,produce,produce,13,11
2026-05-25T09:00:00,1003,SKU003,dairy,dairy,18,13
2026-05-25T09:00:00,1003,SKU004,dairy,dairy,16,12
2026-05-25T09:00:00,1003,SKU005,meat,meat,19,12
2026-05-25T09:00:00,1003,SKU006,meat,meat,17,9
2026-05-25T09:00:00,1003,SKU007,bakery,bakery,16,12
2026-05-25T09:00:00,1003,SKU008,bakery,bakery,14,10
2026-05-25T09:00:00,1003,SKU009,beverages,grocery,24,17
2026-05-25T09:00:00,1003,SKU010,beverages,grocery,21,11
2026-05-25T09:00:00,1003,SKU011,frozen,frozen,24,14
2026-05-25T09:00:00,1003,SKU012,frozen,frozen,26,20
2026-05-25T09:00:00,1003,SKU013,grocery,grocery,28,17
2026-05-25T09:00:00,1003,SKU014,grocery,grocery,31,18
2026-05-25T09:00:00,1003,SKU015,household,grocery,29,18
2026-05-25T10:00:00,1001,SKU001,produce,produce,3,9
2026-05-25T10:00:00,1001,SKU002,produce,produce,12,8
2026-05-25T10:00:00,1001,SKU003,dairy,dairy,16,13
2026-05-25T10:00:00,1001,SKU004,dairy,dairy,18,12
2026-05-25T10:00:00,1001,SKU005,meat,meat,12,11
2026-05-25T10:00:00,1001,SKU006,meat,meat,18,11
2026-05-25T10:00:00,1001,SKU007,bakery,bakery,16,8
2026-05-25T10:00:00,1001,SKU008,bakery,bakery,15,9
2026-05-25T10:00:00,1001,SKU009,beverages,grocery,23,16
2026-05-25T10:00:00,1001,SKU010,beverages,grocery,12,8
2026-05-25T10:00:00,1001,SKU011,frozen,frozen,24,16
2026-05-25T10:00:00,1001,SKU012,frozen,frozen,24,18
2026-05-25T10:00:00,1001,SKU013,grocery,grocery,31,16
2026-05-25T10:00:00,1001,SKU014,grocery,grocery,25,20
2026-05-25T10:00:00,1001,SKU015,household,grocery,25,19
2026-05-25T10:00:00,1002,SKU001,produce,produce,3,9
2026-05-25T10:00:00,1002,SKU002,produce,produce,8,13
2026-05-25T10:00:00,1002,SKU003,dairy,dairy,10,8
2026-05-25T10:00:00,1002,SKU004,dairy,dairy,12,10
2026-05-25T10:00:00,1002,SKU005,meat,meat,15,10
2026-05-25T10:00:00,1002,SKU006,meat,meat,18,9
2026-05-25T10:00:00,1002,SKU007,bakery,bakery,14,9
2026-05-25T10:00:00,1002,SKU008,bakery,bakery,17,12
2026-05-25T10:00:00,1002,SKU009,beverages,grocery,27,20
2026-05-25T10:00:00,1002,SKU010,beverages,grocery,15,9
2026-05-25T10:00:00,1002,SKU011,frozen,frozen,23,18
2026-05-25T10:00:00,1002,SKU012,frozen,frozen,28,20
2026-05-25T10:00:00,1002,SKU013,grocery,grocery,26,15
2026-05-25T10:00:00,1002,SKU014,grocery,grocery,29,15
2026-05-25T10:00:00,1002,SKU015,household,grocery,32,18
2026-05-25T10:00:00,1003,SKU001,produce,produce,0,9
2026-05-25T10:00:00,1003,SKU002,produce,produce,9,12
2026-05-25T10:00:00,1003,SKU003,dairy,dairy,14,14
2026-05-25T10:00:00,1003,SKU004,dairy,dairy,18,8
2026-05-25T10:00:00,1003,SKU005,meat,meat,12,9
2026-05-25T10:00:00,1003,SKU006,meat,meat,18,9
2026-05-25T10:00:00,1003,SKU007,bakery,bakery,14,11
2026-05-25T10:00:00,1003,SKU008,bakery,bakery,15,9
2026-05-25T10:00:00,1003,SKU009,beverages,grocery,25,16
2026-05-25T10:00:00,1003,SKU010,beverages,grocery,13,8
2026-05-25T10:00:00,1003,SKU011,frozen,frozen,26,19
2026-05-25T10:00:00,1003,SKU012,frozen,frozen,27,17
2026-05-25T10:00:00,1003,SKU013,grocery,grocery,29,17
2026-05-25T10:00:00,1003,SKU014,grocery,grocery,26,15
2026-05-25T10:00:00,1003,SKU015,household,grocery,25,20
2026-05-25T11:00:00,1001,SKU001,produce,produce,0,11
2026-05-25T11:00:00,1001,SKU002,produce,produce,14,11
2026-05-25T11:00:00,1001,SKU003,dairy,dairy,10,13
2026-05-25T11:00:00,1001,SKU004,dairy,dairy,16,14
2026-05-25T11:00:00,1001,SKU005,meat,meat,16,8
2026-05-25T11:00:00,1001,SKU006,meat,meat,19,14
2026-05-25T11:00:00,1001,SKU007,bakery,bakery,14,9
2026-05-25T11:00:00,1001,SKU008,bakery,bakery,19,11
2026-05-25T11:00:00,1001,SKU009,beverages,grocery,30,16
2026-05-25T11:00:00,1001,SKU010,beverages,grocery,16,8
2026-05-25T11:00:00,1001,SKU011,frozen,frozen,30,18
2026-05-25T11:00:00,1001,SKU012,frozen,frozen,28,20
2026-05-25T11:00:00,1001,SKU013,grocery,grocery,30,18
2026-05-25T11:00:00,1001,SKU014,grocery,grocery,26,16
2026-05-25T11:00:00,1001,SKU015,household,grocery,26,19
2026-05-25T11:00:00,1002,SKU001,produce,produce,0,12
2026-05-25T11:00:00,1002,SKU002,produce,produce,13,9
2026-05-25T11:00:00,1002,SKU003,dairy,dairy,14,9
2026-05-25T11:00:00,1002,SKU004,dairy,dairy,13,10
2026-05-25T11:00:00,1002,SKU005,meat,meat,15,11
2026-05-25T11:00:00,1002,SKU006,meat,meat,15,9
2026-05-25T11:00:00,1002,SKU007,bakery,bakery,14,9
2026-05-25T11:00:00,1002,SKU008,bakery,bakery,18,12
2026-05-25T11:00:00,1002,SKU009,beverages,grocery,29,14
2026-05-25T11:00:00,1002,SKU010,beverages,grocery,14,13
2026-05-25T11:00:00,1002,SKU011,frozen,frozen,24,17
2026-05-25T11:00:00,1002,SKU012,frozen,frozen,22,17
2026-05-25T11:00:00,1002,SKU013,grocery,grocery,28,16
2026-05-25T11:00:00,1002,SKU014,grocery,grocery,29,14
2026-05-25T11:00:00,1002,SKU015,household,grocery,31,17
2026-05-25T11:00:00,1003,SKU001,produce,produce,0,11
2026-05-25T11:00:00,1003,SKU002,produce,produce,8,11
2026-05-25T11:00:00,1003,SKU003,dairy,dairy,12,10
2026-05-25T11:00:00,1003,SKU004,dairy,dairy,13,10
2026-05-25T11:00:00,1003,SKU005,meat,meat,15,10
2026-05-25T11:00:00,1003,SKU006,meat,meat,18,9
2026-05-25T11:00:00,1003,SKU007,bakery,bakery,12,9
2026-05-25T11:00:00,1003,SKU008,bakery,bakery,20,12
2026-05-25T11:00:00,1003,SKU009,beverages,grocery,30,20
2026-05-25T11:00:00,1003,SKU010,beverages,grocery,14,14
2026-05-25T11:00:00,1003,SKU011,frozen,frozen,23,17
2026-05-25T11:00:00,1003,SKU012,frozen,frozen,27,14
2026-05-25T11:00:00,1003,SKU013,grocery,grocery,26,14
2026-05-25T11:00:00,1003,SKU014,grocery,grocery,25,14
2026-05-25T11:00:00,1003,SKU015,household,grocery,32,14
2026-05-25T12:00:00,1001,SKU001,produce,produce,0,8
2026-05-25T12:00:00,1001,SKU002,produce,produce,14,10
2026-05-25T12:00:00,1001,SKU003,dairy,dairy,14,9
2026-05-25T12:00:00,1001,SKU004,dairy,dairy,13,9
2026-05-25T12:00:00,1001,SKU005,meat,meat,15,10
2026-05-25T12:00:00,1001,SKU006,meat,meat,12,9
2026-05-25T12:00:00,1001,SKU007,bakery,bakery,16,10
2026-05-25T12:00:00,1001,SKU008,bakery,bakery,13,12
2026-05-25T12:00:00,1001,SKU009,beverages,grocery,22,15
2026-05-25T12:00:00,1001,SKU010,beverages,grocery,12,12
2026-05-25T12:00:00,1001,SKU011,frozen,frozen,22,18
2026-05-25T12:00:00,1001,SKU012,frozen,frozen,24,16
2026-05-25T12:00:00,1001,SKU013,grocery,grocery,30,17
2026-05-25T12:00:00,1001,SKU014,grocery,grocery,29,15
2026-05-25T12:00:00,1001,SKU015,household,grocery,27,14
2026-05-25T12:00:00,1002,SKU001,produce,produce,0,12
2026-05-25T12:00:00,1002,SKU002,produce,produce,7,8
2026-05-25T12:00:00,1002,SKU003,dairy,dairy,8,10
2026-05-25T12:00:00,1002,SKU004,dairy,dairy,11,12
2026-05-25T12:00:00,1002,SKU005,meat,meat,10,14
2026-05-25T12:00:00,1002,SKU006,meat,meat,17,12
2026-05-25T12:00:00,1002,SKU007,bakery,bakery,15,13
2026-05-25T12:00:00,1002,SKU008,bakery,bakery,13,9
2026-05-25T12:00:00,1002,SKU009,beverages,grocery,29,15
2026-05-25T12:00:00,1002,SKU010,beverages,grocery,14,14
2026-05-25T12:00:00,1002,SKU011,frozen,frozen,22,16
2026-05-25T12:00:00,1002,SKU012,frozen,frozen,24,20
2026-05-25T12:00:00,1002,SKU013,grocery,grocery,26,18
2026-05-25T12:00:00,1002,SKU014,grocery,grocery,23,18
2026-05-25T12:00:00,1002,SKU015,household,grocery,32,14
2026-05-25T12:00:00,1003,SKU001,produce,produce,0,9
2026-05-25T12:00:00,1003,SKU002,produce,produce,8,8
2026-05-25T12:00:00,1003,SKU003,dairy,dairy,14,9
2026-05-25T12:00:00,1003,SKU004,dairy,dairy,11,9
2026-05-25T12:00:00,1003,SKU005,meat,meat,14,12
2026-05-25T12:00:00,1003,SKU006,meat,meat,14,11
2026-05-25T12:00:00,1003,SKU007,bakery,bakery,13,11
2026-05-25T12:00:00,1003,SKU008,bakery,bakery,13,13
2026-05-25T12:00:00,1003,SKU009,beverages,grocery,22,19
2026-05-25T12:00:00,1003,SKU010,beverages,grocery,14,9
2026-05-25T12:00:00,1003,SKU011,frozen,frozen,22,14
2026-05-25T12:00:00,1003,SKU012,frozen,frozen,28,15
2026-05-25T12:00:00,1003,SKU013,grocery,grocery,22,16
2026-05-25T12:00:00,1003,SKU014,grocery,grocery,30,18
2026-05-25T12:00:00,1003,SKU015,household,grocery,31,19
2026-05-25T13:00:00,1001,SKU001,produce,produce,0,12
2026-05-25T13:00:00,1001,SKU002,produce,produce,12,13
2026-05-25T13:00:00,1001,SKU003,dairy,dairy,12,12
2026-05-25T13:00:00,1001,SKU004,dairy,dairy,15,13
2026-05-25T13:00:00,1001,SKU005,meat,meat,16,10
2026-05-25T13:00:00,1001,SKU006,meat,meat,15,14
2026-05-25T13:00:00,1001,SKU007,bakery,bakery,13,12
2026-05-25T13:00:00,1001,SKU008,bakery,bakery,17,9
2026-05-25T13:00:00,1001,SKU009,beverages,grocery,28,20
2026-05-25T13:00:00,1001,SKU010,beverages,grocery,17,9
2026-05-25T13:00:00,1001,SKU011,frozen,frozen,22,15
2026-05-25T13:00:00,1001,SKU012,frozen,frozen,22,18
2026-05-25T13:00:00,1001,SKU013,grocery,grocery,27,20
2026-05-25T13:00:00,1001,SKU014,grocery,grocery,26,14
2026-05-25T13:00:00,1001,SKU015,household,grocery,30,17
2026-05-25T13:00:00,1002,SKU001,produce,produce,0,10
2026-05-25T13:00:00,1002,SKU002,produce,produce,9,8
2026-05-25T13:00:00,1002,SKU003,dairy,dairy,11,11
2026-05-25T13:00:00,1002,SKU004,dairy,dairy,11,14
2026-05-25T13:00:00,1002,SKU005,meat,meat,8,9
2026-05-25T13:00:00,1002,SKU006,meat,meat,15,14
2026-05-25T13:00:00,1002,SKU007,bakery,bakery,11,11
2026-05-25T13:00:00,1002,SKU008,bakery,bakery,13,13
2026-05-25T13:00:00,1002,SKU009,beverages,grocery,24,17
2026-05-25T13:00:00,1002,SKU010,beverages,grocery,13,9
2026-05-25T13:00:00,1002,SKU011,frozen,frozen,22,15
2026-05-25T13:00:00,1002,SKU012,frozen,frozen,28,16
2026-05-25T13:00:00,1002,SKU013,grocery,grocery,29,17
2026-05-25T13:00:00,1002,SKU014,grocery,grocery,29,19
2026-05-25T13:00:00,1002,SKU015,household,grocery,31,16
2026-05-25T13:00:00,1003,SKU001,produce,produce,0,11
2026-05-25T13:00:00,1003,SKU002,produce,produce,6,11
2026-05-25T13:00:00,1003,SKU003,dairy,dairy,6,9
2026-05-25T13:00:00,1003,SKU004,dairy,dairy,10,13
2026-05-25T13:00:00,1003,SKU005,meat,meat,9,10
2026-05-25T13:00:00,1003,SKU006,meat,meat,14,8
2026-05-25T13:00:00,1003,SKU007,bakery,bakery,14,11
2026-05-25T13:00:00,1003,SKU008,bakery,bakery,17,13
2026-05-25T13:00:00,1003,SKU009,beverages,grocery,26,14
2026-05-25T13:00:00,1003,SKU010,beverages,grocery,14,10
2026-05-25T13:00:00,1003,SKU011,frozen,frozen,30,18
2026-05-25T13:00:00,1003,SKU012,frozen,frozen,28,14
2026-05-25T13:00:00,1003,SKU013,grocery,grocery,29,14
2026-05-25T13:00:00,1003,SKU014,grocery,grocery,27,16
2026-05-25T13:00:00,1003,SKU015,household,grocery,27,16
2026-05-25T14:00:00,1001,SKU001,produce,produce,0,9
2026-05-25T14:00:00,1001,SKU002,produce,produce,3,8
2026-05-25T14:00:00,1001,SKU003,dairy,dairy,7,13
2026-05-25T14:00:00,1001,SKU004,dairy,dairy,15,10
2026-05-25T14:00:00,1001,SKU005,meat,meat,7,8
2026-05-25T14:00:00,1001,SKU006,meat,meat,17,9
2026-05-25T14:00:00,1001,SKU007,bakery,bakery,16,10
2026-05-25T14:00:00,1001,SKU008,bakery,bakery,10,11
2026-05-25T14:00:00,1001,SKU009,beverages,grocery,26,16
2026-05-25T14:00:00,1001,SKU010,beverages,grocery,16,10
2026-05-25T14:00:00,1001,SKU011,frozen,frozen,26,16
2026-05-25T14:00:00,1001,SKU012,frozen,frozen,26,14
2026-05-25T14:00:00,1001,SKU013,grocery,grocery,29,18
2026-05-25T14:00:00,1001,SKU014,grocery,grocery,23,17
2026-05-25T14:00:00,1001,SKU015,household,grocery,30,17
2026-05-25T14:00:00,1002,SKU001,produce,produce,0,8
2026-05-25T14:00:00,1002,SKU002,produce,produce,11,13
2026-05-25T14:00:00,1002,SKU003,dairy,dairy,13,8
2026-05-25T14:00:00,1002,SKU004,dairy,dairy,9,14
2026-05-25T14:00:00,1002,SKU005,meat,meat,13,10
2026-05-25T14:00:00,1002,SKU006,meat,meat,16,13
2026-05-25T14:00:00,1002,SKU007,bakery,bakery,12,9
2026-05-25T14:00:00,1002,SKU008,bakery,bakery,12,14
2026-05-25T14:00:00,1002,SKU009,beverages,grocery,23,14
2026-05-25T14:00:00,1002,SKU010,beverages,grocery,15,10
2026-05-25T14:00:00,1002,SKU011,frozen,frozen,27,15
2026-05-25T14:00:00,1002,SKU012,frozen,frozen,21,14
2026-05-25T14:00:00,1002,SKU013,grocery,grocery,25,14
2026-05-25T14:00:00,1002,SKU014,grocery,grocery,24,15
2026-05-25T14:00:00,1002,SKU015,household,grocery,29,18
2026-05-25T14:00:00,1003,SKU001,produce,produce,0,11
2026-05-25T14:00:00,1003,SKU002,produce,produce,5,11
2026-05-25T14:00:00,1003,SKU003,dairy,dairy,13,12
2026-05-25T14:00:00,1003,SKU004,dairy,dairy,11,9
2026-05-25T14:00:00,1003,SKU005,meat,meat,7,8
2026-05-25T14:00:00,1003,SKU006,meat,meat,11,14
2026-05-25T14:00:00,1003,SKU007,bakery,bakery,8,10
2026-05-25T14:00:00,1003,SKU008,bakery,bakery,17,14
2026-05-25T14:00:00,1003,SKU009,beverages,grocery,21,15
2026-05-25T14:00:00,1003,SKU010,beverages,grocery,16,9
2026-05-25T14:00:00,1003,SKU011,frozen,frozen,28,14
2026-05-25T14:00:00,1003,SKU012,frozen,frozen,22,19
2026-05-25T14:00:00,1003,SKU013,grocery,grocery,28,20
2026-05-25T14:00:00,1003,SKU014,grocery,grocery,27,18
2026-05-25T14:00:00,1003,SKU015,household,grocery,28,20
2026-05-25T15:00:00,1001,SKU001,produce,produce,0,10
2026-05-25T15:00:00,1001,SKU002,produce,produce,9,12
2026-05-25T15:00:00,1001,SKU003,dairy,dairy,9,13
2026-05-25T15:00:00,1001,SKU004,dairy,dairy,11,12
2026-05-25T15:00:00,1001,SKU005,meat,meat,8,13
2026-05-25T15:00:00,1001,SKU006,meat,meat,16,13
2026-05-25T15:00:00,1001,SKU007,bakery,bakery,11,14
2026-05-25T15:00:00,1001,SKU008,bakery,bakery,13,9
2026-05-25T15:00:00,1001,SKU009,beverages,grocery,19,17
2026-05-25T15:00:00,1001,SKU010,beverages,grocery,15,10
2026-05-25T15:00:00,1001,SKU011,frozen,frozen,26,18
2026-05-25T15:00:00,1001,SKU012,frozen,frozen,24,17
2026-05-25T15:00:00,1001,SKU013,grocery,grocery,27,14
2026-05-25T15:00:00,1001,SKU014,grocery,grocery,25,20
2026-05-25T15:00:00,1001,SKU015,household,grocery,27,14
2026-05-25T15:00:00,1002,SKU001,produce,produce,0,12
2026-05-25T15:00:00,1002,SKU002,produce,produce,4,14
2026-05-25T15:00:00,1002,SKU003,dairy,dairy,7,9
2026-05-25T15:00:00,1002,SKU004,dairy,dairy,13,9
2026-05-25T15:00:00,1002,SKU005,meat,meat,7,13
2026-05-25T15:00:00,1002,SKU006,meat,meat,16,12
2026-05-25T15:00:00,1002,SKU007,bakery,bakery,12,11
2026-05-25T15:00:00,1002,SKU008,bakery,bakery,16,11
2026-05-25T15:00:00,1002,SKU009,beverages,grocery,24,16
2026-05-25T15:00:00,1002,SKU010,beverages,grocery,9,9
2026-05-25T15:00:00,1002,SKU011,frozen,frozen,23,18
2026-05-25T15:00:00,1002,SKU012,frozen,frozen,27,19
2026-05-25T15:00:00,1002,SKU013,grocery,grocery,22,20
2026-05-25T15:00:00,1002,SKU014,grocery,grocery,26,14
2026-05-25T15:00:00,1002,SKU015,household,grocery,29,17
2026-05-25T15:00:00,1003,SKU001,produce,produce,0,9
2026-05-25T15:00:00,1003,SKU002,produce,produce,7,11
2026-05-25T15:00:00,1003,SKU003,dairy,dairy,4,10
2026-05-25T15:00:00,1003,SKU004,dairy,dairy,11,8
2026-05-25T15:00:00,1003,SKU005,meat,meat,10,9
2026-05-25T15:00:00,1003,SKU006,meat,meat,15,11
2026-05-25T15:00:00,1003,SKU007,bakery,bakery,13,12
2026-05-25T15:00:00,1003,SKU008,bakery,bakery,13,11
2026-05-25T15:00:00,1003,SKU009,beverages,grocery,25,20
2026-05-25T15:00:00,1003,SKU010,beverages,grocery,11,10
2026-05-25T15:00:00,1003,SKU011,frozen,frozen,24,18
2026-05-25T15:00:00,1003,SKU012,frozen,frozen,22,16
2026-05-25T15:00:00,1003,SKU013,grocery,grocery,23,18
2026-05-25T15:00:00,1003,SKU014,grocery,grocery,26,18
2026-05-25T15:00:00,1003,SKU015,household,grocery,29,20
2026-05-25T16:00:00,1001,SKU001,produce,produce,0,8
2026-05-25T16:00:00,1001,SKU002,produce,produce,1,8
2026-05-25T16:00:00,1001,SKU003,dairy,dairy,2,9
2026-05-25T16:00:00,1001,SKU004,dairy,dairy,13,11
2026-05-25T16:00:00,1001,SKU005,meat,meat,12,8
2026-05-25T16:00:00,1001,SKU006,meat,meat,9,8
2026-05-25T16:00:00,1001,SKU007,bakery,bakery,6,11
2026-05-25T16:00:00,1001,SKU008,bakery,bakery,11,8
2026-05-25T16:00:00,1001,SKU009,beverages,grocery,21,16
2026-05-25T16:00:00,1001,SKU010,beverages,grocery,13,13
2026-05-25T16:00:00,1001,SKU011,frozen,frozen,25,19
2026-05-25T16:00:00,1001,SKU012,frozen,frozen,21,14
2026-05-25T16:00:00,1001,SKU013,grocery,grocery,22,16
2026-05-25T16:00:00,1001,SKU014,grocery,grocery,26,14
2026-05-25T16:00:00,1001,SKU015,household,grocery,23,18
2026-05-25T16:00:00,1002,SKU001,produce,produce,0,8
2026-05-25T16:00:00,1002,SKU002,produce,produce,0,14
2026-05-25T16:00:00,1002,SKU003,dairy,dairy,5,14
2026-05-25T16:00:00,1002,SKU004,dairy,dairy,7,11
2026-05-25T16:00:00,1002,SKU005,meat,meat,12,8
2026-05-25T16:00:00,1002,SKU006,meat,meat,11,12
2026-05-25T16:00:00,1002,SKU007,bakery,bakery,10,12
2026-05-25T16:00:00,1002,SKU008,bakery,bakery,17,8
2026-05-25T16:00:00,1002,SKU009,beverages,grocery,23,15
2026-05-25T16:00:00,1002,SKU010,beverages,grocery,9,11
2026-05-25T16:00:00,1002,SKU011,frozen,frozen,24,15
2026-05-25T16:00:00,1002,SKU012,frozen,frozen,28,14
2026-05-25T16:00:00,1002,SKU013,grocery,grocery,27,18
2026-05-25T16:00:00,1002,SKU014,grocery,grocery,24,19
2026-05-25T16:00:00,1002,SKU015,household,grocery,27,14
2026-05-25T16:00:00,1003,SKU001,produce,produce,0,14
2026-05-25T16:00:00,1003,SKU002,produce,produce,5,13
2026-05-25T16:00:00,1003,SKU003,dairy,dairy,4,13
2026-05-25T16:00:00,1003,SKU004,dairy,dairy,12,14
2026-05-25T16:00:00,1003,SKU005,meat,meat,12,10
2026-05-25T16:00:00,1003,SKU006,meat,meat,15,10
2026-05-25T16:00:00,1003,SKU007,bakery,bakery,10,13
2026-05-25T16:00:00,1003,SKU008,bakery,bakery,15,11
2026-05-25T16:00:00,1003,SKU009,beverages,grocery,22,20
2026-05-25T16:00:00,1003,SKU010,beverages,grocery,12,13
2026-05-25T16:00:00,1003,SKU011,frozen,frozen,25,15
2026-05-25T16:00:00,1003,SKU012,frozen,frozen,23,17
2026-05-25T16:00:00,1003,SKU013,grocery,grocery,22,19
2026-05-25T16:00:00,1003,SKU014,grocery,grocery,23,14
2026-05-25T16:00:00,1003,SKU015,household,grocery,24,14
2026-05-25T17:00:00,1001,SKU001,produce,produce,0,9
2026-05-25T17:00:00,1001,SKU002,produce,produce,0,11
2026-05-25T17:00:00,1001,SKU003,dairy,dairy,3,9
2026-05-25T17:00:00,1001,SKU004,dairy,dairy,5,10
2026-05-25T17:00:00,1001,SKU005,meat,meat,10,13
2026-05-25T17:00:00,1001,SKU006,meat,meat,11,12
2026-05-25T17:00:00,1001,SKU007,bakery,bakery,8,13
2026-05-25T17:00:00,1001,SKU008,bakery,bakery,15,11
2026-05-25T17:00:00,1001,SKU009,beverages,grocery,24,14
2026-05-25T17:00:00,1001,SKU010,beverages,grocery,15,13
2026-05-25T17:00:00,1001,SKU011,frozen,frozen,24,19
2026-05-25T17:00:00,1001,SKU012,frozen,frozen,22,17
2026-05-25T17:00:00,1001,SKU013,grocery,grocery,20,16
2026-05-25T17:00:00,1001,SKU014,grocery,grocery,22,17
2026-05-25T17:00:00,1001,SKU015,household,grocery,26,16
2026-05-25T17:00:00,1002,SKU001,produce,produce,0,8
2026-05-25T17:00:00,1002,SKU002,produce,produce,0,14
2026-05-25T17:00:00,1002,SKU003,dairy,dairy,5,11
2026-05-25T17:00:00,1002,SKU004,dairy,dairy,6,14
2026-05-25T17:00:00,1002,SKU005,meat,meat,12,11
2026-05-25T17:00:00,1002,SKU006,meat,meat,12,14
2026-05-25T17:00:00,1002,SKU007,bakery,bakery,10,11
2026-05-25T17:00:00,1002,SKU008,bakery,bakery,10,14
2026-05-25T17:00:00,1002,SKU009,beverages,grocery,23,19
2026-05-25T17:00:00,1002,SKU010,beverages,grocery,13,13
2026-05-25T17:00:00,1002,SKU011,frozen,frozen,25,20
2026-05-25T17:00:00,1002,SKU012,frozen,frozen,21,14
2026-05-25T17:00:00,1002,SKU013,grocery,grocery,22,16
2026-05-25T17:00:00,1002,SKU014,grocery,grocery,26,14
2026-05-25T17:00:00,1002,SKU015,household,grocery,30,16
2026-05-25T17:00:00,1003,SKU001,produce,produce,0,8
2026-05-25T17:00:00,1003,SKU002,produce,produce,1,9
2026-05-25T17:00:00,1003,SKU003,dairy,dairy,9,12
2026-05-25T17:00:00,1003,SKU004,dairy,dairy,11,10
2026-05-25T17:00:00,1003,SKU005,meat,meat,8,13
2026-05-25T17:00:00,1003,SKU006,meat,meat,8,11
2026-05-25T17:00:00,1003,SKU007,bakery,bakery,5,14
2026-05-25T17:00:00,1003,SKU008,bakery,bakery,8,13
2026-05-25T17:00:00,1003,SKU009,beverages,grocery,23,19
2026-05-25T17:00:00,1003,SKU010,beverages,grocery,12,14
2026-05-25T17:00:00,1003,SKU011,frozen,frozen,25,16
2026-05-25T17:00:00,1003,SKU012,frozen,frozen,19,14
2026-05-25T17:00:00,1003,SKU013,grocery,grocery,27,20
2026-05-25T17:00:00,1003,SKU014,grocery,grocery,28,15
2026-05-25T17:00:00,1003,SKU015,household,grocery,26,15
2026-05-25T18:00:00,1001,SKU001,produce,produce,0,13
2026-05-25T18:00:00,1001,SKU002,produce,produce,5,10
2026-05-25T18:00:00,1001,SKU003,dairy,dairy,8,11
2026-05-25T18:00:00,1001,SKU004,dairy,dairy,11,12
2026-05-25T18:00:00,1001,SKU005,meat,meat,7,11
2026-05-25T18:00:00,1001,SKU006,meat,meat,5,11
2026-05-25T18:00:00,1001,SKU007,bakery,bakery,13,10
2026-05-25T18:00:00,1001,SKU008,bakery,bakery,16,14
2026-05-25T18:00:00,1001,SKU009,beverages,grocery,24,14
2026-05-25T18:00:00,1001,SKU010,beverages,grocery,10,10
2026-05-25T18:00:00,1001,SKU011,frozen,frozen,19,17
2026-05-25T18:00:00,1001,SKU012,frozen,frozen,20,17
2026-05-25T18:00:00,1001,SKU013,grocery,grocery,26,17
2026-05-25T18:00:00,1001,SKU014,grocery,grocery,23,16
2026-05-25T18:00:00,1001,SKU015,household,grocery,25,17
2026-05-25T18:00:00,1002,SKU001,produce,produce,0,10
2026-05-25T18:00:00,1002,SKU002,produce,produce,0,14
2026-05-25T18:00:00,1002,SKU003,dairy,dairy,3,13
2026-05-25T18:00:00,1002,SKU004,dairy,dairy,7,11
2026-05-25T18:00:00,1002,SKU005,meat,meat,8,8
2026-05-25T18:00:00,1002,SKU006,meat,meat,13,9
2026-05-25T18:00:00,1002,SKU007,bakery,bakery,5,9
2026-05-25T18:00:00,1002,SKU008,bakery,bakery,15,9
2026-05-25T18:00:00,1002,SKU009,beverages,grocery,23,14
2026-05-25T18:00:00,1002,SKU010,beverages,grocery,12,8
2026-05-25T18:00:00,1002,SKU011,frozen,frozen,20,20
2026-05-25T18:00:00,1002,SKU012,frozen,frozen,23,18
2026-05-25T18:00:00,1002,SKU013,grocery,grocery,28,17
2026-05-25T18:00:00,1002,SKU014,grocery,grocery,20,18
2026-05-25T18:00:00,1002,SKU015,household,grocery,26,20
2026-05-25T18:00:00,1003,SKU001,produce,produce,0,11
2026-05-25T18:00:00,1003,SKU002,produce,produce,0,12
2026-05-25T18:00:00,1003,SKU003,dairy,dairy,8,10
2026-05-25T18:00:00,1003,SKU004,dairy,dairy,4,14
2026-05-25T18:00:00,1003,SKU005,meat,meat,7,11
2026-05-25T18:00:00,1003,SKU006,meat,meat,13,13
2026-05-25T18:00:00,1003,SKU007,bakery,bakery,10,9
2026-05-25T18:00:00,1003,SKU008,bakery,bakery,16,13
2026-05-25T18:00:00,1003,SKU009,beverages,grocery,20,14
2026-05-25T18:00:00,1003,SKU010,beverages,grocery,12,8
2026-05-25T18:00:00,1003,SKU011,frozen,frozen,24,19
2026-05-25T18:00:00,1003,SKU012,frozen,frozen,22,17
2026-05-25T18:00:00,1003,SKU013,grocery,grocery,20,14
2026-05-25T18:00:00,1003,SKU014,grocery,grocery,22,19
2026-05-25T18:00:00,1003,SKU015,household,grocery,26,15
2026-05-25T19:00:00,1001,SKU001,produce,produce,0,13
2026-05-25T19:00:00,1001,SKU002,produce,produce,0,11
2026-05-25T19:00:00,1001,SKU003,dairy,dairy,1,11
2026-05-25T19:00:00,1001,SKU004,dairy,dairy,5,13
2026-05-25T19:00:00,1001,SKU005,meat,meat,5,10
2026-05-25T19:00:00,1001,SKU006,meat,meat,6,14
2026-05-25T19:00:00,1001,SKU007,bakery,bakery,8,10
2026-05-25T19:00:00,1001,SKU008,bakery,bakery,15,13
2026-05-25T19:00:00,1001,SKU009,beverages,grocery,25,19
2026-05-25T19:00:00,1001,SKU010,beverages,grocery,7,8
2026-05-25T19:00:00,1001,SKU011,frozen,frozen,21,20
2026-05-25T19:00:00,1001,SKU012,frozen,frozen,19,20
2026-05-25T19:00:00,1001,SKU013,grocery,grocery,19,15
2026-05-25T19:00:00,1001,SKU014,grocery,grocery,21,20
2026-05-25T19:00:00,1001,SKU015,household,grocery,26,15
2026-05-25T19:00:00,1002,SKU001,produce,produce,0,14
2026-05-25T19:00:00,1002,SKU002,produce,produce,3,10
2026-05-25T19:00:00,1002,SKU003,dairy,dairy,0,12
2026-05-25T19:00:00,1002,SKU004,dairy,dairy,10,11
2026-05-25T19:00:00,1002,SKU005,meat,meat,11,8
2026-05-25T19:00:00,1002,SKU006,meat,meat,12,13
2026-05-25T19:00:00,1002,SKU007,bakery,bakery,8,14
2026-05-25T19:00:00,1002,SKU008,bakery,bakery,8,10
2026-05-25T19:00:00,1002,SKU009,beverages,grocery,18,16
2026-05-25T19:00:00,1002,SKU010,beverages,grocery,8,11
2026-05-25T19:00:00,1002,SKU011,frozen,frozen,22,18
2026-05-25T19:00:00,1002,SKU012,frozen,frozen,22,19
2026-05-25T19:00:00,1002,SKU013,grocery,grocery,19,18
2026-05-25T19:00:00,1002,SKU014,grocery,grocery,21,14
2026-05-25T19:00:00,1002,SKU015,household,grocery,24,15
2026-05-25T19:00:00,1003,SKU001,produce,produce,0,9
2026-05-25T19:00:00,1003,SKU002,produce,produce,4,14
2026-05-25T19:00:00,1003,SKU003,dairy,dairy,7,9
2026-05-25T19:00:00,1003,SKU004,dairy,dairy,9,14
2026-05-25T19:00:00,1003,SKU005,meat,meat,8,8
2026-05-25T19:00:00,1003,SKU006,meat,meat,10,14
2026-05-25T19:00:00,1003,SKU007,bakery,bakery,10,14
2026-05-25T19:00:00,1003,SKU008,bakery,bakery,13,8
2026-05-25T19:00:00,1003,SKU009,beverages,grocery,25,20
2026-05-25T19:00:00,1003,SKU010,beverages,grocery,12,9
2026-05-25T19:00:00,1003,SKU011,frozen,frozen,21,15
2026-05-25T19:00:00,1003,SKU012,frozen,frozen,25,20
2026-05-25T19:00:00,1003,SKU013,grocery,grocery,20,19
2026-05-25T19:00:00,1003,SKU014,grocery,grocery,23,20
2026-05-25T19:00:00,1003,SKU015,household,grocery,29,18
2026-05-25T20:00:00,1001,SKU001,produce,produce,0,11
2026-05-25T20:00:00,1001,SKU002,produce,produce,0,13
2026-05-25T20:00:00,1001,SKU003,dairy,dairy,3,9
2026-05-25T20:00:00,1001,SKU004,dairy,dairy,1,8
2026-05-25T20:00:00,1001,SKU005,meat,meat,9,9
2026-05-25T20:00:00,1001,SKU006,meat,meat,4,12
2026-05-25T20:00:00,1001,SKU007,bakery,bakery,8,8
2026-05-25T20:00:00,1001,SKU008,bakery,bakery,12,13
2026-05-25T20:00:00,1001,SKU009,beverages,grocery,21,17
2026-05-25T20:00:00,1001,SKU010,beverages,grocery,5,10
2026-05-25T20:00:00,1001,SKU011,frozen,frozen,25,14
2026-05-25T20:00:00,1001,SKU012,frozen,frozen,20,20
2026-05-25T20:00:00,1001,SKU013,grocery,grocery,20,18
2026-05-25T20:00:00,1001,SKU014,grocery,grocery,27,18
2026-05-25T20:00:00,1001,SKU015,household,grocery,23,18
2026-05-25T20:00:00,1002,SKU001,produce,produce,0,11
2026-05-25T20:00:00,1002,SKU002,produce,produce,1,12
2026-05-25T20:00:00,1002,SKU003,dairy,dairy,6,13
2026-05-25T20:00:00,1002,SKU004,dairy,dairy,6,8
2026-05-25T20:00:00,1002,SKU005,meat,meat,2,14
2026-05-25T20:00:00,1002,SKU006,meat,meat,9,9
2026-05-25T20:00:00,1002,SKU007,bakery,bakery,7,12
2026-05-25T20:00:00,1002,SKU008,bakery,bakery,13,10
2026-05-25T20:00:00,1002,SKU009,beverages,grocery,16,20
2026-05-25T20:00:00,1002,SKU010,beverages,grocery,6,8
2026-05-25T20:00:00,1002,SKU011,frozen,frozen,22,19
2026-05-25T20:00:00,1002,SKU012,frozen,frozen,20,19
2026-05-25T20:00:00,1002,SKU013,grocery,grocery,23,20
2026-05-25T20:00:00,1002,SKU014,grocery,grocery,25,15
2026-05-25T20:00:00,1002,SKU015,household,grocery,26,16
2026-05-25T20:00:00,1003,SKU001,produce,produce,0,8
2026-05-25T20:00:00,1003,SKU002,produce,produce,2,10
2026-05-25T20:00:00,1003,SKU003,dairy,dairy,0,11
2026-05-25T20:00:00,1003,SKU004,dairy,dairy,5,13
2026-05-25T20:00:00,1003,SKU005,meat,meat,6,11
2026-05-25T20:00:00,1003,SKU006,meat,meat,4,8
2026-05-25T20:00:00,1003,SKU007,bakery,bakery,7,10
2026-05-25T20:00:00,1003,SKU008,bakery,bakery,9,13
2026-05-25T20:00:00,1003,SKU009,beverages,grocery,17,20
2026-05-25T20:00:00,1003,SKU010,beverages,grocery,7,12
2026-05-25T20:00:00,1003,SKU011,frozen,frozen,19,16
2026-05-25T20:00:00,1003,SKU012,frozen,frozen,19,14
2026-05-25T20:00:00,1003,SKU013,grocery,grocery,23,20
2026-05-25T20:00:00,1003,SKU014,grocery,grocery,24,16
2026-05-25T20:00:00,1003,SKU015,household,grocery,23,15
2026-05-25T21:00:00,1001,SKU001,produce,produce,0,12
2026-05-25T21:00:00,1001,SKU002,produce,produce,0,9
2026-05-25T21:00:00,1001,SKU003,dairy,dairy,0,10
2026-05-25T21:00:00,1001,SKU004,dairy,dairy,4,14
2026-05-25T21:00:00,1001,SKU005,meat,meat,9,14
2026-05-25T21:00:00,1001,SKU006,meat,meat,11,14
2026-05-25T21:00:00,1001,SKU007,bakery,bakery,3,14
2026-05-25T21:00:00,1001,SKU008,bakery,bakery,14,12
2026-05-25T21:00:00,1001,SKU009,beverages,grocery,23,16
2026-05-25T21:00:00,1001,SKU010,beverages,grocery,12,13
2026-05-25T21:00:00,1001,SKU011,frozen,frozen,22,14
2026-05-25T21:00:00,1001,SKU012,frozen,frozen,23,20
2026-05-25T21:00:00,1001,SKU013,grocery,grocery,18,16
2026-05-25T21:00:00,1001,SKU014,grocery,grocery,25,14
2026-05-25T21:00:00,1001,SKU015,household,grocery,27,16
2026-05-25T21:00:00,1002,SKU001,produce,produce,0,9
2026-05-25T21:00:00,1002,SKU002,produce,produce,0,8
2026-05-25T21:00:00,1002,SKU003,dairy,dairy,0,8
2026-05-25T21:00:00,1002,SKU004,dairy,dairy,7,8
2026-05-25T21:00:00,1002,SKU005,meat,meat,8,14
2026-05-25T21:00:00,1002,SKU006,meat,meat,8,11
2026-05-25T21:00:00,1002,SKU007,bakery,bakery,10,8
2026-05-25T21:00:00,1002,SKU008,bakery,bakery,10,9
2026-05-25T21:00:00,1002,SKU009,beverages,grocery,23,20
2026-05-25T21:00:00,1002,SKU010,beverages,grocery,7,8
2026-05-25T21:00:00,1002,SKU011,frozen,frozen,23,15
2026-05-25T21:00:00,1002,SKU012,frozen,frozen,19,19
2026-05-25T21:00:00,1002,SKU013,grocery,grocery,19,19
2026-05-25T21:00:00,1002,SKU014,grocery,grocery,19,17
2026-05-25T21:00:00,1002,SKU015,household,grocery,25,19
2026-05-25T21:00:00,1003,SKU001,produce,produce,0,9
2026-05-25T21:00:00,1003,SKU002,produce,produce,1,9
2026-05-25T21:00:00,1003,SKU003,dairy,dairy,2,8
2026-05-25T21:00:00,1003,SKU004,dairy,dairy,8,10
2026-05-25T21:00:00,1003,SKU005,meat,meat,4,11
2026-05-25T21:00:00,1003,SKU006,meat,meat,11,9
2026-05-25T21:00:00,1003,SKU007,bakery,bakery,2,11
2026-05-25T21:00:00,1003,SKU008,bakery,bakery,9,12
2026-05-25T21:00:00,1003,SKU009,beverages,grocery,21,15
2026-05-25T21:00:00,1003,SKU010,beverages,grocery,12,10
2026-05-25T21:00:00,1003,SKU011,frozen,frozen,23,15
2026-05-25T21:00:00,1003,SKU012,frozen,frozen,23,18
2026-05-25T21:00:00,1003,SKU013,grocery,grocery,24,18
2026-05-25T21:00:00,1003,SKU014,grocery,grocery,23,16
2026-05-25T21:00:00,1003,SKU015,household,grocery,25,18
2026-05-26T06:00:00,1001,SKU001,produce,produce,13,13
2026-05-26T06:00:00,1001,SKU002,produce,produce,20,10
2026-05-26T06:00:00,1001,SKU003,dairy,dairy,21,8
2026-05-26T06:00:00,1001,SKU004,dairy,dairy,16,11
2026-05-26T06:00:00,1001,SKU005,meat,meat,18,13
2026-05-26T06:00:00,1001,SKU006,meat,meat,19,13
2026-05-26T06:00:00,1001,SKU007,bakery,bakery,17,12
2026-05-26T06:00:00,1001,SKU008,bakery,bakery,17,14
2026-05-26T06:00:00,1001,SKU009,beverages,grocery,26,19
2026-05-26T06:00:00,1001,SKU010,beverages,grocery,18,9
2026-05-26T06:00:00,1001,SKU011,frozen,frozen,25,15
2026-05-26T06:00:00,1001,SKU012,frozen,frozen,28,19
2026-05-26T06:00:00,1001,SKU013,grocery,grocery,25,19
2026-05-26T06:00:00,1001,SKU014,grocery,grocery,26,19
2026-05-26T06:00:00,1001,SKU015,household,grocery,31,15
2026-05-26T06:00:00,1002,SKU001,produce,produce,15,10
2026-05-26T06:00:00,1002,SKU002,produce,produce,15,12
2026-05-26T06:00:00,1002,SKU003,dairy,dairy,14,13
2026-05-26T06:00:00,1002,SKU004,dairy,dairy,18,13
2026-05-26T06:00:00,1002,SKU005,meat,meat,16,14
2026-05-26T06:00:00,1002,SKU006,meat,meat,15,11
2026-05-26T06:00:00,1002,SKU007,bakery,bakery,16,10
2026-05-26T06:00:00,1002,SKU008,bakery,bakery,18,11
2026-05-26T06:00:00,1002,SKU009,beverages,grocery,27,15
2026-05-26T06:00:00,1002,SKU010,beverages,grocery,16,14
2026-05-26T06:00:00,1002,SKU011,frozen,frozen,30,16
2026-05-26T06:00:00,1002,SKU012,frozen,frozen,31,17
2026-05-26T06:00:00,1002,SKU013,grocery,grocery,33,19
2026-05-26T06:00:00,1002,SKU014,grocery,grocery,29,17
2026-05-26T06:00:00,1002,SKU015,household,grocery,28,20
2026-05-26T06:00:00,1003,SKU001,produce,produce,14,9
2026-05-26T06:00:00,1003,SKU002,produce,produce,20,10
2026-05-26T06:00:00,1003,SKU003,dairy,dairy,17,14
2026-05-26T06:00:00,1003,SKU004,dairy,dairy,18,11
2026-05-26T06:00:00,1003,SKU005,meat,meat,22,10
2026-05-26T06:00:00,1003,SKU006,meat,meat,21,8
2026-05-26T06:00:00,1003,SKU007,bakery,bakery,19,8
2026-05-26T06:00:00,1003,SKU008,bakery,bakery,21,11
2026-05-26T06:00:00,1003,SKU009,beverages,grocery,27,14
2026-05-26T06:00:00,1003,SKU010,beverages,grocery,15,13
2026-05-26T06:00:00,1003,SKU011,frozen,frozen,32,18
2026-05-26T06:00:00,1003,SKU012,frozen,frozen,29,15
2026-05-26T06:00:00,1003,SKU013,grocery,grocery,31,14
2026-05-26T06:00:00,1003,SKU014,grocery,grocery,29,15
2026-05-26T06:00:00,1003,SKU015,household,grocery,29,16
2026-05-26T07:00:00,1001,SKU001,produce,produce,10,11
2026-05-26T07:00:00,1001,SKU002,produce,produce,13,11
2026-05-26T07:00:00,1001,SKU003,dairy,dairy,21,8
2026-05-26T07:00:00,1001,SKU004,dairy,dairy,21,10
2026-05-26T07:00:00,1001,SKU005,meat,meat,18,13
2026-05-26T07:00:00,1001,SKU006,meat,meat,17,11
2026-05-26T07:00:00,1001,SKU007,bakery,bakery,17,13
2026-05-26T07:00:00,1001,SKU008,bakery,bakery,18,14
2026-05-26T07:00:00,1001,SKU009,beverages,grocery,31,17
2026-05-26T07:00:00,1001,SKU010,beverages,grocery,18,9
2026-05-26T07:00:00,1001,SKU011,frozen,frozen,32,15
2026-05-26T07:00:00,1001,SKU012,frozen,frozen,31,15
2026-05-26T07:00:00,1001,SKU013,grocery,grocery,25,20
2026-05-26T07:00:00,1001,SKU014,grocery,grocery,28,19
2026-05-26T07:00:00,1001,SKU015,household,grocery,32,17
2026-05-26T07:00:00,1002,SKU001,produce,produce,11,12
2026-05-26T07:00:00,1002,SKU002,produce,produce,21,13
2026-05-26T07:00:00,1002,SKU003,dairy,dairy,15,8
2026-05-26T07:00:00,1002,SKU004,dairy,dairy,18,13
2026-05-26T07:00:00,1002,SKU005,meat,meat,19,12
2026-05-26T07:00:00,1002,SKU006,meat,meat,18,13
2026-05-26T07:00:00,1002,SKU007,bakery,bakery,15,10
2026-05-26T07:00:00,1002,SKU008,bakery,bakery,22,14
2026-05-26T07:00:00,1002,SKU009,beverages,grocery,28,19
2026-05-26T07:00:00,1002,SKU010,beverages,grocery,20,8
2026-05-26T07:00:00,1002,SKU011,frozen,frozen,26,18
2026-05-26T07:00:00,1002,SKU012,frozen,frozen,25,15
2026-05-26T07:00:00,1002,SKU013,grocery,grocery,29,16
2026-05-26T07:00:00,1002,SKU014,grocery,grocery,28,20
2026-05-26T07:00:00,1002,SKU015,household,grocery,33,20
2026-05-26T07:00:00,1003,SKU001,produce,produce,16,9
2026-05-26T07:00:00,1003,SKU002,produce,produce,20,12
2026-05-26T07:00:00,1003,SKU003,dairy,dairy,13,9
2026-05-26T07:00:00,1003,SKU004,dairy,dairy,14,10
2026-05-26T07:00:00,1003,SKU005,meat,meat,22,11
2026-05-26T07:00:00,1003,SKU006,meat,meat,19,8
2026-05-26T07:00:00,1003,SKU007,bakery,bakery,21,9
2026-05-26T07:00:00,1003,SKU008,bakery,bakery,16,8
2026-05-26T07:00:00,1003,SKU009,beverages,grocery,28,19
2026-05-26T07:00:00,1003,SKU010,beverages,grocery,20,10
2026-05-26T07:00:00,1003,SKU011,frozen,frozen,29,18
2026-05-26T07:00:00,1003,SKU012,frozen,frozen,27,19
2026-05-26T07:00:00,1003,SKU013,grocery,grocery,31,19
2026-05-26T07:00:00,1003,SKU014,grocery,grocery,30,14
2026-05-26T07:00:00,1003,SKU015,household,grocery,31,17
2026-05-26T08:00:00,1001,SKU001,produce,produce,7,9
2026-05-26T08:00:00,1001,SKU002,produce,produce,16,8
2026-05-26T08:00:00,1001,SKU003,dairy,dairy,17,10
2026-05-26T08:00:00,1001,SKU004,dairy,dairy,20,14
2026-05-26T08:00:00,1001,SKU005,meat,meat,16,12
2026-05-26T08:00:00,1001,SKU006,meat,meat,18,11
2026-05-26T08:00:00,1001,SKU007,bakery,bakery,16,11
2026-05-26T08:00:00,1001,SKU008,bakery,bakery,22,8
2026-05-26T08:00:00,1001,SKU009,beverages,grocery,25,14
2026-05-26T08:00:00,1001,SKU010,beverages,grocery,15,9
2026-05-26T08:00:00,1001,SKU011,frozen,frozen,30,20
2026-05-26T08:00:00,1001,SKU012,frozen,frozen,24,15
2026-05-26T08:00:00,1001,SKU013,grocery,grocery,31,17
2026-05-26T08:00:00,1001,SKU014,grocery,grocery,32,19
2026-05-26T08:00:00,1001,SKU015,household,grocery,26,14
2026-05-26T08:00:00,1002,SKU001,produce,produce,12,11
2026-05-26T08:00:00,1002,SKU002,produce,produce,13,9
2026-05-26T08:00:00,1002,SKU003,dairy,dairy,15,9
2026-05-26T08:00:00,1002,SKU004,dairy,dairy,18,8
2026-05-26T08:00:00,1002,SKU005,meat,meat,13,10
2026-05-26T08:00:00,1002,SKU006,meat,meat,13,12
2026-05-26T08:00:00,1002,SKU007,bakery,bakery,19,8
2026-05-26T08:00:00,1002,SKU008,bakery,bakery,18,13
2026-05-26T08:00:00,1002,SKU009,beverages,grocery,31,15
2026-05-26T08:00:00,1002,SKU010,beverages,grocery,14,10
2026-05-26T08:00:00,1002,SKU011,frozen,frozen,27,18
2026-05-26T08:00:00,1002,SKU012,frozen,frozen,25,14
2026-05-26T08:00:00,1002,SKU013,grocery,grocery,28,20
2026-05-26T08:00:00,1002,SKU014,grocery,grocery,32,19
2026-05-26T08:00:00,1002,SKU015,household,grocery,28,14
2026-05-26T08:00:00,1003,SKU001,produce,produce,11,13
2026-05-26T08:00:00,1003,SKU002,produce,produce,15,12
2026-05-26T08:00:00,1003,SKU003,dairy,dairy,14,13
2026-05-26T08:00:00,1003,SKU004,dairy,dairy,13,14
2026-05-26T08:00:00,1003,SKU005,meat,meat,20,14
2026-05-26T08:00:00,1003,SKU006,meat,meat,16,14
2026-05-26T08:00:00,1003,SKU007,bakery,bakery,19,10
2026-05-26T08:00:00,1003,SKU008,bakery,bakery,15,8
2026-05-26T08:00:00,1003,SKU009,beverages,grocery,32,18
2026-05-26T08:00:00,1003,SKU010,beverages,grocery,16,12
2026-05-26T08:00:00,1003,SKU011,frozen,frozen,28,14
2026-05-26T08:00:00,1003,SKU012,frozen,frozen,30,19
2026-05-26T08:00:00,1003,SKU013,grocery,grocery,29,16
2026-05-26T08:00:00,1003,SKU014,grocery,grocery,31,18
2026-05-26T08:00:00,1003,SKU015,household,grocery,27,14
2026-05-26T09:00:00,1001,SKU001,produce,produce,2,13
2026-05-26T09:00:00,1001,SKU002,produce,produce,10,13
2026-05-26T09:00:00,1001,SKU003,dairy,dairy,15,9
2026-05-26T09:00:00,1001,SKU004,dairy,dairy,14,14
2026-05-26T09:00:00,1001,SKU005,meat,meat,14,9
2026-05-26T09:00:00,1001,SKU006,meat,meat,12,13
2026-05-26T09:00:00,1001,SKU007,bakery,bakery,14,9
2026-05-26T09:00:00,1001,SKU008,bakery,bakery,16,9
2026-05-26T09:00:00,1001,SKU009,beverages,grocery,25,16
2026-05-26T09:00:00,1001,SKU010,beverages,grocery,20,8
2026-05-26T09:00:00,1001,SKU011,frozen,frozen,31,15
2026-05-26T09:00:00,1001,SKU012,frozen,frozen,25,14
2026-05-26T09:00:00,1001,SKU013,grocery,grocery,25,19
2026-05-26T09:00:00,1001,SKU014,grocery,grocery,27,16
2026-05-26T09:00:00,1001,SKU015,household,grocery,29,20
2026-05-26T09:00:00,1002,SKU001,produce,produce,7,9
2026-05-26T09:00:00,1002,SKU002,produce,produce,11,14
2026-05-26T09:00:00,1002,SKU003,dairy,dairy,13,11
2026-05-26T09:00:00,1002,SKU004,dairy,dairy,18,8
2026-05-26T09:00:00,1002,SKU005,meat,meat,14,10
2026-05-26T09:00:00,1002,SKU006,meat,meat,12,12
2026-05-26T09:00:00,1002,SKU007,bakery,bakery,14,13
2026-05-26T09:00:00,1002,SKU008,bakery,bakery,19,8
2026-05-26T09:00:00,1002,SKU009,beverages,grocery,24,20
2026-05-26T09:00:00,1002,SKU010,beverages,grocery,15,9
2026-05-26T09:00:00,1002,SKU011,frozen,frozen,25,15
2026-05-26T09:00:00,1002,SKU012,frozen,frozen,29,14
2026-05-26T09:00:00,1002,SKU013,grocery,grocery,30,15
2026-05-26T09:00:00,1002,SKU014,grocery,grocery,26,16
2026-05-26T09:00:00,1002,SKU015,household,grocery,33,19
2026-05-26T09:00:00,1003,SKU001,produce,produce,9,13
2026-05-26T09:00:00,1003,SKU002,produce,produce,18,12
2026-05-26T09:00:00,1003,SKU003,dairy,dairy,16,11
2026-05-26T09:00:00,1003,SKU004,dairy,dairy,14,14
2026-05-26T09:00:00,1003,SKU005,meat,meat,20,13
2026-05-26T09:00:00,1003,SKU006,meat,meat,15,11
2026-05-26T09:00:00,1003,SKU007,bakery,bakery,18,9
2026-05-26T09:00:00,1003,SKU008,bakery,bakery,20,10
2026-05-26T09:00:00,1003,SKU009,beverages,grocery,28,16
2026-05-26T09:00:00,1003,SKU010,beverages,grocery,16,13
2026-05-26T09:00:00,1003,SKU011,frozen,frozen,24,15
2026-05-26T09:00:00,1003,SKU012,frozen,frozen,29,16
2026-05-26T09:00:00,1003,SKU013,grocery,grocery,30,20
2026-05-26T09:00:00,1003,SKU014,grocery,grocery,32,17
2026-05-26T09:00:00,1003,SKU015,household,grocery,26,20
2026-05-26T10:00:00,1001,SKU001,produce,produce,0,14
2026-05-26T10:00:00,1001,SKU002,produce,produce,10,8
2026-05-26T10:00:00,1001,SKU003,dairy,dairy,13,13
2026-05-26T10:00:00,1001,SKU004,dairy,dairy,19,14
2026-05-26T10:00:00,1001,SKU005,meat,meat,12,12
2026-05-26T10:00:00,1001,SKU006,meat,meat,19,11
2026-05-26T10:00:00,1001,SKU007,bakery,bakery,13,8
2026-05-26T10:00:00,1001,SKU008,bakery,bakery,21,9
2026-05-26T10:00:00,1001,SKU009,beverages,grocery,30,15
2026-05-26T10:00:00,1001,SKU010,beverages,grocery,14,9
2026-05-26T10:00:00,1001,SKU011,frozen,frozen,23,18
2026-05-26T10:00:00,1001,SKU012,frozen,frozen,31,14
2026-05-26T10:00:00,1001,SKU013,grocery,grocery,26,18
2026-05-26T10:00:00,1001,SKU014,grocery,grocery,31,14
2026-05-26T10:00:00,1001,SKU015,household,grocery,29,18
2026-05-26T10:00:00,1002,SKU001,produce,produce,5,8
2026-05-26T10:00:00,1002,SKU002,produce,produce,12,10
2026-05-26T10:00:00,1002,SKU003,dairy,dairy,15,12
2026-05-26T10:00:00,1002,SKU004,dairy,dairy,13,14
2026-05-26T10:00:00,1002,SKU005,meat,meat,13,8
2026-05-26T10:00:00,1002,SKU006,meat,meat,18,11
2026-05-26T10:00:00,1002,SKU007,bakery,bakery,14,9
2026-05-26T10:00:00,1002,SKU008,bakery,bakery,16,13
2026-05-26T10:00:00,1002,SKU009,beverages,grocery,23,18
2026-05-26T10:00:00,1002,SKU010,beverages,grocery,14,12
2026-05-26T10:00:00,1002,SKU011,frozen,frozen,30,14
2026-05-26T10:00:00,1002,SKU012,frozen,frozen,29,19
2026-05-26T10:00:00,1002,SKU013,grocery,grocery,31,14
2026-05-26T10:00:00,1002,SKU014,grocery,grocery,28,17
2026-05-26T10:00:00,1002,SKU015,household,grocery,26,19
2026-05-26T10:00:00,1003,SKU001,produce,produce,1,14
2026-05-26T10:00:00,1003,SKU002,produce,produce,13,8
2026-05-26T10:00:00,1003,SKU003,dairy,dairy,10,14
2026-05-26T10:00:00,1003,SKU004,dairy,dairy,11,14
2026-05-26T10:00:00,1003,SKU005,meat,meat,11,14
2026-05-26T10:00:00,1003,SKU006,meat,meat,12,14
2026-05-26T10:00:00,1003,SKU007,bakery,bakery,11,8
2026-05-26T10:00:00,1003,SKU008,bakery,bakery,18,9
2026-05-26T10:00:00,1003,SKU009,beverages,grocery,23,14
2026-05-26T10:00:00,1003,SKU010,beverages,grocery,15,11
2026-05-26T10:00:00,1003,SKU011,frozen,frozen,24,17
2026-05-26T10:00:00,1003,SKU012,frozen,frozen,31,19
2026-05-26T10:00:00,1003,SKU013,grocery,grocery,28,14
2026-05-26T10:00:00,1003,SKU014,grocery,grocery,23,19
2026-05-26T10:00:00,1003,SKU015,household,grocery,26,16
2026-05-26T11:00:00,1001,SKU001,produce,produce,0,11
2026-05-26T11:00:00,1001,SKU002,produce,produce,8,14
2026-05-26T11:00:00,1001,SKU003,dairy,dairy,16,13
2026-05-26T11:00:00,1001,SKU004,dairy,dairy,14,14
2026-05-26T11:00:00,1001,SKU005,meat,meat,14,10
2026-05-26T11:00:00,1001,SKU006,meat,meat,13,8
2026-05-26T11:00:00,1001,SKU007,bakery,bakery,18,14
2026-05-26T11:00:00,1001,SKU008,bakery,bakery,14,12
2026-05-26T11:00:00,1001,SKU009,beverages,grocery,30,17
2026-05-26T11:00:00,1001,SKU010,beverages,grocery,15,11
2026-05-26T11:00:00,1001,SKU011,frozen,frozen,31,20
2026-05-26T11:00:00,1001,SKU012,frozen,frozen,23,15
2026-05-26T11:00:00,1001,SKU013,grocery,grocery,25,20
2026-05-26T11:00:00,1001,SKU014,grocery,grocery,27,18
2026-05-26T11:00:00,1001,SKU015,household,grocery,24,16
2026-05-26T11:00:00,1002,SKU001,produce,produce,0,11
2026-05-26T11:00:00,1002,SKU002,produce,produce,7,12
2026-05-26T11:00:00,1002,SKU003,dairy,dairy,14,11
2026-05-26T11:00:00,1002,SKU004,dairy,dairy,10,8
2026-05-26T11:00:00,1002,SKU005,meat,meat,10,8
2026-05-26T11:00:00,1002,SKU006,meat,meat,15,9
2026-05-26T11:00:00,1002,SKU007,bakery,bakery,16,10
2026-05-26T11:00:00,1002,SKU008,bakery,bakery,17,8
2026-05-26T11:00:00,1002,SKU009,beverages,grocery,27,19
2026-05-26T11:00:00,1002,SKU010,beverages,grocery,19,10
2026-05-26T11:00:00,1002,SKU011,frozen,frozen,31,15
2026-05-26T11:00:00,1002,SKU012,frozen,frozen,28,17
2026-05-26T11:00:00,1002,SKU013,grocery,grocery,24,15
2026-05-26T11:00:00,1002,SKU014,grocery,grocery,29,15
2026-05-26T11:00:00,1002,SKU015,household,grocery,28,18
2026-05-26T11:00:00,1003,SKU001,produce,produce,0,10
2026-05-26T11:00:00,1003,SKU002,produce,produce,12,13
2026-05-26T11:00:00,1003,SKU003,dairy,dairy,8,10
2026-05-26T11:00:00,1003,SKU004,dairy,dairy,14,14
2026-05-26T11:00:00,1003,SKU005,meat,meat,12,14
2026-05-26T11:00:00,1003,SKU006,meat,meat,17,13
2026-05-26T11:00:00,1003,SKU007,bakery,bakery,10,12
2026-05-26T11:00:00,1003,SKU008,bakery,bakery,12,13
2026-05-26T11:00:00,1003,SKU009,beverages,grocery,29,14
2026-05-26T11:00:00,1003,SKU010,beverages,grocery,17,9
2026-05-26T11:00:00,1003,SKU011,frozen,frozen,26,17
2026-05-26T11:00:00,1003,SKU012,frozen,frozen,30,17
2026-05-26T11:00:00,1003,SKU013,grocery,grocery,28,20
2026-05-26T11:00:00,1003,SKU014,grocery,grocery,23,20
2026-05-26T11:00:00,1003,SKU015,household,grocery,32,15
2026-05-26T12:00:00,1001,SKU001,produce,produce,0,8
2026-05-26T12:00:00,1001,SKU002,produce,produce,6,10
2026-05-26T12:00:00,1001,SKU003,dairy,dairy,7,8
2026-05-26T12:00:00,1001,SKU004,dairy,dairy,15,10
2026-05-26T12:00:00,1001,SKU005,meat,meat,17,8
2026-05-26T12:00:00,1001,SKU006,meat,meat,18,12
2026-05-26T12:00:00,1001,SKU007,bakery,bakery,10,10
2026-05-26T12:00:00,1001,SKU008,bakery,bakery,15,14
2026-05-26T12:00:00,1001,SKU009,beverages,grocery,23,18
2026-05-26T12:00:00,1001,SKU010,beverages,grocery,18,11
2026-05-26T12:00:00,1001,SKU011,frozen,frozen,25,18
2026-05-26T12:00:00,1001,SKU012,frozen,frozen,25,17
2026-05-26T12:00:00,1001,SKU013,grocery,grocery,25,18
2026-05-26T12:00:00,1001,SKU014,grocery,grocery,24,17
2026-05-26T12:00:00,1001,SKU015,household,grocery,28,15
2026-05-26T12:00:00,1002,SKU001,produce,produce,0,13
2026-05-26T12:00:00,1002,SKU002,produce,produce,7,9
2026-05-26T12:00:00,1002,SKU003,dairy,dairy,13,12
2026-05-26T12:00:00,1002,SKU004,dairy,dairy,13,13
2026-05-26T12:00:00,1002,SKU005,meat,meat,11,12
2026-05-26T12:00:00,1002,SKU006,meat,meat,14,11
2026-05-26T12:00:00,1002,SKU007,bakery,bakery,14,9
2026-05-26T12:00:00,1002,SKU008,bakery,bakery,11,9
2026-05-26T12:00:00,1002,SKU009,beverages,grocery,27,20
2026-05-26T12:00:00,1002,SKU010,beverages,grocery,13,10
2026-05-26T12:00:00,1002,SKU011,frozen,frozen,30,17
2026-05-26T12:00:00,1002,SKU012,frozen,frozen,25,14
2026-05-26T12:00:00,1002,SKU013,grocery,grocery,26,20
2026-05-26T12:00:00,1002,SKU014,grocery,grocery,27,14
2026-05-26T12:00:00,1002,SKU015,household,grocery,31,20
2026-05-26T12:00:00,1003,SKU001,produce,produce,0,14
2026-05-26T12:00:00,1003,SKU002,produce,produce,12,10
2026-05-26T12:00:00,1003,SKU003,dairy,dairy,13,9
2026-05-26T12:00:00,1003,SKU004,dairy,dairy,14,14
2026-05-26T12:00:00,1003,SKU005,meat,meat,14,14
2026-05-26T12:00:00,1003,SKU006,meat,meat,14,14
2026-05-26T12:00:00,1003,SKU007,bakery,bakery,10,9
2026-05-26T12:00:00,1003,SKU008,bakery,bakery,17,14
2026-05-26T12:00:00,1003,SKU009,beverages,grocery,24,19
2026-05-26T12:00:00,1003,SKU010,beverages,grocery,16,10
2026-05-26T12:00:00,1003,SKU011,frozen,frozen,30,19
2026-05-26T12:00:00,1003,SKU012,frozen,frozen,24,16
2026-05-26T12:00:00,1003,SKU013,grocery,grocery,25,20
2026-05-26T12:00:00,1003,SKU014,grocery,grocery,23,19
2026-05-26T12:00:00,1003,SKU015,household,grocery,25,17
2026-05-26T13:00:00,1001,SKU001,produce,produce,0,10
2026-05-26T13:00:00,1001,SKU002,produce,produce,10,14
2026-05-26T13:00:00,1001,SKU003,dairy,dairy,10,14
2026-05-26T13:00:00,1001,SKU004,dairy,dairy,12,12
2026-05-26T13:00:00,1001,SKU005,meat,meat,16,12
2026-05-26T13:00:00,1001,SKU006,meat,meat,9,14
2026-05-26T13:00:00,1001,SKU007,bakery,bakery,12,13
2026-05-26T13:00:00,1001,SKU008,bakery,bakery,12,10
2026-05-26T13:00:00,1001,SKU009,beverages,grocery,23,18
2026-05-26T13:00:00,1001,SKU010,beverages,grocery,18,12
2026-05-26T13:00:00,1001,SKU011,frozen,frozen,24,20
2026-05-26T13:00:00,1001,SKU012,frozen,frozen,25,16
2026-05-26T13:00:00,1001,SKU013,grocery,grocery,24,17
2026-05-26T13:00:00,1001,SKU014,grocery,grocery,22,19
2026-05-26T13:00:00,1001,SKU015,household,grocery,29,14
2026-05-26T13:00:00,1002,SKU001,produce,produce,0,13
2026-05-26T13:00:00,1002,SKU002,produce,produce,4,14
2026-05-26T13:00:00,1002,SKU003,dairy,dairy,10,9
2026-05-26T13:00:00,1002,SKU004,dairy,dairy,11,9
2026-05-26T13:00:00,1002,SKU005,meat,meat,11,14
2026-05-26T13:00:00,1002,SKU006,meat,meat,14,9
2026-05-26T13:00:00,1002,SKU007,bakery,bakery,17,10
2026-05-26T13:00:00,1002,SKU008,bakery,bakery,16,13
2026-05-26T13:00:00,1002,SKU009,beverages,grocery,21,17
2026-05-26T13:00:00,1002,SKU010,beverages,grocery,13,14
2026-05-26T13:00:00,1002,SKU011,frozen,frozen,24,20
2026-05-26T13:00:00,1002,SKU012,frozen,frozen,22,14
2026-05-26T13:00:00,1002,SKU013,grocery,grocery,23,19
2026-05-26T13:00:00,1002,SKU014,grocery,grocery,29,18
2026-05-26T13:00:00,1002,SKU015,household,grocery,31,19
2026-05-26T13:00:00,1003,SKU001,produce,produce,0,12
2026-05-26T13:00:00,1003,SKU002,produce,produce,4,12
2026-05-26T13:00:00,1003,SKU003,dairy,dairy,9,9
2026-05-26T13:00:00,1003,SKU004,dairy,dairy,9,13
2026-05-26T13:00:00,1003,SKU005,meat,meat,11,11
2026-05-26T13:00:00,1003,SKU006,meat,meat,12,9
2026-05-26T13:00:00,1003,SKU007,bakery,bakery,15,13
2026-05-26T13:00:00,1003,SKU008,bakery,bakery,16,9
2026-05-26T13:00:00,1003,SKU009,beverages,grocery,20,17
2026-05-26T13:00:00,1003,SKU010,beverages,grocery,10,13
2026-05-26T13:00:00,1003,SKU011,frozen,frozen,23,14
2026-05-26T13:00:00,1003,SKU012,frozen,frozen,29,17
2026-05-26T13:00:00,1003,SKU013,grocery,grocery,27,17
2026-05-26T13:00:00,1003,SKU014,grocery,grocery,23,17
2026-05-26T13:00:00,1003,SKU015,household,grocery,32,20
2026-05-26T14:00:00,1001,SKU001,produce,produce,0,14
2026-05-26T14:00:00,1001,SKU002,produce,produce,11,13
2026-05-26T14:00:00,1001,SKU003,dairy,dairy,13,8
2026-05-26T14:00:00,1001,SKU004,dairy,dairy,7,9
2026-05-26T14:00:00,1001,SKU005,meat,meat,10,14
2026-05-26T14:00:00,1001,SKU006,meat,meat,9,14
2026-05-26T14:00:00,1001,SKU007,bakery,bakery,8,12
2026-05-26T14:00:00,1001,SKU008,bakery,bakery,11,10
2026-05-26T14:00:00,1001,SKU009,beverages,grocery,26,14
2026-05-26T14:00:00,1001,SKU010,beverages,grocery,17,9
2026-05-26T14:00:00,1001,SKU011,frozen,frozen,29,14
2026-05-26T14:00:00,1001,SKU012,frozen,frozen,24,19
2026-05-26T14:00:00,1001,SKU013,grocery,grocery,27,16
2026-05-26T14:00:00,1001,SKU014,grocery,grocery,29,19
2026-05-26T14:00:00,1001,SKU015,household,grocery,30,16
2026-05-26T14:00:00,1002,SKU001,produce,produce,0,14
2026-05-26T14:00:00,1002,SKU002,produce,produce,4,13
2026-05-26T14:00:00,1002,SKU003,dairy,dairy,11,8
2026-05-26T14:00:00,1002,SKU004,dairy,dairy,10,11
2026-05-26T14:00:00,1002,SKU005,meat,meat,12,12
2026-05-26T14:00:00,1002,SKU006,meat,meat,14,9
2026-05-26T14:00:00,1002,SKU007,bakery,bakery,8,8
2026-05-26T14:00:00,1002,SKU008,bakery,bakery,14,12
2026-05-26T14:00:00,1002,SKU009,beverages,grocery,21,20
2026-05-26T14:00:00,1002,SKU010,beverages,grocery,10,14
2026-05-26T14:00:00,1002,SKU011,frozen,frozen,29,19
2026-05-26T14:00:00,1002,SKU012,frozen,frozen,25,14
2026-05-26T14:00:00,1002,SKU013,grocery,grocery,29,16
2026-05-26T14:00:00,1002,SKU014,grocery,grocery,25,15
2026-05-26T14:00:00,1002,SKU015,household,grocery,29,18
2026-05-26T14:00:00,1003,SKU001,produce,produce,0,10
2026-05-26T14:00:00,1003,SKU002,produce,produce,3,12
2026-05-26T14:00:00,1003,SKU003,dairy,dairy,7,14
2026-05-26T14:00:00,1003,SKU004,dairy,dairy,13,9
2026-05-26T14:00:00,1003,SKU005,meat,meat,9,14
2026-05-26T14:00:00,1003,SKU006,meat,meat,11,9
2026-05-26T14:00:00,1003,SKU007,bakery,bakery,16,9
2026-05-26T14:00:00,1003,SKU008,bakery,bakery,11,9
2026-05-26T14:00:00,1003,SKU009,beverages,grocery,27,16
2026-05-26T14:00:00,1003,SKU010,beverages,grocery,14,10
2026-05-26T14:00:00,1003,SKU011,frozen,frozen,27,14
2026-05-26T14:00:00,1003,SKU012,frozen,frozen,22,16
2026-05-26T14:00:00,1003,SKU013,grocery,grocery,21,19
2026-05-26T14:00:00,1003,SKU014,grocery,grocery,26,15
2026-05-26T14:00:00,1003,SKU015,household,grocery,31,18
2026-05-26T15:00:00,1001,SKU001,produce,produce,0,13
2026-05-26T15:00:00,1001,SKU002,produce,produce,1,14
2026-05-26T15:00:00,1001,SKU003,dairy,dairy,9,13
2026-05-26T15:00:00,1001,SKU004,dairy,dairy,6,14
2026-05-26T15:00:00,1001,SKU005,meat,meat,11,9
2026-05-26T15:00:00,1001,SKU006,meat,meat,15,11
2026-05-26T15:00:00,1001,SKU007,bakery,bakery,13,11
2026-05-26T15:00:00,1001,SKU008,bakery,bakery,10,12
2026-05-26T15:00:00,1001,SKU009,beverages,grocery,20,14
2026-05-26T15:00:00,1001,SKU010,beverages,grocery,10,11
2026-05-26T15:00:00,1001,SKU011,frozen,frozen,21,14
2026-05-26T15:00:00,1001,SKU012,frozen,frozen,23,20
2026-05-26T15:00:00,1001,SKU013,grocery,grocery,21,18
2026-05-26T15:00:00,1001,SKU014,grocery,grocery,24,16
2026-05-26T15:00:00,1001,SKU015,household,grocery,29,17
2026-05-26T15:00:00,1002,SKU001,produce,produce,0,14
2026-05-26T15:00:00,1002,SKU002,produce,produce,1,11
2026-05-26T15:00:00,1002,SKU003,dairy,dairy,6,13
2026-05-26T15:00:00,1002,SKU004,dairy,dairy,13,8
2026-05-26T15:00:00,1002,SKU005,meat,meat,11,13
2026-05-26T15:00:00,1002,SKU006,meat,meat,11,8
2026-05-26T15:00:00,1002,SKU007,bakery,bakery,9,14
2026-05-26T15:00:00,1002,SKU008,bakery,bakery,13,10
2026-05-26T15:00:00,1002,SKU009,beverages,grocery,24,16
2026-05-26T15:00:00,1002,SKU010,beverages,grocery,8,14
2026-05-26T15:00:00,1002,SKU011,frozen,frozen,27,18
2026-05-26T15:00:00,1002,SKU012,frozen,frozen,28,15
2026-05-26T15:00:00,1002,SKU013,grocery,grocery,27,18
2026-05-26T15:00:00,1002,SKU014,grocery,grocery,22,17
2026-05-26T15:00:00,1002,SKU015,household,grocery,30,17
2026-05-26T15:00:00,1003,SKU001,produce,produce,0,13
2026-05-26T15:00:00,1003,SKU002,produce,produce,3,12
2026-05-26T15:00:00,1003,SKU003,dairy,dairy,7,12
2026-05-26T15:00:00,1003,SKU004,dairy,dairy,10,10
2026-05-26T15:00:00,1003,SKU005,meat,meat,6,8
2026-05-26T15:00:00,1003,SKU006,meat,meat,11,10
2026-05-26T15:00:00,1003,SKU007,bakery,bakery,15,8
2026-05-26T15:00:00,1003,SKU008,bakery,bakery,18,11
2026-05-26T15:00:00,1003,SKU009,beverages,grocery,22,16
2026-05-26T15:00:00,1003,SKU010,beverages,grocery,12,9
2026-05-26T15:00:00,1003,SKU011,frozen,frozen,28,20
2026-05-26T15:00:00,1003,SKU012,frozen,frozen,28,19
2026-05-26T15:00:00,1003,SKU013,grocery,grocery,29,15
2026-05-26T15:00:00,1003,SKU014,grocery,grocery,27,14
2026-05-26T15:00:00,1003,SKU015,household,grocery,26,15
2026-05-26T16:00:00,1001,SKU001,produce,produce,0,12
2026-05-26T16:00:00,1001,SKU002,produce,produce,1,8
2026-05-26T16:00:00,1001,SKU003,dairy,dairy,3,13
2026-05-26T16:00:00,1001,SKU004,dairy,dairy,10,11
2026-05-26T16:00:00,1001,SKU005,meat,meat,5,12
2026-05-26T16:00:00,1001,SKU006,meat,meat,7,12
2026-05-26T16:00:00,1001,SKU007,bakery,bakery,11,12
2026-05-26T16:00:00,1001,SKU008,bakery,bakery,10,14
2026-05-26T16:00:00,1001,SKU009,beverages,grocery,23,16
2026-05-26T16:00:00,1001,SKU010,beverages,grocery,10,8
2026-05-26T16:00:00,1001,SKU011,frozen,frozen,27,16
2026-05-26T16:00:00,1001,SKU012,frozen,frozen,22,17
2026-05-26T16:00:00,1001,SKU013,grocery,grocery,26,20
2026-05-26T16:00:00,1001,SKU014,grocery,grocery,27,20
2026-05-26T16:00:00,1001,SKU015,household,grocery,27,20
2026-05-26T16:00:00,1002,SKU001,produce,produce,0,13
2026-05-26T16:00:00,1002,SKU002,produce,produce,7,8
2026-05-26T16:00:00,1002,SKU003,dairy,dairy,10,10
2026-05-26T16:00:00,1002,SKU004,dairy,dairy,7,12
2026-05-26T16:00:00,1002,SKU005,meat,meat,10,12
2026-05-26T16:00:00,1002,SKU006,meat,meat,13,13
2026-05-26T16:00:00,1002,SKU007,bakery,bakery,9,9
2026-05-26T16:00:00,1002,SKU008,bakery,bakery,14,12
2026-05-26T16:00:00,1002,SKU009,beverages,grocery,20,16
2026-05-26T16:00:00,1002,SKU010,beverages,grocery,8,14
2026-05-26T16:00:00,1002,SKU011,frozen,frozen,28,16
2026-05-26T16:00:00,1002,SKU012,frozen,frozen,23,15
2026-05-26T16:00:00,1002,SKU013,grocery,grocery,23,14
2026-05-26T16:00:00,1002,SKU014,grocery,grocery,23,20
2026-05-26T16:00:00,1002,SKU015,household,grocery,26,16
2026-05-26T16:00:00,1003,SKU001,produce,produce,0,14
2026-05-26T16:00:00,1003,SKU002,produce,produce,6,11
2026-05-26T16:00:00,1003,SKU003,dairy,dairy,10,8
2026-05-26T16:00:00,1003,SKU004,dairy,dairy,11,12
2026-05-26T16:00:00,1003,SKU005,meat,meat,5,12
2026-05-26T16:00:00,1003,SKU006,meat,meat,14,9
2026-05-26T16:00:00,1003,SKU007,bakery,bakery,12,13
2026-05-26T16:00:00,1003,SKU008,bakery,bakery,10,11
2026-05-26T16:00:00,1003,SKU009,beverages,grocery,25,14
2026-05-26T16:00:00,1003,SKU010,beverages,grocery,15,9
2026-05-26T16:00:00,1003,SKU011,frozen,frozen,23,16
2026-05-26T16:00:00,1003,SKU012,frozen,frozen,28,19
2026-05-26T16:00:00,1003,SKU013,grocery,grocery,23,18
2026-05-26T16:00:00,1003,SKU014,grocery,grocery,24,16
2026-05-26T16:00:00,1003,SKU015,household,grocery,28,19
2026-05-26T17:00:00,1001,SKU001,produce,produce,0,12
2026-05-26T17:00:00,1001,SKU002,produce,produce,1,13
2026-05-26T17:00:00,1001,SKU003,dairy,dairy,9,14
2026-05-26T17:00:00,1001,SKU004,dairy,dairy,4,14
2026-05-26T17:00:00,1001,SKU005,meat,meat,9,14
2026-05-26T17:00:00,1001,SKU006,meat,meat,6,10
2026-05-26T17:00:00,1001,SKU007,bakery,bakery,11,13
2026-05-26T17:00:00,1001,SKU008,bakery,bakery,9,9
2026-05-26T17:00:00,1001,SKU009,beverages,grocery,24,16
2026-05-26T17:00:00,1001,SKU010,beverages,grocery,7,12
2026-05-26T17:00:00,1001,SKU011,frozen,frozen,22,17
2026-05-26T17:00:00,1001,SKU012,frozen,frozen,24,18
2026-05-26T17:00:00,1001,SKU013,grocery,grocery,22,17
2026-05-26T17:00:00,1001,SKU014,grocery,grocery,24,14
2026-05-26T17:00:00,1001,SKU015,household,grocery,31,17
2026-05-26T17:00:00,1002,SKU001,produce,produce,0,10
2026-05-26T17:00:00,1002,SKU002,produce,produce,5,13
2026-05-26T17:00:00,1002,SKU003,dairy,dairy,2,14
2026-05-26T17:00:00,1002,SKU004,dairy,dairy,7,8
2026-05-26T17:00:00,1002,SKU005,meat,meat,13,11
2026-05-26T17:00:00,1002,SKU006,meat,meat,12,8
2026-05-26T17:00:00,1002,SKU007,bakery,bakery,7,14
2026-05-26T17:00:00,1002,SKU008,bakery,bakery,11,14
2026-05-26T17:00:00,1002,SKU009,beverages,grocery,26,16
2026-05-26T17:00:00,1002,SKU010,beverages,grocery,12,14
2026-05-26T17:00:00,1002,SKU011,frozen,frozen,21,16
2026-05-26T17:00:00,1002,SKU012,frozen,frozen,22,20
2026-05-26T17:00:00,1002,SKU013,grocery,grocery,24,17
2026-05-26T17:00:00,1002,SKU014,grocery,grocery,28,15
2026-05-26T17:00:00,1002,SKU015,household,grocery,26,18
2026-05-26T17:00:00,1003,SKU001,produce,produce,0,14
2026-05-26T17:00:00,1003,SKU002,produce,produce,7,10
2026-05-26T17:00:00,1003,SKU003,dairy,dairy,1,14
2026-05-26T17:00:00,1003,SKU004,dairy,dairy,4,14
2026-05-26T17:00:00,1003,SKU005,meat,meat,7,11
2026-05-26T17:00:00,1003,SKU006,meat,meat,9,8
2026-05-26T17:00:00,1003,SKU007,bakery,bakery,5,13
2026-05-26T17:00:00,1003,SKU008,bakery,bakery,16,11
2026-05-26T17:00:00,1003,SKU009,beverages,grocery,24,17
2026-05-26T17:00:00,1003,SKU010,beverages,grocery,8,8
2026-05-26T17:00:00,1003,SKU011,frozen,frozen,21,20
2026-05-26T17:00:00,1003,SKU012,frozen,frozen,25,18
2026-05-26T17:00:00,1003,SKU013,grocery,grocery,23,14
2026-05-26T17:00:00,1003,SKU014,grocery,grocery,21,19
2026-05-26T17:00:00,1003,SKU015,household,grocery,26,20
2026-05-26T18:00:00,1001,SKU001,produce,produce,0,14
2026-05-26T18:00:00,1001,SKU002,produce,produce,0,8
2026-05-26T18:00:00,1001,SKU003,dairy,dairy,1,11
2026-05-26T18:00:00,1001,SKU004,dairy,dairy,11,8
2026-05-26T18:00:00,1001,SKU005,meat,meat,8,8
2026-05-26T18:00:00,1001,SKU006,meat,meat,9,13
2026-05-26T18:00:00,1001,SKU007,bakery,bakery,6,14
2026-05-26T18:00:00,1001,SKU008,bakery,bakery,13,8
2026-05-26T18:00:00,1001,SKU009,beverages,grocery,24,17
2026-05-26T18:00:00,1001,SKU010,beverages,grocery,8,14
2026-05-26T18:00:00,1001,SKU011,frozen,frozen,27,15
2026-05-26T18:00:00,1001,SKU012,frozen,frozen,26,19
2026-05-26T18:00:00,1001,SKU013,grocery,grocery,26,19
2026-05-26T18:00:00,1001,SKU014,grocery,grocery,22,14
2026-05-26T18:00:00,1001,SKU015,household,grocery,27,15
2026-05-26T18:00:00,1002,SKU001,produce,produce,0,10
2026-05-26T18:00:00,1002,SKU002,produce,produce,0,11
2026-05-26T18:00:00,1002,SKU003,dairy,dairy,7,11
2026-05-26T18:00:00,1002,SKU004,dairy,dairy,7,11
2026-05-26T18:00:00,1002,SKU005,meat,meat,6,8
2026-05-26T18:00:00,1002,SKU006,meat,meat,12,9
2026-05-26T18:00:00,1002,SKU007,bakery,bakery,11,14
2026-05-26T18:00:00,1002,SKU008,bakery,bakery,14,13
2026-05-26T18:00:00,1002,SKU009,beverages,grocery,19,18
2026-05-26T18:00:00,1002,SKU010,beverages,grocery,8,10
2026-05-26T18:00:00,1002,SKU011,frozen,frozen,19,18
2026-05-26T18:00:00,1002,SKU012,frozen,frozen,20,19
2026-05-26T18:00:00,1002,SKU013,grocery,grocery,27,19
2026-05-26T18:00:00,1002,SKU014,grocery,grocery,27,17
2026-05-26T18:00:00,1002,SKU015,household,grocery,22,15
2026-05-26T18:00:00,1003,SKU001,produce,produce,0,14
2026-05-26T18:00:00,1003,SKU002,produce,produce,1,8
2026-05-26T18:00:00,1003,SKU003,dairy,dairy,6,12
2026-05-26T18:00:00,1003,SKU004,dairy,dairy,11,10
2026-05-26T18:00:00,1003,SKU005,meat,meat,5,9
2026-05-26T18:00:00,1003,SKU006,meat,meat,8,9
2026-05-26T18:00:00,1003,SKU007,bakery,bakery,12,9
2026-05-26T18:00:00,1003,SKU008,bakery,bakery,9,9
2026-05-26T18:00:00,1003,SKU009,beverages,grocery,22,16
2026-05-26T18:00:00,1003,SKU010,beverages,grocery,8,9
2026-05-26T18:00:00,1003,SKU011,frozen,frozen,24,17
2026-05-26T18:00:00,1003,SKU012,frozen,frozen,20,17
2026-05-26T18:00:00,1003,SKU013,grocery,grocery,28,14
2026-05-26T18:00:00,1003,SKU014,grocery,grocery,27,14
2026-05-26T18:00:00,1003,SKU015,household,grocery,25,20
2026-05-26T19:00:00,1001,SKU001,produce,produce,0,13
2026-05-26T19:00:00,1001,SKU002,produce,produce,0,8
2026-05-26T19:00:00,1001,SKU003,dairy,dairy,1,8
2026-05-26T19:00:00,1001,SKU004,dairy,dairy,8,8
2026-05-26T19:00:00,1001,SKU005,meat,meat,6,14
2026-05-26T19:00:00,1001,SKU006,meat,meat,11,9
2026-05-26T19:00:00,1001,SKU007,bakery,bakery,12,13
2026-05-26T19:00:00,1001,SKU008,bakery,bakery,12,9
2026-05-26T19:00:00,1001,SKU009,beverages,grocery,24,17
2026-05-26T19:00:00,1001,SKU010,beverages,grocery,14,12
2026-05-26T19:00:00,1001,SKU011,frozen,frozen,24,17
2026-05-26T19:00:00,1001,SKU012,frozen,frozen,19,15
2026-05-26T19:00:00,1001,SKU013,grocery,grocery,22,17
2026-05-26T19:00:00,1001,SKU014,grocery,grocery,21,19
2026-05-26T19:00:00,1001,SKU015,household,grocery,30,16
2026-05-26T19:00:00,1002,SKU001,produce,produce,0,10
2026-05-26T19:00:00,1002,SKU002,produce,produce,0,13
2026-05-26T19:00:00,1002,SKU003,dairy,dairy,1,14
2026-05-26T19:00:00,1002,SKU004,dairy,dairy,7,8
2026-05-26T19:00:00,1002,SKU005,meat,meat,5,14
2026-05-26T19:00:00,1002,SKU006,meat,meat,11,10
2026-05-26T19:00:00,1002,SKU007,bakery,bakery,12,8
2026-05-26T19:00:00,1002,SKU008,bakery,bakery,8,11
2026-05-26T19:00:00,1002,SKU009,beverages,grocery,21,16
2026-05-26T19:00:00,1002,SKU010,beverages,grocery,6,9
2026-05-26T19:00:00,1002,SKU011,frozen,frozen,26,15
2026-05-26T19:00:00,1002,SKU012,frozen,frozen,22,20
2026-05-26T19:00:00,1002,SKU013,grocery,grocery,20,17
2026-05-26T19:00:00,1002,SKU014,grocery,grocery,27,18
2026-05-26T19:00:00,1002,SKU015,household,grocery,23,15
2026-05-26T19:00:00,1003,SKU001,produce,produce,0,13
2026-05-26T19:00:00,1003,SKU002,produce,produce,3,13
2026-05-26T19:00:00,1003,SKU003,dairy,dairy,7,9
2026-05-26T19:00:00,1003,SKU004,dairy,dairy,4,8
2026-05-26T19:00:00,1003,SKU005,meat,meat,3,14
2026-05-26T19:00:00,1003,SKU006,meat,meat,7,13
2026-05-26T19:00:00,1003,SKU007,bakery,bakery,5,11
2026-05-26T19:00:00,1003,SKU008,bakery,bakery,15,14
2026-05-26T19:00:00,1003,SKU009,beverages,grocery,19,14
2026-05-26T19:00:00,1003,SKU010,beverages,grocery,9,10
2026-05-26T19:00:00,1003,SKU011,frozen,frozen,27,17
2026-05-26T19:00:00,1003,SKU012,frozen,frozen,20,18
2026-05-26T19:00:00,1003,SKU013,grocery,grocery,27,16
2026-05-26T19:00:00,1003,SKU014,grocery,grocery,27,20
2026-05-26T19:00:00,1003,SKU015,household,grocery,29,15
2026-05-26T20:00:00,1001,SKU001,produce,produce,0,14
2026-05-26T20:00:00,1001,SKU002,produce,produce,0,14
2026-05-26T20:00:00,1001,SKU003,dairy,dairy,6,9
2026-05-26T20:00:00,1001,SKU004,dairy,dairy,2,14
2026-05-26T20:00:00,1001,SKU005,meat,meat,10,9
2026-05-26T20:00:00,1001,SKU006,meat,meat,12,13
2026-05-26T20:00:00,1001,SKU007,bakery,bakery,8,11
2026-05-26T20:00:00,1001,SKU008,bakery,bakery,7,10
2026-05-26T20:00:00,1001,SKU009,beverages,grocery,19,18
2026-05-26T20:00:00,1001,SKU010,beverages,grocery,12,13
2026-05-26T20:00:00,1001,SKU011,frozen,frozen,18,17
2026-05-26T20:00:00,1001,SKU012,frozen,frozen,26,19
2026-05-26T20:00:00,1001,SKU013,grocery,grocery,25,17
2026-05-26T20:00:00,1001,SKU014,grocery,grocery,20,17
2026-05-26T20:00:00,1001,SKU015,household,grocery,29,19
2026-05-26T20:00:00,1002,SKU001,produce,produce,0,11
2026-05-26T20:00:00,1002,SKU002,produce,produce,1,9
2026-05-26T20:00:00,1002,SKU003,dairy,dairy,4,12
2026-05-26T20:00:00,1002,SKU004,dairy,dairy,3,14
2026-05-26T20:00:00,1002,SKU005,meat,meat,2,10
2026-05-26T20:00:00,1002,SKU006,meat,meat,4,11
2026-05-26T20:00:00,1002,SKU007,bakery,bakery,11,9
2026-05-26T20:00:00,1002,SKU008,bakery,bakery,8,13
2026-05-26T20:00:00,1002,SKU009,beverages,grocery,18,15
2026-05-26T20:00:00,1002,SKU010,beverages,grocery,8,13
2026-05-26T20:00:00,1002,SKU011,frozen,frozen,23,16
2026-05-26T20:00:00,1002,SKU012,frozen,frozen,20,14
2026-05-26T20:00:00,1002,SKU013,grocery,grocery,25,19
2026-05-26T20:00:00,1002,SKU014,grocery,grocery,24,14
2026-05-26T20:00:00,1002,SKU015,household,grocery,27,18
2026-05-26T20:00:00,1003,SKU001,produce,produce,0,8
2026-05-26T20:00:00,1003,SKU002,produce,produce,0,11
2026-05-26T20:00:00,1003,SKU003,dairy,dairy,0,13
2026-05-26T20:00:00,1003,SKU004,dairy,dairy,2,12
2026-05-26T20:00:00,1003,SKU005,meat,meat,4,8
2026-05-26T20:00:00,1003,SKU006,meat,meat,6,10
2026-05-26T20:00:00,1003,SKU007,bakery,bakery,9,11
2026-05-26T20:00:00,1003,SKU008,bakery,bakery,7,12
2026-05-26T20:00:00,1003,SKU009,beverages,grocery,24,20
2026-05-26T20:00:00,1003,SKU010,beverages,grocery,9,9
2026-05-26T20:00:00,1003,SKU011,frozen,frozen,24,18
2026-05-26T20:00:00,1003,SKU012,frozen,frozen,26,16
2026-05-26T20:00:00,1003,SKU013,grocery,grocery,27,20
2026-05-26T20:00:00,1003,SKU014,grocery,grocery,19,15
2026-05-26T20:00:00,1003,SKU015,household,grocery,24,14
2026-05-26T21:00:00,1001,SKU001,produce,produce,0,14
2026-05-26T21:00:00,1001,SKU002,produce,produce,0,12
2026-05-26T21:00:00,1001,SKU003,dairy,dairy,0,13
2026-05-26T21:00:00,1001,SKU004,dairy,dairy,8,11
2026-05-26T21:00:00,1001,SKU005,meat,meat,5,12
2026-05-26T21:00:00,1001,SKU006,meat,meat,7,13
2026-05-26T21:00:00,1001,SKU007,bakery,bakery,4,10
2026-05-26T21:00:00,1001,SKU008,bakery,bakery,11,14
2026-05-26T21:00:00,1001,SKU009,beverages,grocery,23,18
2026-05-26T21:00:00,1001,SKU010,beverages,grocery,5,13
2026-05-26T21:00:00,1001,SKU011,frozen,frozen,19,16
2026-05-26T21:00:00,1001,SKU012,frozen,frozen,22,17
2026-05-26T21:00:00,1001,SKU013,grocery,grocery,26,18
2026-05-26T21:00:00,1001,SKU014,grocery,grocery,26,20
2026-05-26T21:00:00,1001,SKU015,household,grocery,22,19
2026-05-26T21:00:00,1002,SKU001,produce,produce,0,8
2026-05-26T21:00:00,1002,SKU002,produce,produce,0,9
2026-05-26T21:00:00,1002,SKU003,dairy,dairy,0,12
2026-05-26T21:00:00,1002,SKU004,dairy,dairy,6,11
2026-05-26T21:00:00,1002,SKU005,meat,meat,7,11
2026-05-26T21:00:00,1002,SKU006,meat,meat,6,12
2026-05-26T21:00:00,1002,SKU007,bakery,bakery,4,8
2026-05-26T21:00:00,1002,SKU008,bakery,bakery,13,10
2026-05-26T21:00:00,1002,SKU009,beverages,grocery,21,20
2026-05-26T21:00:00,1002,SKU010,beverages,grocery,5,12
2026-05-26T21:00:00,1002,SKU011,frozen,frozen,19,19
2026-05-26T21:00:00,1002,SKU012,frozen,frozen,24,17
2026-05-26T21:00:00,1002,SKU013,grocery,grocery,26,17
2026-05-26T21:00:00,1002,SKU014,grocery,grocery,25,18
2026-05-26T21:00:00,1002,SKU015,household,grocery,24,20
2026-05-26T21:00:00,1003,SKU001,produce,produce,0,12
2026-05-26T21:00:00,1003,SKU002,produce,produce,0,13
2026-05-26T21:00:00,1003,SKU003,dairy,dairy,0,14
2026-05-26T21:00:00,1003,SKU004,dairy,dairy,2,10
2026-05-26T21:00:00,1003,SKU005,meat,meat,9,12
2026-05-26T21:00:00,1003,SKU006,meat,meat,6,11
2026-05-26T21:00:00,1003,SKU007,bakery,bakery,2,14
2026-05-26T21:00:00,1003,SKU008,bakery,bakery,14,10
2026-05-26T21:00:00,1003,SKU009,beverages,grocery,23,14
2026-05-26T21:00:00,1003,SKU010,beverages,grocery,10,13
2026-05-26T21:00:00,1003,SKU011,frozen,frozen,20,19
2026-05-26T21:00:00,1003,SKU012,frozen,frozen,20,16
2026-05-26T21:00:00,1003,SKU013,grocery,grocery,18,19
2026-05-26T21:00:00,1003,SKU014,grocery,grocery,23,14
2026-05-26T21:00:00,1003,SKU015,household,grocery,27,20
2026-05-27T06:00:00,1001,SKU001,produce,produce,18,11
2026-05-27T06:00:00,1001,SKU002,produce,produce,19,13
2026-05-27T06:00:00,1001,SKU003,dairy,dairy,21,12
2026-05-27T06:00:00,1001,SKU004,dairy,dairy,15,8
2026-05-27T06:00:00,1001,SKU005,meat,meat,16,9
2026-05-27T06:00:00,1001,SKU006,meat,meat,19,12
2026-05-27T06:00:00,1001,SKU007,bakery,bakery,17,14
2026-05-27T06:00:00,1001,SKU008,bakery,bakery,20,14
2026-05-27T06:00:00,1001,SKU009,beverages,grocery,30,16
2026-05-27T06:00:00,1001,SKU010,beverages,grocery,19,9
2026-05-27T06:00:00,1001,SKU011,frozen,frozen,33,17
2026-05-27T06:00:00,1001,SKU012,frozen,frozen,32,18
2026-05-27T06:00:00,1001,SKU013,grocery,grocery,31,15
2026-05-27T06:00:00,1001,SKU014,grocery,grocery,27,16
2026-05-27T06:00:00,1001,SKU015,household,grocery,29,15
2026-05-27T06:00:00,1002,SKU001,produce,produce,15,13
2026-05-27T06:00:00,1002,SKU002,produce,produce,16,13
2026-05-27T06:00:00,1002,SKU003,dairy,dairy,22,13
2026-05-27T06:00:00,1002,SKU004,dairy,dairy,19,14
2026-05-27T06:00:00,1002,SKU005,meat,meat,21,14
2026-05-27T06:00:00,1002,SKU006,meat,meat,18,14
2026-05-27T06:00:00,1002,SKU007,bakery,bakery,18,12
2026-05-27T06:00:00,1002,SKU008,bakery,bakery,16,10
2026-05-27T06:00:00,1002,SKU009,beverages,grocery,31,15
2026-05-27T06:00:00,1002,SKU010,beverages,grocery,19,8
2026-05-27T06:00:00,1002,SKU011,frozen,frozen,30,15
2026-05-27T06:00:00,1002,SKU012,frozen,frozen,33,20
2026-05-27T06:00:00,1002,SKU013,grocery,grocery,30,19
2026-05-27T06:00:00,1002,SKU014,grocery,grocery,32,15
2026-05-27T06:00:00,1002,SKU015,household,grocery,30,17
2026-05-27T06:00:00,1003,SKU001,produce,produce,14,12
2026-05-27T06:00:00,1003,SKU002,produce,produce,16,11
2026-05-27T06:00:00,1003,SKU003,dairy,dairy,17,14
2026-05-27T06:00:00,1003,SKU004,dairy,dairy,18,10
2026-05-27T06:00:00,1003,SKU005,meat,meat,23,12
2026-05-27T06:00:00,1003,SKU006,meat,meat,20,8
2026-05-27T06:00:00,1003,SKU007,bakery,bakery,18,14
2026-05-27T06:00:00,1003,SKU008,bakery,bakery,23,8
2026-05-27T06:00:00,1003,SKU009,beverages,grocery,33,19
2026-05-27T06:00:00,1003,SKU010,beverages,grocery,21,10
2026-05-27T06:00:00,1003,SKU011,frozen,frozen,30,14
2026-05-27T06:00:00,1003,SKU012,frozen,frozen,32,18
2026-05-27T06:00:00,1003,SKU013,grocery,grocery,29,17
2026-05-27T06:00:00,1003,SKU014,grocery,grocery,33,16
2026-05-27T06:00:00,1003,SKU015,household,grocery,25,18
2026-05-27T07:00:00,1001,SKU001,produce,produce,13,14
2026-05-27T07:00:00,1001,SKU002,produce,produce,20,14
2026-05-27T07:00:00,1001,SKU003,dairy,dairy,17,14
2026-05-27T07:00:00,1001,SKU004,dairy,dairy,18,9
2026-05-27T07:00:00,1001,SKU005,meat,meat,14,9
2026-05-27T07:00:00,1001,SKU006,meat,meat,18,13
2026-05-27T07:00:00,1001,SKU007,bakery,bakery,15,13
2026-05-27T07:00:00,1001,SKU008,bakery,bakery,22,14
2026-05-27T07:00:00,1001,SKU009,beverages,grocery,25,20
2026-05-27T07:00:00,1001,SKU010,beverages,grocery,15,11
2026-05-27T07:00:00,1001,SKU011,frozen,frozen,32,15
2026-05-27T07:00:00,1001,SKU012,frozen,frozen,24,15
2026-05-27T07:00:00,1001,SKU013,grocery,grocery,33,20
2026-05-27T07:00:00,1001,SKU014,grocery,grocery,30,18
2026-05-27T07:00:00,1001,SKU015,household,grocery,28,16
2026-05-27T07:00:00,1002,SKU001,produce,produce,8,8
2026-05-27T07:00:00,1002,SKU002,produce,produce,18,9
2026-05-27T07:00:00,1002,SKU003,dairy,dairy,19,10
2026-05-27T07:00:00,1002,SKU004,dairy,dairy,15,10
2026-05-27T07:00:00,1002,SKU005,meat,meat,18,11
2026-05-27T07:00:00,1002,SKU006,meat,meat,15,10
2026-05-27T07:00:00,1002,SKU007,bakery,bakery,19,9
2026-05-27T07:00:00,1002,SKU008,bakery,bakery,15,9
2026-05-27T07:00:00,1002,SKU009,beverages,grocery,26,16
2026-05-27T07:00:00,1002,SKU010,beverages,grocery,17,14
2026-05-27T07:00:00,1002,SKU011,frozen,frozen,31,17
2026-05-27T07:00:00,1002,SKU012,frozen,frozen,32,14
2026-05-27T07:00:00,1002,SKU013,grocery,grocery,28,20
2026-05-27T07:00:00,1002,SKU014,grocery,grocery,31,17
2026-05-27T07:00:00,1002,SKU015,household,grocery,30,14
2026-05-27T07:00:00,1003,SKU001,produce,produce,8,12
2026-05-27T07:00:00,1003,SKU002,produce,produce,17,14
2026-05-27T07:00:00,1003,SKU003,dairy,dairy,15,13
2026-05-27T07:00:00,1003,SKU004,dairy,dairy,15,10
2026-05-27T07:00:00,1003,SKU005,meat,meat,15,8
2026-05-27T07:00:00,1003,SKU006,meat,meat,19,9
2026-05-27T07:00:00,1003,SKU007,bakery,bakery,21,11
2026-05-27T07:00:00,1003,SKU008,bakery,bakery,22,8
2026-05-27T07:00:00,1003,SKU009,beverages,grocery,32,17
2026-05-27T07:00:00,1003,SKU010,beverages,grocery,22,8
2026-05-27T07:00:00,1003,SKU011,frozen,frozen,27,20
2026-05-27T07:00:00,1003,SKU012,frozen,frozen,31,14
2026-05-27T07:00:00,1003,SKU013,grocery,grocery,29,16
2026-05-27T07:00:00,1003,SKU014,grocery,grocery,27,15
2026-05-27T07:00:00,1003,SKU015,household,grocery,33,18
2026-05-27T08:00:00,1001,SKU001,produce,produce,12,14
2026-05-27T08:00:00,1001,SKU002,produce,produce,16,11
2026-05-27T08:00:00,1001,SKU003,dairy,dairy,14,9
2026-05-27T08:00:00,1001,SKU004,dairy,dairy,18,12
2026-05-27T08:00:00,1001,SKU005,meat,meat,19,11
2026-05-27T08:00:00,1001,SKU006,meat,meat,13,10
2026-05-27T08:00:00,1001,SKU007,bakery,bakery,21,11
2026-05-27T08:00:00,1001,SKU008,bakery,bakery,21,12
2026-05-27T08:00:00,1001,SKU009,beverages,grocery,31,16
2026-05-27T08:00:00,1001,SKU010,beverages,grocery,17,14
2026-05-27T08:00:00,1001,SKU011,frozen,frozen,26,15
2026-05-27T08:00:00,1001,SKU012,frozen,frozen,31,19
2026-05-27T08:00:00,1001,SKU013,grocery,grocery,29,18
2026-05-27T08:00:00,1001,SKU014,grocery,grocery,29,19
2026-05-27T08:00:00,1001,SKU015,household,grocery,29,18
2026-05-27T08:00:00,1002,SKU001,produce,produce,9,13
2026-05-27T08:00:00,1002,SKU002,produce,produce,17,10
2026-05-27T08:00:00,1002,SKU003,dairy,dairy,17,14
2026-05-27T08:00:00,1002,SKU004,dairy,dairy,17,9
2026-05-27T08:00:00,1002,SKU005,meat,meat,21,9
2026-05-27T08:00:00,1002,SKU006,meat,meat,17,12
2026-05-27T08:00:00,1002,SKU007,bakery,bakery,14,8
2026-05-27T08:00:00,1002,SKU008,bakery,bakery,20,10
2026-05-27T08:00:00,1002,SKU009,beverages,grocery,24,15
2026-05-27T08:00:00,1002,SKU010,beverages,grocery,13,8
2026-05-27T08:00:00,1002,SKU011,frozen,frozen,24,15
2026-05-27T08:00:00,1002,SKU012,frozen,frozen,28,16
2026-05-27T08:00:00,1002,SKU013,grocery,grocery,27,18
2026-05-27T08:00:00,1002,SKU014,grocery,grocery,27,14
2026-05-27T08:00:00,1002,SKU015,household,grocery,28,15
2026-05-27T08:00:00,1003,SKU001,produce,produce,5,14
2026-05-27T08:00:00,1003,SKU002,produce,produce,16,14
2026-05-27T08:00:00,1003,SKU003,dairy,dairy,17,8
2026-05-27T08:00:00,1003,SKU004,dairy,dairy,16,8
2026-05-27T08:00:00,1003,SKU005,meat,meat,18,10
2026-05-27T08:00:00,1003,SKU006,meat,meat,20,8
2026-05-27T08:00:00,1003,SKU007,bakery,bakery,21,9
2026-05-27T08:00:00,1003,SKU008,bakery,bakery,20,12
2026-05-27T08:00:00,1003,SKU009,beverages,grocery,26,19
2026-05-27T08:00:00,1003,SKU010,beverages,grocery,14,10
2026-05-27T08:00:00,1003,SKU011,frozen,frozen,28,16
2026-05-27T08:00:00,1003,SKU012,frozen,frozen,32,18
2026-05-27T08:00:00,1003,SKU013,grocery,grocery,30,17
2026-05-27T08:00:00,1003,SKU014,grocery,grocery,31,15
2026-05-27T08:00:00,1003,SKU015,household,grocery,32,20
2026-05-27T09:00:00,1001,SKU001,produce,produce,4,11
2026-05-27T09:00:00,1001,SKU002,produce,produce,17,13
2026-05-27T09:00:00,1001,SKU003,dairy,dairy,18,13
2026-05-27T09:00:00,1001,SKU004,dairy,dairy,16,13
2026-05-27T09:00:00,1001,SKU005,meat,meat,18,9
2026-05-27T09:00:00,1001,SKU006,meat,meat,12,9
2026-05-27T09:00:00,1001,SKU007,bakery,bakery,17,14
2026-05-27T09:00:00,1001,SKU008,bakery,bakery,21,13
2026-05-27T09:00:00,1001,SKU009,beverages,grocery,25,16
2026-05-27T09:00:00,1001,SKU010,beverages,grocery,17,9
2026-05-27T09:00:00,1001,SKU011,frozen,frozen,25,18
2026-05-27T09:00:00,1001,SKU012,frozen,frozen,26,20
2026-05-27T09:00:00,1001,SKU013,grocery,grocery,26,19
2026-05-27T09:00:00,1001,SKU014,grocery,grocery,32,20
2026-05-27T09:00:00,1001,SKU015,household,grocery,26,19
2026-05-27T09:00:00,1002,SKU001,produce,produce,3,9
2026-05-27T09:00:00,1002,SKU002,produce,produce,11,9
2026-05-27T09:00:00,1002,SKU003,dairy,dairy,14,12
2026-05-27T09:00:00,1002,SKU004,dairy,dairy,14,14
2026-05-27T09:00:00,1002,SKU005,meat,meat,12,13
2026-05-27T09:00:00,1002,SKU006,meat,meat,16,12
2026-05-27T09:00:00,1002,SKU007,bakery,bakery,13,8
2026-05-27T09:00:00,1002,SKU008,bakery,bakery,19,13
2026-05-27T09:00:00,1002,SKU009,beverages,grocery,23,14
2026-05-27T09:00:00,1002,SKU010,beverages,grocery,21,9
2026-05-27T09:00:00,1002,SKU011,frozen,frozen,30,16
2026-05-27T09:00:00,1002,SKU012,frozen,frozen,30,15
2026-05-27T09:00:00,1002,SKU013,grocery,grocery,27,19
2026-05-27T09:00:00,1002,SKU014,grocery,grocery,32,17
2026-05-27T09:00:00,1002,SKU015,household,grocery,30,14
2026-05-27T09:00:00,1003,SKU001,produce,produce,9,9
2026-05-27T09:00:00,1003,SKU002,produce,produce,17,11
2026-05-27T09:00:00,1003,SKU003,dairy,dairy,19,13
2026-05-27T09:00:00,1003,SKU004,dairy,dairy,13,13
2026-05-27T09:00:00,1003,SKU005,meat,meat,19,9
2026-05-27T09:00:00,1003,SKU006,meat,meat,14,10
2026-05-27T09:00:00,1003,SKU007,bakery,bakery,19,11
2026-05-27T09:00:00,1003,SKU008,bakery,bakery,18,10
2026-05-27T09:00:00,1003,SKU009,beverages,grocery,28,18
2026-05-27T09:00:00,1003,SKU010,beverages,grocery,17,11
2026-05-27T09:00:00,1003,SKU011,frozen,frozen,26,17
2026-05-27T09:00:00,1003,SKU012,frozen,frozen,25,20
2026-05-27T09:00:00,1003,SKU013,grocery,grocery,24,16
2026-05-27T09:00:00,1003,SKU014,grocery,grocery,26,18
2026-05-27T09:00:00,1003,SKU015,household,grocery,26,18
2026-05-27T10:00:00,1001,SKU001,produce,produce,4,11
2026-05-27T10:00:00,1001,SKU002,produce,produce,16,9
2026-05-27T10:00:00,1001,SKU003,dairy,dairy,11,11
2026-05-27T10:00:00,1001,SKU004,dairy,dairy,11,12
2026-05-27T10:00:00,1001,SKU005,meat,meat,13,13
2026-05-27T10:00:00,1001,SKU006,meat,meat,19,8
2026-05-27T10:00:00,1001,SKU007,bakery,bakery,18,9
2026-05-27T10:00:00,1001,SKU008,bakery,bakery,14,11
2026-05-27T10:00:00,1001,SKU009,beverages,grocery,25,15
2026-05-27T10:00:00,1001,SKU010,beverages,grocery,19,14
2026-05-27T10:00:00,1001,SKU011,frozen,frozen,26,18
2026-05-27T10:00:00,1001,SKU012,frozen,frozen,25,20
2026-05-27T10:00:00,1001,SKU013,grocery,grocery,23,16
2026-05-27T10:00:00,1001,SKU014,grocery,grocery,25,15
2026-05-27T10:00:00,1001,SKU015,household,grocery,26,18
2026-05-27T10:00:00,1002,SKU001,produce,produce,0,13
2026-05-27T10:00:00,1002,SKU002,produce,produce,14,9
2026-05-27T10:00:00,1002,SKU003,dairy,dairy,11,13
2026-05-27T10:00:00,1002,SKU004,dairy,dairy,17,14
2026-05-27T10:00:00,1002,SKU005,meat,meat,16,13
2026-05-27T10:00:00,1002,SKU006,meat,meat,13,13
2026-05-27T10:00:00,1002,SKU007,bakery,bakery,15,9
2026-05-27T10:00:00,1002,SKU008,bakery,bakery,21,12
2026-05-27T10:00:00,1002,SKU009,beverages,grocery,24,15
2026-05-27T10:00:00,1002,SKU010,beverages,grocery,14,10
2026-05-27T10:00:00,1002,SKU011,frozen,frozen,28,19
2026-05-27T10:00:00,1002,SKU012,frozen,frozen,26,20
2026-05-27T10:00:00,1002,SKU013,grocery,grocery,31,15
2026-05-27T10:00:00,1002,SKU014,grocery,grocery,28,18
2026-05-27T10:00:00,1002,SKU015,household,grocery,28,16
2026-05-27T10:00:00,1003,SKU001,produce,produce,3,8
2026-05-27T10:00:00,1003,SKU002,produce,produce,15,13
2026-05-27T10:00:00,1003,SKU003,dairy,dairy,17,13
2026-05-27T10:00:00,1003,SKU004,dairy,dairy,18,9
2026-05-27T10:00:00,1003,SKU005,meat,meat,13,14
2026-05-27T10:00:00,1003,SKU006,meat,meat,18,10
2026-05-27T10:00:00,1003,SKU007,bakery,bakery,14,8
2026-05-27T10:00:00,1003,SKU008,bakery,bakery,18,10
2026-05-27T10:00:00,1003,SKU009,beverages,grocery,26,18
2026-05-27T10:00:00,1003,SKU010,beverages,grocery,19,12
2026-05-27T10:00:00,1003,SKU011,frozen,frozen,24,15
2026-05-27T10:00:00,1003,SKU012,frozen,frozen,30,18
2026-05-27T10:00:00,1003,SKU013,grocery,grocery,30,14
2026-05-27T10:00:00,1003,SKU014,grocery,grocery,25,18
2026-05-27T10:00:00,1003,SKU015,household,grocery,26,17
2026-05-27T11:00:00,1001,SKU001,produce,produce,0,9
2026-05-27T11:00:00,1001,SKU002,produce,produce,7,10
2026-05-27T11:00:00,1001,SKU003,dairy,dairy,11,13
2026-05-27T11:00:00,1001,SKU004,dairy,dairy,17,14
2026-05-27T11:00:00,1001,SKU005,meat,meat,18,11
2026-05-27T11:00:00,1001,SKU006,meat,meat,12,9
2026-05-27T11:00:00,1001,SKU007,bakery,bakery,17,13
2026-05-27T11:00:00,1001,SKU008,bakery,bakery,17,9
2026-05-27T11:00:00,1001,SKU009,beverages,grocery,30,18
2026-05-27T11:00:00,1001,SKU010,beverages,grocery,14,9
2026-05-27T11:00:00,1001,SKU011,frozen,frozen,25,14
2026-05-27T11:00:00,1001,SKU012,frozen,frozen,23,15
2026-05-27T11:00:00,1001,SKU013,grocery,grocery,28,17
2026-05-27T11:00:00,1001,SKU014,grocery,grocery,23,18
2026-05-27T11:00:00,1001,SKU015,household,grocery,27,15
2026-05-27T11:00:00,1002,SKU001,produce,produce,0,8
2026-05-27T11:00:00,1002,SKU002,produce,produce,11,14
2026-05-27T11:00:00,1002,SKU003,dairy,dairy,16,11
2026-05-27T11:00:00,1002,SKU004,dairy,dairy,17,12
2026-05-27T11:00:00,1002,SKU005,meat,meat,18,12
2026-05-27T11:00:00,1002,SKU006,meat,meat,18,10
2026-05-27T11:00:00,1002,SKU007,bakery,bakery,13,13
2026-05-27T11:00:00,1002,SKU008,bakery,bakery,17,13
2026-05-27T11:00:00,1002,SKU009,beverages,grocery,30,16
2026-05-27T11:00:00,1002,SKU010,beverages,grocery,13,9
2026-05-27T11:00:00,1002,SKU011,frozen,frozen,31,17
2026-05-27T11:00:00,1002,SKU012,frozen,frozen,22,20
2026-05-27T11:00:00,1002,SKU013,grocery,grocery,23,15
2026-05-27T11:00:00,1002,SKU014,grocery,grocery,23,16
2026-05-27T11:00:00,1002,SKU015,household,grocery,28,15
2026-05-27T11:00:00,1003,SKU001,produce,produce,0,13
2026-05-27T11:00:00,1003,SKU002,produce,produce,8,14
2026-05-27T11:00:00,1003,SKU003,dairy,dairy,13,8
2026-05-27T11:00:00,1003,SKU004,dairy,dairy,17,8
2026-05-27T11:00:00,1003,SKU005,meat,meat,15,14
2026-05-27T11:00:00,1003,SKU006,meat,meat,13,9
2026-05-27T11:00:00,1003,SKU007,bakery,bakery,11,8
2026-05-27T11:00:00,1003,SKU008,bakery,bakery,14,13
2026-05-27T11:00:00,1003,SKU009,beverages,grocery,24,20
2026-05-27T11:00:00,1003,SKU010,beverages,grocery,16,13
2026-05-27T11:00:00,1003,SKU011,frozen,frozen,23,14
2026-05-27T11:00:00,1003,SKU012,frozen,frozen,26,15
2026-05-27T11:00:00,1003,SKU013,grocery,grocery,30,16
2026-05-27T11:00:00,1003,SKU014,grocery,grocery,31,15
2026-05-27T11:00:00,1003,SKU015,household,grocery,24,18
2026-05-27T12:00:00,1001,SKU001,produce,produce,0,8
2026-05-27T12:00:00,1001,SKU002,produce,produce,12,11
2026-05-27T12:00:00,1001,SKU003,dairy,dairy,8,9
2026-05-27T12:00:00,1001,SKU004,dairy,dairy,16,8
2026-05-27T12:00:00,1001,SKU005,meat,meat,10,9
2026-05-27T12:00:00,1001,SKU006,meat,meat,16,8
2026-05-27T12:00:00,1001,SKU007,bakery,bakery,12,13
2026-05-27T12:00:00,1001,SKU008,bakery,bakery,13,8
2026-05-27T12:00:00,1001,SKU009,beverages,grocery,24,15
2026-05-27T12:00:00,1001,SKU010,beverages,grocery,12,14
2026-05-27T12:00:00,1001,SKU011,frozen,frozen,29,17
2026-05-27T12:00:00,1001,SKU012,frozen,frozen,29,20
2026-05-27T12:00:00,1001,SKU013,grocery,grocery,24,14
2026-05-27T12:00:00,1001,SKU014,grocery,grocery,24,18
2026-05-27T12:00:00,1001,SKU015,household,grocery,25,14
2026-05-27T12:00:00,1002,SKU001,produce,produce,0,11
2026-05-27T12:00:00,1002,SKU002,produce,produce,12,8
2026-05-27T12:00:00,1002,SKU003,dairy,dairy,9,9
2026-05-27T12:00:00,1002,SKU004,dairy,dairy,9,8
2026-05-27T12:00:00,1002,SKU005,meat,meat,9,11
2026-05-27T12:00:00,1002,SKU006,meat,meat,12,13
2026-05-27T12:00:00,1002,SKU007,bakery,bakery,15,13
2026-05-27T12:00:00,1002,SKU008,bakery,bakery,19,14
2026-05-27T12:00:00,1002,SKU009,beverages,grocery,28,15
2026-05-27T12:00:00,1002,SKU010,beverages,grocery,14,12
2026-05-27T12:00:00,1002,SKU011,frozen,frozen,25,14
2026-05-27T12:00:00,1002,SKU012,frozen,frozen,26,18
2026-05-27T12:00:00,1002,SKU013,grocery,grocery,25,17
2026-05-27T12:00:00,1002,SKU014,grocery,grocery,29,16
2026-05-27T12:00:00,1002,SKU015,household,grocery,27,18
2026-05-27T12:00:00,1003,SKU001,produce,produce,0,13
2026-05-27T12:00:00,1003,SKU002,produce,produce,8,11
2026-05-27T12:00:00,1003,SKU003,dairy,dairy,11,14
2026-05-27T12:00:00,1003,SKU004,dairy,dairy,17,8
2026-05-27T12:00:00,1003,SKU005,meat,meat,11,14
2026-05-27T12:00:00,1003,SKU006,meat,meat,14,9
2026-05-27T12:00:00,1003,SKU007,bakery,bakery,11,8
2026-05-27T12:00:00,1003,SKU008,bakery,bakery,15,8
2026-05-27T12:00:00,1003,SKU009,beverages,grocery,29,19
2026-05-27T12:00:00,1003,SKU010,beverages,grocery,17,13
2026-05-27T12:00:00,1003,SKU011,frozen,frozen,30,15
2026-05-27T12:00:00,1003,SKU012,frozen,frozen,27,20
2026-05-27T12:00:00,1003,SKU013,grocery,grocery,22,18
2026-05-27T12:00:00,1003,SKU014,grocery,grocery,28,15
2026-05-27T12:00:00,1003,SKU015,household,grocery,26,18
2026-05-27T13:00:00,1001,SKU001,produce,produce,0,11
2026-05-27T13:00:00,1001,SKU002,produce,produce,6,8
2026-05-27T13:00:00,1001,SKU003,dairy,dairy,9,13
2026-05-27T13:00:00,1001,SKU004,dairy,dairy,13,10
2026-05-27T13:00:00,1001,SKU005,meat,meat,14,14
2026-05-27T13:00:00,1001,SKU006,meat,meat,10,14
2026-05-27T13:00:00,1001,SKU007,bakery,bakery,9,14
2026-05-27T13:00:00,1001,SKU008,bakery,bakery,14,13
2026-05-27T13:00:00,1001,SKU009,beverages,grocery,25,15
2026-05-27T13:00:00,1001,SKU010,beverages,grocery,17,14
2026-05-27T13:00:00,1001,SKU011,frozen,frozen,22,20
2026-05-27T13:00:00,1001,SKU012,frozen,frozen,22,15
2026-05-27T13:00:00,1001,SKU013,grocery,grocery,29,14
2026-05-27T13:00:00,1001,SKU014,grocery,grocery,24,16
2026-05-27T13:00:00,1001,SKU015,household,grocery,27,17
2026-05-27T13:00:00,1002,SKU001,produce,produce,0,12
2026-05-27T13:00:00,1002,SKU002,produce,produce,9,12
2026-05-27T13:00:00,1002,SKU003,dairy,dairy,11,11
2026-05-27T13:00:00,1002,SKU004,dairy,dairy,12,14
2026-05-27T13:00:00,1002,SKU005,meat,meat,10,9
2026-05-27T13:00:00,1002,SKU006,meat,meat,9,10
2026-05-27T13:00:00,1002,SKU007,bakery,bakery,10,13
2026-05-27T13:00:00,1002,SKU008,bakery,bakery,13,8
2026-05-27T13:00:00,1002,SKU009,beverages,grocery,22,17
2026-05-27T13:00:00,1002,SKU010,beverages,grocery,10,11
2026-05-27T13:00:00,1002,SKU011,frozen,frozen,23,16
2026-05-27T13:00:00,1002,SKU012,frozen,frozen,23,17
2026-05-27T13:00:00,1002,SKU013,grocery,grocery,25,18
2026-05-27T13:00:00,1002,SKU014,grocery,grocery,29,16
2026-05-27T13:00:00,1002,SKU015,household,grocery,24,15
2026-05-27T13:00:00,1003,SKU001,produce,produce,0,11
2026-05-27T13:00:00,1003,SKU002,produce,produce,5,11
2026-05-27T13:00:00,1003,SKU003,dairy,dairy,12,14
2026-05-27T13:00:00,1003,SKU004,dairy,dairy,8,11
2026-05-27T13:00:00,1003,SKU005,meat,meat,11,9
2026-05-27T13:00:00,1003,SKU006,meat,meat,11,14
2026-05-27T13:00:00,1003,SKU007,bakery,bakery,13,12
2026-05-27T13:00:00,1003,SKU008,bakery,bakery,12,10
2026-05-27T13:00:00,1003,SKU009,beverages,grocery,25,16
2026-05-27T13:00:00,1003,SKU010,beverages,grocery,12,14
2026-05-27T13:00:00,1003,SKU011,frozen,frozen,22,15
2026-05-27T13:00:00,1003,SKU012,frozen,frozen,25,14
2026-05-27T13:00:00,1003,SKU013,grocery,grocery,25,14
2026-05-27T13:00:00,1003,SKU014,grocery,grocery,23,14
2026-05-27T13:00:00,1003,SKU015,household,grocery,29,17
2026-05-27T14:00:00,1001,SKU001,produce,produce,0,12
2026-05-27T14:00:00,1001,SKU002,produce,produce,10,10
2026-05-27T14:00:00,1001,SKU003,dairy,dairy,11,14
2026-05-27T14:00:00,1001,SKU004,dairy,dairy,11,12
2026-05-27T14:00:00,1001,SKU005,meat,meat,8,10
2026-05-27T14:00:00,1001,SKU006,meat,meat,16,12
2026-05-27T14:00:00,1001,SKU007,bakery,bakery,13,10
2026-05-27T14:00:00,1001,SKU008,bakery,bakery,14,11
2026-05-27T14:00:00,1001,SKU009,beverages,grocery,22,15
2026-05-27T14:00:00,1001,SKU010,beverages,grocery,13,11
2026-05-27T14:00:00,1001,SKU011,frozen,frozen,22,15
2026-05-27T14:00:00,1001,SKU012,frozen,frozen,25,17
2026-05-27T14:00:00,1001,SKU013,grocery,grocery,27,14
2026-05-27T14:00:00,1001,SKU014,grocery,grocery,23,14
2026-05-27T14:00:00,1001,SKU015,household,grocery,31,14
2026-05-27T14:00:00,1002,SKU001,produce,produce,0,14
2026-05-27T14:00:00,1002,SKU002,produce,produce,11,8
2026-05-27T14:00:00,1002,SKU003,dairy,dairy,5,9
2026-05-27T14:00:00,1002,SKU004,dairy,dairy,7,14
2026-05-27T14:00:00,1002,SKU005,meat,meat,13,12
2026-05-27T14:00:00,1002,SKU006,meat,meat,12,8
2026-05-27T14:00:00,1002,SKU007,bakery,bakery,15,11
2026-05-27T14:00:00,1002,SKU008,bakery,bakery,14,14
2026-05-27T14:00:00,1002,SKU009,beverages,grocery,21,17
2026-05-27T14:00:00,1002,SKU010,beverages,grocery,11,11
2026-05-27T14:00:00,1002,SKU011,frozen,frozen,29,14
2026-05-27T14:00:00,1002,SKU012,frozen,frozen,29,14
2026-05-27T14:00:00,1002,SKU013,grocery,grocery,29,14
2026-05-27T14:00:00,1002,SKU014,grocery,grocery,27,17
2026-05-27T14:00:00,1002,SKU015,household,grocery,24,15
2026-05-27T14:00:00,1003,SKU001,produce,produce,0,14
2026-05-27T14:00:00,1003,SKU002,produce,produce,4,10
2026-05-27T14:00:00,1003,SKU003,dairy,dairy,5,11
2026-05-27T14:00:00,1003,SKU004,dairy,dairy,8,9
2026-05-27T14:00:00,1003,SKU005,meat,meat,15,8
2026-05-27T14:00:00,1003,SKU006,meat,meat,15,11
2026-05-27T14:00:00,1003,SKU007,bakery,bakery,9,9
2026-05-27T14:00:00,1003,SKU008,bakery,bakery,10,11
2026-05-27T14:00:00,1003,SKU009,beverages,grocery,23,16
2026-05-27T14:00:00,1003,SKU010,beverages,grocery,10,8
2026-05-27T14:00:00,1003,SKU011,frozen,frozen,25,16
2026-05-27T14:00:00,1003,SKU012,frozen,frozen,29,16
2026-05-27T14:00:00,1003,SKU013,grocery,grocery,28,16
2026-05-27T14:00:00,1003,SKU014,grocery,grocery,25,20
2026-05-27T14:00:00,1003,SKU015,household,grocery,29,15
2026-05-27T15:00:00,1001,SKU001,produce,produce,0,13
2026-05-27T15:00:00,1001,SKU002,produce,produce,4,8
2026-05-27T15:00:00,1001,SKU003,dairy,dairy,4,12
2026-05-27T15:00:00,1001,SKU004,dairy,dairy,12,9
2026-05-27T15:00:00,1001,SKU005,meat,meat,11,12
2026-05-27T15:00:00,1001,SKU006,meat,meat,16,13
2026-05-27T15:00:00,1001,SKU007,bakery,bakery,12,11
2026-05-27T15:00:00,1001,SKU008,bakery,bakery,16,13
2026-05-27T15:00:00,1001,SKU009,beverages,grocery,25,18
2026-05-27T15:00:00,1001,SKU010,beverages,grocery,12,11
2026-05-27T15:00:00,1001,SKU011,frozen,frozen,21,15
2026-05-27T15:00:00,1001,SKU012,frozen,frozen,21,18
2026-05-27T15:00:00,1001,SKU013,grocery,grocery,21,16
2026-05-27T15:00:00,1001,SKU014,grocery,grocery,24,19
2026-05-27T15:00:00,1001,SKU015,household,grocery,26,18
2026-05-27T15:00:00,1002,SKU001,produce,produce,0,9
2026-05-27T15:00:00,1002,SKU002,produce,produce,8,10
2026-05-27T15:00:00,1002,SKU003,dairy,dairy,10,11
2026-05-27T15:00:00,1002,SKU004,dairy,dairy,12,14
2026-05-27T15:00:00,1002,SKU005,meat,meat,8,8
2026-05-27T15:00:00,1002,SKU006,meat,meat,13,12
2026-05-27T15:00:00,1002,SKU007,bakery,bakery,8,12
2026-05-27T15:00:00,1002,SKU008,bakery,bakery,13,14
2026-05-27T15:00:00,1002,SKU009,beverages,grocery,21,19
2026-05-27T15:00:00,1002,SKU010,beverages,grocery,15,8
2026-05-27T15:00:00,1002,SKU011,frozen,frozen,21,14
2026-05-27T15:00:00,1002,SKU012,frozen,frozen,24,17
2026-05-27T15:00:00,1002,SKU013,grocery,grocery,27,17
2026-05-27T15:00:00,1002,SKU014,grocery,grocery,22,16
2026-05-27T15:00:00,1002,SKU015,household,grocery,28,19
2026-05-27T15:00:00,1003,SKU001,produce,produce,0,14
2026-05-27T15:00:00,1003,SKU002,produce,produce,2,14
2026-05-27T15:00:00,1003,SKU003,dairy,dairy,5,8
2026-05-27T15:00:00,1003,SKU004,dairy,dairy,13,12
2026-05-27T15:00:00,1003,SKU005,meat,meat,13,13
2026-05-27T15:00:00,1003,SKU006,meat,meat,15,8
2026-05-27T15:00:00,1003,SKU007,bakery,bakery,11,8
2026-05-27T15:00:00,1003,SKU008,bakery,bakery,10,13
2026-05-27T15:00:00,1003,SKU009,beverages,grocery,23,18
2026-05-27T15:00:00,1003,SKU010,beverages,grocery,11,12
2026-05-27T15:00:00,1003,SKU011,frozen,frozen,29,14
2026-05-27T15:00:00,1003,SKU012,frozen,frozen,24,18
2026-05-27T15:00:00,1003,SKU013,grocery,grocery,21,16
2026-05-27T15:00:00,1003,SKU014,grocery,grocery,24,19
2026-05-27T15:00:00,1003,SKU015,household,grocery,24,16
2026-05-27T16:00:00,1001,SKU001,produce,produce,0,8
2026-05-27T16:00:00,1001,SKU002,produce,produce,4,12
2026-05-27T16:00:00,1001,SKU003,dairy,dairy,10,8
2026-05-27T16:00:00,1001,SKU004,dairy,dairy,9,13
2026-05-27T16:00:00,1001,SKU005,meat,meat,12,11
2026-05-27T16:00:00,1001,SKU006,meat,meat,15,11
2026-05-27T16:00:00,1001,SKU007,bakery,bakery,9,13
2026-05-27T16:00:00,1001,SKU008,bakery,bakery,10,9
2026-05-27T16:00:00,1001,SKU009,beverages,grocery,26,18
2026-05-27T16:00:00,1001,SKU010,beverages,grocery,15,13
2026-05-27T16:00:00,1001,SKU011,frozen,frozen,21,20
2026-05-27T16:00:00,1001,SKU012,frozen,frozen,26,17
2026-05-27T16:00:00,1001,SKU013,grocery,grocery,28,19
2026-05-27T16:00:00,1001,SKU014,grocery,grocery,25,14
2026-05-27T16:00:00,1001,SKU015,household,grocery,29,17
2026-05-27T16:00:00,1002,SKU001,produce,produce,0,9
2026-05-27T16:00:00,1002,SKU002,produce,produce,3,11
2026-05-27T16:00:00,1002,SKU003,dairy,dairy,6,8
2026-05-27T16:00:00,1002,SKU004,dairy,dairy,12,11
2026-05-27T16:00:00,1002,SKU005,meat,meat,9,9
2026-05-27T16:00:00,1002,SKU006,meat,meat,10,14
2026-05-27T16:00:00,1002,SKU007,bakery,bakery,8,14
2026-05-27T16:00:00,1002,SKU008,bakery,bakery,14,11
2026-05-27T16:00:00,1002,SKU009,beverages,grocery,21,15
2026-05-27T16:00:00,1002,SKU010,beverages,grocery,16,13
2026-05-27T16:00:00,1002,SKU011,frozen,frozen,24,18
2026-05-27T16:00:00,1002,SKU012,frozen,frozen,21,18
2026-05-27T16:00:00,1002,SKU013,grocery,grocery,27,20
2026-05-27T16:00:00,1002,SKU014,grocery,grocery,21,14
2026-05-27T16:00:00,1002,SKU015,household,grocery,27,15
2026-05-27T16:00:00,1003,SKU001,produce,produce,0,14
2026-05-27T16:00:00,1003,SKU002,produce,produce,2,8
2026-05-27T16:00:00,1003,SKU003,dairy,dairy,5,11
2026-05-27T16:00:00,1003,SKU004,dairy,dairy,5,12
2026-05-27T16:00:00,1003,SKU005,meat,meat,12,14
2026-05-27T16:00:00,1003,SKU006,meat,meat,15,14
2026-05-27T16:00:00,1003,SKU007,bakery,bakery,8,8
2026-05-27T16:00:00,1003,SKU008,bakery,bakery,10,11
2026-05-27T16:00:00,1003,SKU009,beverages,grocery,19,20
2026-05-27T16:00:00,1003,SKU010,beverages,grocery,10,13
2026-05-27T16:00:00,1003,SKU011,frozen,frozen,20,19
2026-05-27T16:00:00,1003,SKU012,frozen,frozen,24,14
2026-05-27T16:00:00,1003,SKU013,grocery,grocery,28,20
2026-05-27T16:00:00,1003,SKU014,grocery,grocery,22,15
2026-05-27T16:00:00,1003,SKU015,household,grocery,28,19
2026-05-27T17:00:00,1001,SKU001,produce,produce,0,12
2026-05-27T17:00:00,1001,SKU002,produce,produce,7,14
2026-05-27T17:00:00,1001,SKU003,dairy,dairy,8,9
2026-05-27T17:00:00,1001,SKU004,dairy,dairy,5,8
2026-05-27T17:00:00,1001,SKU005,meat,meat,12,8
2026-05-27T17:00:00,1001,SKU006,meat,meat,14,12
2026-05-27T17:00:00,1001,SKU007,bakery,bakery,9,13
2026-05-27T17:00:00,1001,SKU008,bakery,bakery,16,8
2026-05-27T17:00:00,1001,SKU009,beverages,grocery,19,18
2026-05-27T17:00:00,1001,SKU010,beverages,grocery,13,10
2026-05-27T17:00:00,1001,SKU011,frozen,frozen,24,18
2026-05-27T17:00:00,1001,SKU012,frozen,frozen,21,15
2026-05-27T17:00:00,1001,SKU013,grocery,grocery,21,17
2026-05-27T17:00:00,1001,SKU014,grocery,grocery,25,18
2026-05-27T17:00:00,1001,SKU015,household,grocery,31,19
2026-05-27T17:00:00,1002,SKU001,produce,produce,0,12
2026-05-27T17:00:00,1002,SKU002,produce,produce,6,12
2026-05-27T17:00:00,1002,SKU003,dairy,dairy,6,11
2026-05-27T17:00:00,1002,SKU004,dairy,dairy,4,12
2026-05-27T17:00:00,1002,SKU005,meat,meat,7,8
2026-05-27T17:00:00,1002,SKU006,meat,meat,6,10
2026-05-27T17:00:00,1002,SKU007,bakery,bakery,13,8
2026-05-27T17:00:00,1002,SKU008,bakery,bakery,14,11
2026-05-27T17:00:00,1002,SKU009,beverages,grocery,23,17
2026-05-27T17:00:00,1002,SKU010,beverages,grocery,8,14
2026-05-27T17:00:00,1002,SKU011,frozen,frozen,22,20
2026-05-27T17:00:00,1002,SKU012,frozen,frozen,22,17
2026-05-27T17:00:00,1002,SKU013,grocery,grocery,21,16
2026-05-27T17:00:00,1002,SKU014,grocery,grocery,26,14
2026-05-27T17:00:00,1002,SKU015,household,grocery,24,15
2026-05-27T17:00:00,1003,SKU001,produce,produce,0,11
2026-05-27T17:00:00,1003,SKU002,produce,produce,3,14
2026-05-27T17:00:00,1003,SKU003,dairy,dairy,3,12
2026-05-27T17:00:00,1003,SKU004,dairy,dairy,10,12
2026-05-27T17:00:00,1003,SKU005,meat,meat,13,9
2026-05-27T17:00:00,1003,SKU006,meat,meat,13,13
2026-05-27T17:00:00,1003,SKU007,bakery,bakery,11,12
2026-05-27T17:00:00,1003,SKU008,bakery,bakery,15,13
2026-05-27T17:00:00,1003,SKU009,beverages,grocery,18,16
2026-05-27T17:00:00,1003,SKU010,beverages,grocery,7,12
2026-05-27T17:00:00,1003,SKU011,frozen,frozen,25,15
2026-05-27T17:00:00,1003,SKU012,frozen,frozen,20,16
2026-05-27T17:00:00,1003,SKU013,grocery,grocery,21,20
2026-05-27T17:00:00,1003,SKU014,grocery,grocery,26,14
2026-05-27T17:00:00,1003,SKU015,household,grocery,28,17
2026-05-27T18:00:00,1001,SKU001,produce,produce,0,11
2026-05-27T18:00:00,1001,SKU002,produce,produce,5,13
2026-05-27T18:00:00,1001,SKU003,dairy,dairy,3,9
2026-05-27T18:00:00,1001,SKU004,dairy,dairy,10,10
2026-05-27T18:00:00,1001,SKU005,meat,meat,12,12
2026-05-27T18:00:00,1001,SKU006,meat,meat,8,10
2026-05-27T18:00:00,1001,SKU007,bakery,bakery,11,10
2026-05-27T18:00:00,1001,SKU008,bakery,bakery,9,14
2026-05-27T18:00:00,1001,SKU009,beverages,grocery,24,18
2026-05-27T18:00:00,1001,SKU010,beverages,grocery,12,9
2026-05-27T18:00:00,1001,SKU011,frozen,frozen,23,19
2026-05-27T18:00:00,1001,SKU012,frozen,frozen,19,18
2026-05-27T18:00:00,1001,SKU013,grocery,grocery,26,19
2026-05-27T18:00:00,1001,SKU014,grocery,grocery,24,20
2026-05-27T18:00:00,1001,SKU015,household,grocery,28,17
2026-05-27T18:00:00,1002,SKU001,produce,produce,0,9
2026-05-27T18:00:00,1002,SKU002,produce,produce,1,12
2026-05-27T18:00:00,1002,SKU003,dairy,dairy,6,8
2026-05-27T18:00:00,1002,SKU004,dairy,dairy,7,11
2026-05-27T18:00:00,1002,SKU005,meat,meat,12,10
2026-05-27T18:00:00,1002,SKU006,meat,meat,7,8
2026-05-27T18:00:00,1002,SKU007,bakery,bakery,12,8
2026-05-27T18:00:00,1002,SKU008,bakery,bakery,10,12
2026-05-27T18:00:00,1002,SKU009,beverages,grocery,22,14
2026-05-27T18:00:00,1002,SKU010,beverages,grocery,12,9
2026-05-27T18:00:00,1002,SKU011,frozen,frozen,21,16
2026-05-27T18:00:00,1002,SKU012,frozen,frozen,22,20
2026-05-27T18:00:00,1002,SKU013,grocery,grocery,26,16
2026-05-27T18:00:00,1002,SKU014,grocery,grocery,28,18
2026-05-27T18:00:00,1002,SKU015,household,grocery,24,14
2026-05-27T18:00:00,1003,SKU001,produce,produce,0,12
2026-05-27T18:00:00,1003,SKU002,produce,produce,0,10
2026-05-27T18:00:00,1003,SKU003,dairy,dairy,8,11
2026-05-27T18:00:00,1003,SKU004,dairy,dairy,11,13
2026-05-27T18:00:00,1003,SKU005,meat,meat,12,9
2026-05-27T18:00:00,1003,SKU006,meat,meat,5,11
2026-05-27T18:00:00,1003,SKU007,bakery,bakery,7,10
2026-05-27T18:00:00,1003,SKU008,bakery,bakery,14,11
2026-05-27T18:00:00,1003,SKU009,beverages,grocery,19,20
2026-05-27T18:00:00,1003,SKU010,beverages,grocery,14,11
2026-05-27T18:00:00,1003,SKU011,frozen,frozen,20,17
2026-05-27T18:00:00,1003,SKU012,frozen,frozen,19,18
2026-05-27T18:00:00,1003,SKU013,grocery,grocery,21,14
2026-05-27T18:00:00,1003,SKU014,grocery,grocery,24,14
2026-05-27T18:00:00,1003,SKU015,household,grocery,25,20
2026-05-27T19:00:00,1001,SKU001,produce,produce,0,12
2026-05-27T19:00:00,1001,SKU002,produce,produce,0,10
2026-05-27T19:00:00,1001,SKU003,dairy,dairy,1,14
2026-05-27T19:00:00,1001,SKU004,dairy,dairy,5,13
2026-05-27T19:00:00,1001,SKU005,meat,meat,9,8
2026-05-27T19:00:00,1001,SKU006,meat,meat,8,9
2026-05-27T19:00:00,1001,SKU007,bakery,bakery,11,13
2026-05-27T19:00:00,1001,SKU008,bakery,bakery,13,8
2026-05-27T19:00:00,1001,SKU009,beverages,grocery,22,15
2026-05-27T19:00:00,1001,SKU010,beverages,grocery,9,8
2026-05-27T19:00:00,1001,SKU011,frozen,frozen,23,16
2026-05-27T19:00:00,1001,SKU012,frozen,frozen,26,18
2026-05-27T19:00:00,1001,SKU013,grocery,grocery,20,17
2026-05-27T19:00:00,1001,SKU014,grocery,grocery,25,20
2026-05-27T19:00:00,1001,SKU015,household,grocery,22,15
2026-05-27T19:00:00,1002,SKU001,produce,produce,0,10
2026-05-27T19:00:00,1002,SKU002,produce,produce,0,11
2026-05-27T19:00:00,1002,SKU003,dairy,dairy,1,10
2026-05-27T19:00:00,1002,SKU004,dairy,dairy,3,12
2026-05-27T19:00:00,1002,SKU005,meat,meat,4,11
2026-05-27T19:00:00,1002,SKU006,meat,meat,10,13
2026-05-27T19:00:00,1002,SKU007,bakery,bakery,4,14
2026-05-27T19:00:00,1002,SKU008,bakery,bakery,10,13
2026-05-27T19:00:00,1002,SKU009,beverages,grocery,21,16
2026-05-27T19:00:00,1002,SKU010,beverages,grocery,6,14
2026-05-27T19:00:00,1002,SKU011,frozen,frozen,25,17
2026-05-27T19:00:00,1002,SKU012,frozen,frozen,19,17
2026-05-27T19:00:00,1002,SKU013,grocery,grocery,26,19
2026-05-27T19:00:00,1002,SKU014,grocery,grocery,21,20
2026-05-27T19:00:00,1002,SKU015,household,grocery,30,15
2026-05-27T19:00:00,1003,SKU001,produce,produce,0,12
2026-05-27T19:00:00,1003,SKU002,produce,produce,4,12
2026-05-27T19:00:00,1003,SKU003,dairy,dairy,7,13
2026-05-27T19:00:00,1003,SKU004,dairy,dairy,2,12
2026-05-27T19:00:00,1003,SKU005,meat,meat,11,13
2026-05-27T19:00:00,1003,SKU006,meat,meat,5,14
2026-05-27T19:00:00,1003,SKU007,bakery,bakery,10,11
2026-05-27T19:00:00,1003,SKU008,bakery,bakery,15,9
2026-05-27T19:00:00,1003,SKU009,beverages,grocery,18,16
2026-05-27T19:00:00,1003,SKU010,beverages,grocery,7,11
2026-05-27T19:00:00,1003,SKU011,frozen,frozen,23,17
2026-05-27T19:00:00,1003,SKU012,frozen,frozen,26,20
2026-05-27T19:00:00,1003,SKU013,grocery,grocery,20,20
2026-05-27T19:00:00,1003,SKU014,grocery,grocery,23,20
2026-05-27T19:00:00,1003,SKU015,household,grocery,27,18
2026-05-27T20:00:00,1001,SKU001,produce,produce,0,11
2026-05-27T20:00:00,1001,SKU002,produce,produce,0,10
2026-05-27T20:00:00,1001,SKU003,dairy,dairy,6,11
2026-05-27T20:00:00,1001,SKU004,dairy,dairy,9,12
2026-05-27T20:00:00,1001,SKU005,meat,meat,5,13
2026-05-27T20:00:00,1001,SKU006,meat,meat,10,13
2026-05-27T20:00:00,1001,SKU007,bakery,bakery,11,11
2026-05-27T20:00:00,1001,SKU008,bakery,bakery,11,12
2026-05-27T20:00:00,1001,SKU009,beverages,grocery,22,18
2026-05-27T20:00:00,1001,SKU010,beverages,grocery,9,13
2026-05-27T20:00:00,1001,SKU011,frozen,frozen,19,16
2026-05-27T20:00:00,1001,SKU012,frozen,frozen,23,18
2026-05-27T20:00:00,1001,SKU013,grocery,grocery,23,16
2026-05-27T20:00:00,1001,SKU014,grocery,grocery,19,14
2026-05-27T20:00:00,1001,SKU015,household,grocery,23,18
2026-05-27T20:00:00,1002,SKU001,produce,produce,0,13
2026-05-27T20:00:00,1002,SKU002,produce,produce,0,8
2026-05-27T20:00:00,1002,SKU003,dairy,dairy,5,10
2026-05-27T20:00:00,1002,SKU004,dairy,dairy,4,13
2026-05-27T20:00:00,1002,SKU005,meat,meat,8,13
2026-05-27T20:00:00,1002,SKU006,meat,meat,4,10
2026-05-27T20:00:00,1002,SKU007,bakery,bakery,4,8
2026-05-27T20:00:00,1002,SKU008,bakery,bakery,14,8
2026-05-27T20:00:00,1002,SKU009,beverages,grocery,22,19
2026-05-27T20:00:00,1002,SKU010,beverages,grocery,5,9
2026-05-27T20:00:00,1002,SKU011,frozen,frozen,26,20
2026-05-27T20:00:00,1002,SKU012,frozen,frozen,26,20
2026-05-27T20:00:00,1002,SKU013,grocery,grocery,25,15
2026-05-27T20:00:00,1002,SKU014,grocery,grocery,25,16
2026-05-27T20:00:00,1002,SKU015,household,grocery,25,17
2026-05-27T20:00:00,1003,SKU001,produce,produce,0,8
2026-05-27T20:00:00,1003,SKU002,produce,produce,2,12
2026-05-27T20:00:00,1003,SKU003,dairy,dairy,2,10
2026-05-27T20:00:00,1003,SKU004,dairy,dairy,6,12
2026-05-27T20:00:00,1003,SKU005,meat,meat,2,11
2026-05-27T20:00:00,1003,SKU006,meat,meat,11,8
2026-05-27T20:00:00,1003,SKU007,bakery,bakery,3,8
2026-05-27T20:00:00,1003,SKU008,bakery,bakery,11,14
2026-05-27T20:00:00,1003,SKU009,beverages,grocery,18,16
2026-05-27T20:00:00,1003,SKU010,beverages,grocery,13,12
2026-05-27T20:00:00,1003,SKU011,frozen,frozen,22,15
2026-05-27T20:00:00,1003,SKU012,frozen,frozen,18,16
2026-05-27T20:00:00,1003,SKU013,grocery,grocery,25,17
2026-05-27T20:00:00,1003,SKU014,grocery,grocery,23,20
2026-05-27T20:00:00,1003,SKU015,household,grocery,30,18
2026-05-27T21:00:00,1001,SKU001,produce,produce,0,11
2026-05-27T21:00:00,1001,SKU002,produce,produce,0,11
2026-05-27T21:00:00,1001,SKU003,dairy,dairy,0,10
2026-05-27T21:00:00,1001,SKU004,dairy,dairy,6,10
2026-05-27T21:00:00,1001,SKU005,meat,meat,3,8
2026-05-27T21:00:00,1001,SKU006,meat,meat,7,10
2026-05-27T21:00:00,1001,SKU007,bakery,bakery,8,14
2026-05-27T21:00:00,1001,SKU008,bakery,bakery,11,11
2026-05-27T21:00:00,1001,SKU009,beverages,grocery,22,16
2026-05-27T21:00:00,1001,SKU010,beverages,grocery,12,8
2026-05-27T21:00:00,1001,SKU011,frozen,frozen,25,20
2026-05-27T21:00:00,1001,SKU012,frozen,frozen,21,20
2026-05-27T21:00:00,1001,SKU013,grocery,grocery,23,15
2026-05-27T21:00:00,1001,SKU014,grocery,grocery,22,20
2026-05-27T21:00:00,1001,SKU015,household,grocery,30,20
2026-05-27T21:00:00,1002,SKU001,produce,produce,0,11
2026-05-27T21:00:00,1002,SKU002,produce,produce,0,9
2026-05-27T21:00:00,1002,SKU003,dairy,dairy,1,10
2026-05-27T21:00:00,1002,SKU004,dairy,dairy,6,11
2026-05-27T21:00:00,1002,SKU005,meat,meat,3,14
2026-05-27T21:00:00,1002,SKU006,meat,meat,5,14
2026-05-27T21:00:00,1002,SKU007,bakery,bakery,8,10
2026-05-27T21:00:00,1002,SKU008,bakery,bakery,10,8
2026-05-27T21:00:00,1002,SKU009,beverages,grocery,16,17
2026-05-27T21:00:00,1002,SKU010,beverages,grocery,9,12
2026-05-27T21:00:00,1002,SKU011,frozen,frozen,23,15
2026-05-27T21:00:00,1002,SKU012,frozen,frozen,17,14
2026-05-27T21:00:00,1002,SKU013,grocery,grocery,24,15
2026-05-27T21:00:00,1002,SKU014,grocery,grocery,21,14
2026-05-27T21:00:00,1002,SKU015,household,grocery,24,15
2026-05-27T21:00:00,1003,SKU001,produce,produce,0,9
2026-05-27T21:00:00,1003,SKU002,produce,produce,0,11
2026-05-27T21:00:00,1003,SKU003,dairy,dairy,3,13
2026-05-27T21:00:00,1003,SKU004,dairy,dairy,7,10
2026-05-27T21:00:00,1003,SKU005,meat,meat,7,9
2026-05-27T21:00:00,1003,SKU006,meat,meat,8,12
2026-05-27T21:00:00,1003,SKU007,bakery,bakery,3,11
2026-05-27T21:00:00,1003,SKU008,bakery,bakery,6,8
2026-05-27T21:00:00,1003,SKU009,beverages,grocery,16,15
2026-05-27T21:00:00,1003,SKU010,beverages,grocery,8,13
2026-05-27T21:00:00,1003,SKU011,frozen,frozen,19,14
2026-05-27T21:00:00,1003,SKU012,frozen,frozen,22,20
2026-05-27T21:00:00,1003,SKU013,grocery,grocery,26,20
2026-05-27T21:00:00,1003,SKU014,grocery,grocery,23,18
2026-05-27T21:00:00,1003,SKU015,household,grocery,30,19
2026-05-28T06:00:00,1001,SKU001,produce,produce,18,8
2026-05-28T06:00:00,1001,SKU002,produce,produce,14,14
2026-05-28T06:00:00,1001,SKU003,dairy,dairy,22,8
2026-05-28T06:00:00,1001,SKU004,dairy,dairy,16,11
2026-05-28T06:00:00,1001,SKU005,meat,meat,23,11
2026-05-28T06:00:00,1001,SKU006,meat,meat,22,13
2026-05-28T06:00:00,1001,SKU007,bakery,bakery,22,12
2026-05-28T06:00:00,1001,SKU008,bakery,bakery,17,9
2026-05-28T06:00:00,1001,SKU009,beverages,grocery,26,15
2026-05-28T06:00:00,1001,SKU010,beverages,grocery,20,11
2026-05-28T06:00:00,1001,SKU011,frozen,frozen,25,20
2026-05-28T06:00:00,1001,SKU012,frozen,frozen,29,17
2026-05-28T06:00:00,1001,SKU013,grocery,grocery,27,19
2026-05-28T06:00:00,1001,SKU014,grocery,grocery,31,20
2026-05-28T06:00:00,1001,SKU015,household,grocery,29,20
2026-05-28T06:00:00,1002,SKU001,produce,produce,14,13
2026-05-28T06:00:00,1002,SKU002,produce,produce,20,8
2026-05-28T06:00:00,1002,SKU003,dairy,dairy,16,13
2026-05-28T06:00:00,1002,SKU004,dairy,dairy,16,9
2026-05-28T06:00:00,1002,SKU005,meat,meat,15,9
2026-05-28T06:00:00,1002,SKU006,meat,meat,23,10
2026-05-28T06:00:00,1002,SKU007,bakery,bakery,18,13
2026-05-28T06:00:00,1002,SKU008,bakery,bakery,22,10
2026-05-28T06:00:00,1002,SKU009,beverages,grocery,28,17
2026-05-28T06:00:00,1002,SKU010,beverages,grocery,20,13
2026-05-28T06:00:00,1002,SKU011,frozen,frozen,31,20
2026-05-28T06:00:00,1002,SKU012,frozen,frozen,33,14
2026-05-28T06:00:00,1002,SKU013,grocery,grocery,32,18
2026-05-28T06:00:00,1002,SKU014,grocery,grocery,30,20
2026-05-28T06:00:00,1002,SKU015,household,grocery,27,16
2026-05-28T06:00:00,1003,SKU001,produce,produce,16,12
2026-05-28T06:00:00,1003,SKU002,produce,produce,16,10
2026-05-28T06:00:00,1003,SKU003,dairy,dairy,16,8
2026-05-28T06:00:00,1003,SKU004,dairy,dairy,23,13
2026-05-28T06:00:00,1003,SKU005,meat,meat,18,12
2026-05-28T06:00:00,1003,SKU006,meat,meat,20,10
2026-05-28T06:00:00,1003,SKU007,bakery,bakery,20,14
2026-05-28T06:00:00,1003,SKU008,bakery,bakery,19,8
2026-05-28T06:00:00,1003,SKU009,beverages,grocery,25,19
2026-05-28T06:00:00,1003,SKU010,beverages,grocery,21,10
2026-05-28T06:00:00,1003,SKU011,frozen,frozen,29,19
2026-05-28T06:00:00,1003,SKU012,frozen,frozen,30,16
2026-05-28T06:00:00,1003,SKU013,grocery,grocery,32,16
2026-05-28T06:00:00,1003,SKU014,grocery,grocery,27,20
2026-05-28T06:00:00,1003,SKU015,household,grocery,28,20
2026-05-28T07:00:00,1001,SKU001,produce,produce,9,8
2026-05-28T07:00:00,1001,SKU002,produce,produce,15,9
2026-05-28T07:00:00,1001,SKU003,dairy,dairy,15,13
2026-05-28T07:00:00,1001,SKU004,dairy,dairy,21,10
2026-05-28T07:00:00,1001,SKU005,meat,meat,22,12
2026-05-28T07:00:00,1001,SKU006,meat,meat,21,13
2026-05-28T07:00:00,1001,SKU007,bakery,bakery,15,11
2026-05-28T07:00:00,1001,SKU008,bakery,bakery,21,14
2026-05-28T07:00:00,1001,SKU009,beverages,grocery,30,20
2026-05-28T07:00:00,1001,SKU010,beverages,grocery,17,9
2026-05-28T07:00:00,1001,SKU011,frozen,frozen,29,19
2026-05-28T07:00:00,1001,SKU012,frozen,frozen,26,17
2026-05-28T07:00:00,1001,SKU013,grocery,grocery,27,14
2026-05-28T07:00:00,1001,SKU014,grocery,grocery,28,20
2026-05-28T07:00:00,1001,SKU015,household,grocery,33,18
2026-05-28T07:00:00,1002,SKU001,produce,produce,14,13
2026-05-28T07:00:00,1002,SKU002,produce,produce,15,14
2026-05-28T07:00:00,1002,SKU003,dairy,dairy,14,11
2026-05-28T07:00:00,1002,SKU004,dairy,dairy,19,13
2026-05-28T07:00:00,1002,SKU005,meat,meat,14,13
2026-05-28T07:00:00,1002,SKU006,meat,meat,22,8
2026-05-28T07:00:00,1002,SKU007,bakery,bakery,15,12
2026-05-28T07:00:00,1002,SKU008,bakery,bakery,20,9
2026-05-28T07:00:00,1002,SKU009,beverages,grocery,24,16
2026-05-28T07:00:00,1002,SKU010,beverages,grocery,19,13
2026-05-28T07:00:00,1002,SKU011,frozen,frozen,28,14
2026-05-28T07:00:00,1002,SKU012,frozen,frozen,30,18
2026-05-28T07:00:00,1002,SKU013,grocery,grocery,28,16
2026-05-28T07:00:00,1002,SKU014,grocery,grocery,33,18
2026-05-28T07:00:00,1002,SKU015,household,grocery,27,16
2026-05-28T07:00:00,1003,SKU001,produce,produce,11,10
2026-05-28T07:00:00,1003,SKU002,produce,produce,16,10
2026-05-28T07:00:00,1003,SKU003,dairy,dairy,13,8
2026-05-28T07:00:00,1003,SKU004,dairy,dairy,15,12
2026-05-28T07:00:00,1003,SKU005,meat,meat,15,13
2026-05-28T07:00:00,1003,SKU006,meat,meat,20,11
2026-05-28T07:00:00,1003,SKU007,bakery,bakery,21,12
2026-05-28T07:00:00,1003,SKU008,bakery,bakery,18,12
2026-05-28T07:00:00,1003,SKU009,beverages,grocery,25,20
2026-05-28T07:00:00,1003,SKU010,beverages,grocery,20,10
2026-05-28T07:00:00,1003,SKU011,frozen,frozen,27,16
2026-05-28T07:00:00,1003,SKU012,frozen,frozen,28,16
2026-05-28T07:00:00,1003,SKU013,grocery,grocery,30,16
2026-05-28T07:00:00,1003,SKU014,grocery,grocery,29,17
2026-05-28T07:00:00,1003,SKU015,household,grocery,25,20
2026-05-28T08:00:00,1001,SKU001,produce,produce,12,9
2026-05-28T08:00:00,1001,SKU002,produce,produce,19,10
2026-05-28T08:00:00,1001,SKU003,dairy,dairy,13,11
2026-05-28T08:00:00,1001,SKU004,dairy,dairy,16,11
2026-05-28T08:00:00,1001,SKU005,meat,meat,21,8
2026-05-28T08:00:00,1001,SKU006,meat,meat,13,13
2026-05-28T08:00:00,1001,SKU007,bakery,bakery,18,9
2026-05-28T08:00:00,1001,SKU008,bakery,bakery,15,9
2026-05-28T08:00:00,1001,SKU009,beverages,grocery,32,17
2026-05-28T08:00:00,1001,SKU010,beverages,grocery,21,12
2026-05-28T08:00:00,1001,SKU011,frozen,frozen,28,20
2026-05-28T08:00:00,1001,SKU012,frozen,frozen,32,19
2026-05-28T08:00:00,1001,SKU013,grocery,grocery,30,20
2026-05-28T08:00:00,1001,SKU014,grocery,grocery,30,18
2026-05-28T08:00:00,1001,SKU015,household,grocery,33,18
2026-05-28T08:00:00,1002,SKU001,produce,produce,6,14
2026-05-28T08:00:00,1002,SKU002,produce,produce,11,10
2026-05-28T08:00:00,1002,SKU003,dairy,dairy,17,11
2026-05-28T08:00:00,1002,SKU004,dairy,dairy,15,14
2026-05-28T08:00:00,1002,SKU005,meat,meat,20,8
2026-05-28T08:00:00,1002,SKU006,meat,meat,17,14
2026-05-28T08:00:00,1002,SKU007,bakery,bakery,20,13
2026-05-28T08:00:00,1002,SKU008,bakery,bakery,16,10
2026-05-28T08:00:00,1002,SKU009,beverages,grocery,30,15
2026-05-28T08:00:00,1002,SKU010,beverages,grocery,13,14
2026-05-28T08:00:00,1002,SKU011,frozen,frozen,25,20
2026-05-28T08:00:00,1002,SKU012,frozen,frozen,32,19
2026-05-28T08:00:00,1002,SKU013,grocery,grocery,30,19
2026-05-28T08:00:00,1002,SKU014,grocery,grocery,28,15
2026-05-28T08:00:00,1002,SKU015,household,grocery,29,15
2026-05-28T08:00:00,1003,SKU001,produce,produce,7,14
2026-05-28T08:00:00,1003,SKU002,produce,produce,19,13
2026-05-28T08:00:00,1003,SKU003,dairy,dairy,15,12
2026-05-28T08:00:00,1003,SKU004,dairy,dairy,20,9
2026-05-28T08:00:00,1003,SKU005,meat,meat,21,9
2026-05-28T08:00:00,1003,SKU006,meat,meat,16,12
2026-05-28T08:00:00,1003,SKU007,bakery,bakery,14,9
2026-05-28T08:00:00,1003,SKU008,bakery,bakery,15,13
2026-05-28T08:00:00,1003,SKU009,beverages,grocery,32,17
2026-05-28T08:00:00,1003,SKU010,beverages,grocery,13,11
2026-05-28T08:00:00,1003,SKU011,frozen,frozen,26,18
2026-05-28T08:00:00,1003,SKU012,frozen,frozen,27,15
2026-05-28T08:00:00,1003,SKU013,grocery,grocery,32,20
2026-05-28T08:00:00,1003,SKU014,grocery,grocery,32,14
2026-05-28T08:00:00,1003,SKU015,household,grocery,33,15
2026-05-28T09:00:00,1001,SKU001,produce,produce,3,9
2026-05-28T09:00:00,1001,SKU002,produce,produce,11,8
2026-05-28T09:00:00,1001,SKU003,dairy,dairy,12,8
2026-05-28T09:00:00,1001,SKU004,dairy,dairy,14,9
2026-05-28T09:00:00,1001,SKU005,meat,meat,14,8
2026-05-28T09:00:00,1001,SKU006,meat,meat,12,8
2026-05-28T09:00:00,1001,SKU007,bakery,bakery,20,11
2026-05-28T09:00:00,1001,SKU008,bakery,bakery,20,11
2026-05-28T09:00:00,1001,SKU009,beverages,grocery,29,14
2026-05-28T09:00:00,1001,SKU010,beverages,grocery,13,8
2026-05-28T09:00:00,1001,SKU011,frozen,frozen,32,20
2026-05-28T09:00:00,1001,SKU012,frozen,frozen,31,20
2026-05-28T09:00:00,1001,SKU013,grocery,grocery,31,19
2026-05-28T09:00:00,1001,SKU014,grocery,grocery,30,14
2026-05-28T09:00:00,1001,SKU015,household,grocery,25,18
2026-05-28T09:00:00,1002,SKU001,produce,produce,2,14
2026-05-28T09:00:00,1002,SKU002,produce,produce,14,9
2026-05-28T09:00:00,1002,SKU003,dairy,dairy,16,11
2026-05-28T09:00:00,1002,SKU004,dairy,dairy,13,10
2026-05-28T09:00:00,1002,SKU005,meat,meat,12,13
2026-05-28T09:00:00,1002,SKU006,meat,meat,15,12
2026-05-28T09:00:00,1002,SKU007,bakery,bakery,16,10
2026-05-28T09:00:00,1002,SKU008,bakery,bakery,16,13
2026-05-28T09:00:00,1002,SKU009,beverages,grocery,24,18
2026-05-28T09:00:00,1002,SKU010,beverages,grocery,21,14
2026-05-28T09:00:00,1002,SKU011,frozen,frozen,24,20
2026-05-28T09:00:00,1002,SKU012,frozen,frozen,30,16
2026-05-28T09:00:00,1002,SKU013,grocery,grocery,30,20
2026-05-28T09:00:00,1002,SKU014,grocery,grocery,32,19
2026-05-28T09:00:00,1002,SKU015,household,grocery,27,15
2026-05-28T09:00:00,1003,SKU001,produce,produce,6,10
2026-05-28T09:00:00,1003,SKU002,produce,produce,16,14
2026-05-28T09:00:00,1003,SKU003,dairy,dairy,16,14
2026-05-28T09:00:00,1003,SKU004,dairy,dairy,13,8
2026-05-28T09:00:00,1003,SKU005,meat,meat,12,9
2026-05-28T09:00:00,1003,SKU006,meat,meat,12,11
2026-05-28T09:00:00,1003,SKU007,bakery,bakery,18,9
2026-05-28T09:00:00,1003,SKU008,bakery,bakery,13,10
2026-05-28T09:00:00,1003,SKU009,beverages,grocery,27,16
2026-05-28T09:00:00,1003,SKU010,beverages,grocery,19,11
2026-05-28T09:00:00,1003,SKU011,frozen,frozen,25,16
2026-05-28T09:00:00,1003,SKU012,frozen,frozen,23,19
2026-05-28T09:00:00,1003,SKU013,grocery,grocery,24,17
2026-05-28T09:00:00,1003,SKU014,grocery,grocery,30,19
2026-05-28T09:00:00,1003,SKU015,household,grocery,31,17
2026-05-28T10:00:00,1001,SKU001,produce,produce,1,8
2026-05-28T10:00:00,1001,SKU002,produce,produce,9,8
2026-05-28T10:00:00,1001,SKU003,dairy,dairy,16,10
2026-05-28T10:00:00,1001,SKU004,dairy,dairy,15,14
2026-05-28T10:00:00,1001,SKU005,meat,meat,12,13
2026-05-28T10:00:00,1001,SKU006,meat,meat,13,13
2026-05-28T10:00:00,1001,SKU007,bakery,bakery,14,10
2026-05-28T10:00:00,1001,SKU008,bakery,bakery,13,14
2026-05-28T10:00:00,1001,SKU009,beverages,grocery,29,18
2026-05-28T10:00:00,1001,SKU010,beverages,grocery,17,8
2026-05-28T10:00:00,1001,SKU011,frozen,frozen,29,18
2026-05-28T10:00:00,1001,SKU012,frozen,frozen,27,20
2026-05-28T10:00:00,1001,SKU013,grocery,grocery,30,14
2026-05-28T10:00:00,1001,SKU014,grocery,grocery,31,18
2026-05-28T10:00:00,1001,SKU015,household,grocery,24,16
2026-05-28T10:00:00,1002,SKU001,produce,produce,5,14
2026-05-28T10:00:00,1002,SKU002,produce,produce,11,11
2026-05-28T10:00:00,1002,SKU003,dairy,dairy,16,12
2026-05-28T10:00:00,1002,SKU004,dairy,dairy,14,10
2026-05-28T10:00:00,1002,SKU005,meat,meat,19,9
2026-05-28T10:00:00,1002,SKU006,meat,meat,18,12
2026-05-28T10:00:00,1002,SKU007,bakery,bakery,17,9
2026-05-28T10:00:00,1002,SKU008,bakery,bakery,19,12
2026-05-28T10:00:00,1002,SKU009,beverages,grocery,29,20
2026-05-28T10:00:00,1002,SKU010,beverages,grocery,12,12
2026-05-28T10:00:00,1002,SKU011,frozen,frozen,26,18
2026-05-28T10:00:00,1002,SKU012,frozen,frozen,29,18
2026-05-28T10:00:00,1002,SKU013,grocery,grocery,31,18
2026-05-28T10:00:00,1002,SKU014,grocery,grocery,24,17
2026-05-28T10:00:00,1002,SKU015,household,grocery,32,19
2026-05-28T10:00:00,1003,SKU001,produce,produce,4,14
2026-05-28T10:00:00,1003,SKU002,produce,produce,9,10
2026-05-28T10:00:00,1003,SKU003,dairy,dairy,10,10
2026-05-28T10:00:00,1003,SKU004,dairy,dairy,17,9
2026-05-28T10:00:00,1003,SKU005,meat,meat,16,11
2026-05-28T10:00:00,1003,SKU006,meat,meat,13,12
2026-05-28T10:00:00,1003,SKU007,bakery,bakery,18,11
2026-05-28T10:00:00,1003,SKU008,bakery,bakery,13,13
2026-05-28T10:00:00,1003,SKU009,beverages,grocery,25,15
2026-05-28T10:00:00,1003,SKU010,beverages,grocery,12,8
2026-05-28T10:00:00,1003,SKU011,frozen,frozen,25,17
2026-05-28T10:00:00,1003,SKU012,frozen,frozen,28,17
2026-05-28T10:00:00,1003,SKU013,grocery,grocery,31,18
2026-05-28T10:00:00,1003,SKU014,grocery,grocery,31,20
2026-05-28T10:00:00,1003,SKU015,household,grocery,26,17
2026-05-28T11:00:00,1001,SKU001,produce,produce,0,10
2026-05-28T11:00:00,1001,SKU002,produce,produce,8,12
2026-05-28T11:00:00,1001,SKU003,dairy,dairy,8,14
2026-05-28T11:00:00,1001,SKU004,dairy,dairy,15,9
2026-05-28T11:00:00,1001,SKU005,meat,meat,11,14
2026-05-28T11:00:00,1001,SKU006,meat,meat,18,10
2026-05-28T11:00:00,1001,SKU007,bakery,bakery,15,12
2026-05-28T11:00:00,1001,SKU008,bakery,bakery,17,8
2026-05-28T11:00:00,1001,SKU009,beverages,grocery,29,17
2026-05-28T11:00:00,1001,SKU010,beverages,grocery,18,10
2026-05-28T11:00:00,1001,SKU011,frozen,frozen,24,19
2026-05-28T11:00:00,1001,SKU012,frozen,frozen,24,17
2026-05-28T11:00:00,1001,SKU013,grocery,grocery,27,17
2026-05-28T11:00:00,1001,SKU014,grocery,grocery,25,20
2026-05-28T11:00:00,1001,SKU015,household,grocery,25,14
2026-05-28T11:00:00,1002,SKU001,produce,produce,1,13
2026-05-28T11:00:00,1002,SKU002,produce,produce,15,9
2026-05-28T11:00:00,1002,SKU003,dairy,dairy,12,8
2026-05-28T11:00:00,1002,SKU004,dairy,dairy,16,9
2026-05-28T11:00:00,1002,SKU005,meat,meat,16,10
2026-05-28T11:00:00,1002,SKU006,meat,meat,13,9
2026-05-28T11:00:00,1002,SKU007,bakery,bakery,12,12
2026-05-28T11:00:00,1002,SKU008,bakery,bakery,19,10
2026-05-28T11:00:00,1002,SKU009,beverages,grocery,30,18
2026-05-28T11:00:00,1002,SKU010,beverages,grocery,12,11
2026-05-28T11:00:00,1002,SKU011,frozen,frozen,23,20
2026-05-28T11:00:00,1002,SKU012,frozen,frozen,26,19
2026-05-28T11:00:00,1002,SKU013,grocery,grocery,28,16
2026-05-28T11:00:00,1002,SKU014,grocery,grocery,25,14
2026-05-28T11:00:00,1002,SKU015,household,grocery,32,16
2026-05-28T11:00:00,1003,SKU001,produce,produce,0,10
2026-05-28T11:00:00,1003,SKU002,produce,produce,14,14
2026-05-28T11:00:00,1003,SKU003,dairy,dairy,8,10
2026-05-28T11:00:00,1003,SKU004,dairy,dairy,16,14
2026-05-28T11:00:00,1003,SKU005,meat,meat,18,9
2026-05-28T11:00:00,1003,SKU006,meat,meat,11,14
2026-05-28T11:00:00,1003,SKU007,bakery,bakery,12,9
2026-05-28T11:00:00,1003,SKU008,bakery,bakery,17,11
2026-05-28T11:00:00,1003,SKU009,beverages,grocery,22,19
2026-05-28T11:00:00,1003,SKU010,beverages,grocery,11,13
2026-05-28T11:00:00,1003,SKU011,frozen,frozen,23,14
2026-05-28T11:00:00,1003,SKU012,frozen,frozen,28,15
2026-05-28T11:00:00,1003,SKU013,grocery,grocery,28,17
2026-05-28T11:00:00,1003,SKU014,grocery,grocery,27,14
2026-05-28T11:00:00,1003,SKU015,household,grocery,31,15
2026-05-28T12:00:00,1001,SKU001,produce,produce,0,14
2026-05-28T12:00:00,1001,SKU002,produce,produce,8,10
2026-05-28T12:00:00,1001,SKU003,dairy,dairy,14,9
2026-05-28T12:00:00,1001,SKU004,dairy,dairy,17,9
2026-05-28T12:00:00,1001,SKU005,meat,meat,17,12
2026-05-28T12:00:00,1001,SKU006,meat,meat,15,13
2026-05-28T12:00:00,1001,SKU007,bakery,bakery,14,8
2026-05-28T12:00:00,1001,SKU008,bakery,bakery,11,8
2026-05-28T12:00:00,1001,SKU009,beverages,grocery,28,18
2026-05-28T12:00:00,1001,SKU010,beverages,grocery,19,9
2026-05-28T12:00:00,1001,SKU011,frozen,frozen,24,19
2026-05-28T12:00:00,1001,SKU012,frozen,frozen,26,19
2026-05-28T12:00:00,1001,SKU013,grocery,grocery,29,15
2026-05-28T12:00:00,1001,SKU014,grocery,grocery,24,15
2026-05-28T12:00:00,1001,SKU015,household,grocery,30,14
2026-05-28T12:00:00,1002,SKU001,produce,produce,0,12
2026-05-28T12:00:00,1002,SKU002,produce,produce,11,8
2026-05-28T12:00:00,1002,SKU003,dairy,dairy,14,8
2026-05-28T12:00:00,1002,SKU004,dairy,dairy,9,14
2026-05-28T12:00:00,1002,SKU005,meat,meat,14,12
2026-05-28T12:00:00,1002,SKU006,meat,meat,10,8
2026-05-28T12:00:00,1002,SKU007,bakery,bakery,11,12
2026-05-28T12:00:00,1002,SKU008,bakery,bakery,16,8
2026-05-28T12:00:00,1002,SKU009,beverages,grocery,23,20
2026-05-28T12:00:00,1002,SKU010,beverages,grocery,18,14
2026-05-28T12:00:00,1002,SKU011,frozen,frozen,23,20
2026-05-28T12:00:00,1002,SKU012,frozen,frozen,23,16
2026-05-28T12:00:00,1002,SKU013,grocery,grocery,24,17
2026-05-28T12:00:00,1002,SKU014,grocery,grocery,24,19
2026-05-28T12:00:00,1002,SKU015,household,grocery,24,19
2026-05-28T12:00:00,1003,SKU001,produce,produce,0,9
2026-05-28T12:00:00,1003,SKU002,produce,produce,13,8
2026-05-28T12:00:00,1003,SKU003,dairy,dairy,9,9
2026-05-28T12:00:00,1003,SKU004,dairy,dairy,9,8
2026-05-28T12:00:00,1003,SKU005,meat,meat,16,8
2026-05-28T12:00:00,1003,SKU006,meat,meat,16,12
2026-05-28T12:00:00,1003,SKU007,bakery,bakery,15,13
2026-05-28T12:00:00,1003,SKU008,bakery,bakery,11,8
2026-05-28T12:00:00,1003,SKU009,beverages,grocery,28,16
2026-05-28T12:00:00,1003,SKU010,beverages,grocery,12,12
2026-05-28T12:00:00,1003,SKU011,frozen,frozen,26,18
2026-05-28T12:00:00,1003,SKU012,frozen,frozen,27,19
2026-05-28T12:00:00,1003,SKU013,grocery,grocery,26,15
2026-05-28T12:00:00,1003,SKU014,grocery,grocery,25,20
2026-05-28T12:00:00,1003,SKU015,household,grocery,32,17
2026-05-28T13:00:00,1001,SKU001,produce,produce,0,12
2026-05-28T13:00:00,1001,SKU002,produce,produce,12,12
2026-05-28T13:00:00,1001,SKU003,dairy,dairy,9,14
2026-05-28T13:00:00,1001,SKU004,dairy,dairy,14,10
2026-05-28T13:00:00,1001,SKU005,meat,meat,10,12
2026-05-28T13:00:00,1001,SKU006,meat,meat,13,10
2026-05-28T13:00:00,1001,SKU007,bakery,bakery,16,14
2026-05-28T13:00:00,1001,SKU008,bakery,bakery,12,11
2026-05-28T13:00:00,1001,SKU009,beverages,grocery,21,18
2026-05-28T13:00:00,1001,SKU010,beverages,grocery,18,9
2026-05-28T13:00:00,1001,SKU011,frozen,frozen,29,15
2026-05-28T13:00:00,1001,SKU012,frozen,frozen,25,20
2026-05-28T13:00:00,1001,SKU013,grocery,grocery,30,14
2026-05-28T13:00:00,1001,SKU014,grocery,grocery,25,20
2026-05-28T13:00:00,1001,SKU015,household,grocery,25,14
2026-05-28T13:00:00,1002,SKU001,produce,produce,0,10
2026-05-28T13:00:00,1002,SKU002,produce,produce,4,9
2026-05-28T13:00:00,1002,SKU003,dairy,dairy,11,14
2026-05-28T13:00:00,1002,SKU004,dairy,dairy,16,13
2026-05-28T13:00:00,1002,SKU005,meat,meat,14,9
2026-05-28T13:00:00,1002,SKU006,meat,meat,11,8
2026-05-28T13:00:00,1002,SKU007,bakery,bakery,16,10
2026-05-28T13:00:00,1002,SKU008,bakery,bakery,14,14
2026-05-28T13:00:00,1002,SKU009,beverages,grocery,25,17
2026-05-28T13:00:00,1002,SKU010,beverages,grocery,14,12
2026-05-28T13:00:00,1002,SKU011,frozen,frozen,25,16
2026-05-28T13:00:00,1002,SKU012,frozen,frozen,23,17
2026-05-28T13:00:00,1002,SKU013,grocery,grocery,30,14
2026-05-28T13:00:00,1002,SKU014,grocery,grocery,28,20
2026-05-28T13:00:00,1002,SKU015,household,grocery,28,18
2026-05-28T13:00:00,1003,SKU001,produce,produce,0,8
2026-05-28T13:00:00,1003,SKU002,produce,produce,10,11
2026-05-28T13:00:00,1003,SKU003,dairy,dairy,9,12
2026-05-28T13:00:00,1003,SKU004,dairy,dairy,16,9
2026-05-28T13:00:00,1003,SKU005,meat,meat,12,10
2026-05-28T13:00:00,1003,SKU006,meat,meat,17,12
2026-05-28T13:00:00,1003,SKU007,bakery,bakery,12,12
2026-05-28T13:00:00,1003,SKU008,bakery,bakery,15,9
2026-05-28T13:00:00,1003,SKU009,beverages,grocery,25,20
2026-05-28T13:00:00,1003,SKU010,beverages,grocery,13,11
2026-05-28T13:00:00,1003,SKU011,frozen,frozen,26,17
2026-05-28T13:00:00,1003,SKU012,frozen,frozen,23,18
2026-05-28T13:00:00,1003,SKU013,grocery,grocery,22,16
2026-05-28T13:00:00,1003,SKU014,grocery,grocery,27,14
2026-05-28T13:00:00,1003,SKU015,household,grocery,31,20
2026-05-28T14:00:00,1001,SKU001,produce,produce,0,10
2026-05-28T14:00:00,1001,SKU002,produce,produce,3,11
2026-05-28T14:00:00,1001,SKU003,dairy,dairy,10,11
2026-05-28T14:00:00,1001,SKU004,dairy,dairy,12,10
2026-05-28T14:00:00,1001,SKU005,meat,meat,8,10
2026-05-28T14:00:00,1001,SKU006,meat,meat,15,9
2026-05-28T14:00:00,1001,SKU007,bakery,bakery,11,12
2026-05-28T14:00:00,1001,SKU008,bakery,bakery,12,13
2026-05-28T14:00:00,1001,SKU009,beverages,grocery,20,18
2026-05-28T14:00:00,1001,SKU010,beverages,grocery,9,12
2026-05-28T14:00:00,1001,SKU011,frozen,frozen,26,20
2026-05-28T14:00:00,1001,SKU012,frozen,frozen,26,14
2026-05-28T14:00:00,1001,SKU013,grocery,grocery,21,17
2026-05-28T14:00:00,1001,SKU014,grocery,grocery,26,19
2026-05-28T14:00:00,1001,SKU015,household,grocery,23,19
2026-05-28T14:00:00,1002,SKU001,produce,produce,0,9
2026-05-28T14:00:00,1002,SKU002,produce,produce,4,8
2026-05-28T14:00:00,1002,SKU003,dairy,dairy,6,11
2026-05-28T14:00:00,1002,SKU004,dairy,dairy,15,11
2026-05-28T14:00:00,1002,SKU005,meat,meat,8,12
2026-05-28T14:00:00,1002,SKU006,meat,meat,9,9
2026-05-28T14:00:00,1002,SKU007,bakery,bakery,13,14
2026-05-28T14:00:00,1002,SKU008,bakery,bakery,14,13
2026-05-28T14:00:00,1002,SKU009,beverages,grocery,27,19
2026-05-28T14:00:00,1002,SKU010,beverages,grocery,15,8
2026-05-28T14:00:00,1002,SKU011,frozen,frozen,23,15
2026-05-28T14:00:00,1002,SKU012,frozen,frozen,21,17
2026-05-28T14:00:00,1002,SKU013,grocery,grocery,26,15
2026-05-28T14:00:00,1002,SKU014,grocery,grocery,27,20
2026-05-28T14:00:00,1002,SKU015,household,grocery,27,19
2026-05-28T14:00:00,1003,SKU001,produce,produce,0,13
2026-05-28T14:00:00,1003,SKU002,produce,produce,5,8
2026-05-28T14:00:00,1003,SKU003,dairy,dairy,6,13
2026-05-28T14:00:00,1003,SKU004,dairy,dairy,9,9
2026-05-28T14:00:00,1003,SKU005,meat,meat,14,10
2026-05-28T14:00:00,1003,SKU006,meat,meat,14,14
2026-05-28T14:00:00,1003,SKU007,bakery,bakery,8,8
2026-05-28T14:00:00,1003,SKU008,bakery,bakery,12,14
2026-05-28T14:00:00,1003,SKU009,beverages,grocery,26,20
2026-05-28T14:00:00,1003,SKU010,beverages,grocery,9,8
2026-05-28T14:00:00,1003,SKU011,frozen,frozen,26,14
2026-05-28T14:00:00,1003,SKU012,frozen,frozen,26,15
2026-05-28T14:00:00,1003,SKU013,grocery,grocery,23,16
2026-05-28T14:00:00,1003,SKU014,grocery,grocery,26,17
2026-05-28T14:00:00,1003,SKU015,household,grocery,28,14
2026-05-28T15:00:00,1001,SKU001,produce,produce,0,10
2026-05-28T15:00:00,1001,SKU002,produce,produce,1,14
2026-05-28T15:00:00,1001,SKU003,dairy,dairy,11,8
2026-05-28T15:00:00,1001,SKU004,dairy,dairy,13,13
2026-05-28T15:00:00,1001,SKU005,meat,meat,9,14
2026-05-28T15:00:00,1001,SKU006,meat,meat,10,11
2026-05-28T15:00:00,1001,SKU007,bakery,bakery,15,8
2026-05-28T15:00:00,1001,SKU008,bakery,bakery,15,13
2026-05-28T15:00:00,1001,SKU009,beverages,grocery,24,19
2026-05-28T15:00:00,1001,SKU010,beverages,grocery,8,9
2026-05-28T15:00:00,1001,SKU011,frozen,frozen,22,14
2026-05-28T15:00:00,1001,SKU012,frozen,frozen,20,17
2026-05-28T15:00:00,1001,SKU013,grocery,grocery,25,19
2026-05-28T15:00:00,1001,SKU014,grocery,grocery,24,16
2026-05-28T15:00:00,1001,SKU015,household,grocery,23,15
2026-05-28T15:00:00,1002,SKU001,produce,produce,0,8
2026-05-28T15:00:00,1002,SKU002,produce,produce,5,10
2026-05-28T15:00:00,1002,SKU003,dairy,dairy,6,8
2026-05-28T15:00:00,1002,SKU004,dairy,dairy,9,11
2026-05-28T15:00:00,1002,SKU005,meat,meat,6,12
2026-05-28T15:00:00,1002,SKU006,meat,meat,12,8
2026-05-28T15:00:00,1002,SKU007,bakery,bakery,8,12
2026-05-28T15:00:00,1002,SKU008,bakery,bakery,14,13
2026-05-28T15:00:00,1002,SKU009,beverages,grocery,20,15
2026-05-28T15:00:00,1002,SKU010,beverages,grocery,13,12
2026-05-28T15:00:00,1002,SKU011,frozen,frozen,23,18
2026-05-28T15:00:00,1002,SKU012,frozen,frozen,25,16
2026-05-28T15:00:00,1002,SKU013,grocery,grocery,24,16
2026-05-28T15:00:00,1002,SKU014,grocery,grocery,26,15
2026-05-28T15:00:00,1002,SKU015,household,grocery,23,16
2026-05-28T15:00:00,1003,SKU001,produce,produce,0,8
2026-05-28T15:00:00,1003,SKU002,produce,produce,1,8
2026-05-28T15:00:00,1003,SKU003,dairy,dairy,10,11
2026-05-28T15:00:00,1003,SKU004,dairy,dairy,6,13
2026-05-28T15:00:00,1003,SKU005,meat,meat,6,11
2026-05-28T15:00:00,1003,SKU006,meat,meat,14,14
2026-05-28T15:00:00,1003,SKU007,bakery,bakery,15,8
2026-05-28T15:00:00,1003,SKU008,bakery,bakery,11,12
2026-05-28T15:00:00,1003,SKU009,beverages,grocery,25,19
2026-05-28T15:00:00,1003,SKU010,beverages,grocery,15,11
2026-05-28T15:00:00,1003,SKU011,frozen,frozen,25,14
2026-05-28T15:00:00,1003,SKU012,frozen,frozen,23,17
2026-05-28T15:00:00,1003,SKU013,grocery,grocery,29,16
2026-05-28T15:00:00,1003,SKU014,grocery,grocery,23,19
2026-05-28T15:00:00,1003,SKU015,household,grocery,26,19
2026-05-28T16:00:00,1001,SKU001,produce,produce,0,12
2026-05-28T16:00:00,1001,SKU002,produce,produce,4,10
2026-05-28T16:00:00,1001,SKU003,dairy,dairy,7,14
2026-05-28T16:00:00,1001,SKU004,dairy,dairy,8,8
2026-05-28T16:00:00,1001,SKU005,meat,meat,5,11
2026-05-28T16:00:00,1001,SKU006,meat,meat,14,11
2026-05-28T16:00:00,1001,SKU007,bakery,bakery,12,14
2026-05-28T16:00:00,1001,SKU008,bakery,bakery,11,10
2026-05-28T16:00:00,1001,SKU009,beverages,grocery,24,14
2026-05-28T16:00:00,1001,SKU010,beverages,grocery,11,9
2026-05-28T16:00:00,1001,SKU011,frozen,frozen,25,20
2026-05-28T16:00:00,1001,SKU012,frozen,frozen,20,14
2026-05-28T16:00:00,1001,SKU013,grocery,grocery,27,15
2026-05-28T16:00:00,1001,SKU014,grocery,grocery,27,16
2026-05-28T16:00:00,1001,SKU015,household,grocery,27,15
2026-05-28T16:00:00,1002,SKU001,produce,produce,0,9
2026-05-28T16:00:00,1002,SKU002,produce,produce,4,8
2026-05-28T16:00:00,1002,SKU003,dairy,dairy,9,12
2026-05-28T16:00:00,1002,SKU004,dairy,dairy,9,9
2026-05-28T16:00:00,1002,SKU005,meat,meat,5,13
2026-05-28T16:00:00,1002,SKU006,meat,meat,9,13
2026-05-28T16:00:00,1002,SKU007,bakery,bakery,8,9
2026-05-28T16:00:00,1002,SKU008,bakery,bakery,12,10
2026-05-28T16:00:00,1002,SKU009,beverages,grocery,24,20
2026-05-28T16:00:00,1002,SKU010,beverages,grocery,9,8
2026-05-28T16:00:00,1002,SKU011,frozen,frozen,20,19
2026-05-28T16:00:00,1002,SKU012,frozen,frozen,20,18
2026-05-28T16:00:00,1002,SKU013,grocery,grocery,20,19
2026-05-28T16:00:00,1002,SKU014,grocery,grocery,27,20
2026-05-28T16:00:00,1002,SKU015,household,grocery,23,16
2026-05-28T16:00:00,1003,SKU001,produce,produce,0,8
2026-05-28T16:00:00,1003,SKU002,produce,produce,8,12
2026-05-28T16:00:00,1003,SKU003,dairy,dairy,8,12
2026-05-28T16:00:00,1003,SKU004,dairy,dairy,9,9
2026-05-28T16:00:00,1003,SKU005,meat,meat,5,9
2026-05-28T16:00:00,1003,SKU006,meat,meat,8,8
2026-05-28T16:00:00,1003,SKU007,bakery,bakery,12,11
2026-05-28T16:00:00,1003,SKU008,bakery,bakery,16,9
2026-05-28T16:00:00,1003,SKU009,beverages,grocery,21,18
2026-05-28T16:00:00,1003,SKU010,beverages,grocery,8,10
2026-05-28T16:00:00,1003,SKU011,frozen,frozen,25,17
2026-05-28T16:00:00,1003,SKU012,frozen,frozen,25,20
2026-05-28T16:00:00,1003,SKU013,grocery,grocery,28,20
2026-05-28T16:00:00,1003,SKU014,grocery,grocery,29,17
2026-05-28T16:00:00,1003,SKU015,household,grocery,28,20
2026-05-28T17:00:00,1001,SKU001,produce,produce,0,8
2026-05-28T17:00:00,1001,SKU002,produce,produce,1,12
2026-05-28T17:00:00,1001,SKU003,dairy,dairy,7,10
2026-05-28T17:00:00,1001,SKU004,dairy,dairy,6,11
2026-05-28T17:00:00,1001,SKU005,meat,meat,5,9
2026-05-28T17:00:00,1001,SKU006,meat,meat,9,11
2026-05-28T17:00:00,1001,SKU007,bakery,bakery,7,14
2026-05-28T17:00:00,1001,SKU008,bakery,bakery,8,13
2026-05-28T17:00:00,1001,SKU009,beverages,grocery,20,17
2026-05-28T17:00:00,1001,SKU010,beverages,grocery,12,10
2026-05-28T17:00:00,1001,SKU011,frozen,frozen,28,15
2026-05-28T17:00:00,1001,SKU012,frozen,frozen,20,16
2026-05-28T17:00:00,1001,SKU013,grocery,grocery,27,17
2026-05-28T17:00:00,1001,SKU014,grocery,grocery,20,19
2026-05-28T17:00:00,1001,SKU015,household,grocery,25,14
2026-05-28T17:00:00,1002,SKU001,produce,produce,0,8
2026-05-28T17:00:00,1002,SKU002,produce,produce,0,14
2026-05-28T17:00:00,1002,SKU003,dairy,dairy,6,14
2026-05-28T17:00:00,1002,SKU004,dairy,dairy,6,9
2026-05-28T17:00:00,1002,SKU005,meat,meat,13,8
2026-05-28T17:00:00,1002,SKU006,meat,meat,8,9
2026-05-28T17:00:00,1002,SKU007,bakery,bakery,11,13
2026-05-28T17:00:00,1002,SKU008,bakery,bakery,10,8
2026-05-28T17:00:00,1002,SKU009,beverages,grocery,20,14
2026-05-28T17:00:00,1002,SKU010,beverages,grocery,12,12
2026-05-28T17:00:00,1002,SKU011,frozen,frozen,21,18
2026-05-28T17:00:00,1002,SKU012,frozen,frozen,26,19
2026-05-28T17:00:00,1002,SKU013,grocery,grocery,20,19
2026-05-28T17:00:00,1002,SKU014,grocery,grocery,25,18
2026-05-28T17:00:00,1002,SKU015,household,grocery,24,17
2026-05-28T17:00:00,1003,SKU001,produce,produce,0,14
2026-05-28T17:00:00,1003,SKU002,produce,produce,0,12
2026-05-28T17:00:00,1003,SKU003,dairy,dairy,7,9
2026-05-28T17:00:00,1003,SKU004,dairy,dairy,12,10
2026-05-28T17:00:00,1003,SKU005,meat,meat,10,12
2026-05-28T17:00:00,1003,SKU006,meat,meat,14,8
2026-05-28T17:00:00,1003,SKU007,bakery,bakery,10,12
2026-05-28T17:00:00,1003,SKU008,bakery,bakery,15,13
2026-05-28T17:00:00,1003,SKU009,beverages,grocery,25,15
2026-05-28T17:00:00,1003,SKU010,beverages,grocery,8,11
2026-05-28T17:00:00,1003,SKU011,frozen,frozen,28,18
2026-05-28T17:00:00,1003,SKU012,frozen,frozen,19,19
2026-05-28T17:00:00,1003,SKU013,grocery,grocery,20,20
2026-05-28T17:00:00,1003,SKU014,grocery,grocery,25,15
2026-05-28T17:00:00,1003,SKU015,household,grocery,30,18
2026-05-28T18:00:00,1001,SKU001,produce,produce,0,8
2026-05-28T18:00:00,1001,SKU002,produce,produce,5,11
2026-05-28T18:00:00,1001,SKU003,dairy,dairy,2,12
2026-05-28T18:00:00,1001,SKU004,dairy,dairy,10,9
2026-05-28T18:00:00,1001,SKU005,meat,meat,12,10
2026-05-28T18:00:00,1001,SKU006,meat,meat,10,10
2026-05-28T18:00:00,1001,SKU007,bakery,bakery,5,13
2026-05-28T18:00:00,1001,SKU008,bakery,bakery,9,12
2026-05-28T18:00:00,1001,SKU009,beverages,grocery,19,15
2026-05-28T18:00:00,1001,SKU010,beverages,grocery,13,9
2026-05-28T18:00:00,1001,SKU011,frozen,frozen,19,14
2026-05-28T18:00:00,1001,SKU012,frozen,frozen,21,18
2026-05-28T18:00:00,1001,SKU013,grocery,grocery,23,18
2026-05-28T18:00:00,1001,SKU014,grocery,grocery,24,18
2026-05-28T18:00:00,1001,SKU015,household,grocery,24,19
2026-05-28T18:00:00,1002,SKU001,produce,produce,0,9
2026-05-28T18:00:00,1002,SKU002,produce,produce,0,8
2026-05-28T18:00:00,1002,SKU003,dairy,dairy,4,8
2026-05-28T18:00:00,1002,SKU004,dairy,dairy,7,10
2026-05-28T18:00:00,1002,SKU005,meat,meat,11,10
2026-05-28T18:00:00,1002,SKU006,meat,meat,8,13
2026-05-28T18:00:00,1002,SKU007,bakery,bakery,7,13
2026-05-28T18:00:00,1002,SKU008,bakery,bakery,16,13
2026-05-28T18:00:00,1002,SKU009,beverages,grocery,18,14
2026-05-28T18:00:00,1002,SKU010,beverages,grocery,12,10
2026-05-28T18:00:00,1002,SKU011,frozen,frozen,22,19
2026-05-28T18:00:00,1002,SKU012,frozen,frozen,19,19
2026-05-28T18:00:00,1002,SKU013,grocery,grocery,22,19
2026-05-28T18:00:00,1002,SKU014,grocery,grocery,20,15
2026-05-28T18:00:00,1002,SKU015,household,grocery,22,19
2026-05-28T18:00:00,1003,SKU001,produce,produce,0,8
2026-05-28T18:00:00,1003,SKU002,produce,produce,1,13
2026-05-28T18:00:00,1003,SKU003,dairy,dairy,2,9
2026-05-28T18:00:00,1003,SKU004,dairy,dairy,5,9
2026-05-28T18:00:00,1003,SKU005,meat,meat,11,11
2026-05-28T18:00:00,1003,SKU006,meat,meat,10,14
2026-05-28T18:00:00,1003,SKU007,bakery,bakery,7,13
2026-05-28T18:00:00,1003,SKU008,bakery,bakery,9,9
2026-05-28T18:00:00,1003,SKU009,beverages,grocery,22,19
2026-05-28T18:00:00,1003,SKU010,beverages,grocery,9,8
2026-05-28T18:00:00,1003,SKU011,frozen,frozen,21,18
2026-05-28T18:00:00,1003,SKU012,frozen,frozen,20,17
2026-05-28T18:00:00,1003,SKU013,grocery,grocery,25,14
2026-05-28T18:00:00,1003,SKU014,grocery,grocery,26,16
2026-05-28T18:00:00,1003,SKU015,household,grocery,28,15
2026-05-28T19:00:00,1001,SKU001,produce,produce,0,13
2026-05-28T19:00:00,1001,SKU002,produce,produce,0,10
2026-05-28T19:00:00,1001,SKU003,dairy,dairy,2,14
2026-05-28T19:00:00,1001,SKU004,dairy,dairy,9,11
2026-05-28T19:00:00,1001,SKU005,meat,meat,10,10
2026-05-28T19:00:00,1001,SKU006,meat,meat,11,12
2026-05-28T19:00:00,1001,SKU007,bakery,bakery,5,12
2026-05-28T19:00:00,1001,SKU008,bakery,bakery,15,9
2026-05-28T19:00:00,1001,SKU009,beverages,grocery,19,20
2026-05-28T19:00:00,1001,SKU010,beverages,grocery,7,13
2026-05-28T19:00:00,1001,SKU011,frozen,frozen,19,19
2026-05-28T19:00:00,1001,SKU012,frozen,frozen,20,18
2026-05-28T19:00:00,1001,SKU013,grocery,grocery,20,17
2026-05-28T19:00:00,1001,SKU014,grocery,grocery,21,17
2026-05-28T19:00:00,1001,SKU015,household,grocery,26,17
2026-05-28T19:00:00,1002,SKU001,produce,produce,0,14
2026-05-28T19:00:00,1002,SKU002,produce,produce,0,12
2026-05-28T19:00:00,1002,SKU003,dairy,dairy,7,9
2026-05-28T19:00:00,1002,SKU004,dairy,dairy,3,14
2026-05-28T19:00:00,1002,SKU005,meat,meat,3,10
2026-05-28T19:00:00,1002,SKU006,meat,meat,8,14
2026-05-28T19:00:00,1002,SKU007,bakery,bakery,12,14
2026-05-28T19:00:00,1002,SKU008,bakery,bakery,11,8
2026-05-28T19:00:00,1002,SKU009,beverages,grocery,23,17
2026-05-28T19:00:00,1002,SKU010,beverages,grocery,8,9
2026-05-28T19:00:00,1002,SKU011,frozen,frozen,20,20
2026-05-28T19:00:00,1002,SKU012,frozen,frozen,21,14
2026-05-28T19:00:00,1002,SKU013,grocery,grocery,25,17
2026-05-28T19:00:00,1002,SKU014,grocery,grocery,20,18
2026-05-28T19:00:00,1002,SKU015,household,grocery,22,16
2026-05-28T19:00:00,1003,SKU001,produce,produce,0,12
2026-05-28T19:00:00,1003,SKU002,produce,produce,1,14
2026-05-28T19:00:00,1003,SKU003,dairy,dairy,5,14
2026-05-28T19:00:00,1003,SKU004,dairy,dairy,8,11
2026-05-28T19:00:00,1003,SKU005,meat,meat,3,11
2026-05-28T19:00:00,1003,SKU006,meat,meat,8,13
2026-05-28T19:00:00,1003,SKU007,bakery,bakery,10,9
2026-05-28T19:00:00,1003,SKU008,bakery,bakery,8,12
2026-05-28T19:00:00,1003,SKU009,beverages,grocery,25,20
2026-05-28T19:00:00,1003,SKU010,beverages,grocery,12,10
2026-05-28T19:00:00,1003,SKU011,frozen,frozen,24,14
2026-05-28T19:00:00,1003,SKU012,frozen,frozen,22,18
2026-05-28T19:00:00,1003,SKU013,grocery,grocery,23,20
2026-05-28T19:00:00,1003,SKU014,grocery,grocery,24,16
2026-05-28T19:00:00,1003,SKU015,household,grocery,22,17
2026-05-28T20:00:00,1001,SKU001,produce,produce,0,11
2026-05-28T20:00:00,1001,SKU002,produce,produce,0,13
2026-05-28T20:00:00,1001,SKU003,dairy,dairy,2,12
2026-05-28T20:00:00,1001,SKU004,dairy,dairy,4,13
2026-05-28T20:00:00,1001,SKU005,meat,meat,5,12
2026-05-28T20:00:00,1001,SKU006,meat,meat,10,10
2026-05-28T20:00:00,1001,SKU007,bakery,bakery,3,10
2026-05-28T20:00:00,1001,SKU008,bakery,bakery,13,9
2026-05-28T20:00:00,1001,SKU009,beverages,grocery,23,15
2026-05-28T20:00:00,1001,SKU010,beverages,grocery,7,14
2026-05-28T20:00:00,1001,SKU011,frozen,frozen,20,17
2026-05-28T20:00:00,1001,SKU012,frozen,frozen,20,17
2026-05-28T20:00:00,1001,SKU013,grocery,grocery,20,14
2026-05-28T20:00:00,1001,SKU014,grocery,grocery,23,15
2026-05-28T20:00:00,1001,SKU015,household,grocery,26,15
2026-05-28T20:00:00,1002,SKU001,produce,produce,0,13
2026-05-28T20:00:00,1002,SKU002,produce,produce,0,14
2026-05-28T20:00:00,1002,SKU003,dairy,dairy,3,13
2026-05-28T20:00:00,1002,SKU004,dairy,dairy,9,13
2026-05-28T20:00:00,1002,SKU005,meat,meat,7,10
2026-05-28T20:00:00,1002,SKU006,meat,meat,6,8
2026-05-28T20:00:00,1002,SKU007,bakery,bakery,11,14
2026-05-28T20:00:00,1002,SKU008,bakery,bakery,15,13
2026-05-28T20:00:00,1002,SKU009,beverages,grocery,16,18
2026-05-28T20:00:00,1002,SKU010,beverages,grocery,12,12
2026-05-28T20:00:00,1002,SKU011,frozen,frozen,19,19
2026-05-28T20:00:00,1002,SKU012,frozen,frozen,24,15
2026-05-28T20:00:00,1002,SKU013,grocery,grocery,22,19
2026-05-28T20:00:00,1002,SKU014,grocery,grocery,23,20
2026-05-28T20:00:00,1002,SKU015,household,grocery,23,19
2026-05-28T20:00:00,1003,SKU001,produce,produce,0,10
2026-05-28T20:00:00,1003,SKU002,produce,produce,0,9
2026-05-28T20:00:00,1003,SKU003,dairy,dairy,6,10
2026-05-28T20:00:00,1003,SKU004,dairy,dairy,4,9
2026-05-28T20:00:00,1003,SKU005,meat,meat,6,11
2026-05-28T20:00:00,1003,SKU006,meat,meat,6,10
2026-05-28T20:00:00,1003,SKU007,bakery,bakery,3,10
2026-05-28T20:00:00,1003,SKU008,bakery,bakery,15,9
2026-05-28T20:00:00,1003,SKU009,beverages,grocery,19,15
2026-05-28T20:00:00,1003,SKU010,beverages,grocery,9,9
2026-05-28T20:00:00,1003,SKU011,frozen,frozen,18,20
2026-05-28T20:00:00,1003,SKU012,frozen,frozen,21,14
2026-05-28T20:00:00,1003,SKU013,grocery,grocery,20,19
2026-05-28T20:00:00,1003,SKU014,grocery,grocery,24,20
2026-05-28T20:00:00,1003,SKU015,household,grocery,30,17
2026-05-28T21:00:00,1001,SKU001,produce,produce,0,8
2026-05-28T21:00:00,1001,SKU002,produce,produce,0,13
2026-05-28T21:00:00,1001,SKU003,dairy,dairy,0,10
2026-05-28T21:00:00,1001,SKU004,dairy,dairy,7,14
2026-05-28T21:00:00,1001,SKU005,meat,meat,7,13
2026-05-28T21:00:00,1001,SKU006,meat,meat,7,11
2026-05-28T21:00:00,1001,SKU007,bakery,bakery,7,14
2026-05-28T21:00:00,1001,SKU008,bakery,bakery,13,11
2026-05-28T21:00:00,1001,SKU009,beverages,grocery,19,19
2026-05-28T21:00:00,1001,SKU010,beverages,grocery,9,9
2026-05-28T21:00:00,1001,SKU011,frozen,frozen,23,15
2026-05-28T21:00:00,1001,SKU012,frozen,frozen,23,16
2026-05-28T21:00:00,1001,SKU013,grocery,grocery,25,20
2026-05-28T21:00:00,1001,SKU014,grocery,grocery,23,17
2026-05-28T21:00:00,1001,SKU015,household,grocery,28,19
2026-05-28T21:00:00,1002,SKU001,produce,produce,0,11
2026-05-28T21:00:00,1002,SKU002,produce,produce,0,11
2026-05-28T21:00:00,1002,SKU003,dairy,dairy,0,10
2026-05-28T21:00:00,1002,SKU004,dairy,dairy,2,8
2026-05-28T21:00:00,1002,SKU005,meat,meat,3,10
2026-05-28T21:00:00,1002,SKU006,meat,meat,7,10
2026-05-28T21:00:00,1002,SKU007,bakery,bakery,2,12
2026-05-28T21:00:00,1002,SKU008,bakery,bakery,6,12
2026-05-28T21:00:00,1002,SKU009,beverages,grocery,20,20
2026-05-28T21:00:00,1002,SKU010,beverages,grocery,8,12
2026-05-28T21:00:00,1002,SKU011,frozen,frozen,19,20
2026-05-28T21:00:00,1002,SKU012,frozen,frozen,22,15
2026-05-28T21:00:00,1002,SKU013,grocery,grocery,24,18
2026-05-28T21:00:00,1002,SKU014,grocery,grocery,21,16
2026-05-28T21:00:00,1002,SKU015,household,grocery,27,18
2026-05-28T21:00:00,1003,SKU001,produce,produce,0,11
2026-05-28T21:00:00,1003,SKU002,produce,produce,0,14
2026-05-28T21:00:00,1003,SKU003,dairy,dairy,3,9
2026-05-28T21:00:00,1003,SKU004,dairy,dairy,1,14
2026-05-28T21:00:00,1003,SKU005,meat,meat,4,8
2026-05-28T21:00:00,1003,SKU006,meat,meat,10,14
2026-05-28T21:00:00,1003,SKU007,bakery,bakery,6,9
2026-05-28T21:00:00,1003,SKU008,bakery,bakery,9,10
2026-05-28T21:00:00,1003,SKU009,beverages,grocery,16,16
2026-05-28T21:00:00,1003,SKU010,beverages,grocery,6,11
2026-05-28T21:00:00,1003,SKU011,frozen,frozen,19,20
2026-05-28T21:00:00,1003,SKU012,frozen,frozen,21,14
2026-05-28T21:00:00,1003,SKU013,grocery,grocery,22,19
2026-05-28T21:00:00,1003,SKU014,grocery,grocery,27,18
2026-05-28T21:00:00,1003,SKU015,household,grocery,25,15
2026-05-29T06:00:00,1001,SKU001,produce,produce,10,11
2026-05-29T06:00:00,1001,SKU002,produce,produce,15,10
2026-05-29T06:00:00,1001,SKU003,dairy,dairy,15,10
2026-05-29T06:00:00,1001,SKU004,dairy,dairy,18,13
2026-05-29T06:00:00,1001,SKU005,meat,meat,15,11
2026-05-29T06:00:00,1001,SKU006,meat,meat,21,9
2026-05-29T06:00:00,1001,SKU007,bakery,bakery,22,9
2026-05-29T06:00:00,1001,SKU008,bakery,bakery,16,13
2026-05-29T06:00:00,1001,SKU009,beverages,grocery,21,14
2026-05-29T06:00:00,1001,SKU010,beverages,grocery,23,13
2026-05-29T06:00:00,1001,SKU011,frozen,frozen,22,17
2026-05-29T06:00:00,1001,SKU012,frozen,frozen,33,20
2026-05-29T06:00:00,1001,SKU013,grocery,grocery,30,15
2026-05-29T06:00:00,1001,SKU014,grocery,grocery,27,14
2026-05-29T06:00:00,1001,SKU015,household,grocery,26,16
2026-05-29T06:00:00,1002,SKU001,produce,produce,16,11
2026-05-29T06:00:00,1002,SKU002,produce,produce,15,12
2026-05-29T06:00:00,1002,SKU003,dairy,dairy,14,10
2026-05-29T06:00:00,1002,SKU004,dairy,dairy,17,9
2026-05-29T06:00:00,1002,SKU005,meat,meat,20,14
2026-05-29T06:00:00,1002,SKU006,meat,meat,19,13
2026-05-29T06:00:00,1002,SKU007,bakery,bakery,17,11
2026-05-29T06:00:00,1002,SKU008,bakery,bakery,23,14
2026-05-29T06:00:00,1002,SKU009,beverages,grocery,28,16
2026-05-29T06:00:00,1002,SKU010,beverages,grocery,19,14
2026-05-29T06:00:00,1002,SKU011,frozen,frozen,28,14
2026-05-29T06:00:00,1002,SKU012,frozen,frozen,26,17
2026-05-29T06:00:00,1002,SKU013,grocery,grocery,28,19
2026-05-29T06:00:00,1002,SKU014,grocery,grocery,27,20
2026-05-29T06:00:00,1002,SKU015,household,grocery,25,19
2026-05-29T06:00:00,1003,SKU001,produce,produce,16,11
2026-05-29T06:00:00,1003,SKU002,produce,produce,19,13
2026-05-29T06:00:00,1003,SKU003,dairy,dairy,12,9
2026-05-29T06:00:00,1003,SKU004,dairy,dairy,22,11
2026-05-29T06:00:00,1003,SKU005,meat,meat,22,9
2026-05-29T06:00:00,1003,SKU006,meat,meat,21,11
2026-05-29T06:00:00,1003,SKU007,bakery,bakery,20,11
2026-05-29T06:00:00,1003,SKU008,bakery,bakery,18,9
2026-05-29T06:00:00,1003,SKU009,beverages,grocery,28,14
2026-05-29T06:00:00,1003,SKU010,beverages,grocery,16,10
2026-05-29T06:00:00,1003,SKU011,frozen,frozen,21,19
2026-05-29T06:00:00,1003,SKU012,frozen,frozen,25,20
2026-05-29T06:00:00,1003,SKU013,grocery,grocery,30,20
2026-05-29T06:00:00,1003,SKU014,grocery,grocery,27,20
2026-05-29T06:00:00,1003,SKU015,household,grocery,32,18
2026-05-29T07:00:00,1001,SKU001,produce,produce,5,8
2026-05-29T07:00:00,1001,SKU002,produce,produce,18,10
2026-05-29T07:00:00,1001,SKU003,dairy,dairy,17,13
2026-05-29T07:00:00,1001,SKU004,dairy,dairy,14,8
2026-05-29T07:00:00,1001,SKU005,meat,meat,14,9
2026-05-29T07:00:00,1001,SKU006,meat,meat,21,14
2026-05-29T07:00:00,1001,SKU007,bakery,bakery,16,13
2026-05-29T07:00:00,1001,SKU008,bakery,bakery,16,8
2026-05-29T07:00:00,1001,SKU009,beverages,grocery,24,15
2026-05-29T07:00:00,1001,SKU010,beverages,grocery,19,11
2026-05-29T07:00:00,1001,SKU011,frozen,frozen,24,14
2026-05-29T07:00:00,1001,SKU012,frozen,frozen,30,14
2026-05-29T07:00:00,1001,SKU013,grocery,grocery,29,15
2026-05-29T07:00:00,1001,SKU014,grocery,grocery,26,20
2026-05-29T07:00:00,1001,SKU015,household,grocery,28,20
2026-05-29T07:00:00,1002,SKU001,produce,produce,10,12
2026-05-29T07:00:00,1002,SKU002,produce,produce,14,11
2026-05-29T07:00:00,1002,SKU003,dairy,dairy,11,8
2026-05-29T07:00:00,1002,SKU004,dairy,dairy,17,8
2026-05-29T07:00:00,1002,SKU005,meat,meat,17,11
2026-05-29T07:00:00,1002,SKU006,meat,meat,19,10
2026-05-29T07:00:00,1002,SKU007,bakery,bakery,16,12
2026-05-29T07:00:00,1002,SKU008,bakery,bakery,20,9
2026-05-29T07:00:00,1002,SKU009,beverages,grocery,20,18
2026-05-29T07:00:00,1002,SKU010,beverages,grocery,16,12
2026-05-29T07:00:00,1002,SKU011,frozen,frozen,28,20
2026-05-29T07:00:00,1002,SKU012,frozen,frozen,27,16
2026-05-29T07:00:00,1002,SKU013,grocery,grocery,27,19
2026-05-29T07:00:00,1002,SKU014,grocery,grocery,30,18
2026-05-29T07:00:00,1002,SKU015,household,grocery,30,20
2026-05-29T07:00:00,1003,SKU001,produce,produce,7,9
2026-05-29T07:00:00,1003,SKU002,produce,produce,15,9
2026-05-29T07:00:00,1003,SKU003,dairy,dairy,11,13
2026-05-29T07:00:00,1003,SKU004,dairy,dairy,21,9
2026-05-29T07:00:00,1003,SKU005,meat,meat,17,12
2026-05-29T07:00:00,1003,SKU006,meat,meat,16,8
2026-05-29T07:00:00,1003,SKU007,bakery,bakery,18,10
2026-05-29T07:00:00,1003,SKU008,bakery,bakery,21,13
2026-05-29T07:00:00,1003,SKU009,beverages,grocery,23,20
2026-05-29T07:00:00,1003,SKU010,beverages,grocery,19,9
2026-05-29T07:00:00,1003,SKU011,frozen,frozen,23,15
2026-05-29T07:00:00,1003,SKU012,frozen,frozen,30,17
2026-05-29T07:00:00,1003,SKU013,grocery,grocery,26,18
2026-05-29T07:00:00,1003,SKU014,grocery,grocery,30,14
2026-05-29T07:00:00,1003,SKU015,household,grocery,32,17
2026-05-29T08:00:00,1001,SKU001,produce,produce,1,8
2026-05-29T08:00:00,1001,SKU002,produce,produce,19,11
2026-05-29T08:00:00,1001,SKU003,dairy,dairy,8,12
2026-05-29T08:00:00,1001,SKU004,dairy,dairy,15,11
2026-05-29T08:00:00,1001,SKU005,meat,meat,20,14
2026-05-29T08:00:00,1001,SKU006,meat,meat,14,14
2026-05-29T08:00:00,1001,SKU007,bakery,bakery,21,14
2026-05-29T08:00:00,1001,SKU008,bakery,bakery,16,14
2026-05-29T08:00:00,1001,SKU009,beverages,grocery,23,17
2026-05-29T08:00:00,1001,SKU010,beverages,grocery,13,8
2026-05-29T08:00:00,1001,SKU011,frozen,frozen,20,17
2026-05-29T08:00:00,1001,SKU012,frozen,frozen,25,15
2026-05-29T08:00:00,1001,SKU013,grocery,grocery,30,14
2026-05-29T08:00:00,1001,SKU014,grocery,grocery,29,19
2026-05-29T08:00:00,1001,SKU015,household,grocery,33,15
2026-05-29T08:00:00,1002,SKU001,produce,produce,8,13
2026-05-29T08:00:00,1002,SKU002,produce,produce,19,13
2026-05-29T08:00:00,1002,SKU003,dairy,dairy,10,13
2026-05-29T08:00:00,1002,SKU004,dairy,dairy,14,14
2026-05-29T08:00:00,1002,SKU005,meat,meat,20,13
2026-05-29T08:00:00,1002,SKU006,meat,meat,19,13
2026-05-29T08:00:00,1002,SKU007,bakery,bakery,17,12
2026-05-29T08:00:00,1002,SKU008,bakery,bakery,18,14
2026-05-29T08:00:00,1002,SKU009,beverages,grocery,26,17
2026-05-29T08:00:00,1002,SKU010,beverages,grocery,16,10
2026-05-29T08:00:00,1002,SKU011,frozen,frozen,27,20
2026-05-29T08:00:00,1002,SKU012,frozen,frozen,28,15
2026-05-29T08:00:00,1002,SKU013,grocery,grocery,26,15
2026-05-29T08:00:00,1002,SKU014,grocery,grocery,27,19
2026-05-29T08:00:00,1002,SKU015,household,grocery,27,15
2026-05-29T08:00:00,1003,SKU001,produce,produce,2,13
2026-05-29T08:00:00,1003,SKU002,produce,produce,19,8
2026-05-29T08:00:00,1003,SKU003,dairy,dairy,9,14
2026-05-29T08:00:00,1003,SKU004,dairy,dairy,17,10
2026-05-29T08:00:00,1003,SKU005,meat,meat,15,10
2026-05-29T08:00:00,1003,SKU006,meat,meat,21,13
2026-05-29T08:00:00,1003,SKU007,bakery,bakery,15,13
2026-05-29T08:00:00,1003,SKU008,bakery,bakery,16,9
2026-05-29T08:00:00,1003,SKU009,beverages,grocery,25,17
2026-05-29T08:00:00,1003,SKU010,beverages,grocery,13,11
2026-05-29T08:00:00,1003,SKU011,frozen,frozen,22,20
2026-05-29T08:00:00,1003,SKU012,frozen,frozen,29,15
2026-05-29T08:00:00,1003,SKU013,grocery,grocery,29,19
2026-05-29T08:00:00,1003,SKU014,grocery,grocery,24,17
2026-05-29T08:00:00,1003,SKU015,household,grocery,28,20
2026-05-29T09:00:00,1001,SKU001,produce,produce,4,14
2026-05-29T09:00:00,1001,SKU002,produce,produce,13,8
2026-05-29T09:00:00,1001,SKU003,dairy,dairy,8,12
2026-05-29T09:00:00,1001,SKU004,dairy,dairy,12,10
2026-05-29T09:00:00,1001,SKU005,meat,meat,18,13
2026-05-29T09:00:00,1001,SKU006,meat,meat,19,10
2026-05-29T09:00:00,1001,SKU007,bakery,bakery,13,14
2026-05-29T09:00:00,1001,SKU008,bakery,bakery,16,8
2026-05-29T09:00:00,1001,SKU009,beverages,grocery,26,19
2026-05-29T09:00:00,1001,SKU010,beverages,grocery,18,9
2026-05-29T09:00:00,1001,SKU011,frozen,frozen,28,16
2026-05-29T09:00:00,1001,SKU012,frozen,frozen,24,19
2026-05-29T09:00:00,1001,SKU013,grocery,grocery,32,16
2026-05-29T09:00:00,1001,SKU014,grocery,grocery,26,14
2026-05-29T09:00:00,1001,SKU015,household,grocery,26,15
2026-05-29T09:00:00,1002,SKU001,produce,produce,3,9
2026-05-29T09:00:00,1002,SKU002,produce,produce,16,13
2026-05-29T09:00:00,1002,SKU003,dairy,dairy,7,12
2026-05-29T09:00:00,1002,SKU004,dairy,dairy,16,13
2026-05-29T09:00:00,1002,SKU005,meat,meat,18,9
2026-05-29T09:00:00,1002,SKU006,meat,meat,19,13
2026-05-29T09:00:00,1002,SKU007,bakery,bakery,17,11
2026-05-29T09:00:00,1002,SKU008,bakery,bakery,14,10
2026-05-29T09:00:00,1002,SKU009,beverages,grocery,23,20
2026-05-29T09:00:00,1002,SKU010,beverages,grocery,20,8
2026-05-29T09:00:00,1002,SKU011,frozen,frozen,25,16
2026-05-29T09:00:00,1002,SKU012,frozen,frozen,27,18
2026-05-29T09:00:00,1002,SKU013,grocery,grocery,25,20
2026-05-29T09:00:00,1002,SKU014,grocery,grocery,26,19
2026-05-29T09:00:00,1002,SKU015,household,grocery,26,16
2026-05-29T09:00:00,1003,SKU001,produce,produce,0,11
2026-05-29T09:00:00,1003,SKU002,produce,produce,14,8
2026-05-29T09:00:00,1003,SKU003,dairy,dairy,8,12
2026-05-29T09:00:00,1003,SKU004,dairy,dairy,17,10
2026-05-29T09:00:00,1003,SKU005,meat,meat,18,10
2026-05-29T09:00:00,1003,SKU006,meat,meat,12,12
2026-05-29T09:00:00,1003,SKU007,bakery,bakery,13,12
2026-05-29T09:00:00,1003,SKU008,bakery,bakery,19,12
2026-05-29T09:00:00,1003,SKU009,beverages,grocery,22,18
2026-05-29T09:00:00,1003,SKU010,beverages,grocery,18,11
2026-05-29T09:00:00,1003,SKU011,frozen,frozen,28,17
2026-05-29T09:00:00,1003,SKU012,frozen,frozen,28,20
2026-05-29T09:00:00,1003,SKU013,grocery,grocery,26,14
2026-05-29T09:00:00,1003,SKU014,grocery,grocery,31,20
2026-05-29T09:00:00,1003,SKU015,household,grocery,25,20
2026-05-29T10:00:00,1001,SKU001,produce,produce,0,8
2026-05-29T10:00:00,1001,SKU002,produce,produce,12,9
2026-05-29T10:00:00,1001,SKU003,dairy,dairy,12,9
2026-05-29T10:00:00,1001,SKU004,dairy,dairy,11,8
2026-05-29T10:00:00,1001,SKU005,meat,meat,18,8
2026-05-29T10:00:00,1001,SKU006,meat,meat,14,13
2026-05-29T10:00:00,1001,SKU007,bakery,bakery,12,9
2026-05-29T10:00:00,1001,SKU008,bakery,bakery,17,8
2026-05-29T10:00:00,1001,SKU009,beverages,grocery,21,18
2026-05-29T10:00:00,1001,SKU010,beverages,grocery,15,14
2026-05-29T10:00:00,1001,SKU011,frozen,frozen,25,18
2026-05-29T10:00:00,1001,SKU012,frozen,frozen,29,17
2026-05-29T10:00:00,1001,SKU013,grocery,grocery,31,18
2026-05-29T10:00:00,1001,SKU014,grocery,grocery,30,17
2026-05-29T10:00:00,1001,SKU015,household,grocery,24,18
2026-05-29T10:00:00,1002,SKU001,produce,produce,1,11
2026-05-29T10:00:00,1002,SKU002,produce,produce,11,8
2026-05-29T10:00:00,1002,SKU003,dairy,dairy,8,11
2026-05-29T10:00:00,1002,SKU004,dairy,dairy,18,11
2026-05-29T10:00:00,1002,SKU005,meat,meat,14,8
2026-05-29T10:00:00,1002,SKU006,meat,meat,14,9
2026-05-29T10:00:00,1002,SKU007,bakery,bakery,18,13
2026-05-29T10:00:00,1002,SKU008,bakery,bakery,19,13
2026-05-29T10:00:00,1002,SKU009,beverages,grocery,18,17
2026-05-29T10:00:00,1002,SKU010,beverages,grocery,17,13
2026-05-29T10:00:00,1002,SKU011,frozen,frozen,27,18
2026-05-29T10:00:00,1002,SKU012,frozen,frozen,30,19
2026-05-29T10:00:00,1002,SKU013,grocery,grocery,31,17
2026-05-29T10:00:00,1002,SKU014,grocery,grocery,28,15
2026-05-29T10:00:00,1002,SKU015,household,grocery,27,19
2026-05-29T10:00:00,1003,SKU001,produce,produce,0,9
2026-05-29T10:00:00,1003,SKU002,produce,produce,9,12
2026-05-29T10:00:00,1003,SKU003,dairy,dairy,7,13
2026-05-29T10:00:00,1003,SKU004,dairy,dairy,17,10
2026-05-29T10:00:00,1003,SKU005,meat,meat,15,9
2026-05-29T10:00:00,1003,SKU006,meat,meat,12,12
2026-05-29T10:00:00,1003,SKU007,bakery,bakery,16,9
2026-05-29T10:00:00,1003,SKU008,bakery,bakery,16,8
2026-05-29T10:00:00,1003,SKU009,beverages,grocery,20,14
2026-05-29T10:00:00,1003,SKU010,beverages,grocery,14,8
2026-05-29T10:00:00,1003,SKU011,frozen,frozen,20,16
2026-05-29T10:00:00,1003,SKU012,frozen,frozen,23,20
2026-05-29T10:00:00,1003,SKU013,grocery,grocery,28,17
2026-05-29T10:00:00,1003,SKU014,grocery,grocery,29,16
2026-05-29T10:00:00,1003,SKU015,household,grocery,28,18
2026-05-29T11:00:00,1001,SKU001,produce,produce,0,14
2026-05-29T11:00:00,1001,SKU002,produce,produce,11,11
2026-05-29T11:00:00,1001,SKU003,dairy,dairy,4,13
2026-05-29T11:00:00,1001,SKU004,dairy,dairy,10,8
2026-05-29T11:00:00,1001,SKU005,meat,meat,12,11
2026-05-29T11:00:00,1001,SKU006,meat,meat,19,11
2026-05-29T11:00:00,1001,SKU007,bakery,bakery,16,10
2026-05-29T11:00:00,1001,SKU008,bakery,bakery,16,12
2026-05-29T11:00:00,1001,SKU009,beverages,grocery,24,17
2026-05-29T11:00:00,1001,SKU010,beverages,grocery,17,10
2026-05-29T11:00:00,1001,SKU011,frozen,frozen,26,18
2026-05-29T11:00:00,1001,SKU012,frozen,frozen,29,16
2026-05-29T11:00:00,1001,SKU013,grocery,grocery,24,17
2026-05-29T11:00:00,1001,SKU014,grocery,grocery,26,17
2026-05-29T11:00:00,1001,SKU015,household,grocery,29,17
2026-05-29T11:00:00,1002,SKU001,produce,produce,0,10
2026-05-29T11:00:00,1002,SKU002,produce,produce,12,8
2026-05-29T11:00:00,1002,SKU003,dairy,dairy,4,11
2026-05-29T11:00:00,1002,SKU004,dairy,dairy,13,10
2026-05-29T11:00:00,1002,SKU005,meat,meat,15,13
2026-05-29T11:00:00,1002,SKU006,meat,meat,14,11
2026-05-29T11:00:00,1002,SKU007,bakery,bakery,13,8
2026-05-29T11:00:00,1002,SKU008,bakery,bakery,18,10
2026-05-29T11:00:00,1002,SKU009,beverages,grocery,24,18
2026-05-29T11:00:00,1002,SKU010,beverages,grocery,13,11
2026-05-29T11:00:00,1002,SKU011,frozen,frozen,26,14
2026-05-29T11:00:00,1002,SKU012,frozen,frozen,23,19
2026-05-29T11:00:00,1002,SKU013,grocery,grocery,28,15
2026-05-29T11:00:00,1002,SKU014,grocery,grocery,29,15
2026-05-29T11:00:00,1002,SKU015,household,grocery,29,15
2026-05-29T11:00:00,1003,SKU001,produce,produce,0,13
2026-05-29T11:00:00,1003,SKU002,produce,produce,12,12
2026-05-29T11:00:00,1003,SKU003,dairy,dairy,11,13
2026-05-29T11:00:00,1003,SKU004,dairy,dairy,10,9
2026-05-29T11:00:00,1003,SKU005,meat,meat,15,10
2026-05-29T11:00:00,1003,SKU006,meat,meat,12,9
2026-05-29T11:00:00,1003,SKU007,bakery,bakery,18,9
2026-05-29T11:00:00,1003,SKU008,bakery,bakery,19,11
2026-05-29T11:00:00,1003,SKU009,beverages,grocery,21,17
2026-05-29T11:00:00,1003,SKU010,beverages,grocery,15,9
2026-05-29T11:00:00,1003,SKU011,frozen,frozen,20,20
2026-05-29T11:00:00,1003,SKU012,frozen,frozen,27,18
2026-05-29T11:00:00,1003,SKU013,grocery,grocery,27,18
2026-05-29T11:00:00,1003,SKU014,grocery,grocery,31,20
2026-05-29T11:00:00,1003,SKU015,household,grocery,29,18
2026-05-29T12:00:00,1001,SKU001,produce,produce,0,10
2026-05-29T12:00:00,1001,SKU002,produce,produce,10,11
2026-05-29T12:00:00,1001,SKU003,dairy,dairy,9,9
2026-05-29T12:00:00,1001,SKU004,dairy,dairy,13,10
2026-05-29T12:00:00,1001,SKU005,meat,meat,13,14
2026-05-29T12:00:00,1001,SKU006,meat,meat,14,13
2026-05-29T12:00:00,1001,SKU007,bakery,bakery,13,10
2026-05-29T12:00:00,1001,SKU008,bakery,bakery,15,14
2026-05-29T12:00:00,1001,SKU009,beverages,grocery,18,20
2026-05-29T12:00:00,1001,SKU010,beverages,grocery,15,12
2026-05-29T12:00:00,1001,SKU011,frozen,frozen,19,17
2026-05-29T12:00:00,1001,SKU012,frozen,frozen,25,20
2026-05-29T12:00:00,1001,SKU013,grocery,grocery,25,20
2026-05-29T12:00:00,1001,SKU014,grocery,grocery,27,16
2026-05-29T12:00:00,1001,SKU015,household,grocery,31,16
2026-05-29T12:00:00,1002,SKU001,produce,produce,0,12
2026-05-29T12:00:00,1002,SKU002,produce,produce,10,11
2026-05-29T12:00:00,1002,SKU003,dairy,dairy,7,8
2026-05-29T12:00:00,1002,SKU004,dairy,dairy,17,14
2026-05-29T12:00:00,1002,SKU005,meat,meat,17,9
2026-05-29T12:00:00,1002,SKU006,meat,meat,12,9
2026-05-29T12:00:00,1002,SKU007,bakery,bakery,10,12
2026-05-29T12:00:00,1002,SKU008,bakery,bakery,16,12
2026-05-29T12:00:00,1002,SKU009,beverages,grocery,23,15
2026-05-29T12:00:00,1002,SKU010,beverages,grocery,18,13
2026-05-29T12:00:00,1002,SKU011,frozen,frozen,21,18
2026-05-29T12:00:00,1002,SKU012,frozen,frozen,30,19
2026-05-29T12:00:00,1002,SKU013,grocery,grocery,30,18
2026-05-29T12:00:00,1002,SKU014,grocery,grocery,27,14
2026-05-29T12:00:00,1002,SKU015,household,grocery,27,15
2026-05-29T12:00:00,1003,SKU001,produce,produce,0,8
2026-05-29T12:00:00,1003,SKU002,produce,produce,13,9
2026-05-29T12:00:00,1003,SKU003,dairy,dairy,3,13
2026-05-29T12:00:00,1003,SKU004,dairy,dairy,11,8
2026-05-29T12:00:00,1003,SKU005,meat,meat,16,14
2026-05-29T12:00:00,1003,SKU006,meat,meat,10,11
2026-05-29T12:00:00,1003,SKU007,bakery,bakery,15,10
2026-05-29T12:00:00,1003,SKU008,bakery,bakery,19,10
2026-05-29T12:00:00,1003,SKU009,beverages,grocery,20,16
2026-05-29T12:00:00,1003,SKU010,beverages,grocery,17,10
2026-05-29T12:00:00,1003,SKU011,frozen,frozen,23,17
2026-05-29T12:00:00,1003,SKU012,frozen,frozen,24,20
2026-05-29T12:00:00,1003,SKU013,grocery,grocery,24,14
2026-05-29T12:00:00,1003,SKU014,grocery,grocery,26,14
2026-05-29T12:00:00,1003,SKU015,household,grocery,24,16
2026-05-29T13:00:00,1001,SKU001,produce,produce,0,12
2026-05-29T13:00:00,1001,SKU002,produce,produce,10,14
2026-05-29T13:00:00,1001,SKU003,dairy,dairy,6,11
2026-05-29T13:00:00,1001,SKU004,dairy,dairy,9,9
2026-05-29T13:00:00,1001,SKU005,meat,meat,11,12
2026-05-29T13:00:00,1001,SKU006,meat,meat,9,14
2026-05-29T13:00:00,1001,SKU007,bakery,bakery,9,9
2026-05-29T13:00:00,1001,SKU008,bakery,bakery,16,8
2026-05-29T13:00:00,1001,SKU009,beverages,grocery,18,20
2026-05-29T13:00:00,1001,SKU010,beverages,grocery,11,9
2026-05-29T13:00:00,1001,SKU011,frozen,frozen,25,16
2026-05-29T13:00:00,1001,SKU012,frozen,frozen,27,20
2026-05-29T13:00:00,1001,SKU013,grocery,grocery,27,18
2026-05-29T13:00:00,1001,SKU014,grocery,grocery,28,15
2026-05-29T13:00:00,1001,SKU015,household,grocery,29,18
2026-05-29T13:00:00,1002,SKU001,produce,produce,0,13
2026-05-29T13:00:00,1002,SKU002,produce,produce,11,8
2026-05-29T13:00:00,1002,SKU003,dairy,dairy,10,11
2026-05-29T13:00:00,1002,SKU004,dairy,dairy,9,12
2026-05-29T13:00:00,1002,SKU005,meat,meat,11,8
2026-05-29T13:00:00,1002,SKU006,meat,meat,13,13
2026-05-29T13:00:00,1002,SKU007,bakery,bakery,14,12
2026-05-29T13:00:00,1002,SKU008,bakery,bakery,15,9
2026-05-29T13:00:00,1002,SKU009,beverages,grocery,20,19
2026-05-29T13:00:00,1002,SKU010,beverages,grocery,15,11
2026-05-29T13:00:00,1002,SKU011,frozen,frozen,24,15
2026-05-29T13:00:00,1002,SKU012,frozen,frozen,22,14
2026-05-29T13:00:00,1002,SKU013,grocery,grocery,25,18
2026-05-29T13:00:00,1002,SKU014,grocery,grocery,30,16
2026-05-29T13:00:00,1002,SKU015,household,grocery,24,15
2026-05-29T13:00:00,1003,SKU001,produce,produce,0,9
2026-05-29T13:00:00,1003,SKU002,produce,produce,7,14
2026-05-29T13:00:00,1003,SKU003,dairy,dairy,8,9
2026-05-29T13:00:00,1003,SKU004,dairy,dairy,10,8
2026-05-29T13:00:00,1003,SKU005,meat,meat,11,9
2026-05-29T13:00:00,1003,SKU006,meat,meat,13,11
2026-05-29T13:00:00,1003,SKU007,bakery,bakery,13,9
2026-05-29T13:00:00,1003,SKU008,bakery,bakery,15,11
2026-05-29T13:00:00,1003,SKU009,beverages,grocery,19,19
2026-05-29T13:00:00,1003,SKU010,beverages,grocery,11,8
2026-05-29T13:00:00,1003,SKU011,frozen,frozen,22,15
2026-05-29T13:00:00,1003,SKU012,frozen,frozen,28,19
2026-05-29T13:00:00,1003,SKU013,grocery,grocery,28,18
2026-05-29T13:00:00,1003,SKU014,grocery,grocery,28,20
2026-05-29T13:00:00,1003,SKU015,household,grocery,32,20
2026-05-29T14:00:00,1001,SKU001,produce,produce,0,8
2026-05-29T14:00:00,1001,SKU002,produce,produce,11,14
2026-05-29T14:00:00,1001,SKU003,dairy,dairy,6,13
2026-05-29T14:00:00,1001,SKU004,dairy,dairy,9,12
2026-05-29T14:00:00,1001,SKU005,meat,meat,11,11
2026-05-29T14:00:00,1001,SKU006,meat,meat,9,9
2026-05-29T14:00:00,1001,SKU007,bakery,bakery,9,13
2026-05-29T14:00:00,1001,SKU008,bakery,bakery,17,11
2026-05-29T14:00:00,1001,SKU009,beverages,grocery,20,14
2026-05-29T14:00:00,1001,SKU010,beverages,grocery,16,10
2026-05-29T14:00:00,1001,SKU011,frozen,frozen,20,14
2026-05-29T14:00:00,1001,SKU012,frozen,frozen,25,15
2026-05-29T14:00:00,1001,SKU013,grocery,grocery,26,14
2026-05-29T14:00:00,1001,SKU014,grocery,grocery,24,15
2026-05-29T14:00:00,1001,SKU015,household,grocery,31,20
2026-05-29T14:00:00,1002,SKU001,produce,produce,0,8
2026-05-29T14:00:00,1002,SKU002,produce,produce,5,9
2026-05-29T14:00:00,1002,SKU003,dairy,dairy,9,12
2026-05-29T14:00:00,1002,SKU004,dairy,dairy,11,11
2026-05-29T14:00:00,1002,SKU005,meat,meat,13,10
2026-05-29T14:00:00,1002,SKU006,meat,meat,11,11
2026-05-29T14:00:00,1002,SKU007,bakery,bakery,13,13
2026-05-29T14:00:00,1002,SKU008,bakery,bakery,12,9
2026-05-29T14:00:00,1002,SKU009,beverages,grocery,19,15
2026-05-29T14:00:00,1002,SKU010,beverages,grocery,17,9
2026-05-29T14:00:00,1002,SKU011,frozen,frozen,20,14
2026-05-29T14:00:00,1002,SKU012,frozen,frozen,23,14
2026-05-29T14:00:00,1002,SKU013,grocery,grocery,23,16
2026-05-29T14:00:00,1002,SKU014,grocery,grocery,28,18
2026-05-29T14:00:00,1002,SKU015,household,grocery,24,15
2026-05-29T14:00:00,1003,SKU001,produce,produce,0,8
2026-05-29T14:00:00,1003,SKU002,produce,produce,6,8
2026-05-29T14:00:00,1003,SKU003,dairy,dairy,4,9
2026-05-29T14:00:00,1003,SKU004,dairy,dairy,11,11
2026-05-29T14:00:00,1003,SKU005,meat,meat,14,11
2026-05-29T14:00:00,1003,SKU006,meat,meat,10,13
2026-05-29T14:00:00,1003,SKU007,bakery,bakery,9,13
2026-05-29T14:00:00,1003,SKU008,bakery,bakery,16,14
2026-05-29T14:00:00,1003,SKU009,beverages,grocery,23,16
2026-05-29T14:00:00,1003,SKU010,beverages,grocery,9,11
2026-05-29T14:00:00,1003,SKU011,frozen,frozen,23,15
2026-05-29T14:00:00,1003,SKU012,frozen,frozen,28,18
2026-05-29T14:00:00,1003,SKU013,grocery,grocery,26,20
2026-05-29T14:00:00,1003,SKU014,grocery,grocery,27,15
2026-05-29T14:00:00,1003,SKU015,household,grocery,23,15
2026-05-29T15:00:00,1001,SKU001,produce,produce,0,13
2026-05-29T15:00:00,1001,SKU002,produce,produce,6,9
2026-05-29T15:00:00,1001,SKU003,dairy,dairy,0,8
2026-05-29T15:00:00,1001,SKU004,dairy,dairy,8,9
2026-05-29T15:00:00,1001,SKU005,meat,meat,14,14
2026-05-29T15:00:00,1001,SKU006,meat,meat,12,14
2026-05-29T15:00:00,1001,SKU007,bakery,bakery,14,9
2026-05-29T15:00:00,1001,SKU008,bakery,bakery,13,8
2026-05-29T15:00:00,1001,SKU009,beverages,grocery,18,16
2026-05-29T15:00:00,1001,SKU010,beverages,grocery,10,8
2026-05-29T15:00:00,1001,SKU011,frozen,frozen,19,18
2026-05-29T15:00:00,1001,SKU012,frozen,frozen,24,17
2026-05-29T15:00:00,1001,SKU013,grocery,grocery,22,20
2026-05-29T15:00:00,1001,SKU014,grocery,grocery,21,14
2026-05-29T15:00:00,1001,SKU015,household,grocery,30,19
2026-05-29T15:00:00,1002,SKU001,produce,produce,0,9
2026-05-29T15:00:00,1002,SKU002,produce,produce,3,10
2026-05-29T15:00:00,1002,SKU003,dairy,dairy,0,10
2026-05-29T15:00:00,1002,SKU004,dairy,dairy,6,11
2026-05-29T15:00:00,1002,SKU005,meat,meat,12,14
2026-05-29T15:00:00,1002,SKU006,meat,meat,12,13
2026-05-29T15:00:00,1002,SKU007,bakery,bakery,15,11
2026-05-29T15:00:00,1002,SKU008,bakery,bakery,11,14
2026-05-29T15:00:00,1002,SKU009,beverages,grocery,22,19
2026-05-29T15:00:00,1002,SKU010,beverages,grocery,15,10
2026-05-29T15:00:00,1002,SKU011,frozen,frozen,21,17
2026-05-29T15:00:00,1002,SKU012,frozen,frozen,21,18
2026-05-29T15:00:00,1002,SKU013,grocery,grocery,23,16
2026-05-29T15:00:00,1002,SKU014,grocery,grocery,21,17
2026-05-29T15:00:00,1002,SKU015,household,grocery,28,19
2026-05-29T15:00:00,1003,SKU001,produce,produce,0,9
2026-05-29T15:00:00,1003,SKU002,produce,produce,9,14
2026-05-29T15:00:00,1003,SKU003,dairy,dairy,7,9
2026-05-29T15:00:00,1003,SKU004,dairy,dairy,13,13
2026-05-29T15:00:00,1003,SKU005,meat,meat,8,10
2026-05-29T15:00:00,1003,SKU006,meat,meat,16,14
2026-05-29T15:00:00,1003,SKU007,bakery,bakery,8,9
2026-05-29T15:00:00,1003,SKU008,bakery,bakery,12,10
2026-05-29T15:00:00,1003,SKU009,beverages,grocery,15,20
2026-05-29T15:00:00,1003,SKU010,beverages,grocery,13,11
2026-05-29T15:00:00,1003,SKU011,frozen,frozen,23,20
2026-05-29T15:00:00,1003,SKU012,frozen,frozen,28,16
2026-05-29T15:00:00,1003,SKU013,grocery,grocery,25,18
2026-05-29T15:00:00,1003,SKU014,grocery,grocery,23,15
2026-05-29T15:00:00,1003,SKU015,household,grocery,30,15
2026-05-29T16:00:00,1001,SKU001,produce,produce,0,11
2026-05-29T16:00:00,1001,SKU002,produce,produce,1,14
2026-05-29T16:00:00,1001,SKU003,dairy,dairy,0,8
2026-05-29T16:00:00,1001,SKU004,dairy,dairy,7,8
2026-05-29T16:00:00,1001,SKU005,meat,meat,6,8
2026-05-29T16:00:00,1001,SKU006,meat,meat,8,12
2026-05-29T16:00:00,1001,SKU007,bakery,bakery,13,12
2026-05-29T16:00:00,1001,SKU008,bakery,bakery,9,9
2026-05-29T16:00:00,1001,SKU009,beverages,grocery,20,19
2026-05-29T16:00:00,1001,SKU010,beverages,grocery,16,11
2026-05-29T16:00:00,1001,SKU011,frozen,frozen,16,19
2026-05-29T16:00:00,1001,SKU012,frozen,frozen,21,17
2026-05-29T16:00:00,1001,SKU013,grocery,grocery,20,20
2026-05-29T16:00:00,1001,SKU014,grocery,grocery,28,16
2026-05-29T16:00:00,1001,SKU015,household,grocery,23,20
2026-05-29T16:00:00,1002,SKU001,produce,produce,0,12
2026-05-29T16:00:00,1002,SKU002,produce,produce,2,10
2026-05-29T16:00:00,1002,SKU003,dairy,dairy,0,12
2026-05-29T16:00:00,1002,SKU004,dairy,dairy,9,13
2026-05-29T16:00:00,1002,SKU005,meat,meat,10,9
2026-05-29T16:00:00,1002,SKU006,meat,meat,12,13
2026-05-29T16:00:00,1002,SKU007,bakery,bakery,7,11
2026-05-29T16:00:00,1002,SKU008,bakery,bakery,10,9
2026-05-29T16:00:00,1002,SKU009,beverages,grocery,17,15
2026-05-29T16:00:00,1002,SKU010,beverages,grocery,15,11
2026-05-29T16:00:00,1002,SKU011,frozen,frozen,20,15
2026-05-29T16:00:00,1002,SKU012,frozen,frozen,23,18
2026-05-29T16:00:00,1002,SKU013,grocery,grocery,27,15
2026-05-29T16:00:00,1002,SKU014,grocery,grocery,23,14
2026-05-29T16:00:00,1002,SKU015,household,grocery,28,20
2026-05-29T16:00:00,1003,SKU001,produce,produce,0,9
2026-05-29T16:00:00,1003,SKU002,produce,produce,2,8
2026-05-29T16:00:00,1003,SKU003,dairy,dairy,4,9
2026-05-29T16:00:00,1003,SKU004,dairy,dairy,11,13
2026-05-29T16:00:00,1003,SKU005,meat,meat,10,13
2026-05-29T16:00:00,1003,SKU006,meat,meat,11,12
2026-05-29T16:00:00,1003,SKU007,bakery,bakery,12,14
2026-05-29T16:00:00,1003,SKU008,bakery,bakery,12,9
2026-05-29T16:00:00,1003,SKU009,beverages,grocery,15,19
2026-05-29T16:00:00,1003,SKU010,beverages,grocery,16,14
2026-05-29T16:00:00,1003,SKU011,frozen,frozen,19,15
2026-05-29T16:00:00,1003,SKU012,frozen,frozen,24,16
2026-05-29T16:00:00,1003,SKU013,grocery,grocery,24,17
2026-05-29T16:00:00,1003,SKU014,grocery,grocery,21,16
2026-05-29T16:00:00,1003,SKU015,household,grocery,31,20
2026-05-29T17:00:00,1001,SKU001,produce,produce,0,11
2026-05-29T17:00:00,1001,SKU002,produce,produce,7,12
2026-05-29T17:00:00,1001,SKU003,dairy,dairy,2,8
2026-05-29T17:00:00,1001,SKU004,dairy,dairy,8,11
2026-05-29T17:00:00,1001,SKU005,meat,meat,5,14
2026-05-29T17:00:00,1001,SKU006,meat,meat,8,8
2026-05-29T17:00:00,1001,SKU007,bakery,bakery,10,12
2026-05-29T17:00:00,1001,SKU008,bakery,bakery,14,14
2026-05-29T17:00:00,1001,SKU009,beverages,grocery,22,19
2026-05-29T17:00:00,1001,SKU010,beverages,grocery,12,8
2026-05-29T17:00:00,1001,SKU011,frozen,frozen,21,15
2026-05-29T17:00:00,1001,SKU012,frozen,frozen,26,17
2026-05-29T17:00:00,1001,SKU013,grocery,grocery,24,18
2026-05-29T17:00:00,1001,SKU014,grocery,grocery,22,17
2026-05-29T17:00:00,1001,SKU015,household,grocery,29,19
2026-05-29T17:00:00,1002,SKU001,produce,produce,0,9
2026-05-29T17:00:00,1002,SKU002,produce,produce,4,11
2026-05-29T17:00:00,1002,SKU003,dairy,dairy,0,10
2026-05-29T17:00:00,1002,SKU004,dairy,dairy,6,11
2026-05-29T17:00:00,1002,SKU005,meat,meat,12,11
2026-05-29T17:00:00,1002,SKU006,meat,meat,11,14
2026-05-29T17:00:00,1002,SKU007,bakery,bakery,7,9
2026-05-29T17:00:00,1002,SKU008,bakery,bakery,13,12
2026-05-29T17:00:00,1002,SKU009,beverages,grocery,16,14
2026-05-29T17:00:00,1002,SKU010,beverages,grocery,13,8
2026-05-29T17:00:00,1002,SKU011,frozen,frozen,22,16
2026-05-29T17:00:00,1002,SKU012,frozen,frozen,27,14
2026-05-29T17:00:00,1002,SKU013,grocery,grocery,22,20
2026-05-29T17:00:00,1002,SKU014,grocery,grocery,22,14
2026-05-29T17:00:00,1002,SKU015,household,grocery,28,18
2026-05-29T17:00:00,1003,SKU001,produce,produce,0,9
2026-05-29T17:00:00,1003,SKU002,produce,produce,3,8
2026-05-29T17:00:00,1003,SKU003,dairy,dairy,0,10
2026-05-29T17:00:00,1003,SKU004,dairy,dairy,10,9
2026-05-29T17:00:00,1003,SKU005,meat,meat,5,9
2026-05-29T17:00:00,1003,SKU006,meat,meat,11,10
2026-05-29T17:00:00,1003,SKU007,bakery,bakery,11,9
2026-05-29T17:00:00,1003,SKU008,bakery,bakery,14,9
2026-05-29T17:00:00,1003,SKU009,beverages,grocery,21,19
2026-05-29T17:00:00,1003,SKU010,beverages,grocery,9,13
2026-05-29T17:00:00,1003,SKU011,frozen,frozen,22,15
2026-05-29T17:00:00,1003,SKU012,frozen,frozen,23,19
2026-05-29T17:00:00,1003,SKU013,grocery,grocery,22,14
2026-05-29T17:00:00,1003,SKU014,grocery,grocery,26,17
2026-05-29T17:00:00,1003,SKU015,household,grocery,24,16
2026-05-29T18:00:00,1001,SKU001,produce,produce,0,12
2026-05-29T18:00:00,1001,SKU002,produce,produce,5,8
2026-05-29T18:00:00,1001,SKU003,dairy,dairy,4,10
2026-05-29T18:00:00,1001,SKU004,dairy,dairy,4,9
2026-05-29T18:00:00,1001,SKU005,meat,meat,7,13
2026-05-29T18:00:00,1001,SKU006,meat,meat,6,9
2026-05-29T18:00:00,1001,SKU007,bakery,bakery,13,14
2026-05-29T18:00:00,1001,SKU008,bakery,bakery,8,8
2026-05-29T18:00:00,1001,SKU009,beverages,grocery,17,18
2026-05-29T18:00:00,1001,SKU010,beverages,grocery,14,14
2026-05-29T18:00:00,1001,SKU011,frozen,frozen,18,19
2026-05-29T18:00:00,1001,SKU012,frozen,frozen,21,14
2026-05-29T18:00:00,1001,SKU013,grocery,grocery,21,15
2026-05-29T18:00:00,1001,SKU014,grocery,grocery,22,14
2026-05-29T18:00:00,1001,SKU015,household,grocery,24,20
2026-05-29T18:00:00,1002,SKU001,produce,produce,0,10
2026-05-29T18:00:00,1002,SKU002,produce,produce,1,12
2026-05-29T18:00:00,1002,SKU003,dairy,dairy,0,13
2026-05-29T18:00:00,1002,SKU004,dairy,dairy,8,12
2026-05-29T18:00:00,1002,SKU005,meat,meat,6,14
2026-05-29T18:00:00,1002,SKU006,meat,meat,11,12
2026-05-29T18:00:00,1002,SKU007,bakery,bakery,11,12
2026-05-29T18:00:00,1002,SKU008,bakery,bakery,15,11
2026-05-29T18:00:00,1002,SKU009,beverages,grocery,17,14
2026-05-29T18:00:00,1002,SKU010,beverages,grocery,7,14
2026-05-29T18:00:00,1002,SKU011,frozen,frozen,16,18
2026-05-29T18:00:00,1002,SKU012,frozen,frozen,24,16
2026-05-29T18:00:00,1002,SKU013,grocery,grocery,28,18
2026-05-29T18:00:00,1002,SKU014,grocery,grocery,20,17
2026-05-29T18:00:00,1002,SKU015,household,grocery,26,16
2026-05-29T18:00:00,1003,SKU001,produce,produce,0,14
2026-05-29T18:00:00,1003,SKU002,produce,produce,0,8
2026-05-29T18:00:00,1003,SKU003,dairy,dairy,2,9
2026-05-29T18:00:00,1003,SKU004,dairy,dairy,11,11
2026-05-29T18:00:00,1003,SKU005,meat,meat,11,13
2026-05-29T18:00:00,1003,SKU006,meat,meat,13,11
2026-05-29T18:00:00,1003,SKU007,bakery,bakery,8,14
2026-05-29T18:00:00,1003,SKU008,bakery,bakery,13,12
2026-05-29T18:00:00,1003,SKU009,beverages,grocery,18,20
2026-05-29T18:00:00,1003,SKU010,beverages,grocery,12,13
2026-05-29T18:00:00,1003,SKU011,frozen,frozen,21,16
2026-05-29T18:00:00,1003,SKU012,frozen,frozen,25,19
2026-05-29T18:00:00,1003,SKU013,grocery,grocery,24,20
2026-05-29T18:00:00,1003,SKU014,grocery,grocery,21,18
2026-05-29T18:00:00,1003,SKU015,household,grocery,28,19
2026-05-29T19:00:00,1001,SKU001,produce,produce,0,9
2026-05-29T19:00:00,1001,SKU002,produce,produce,0,13
2026-05-29T19:00:00,1001,SKU003,dairy,dairy,0,8
2026-05-29T19:00:00,1001,SKU004,dairy,dairy,4,13
2026-05-29T19:00:00,1001,SKU005,meat,meat,9,14
2026-05-29T19:00:00,1001,SKU006,meat,meat,7,9
2026-05-29T19:00:00,1001,SKU007,bakery,bakery,5,9
2026-05-29T19:00:00,1001,SKU008,bakery,bakery,9,8
2026-05-29T19:00:00,1001,SKU009,beverages,grocery,17,19
2026-05-29T19:00:00,1001,SKU010,beverages,grocery,7,8
2026-05-29T19:00:00,1001,SKU011,frozen,frozen,19,15
2026-05-29T19:00:00,1001,SKU012,frozen,frozen,22,18
2026-05-29T19:00:00,1001,SKU013,grocery,grocery,22,20
2026-05-29T19:00:00,1001,SKU014,grocery,grocery,21,16
2026-05-29T19:00:00,1001,SKU015,household,grocery,29,18
2026-05-29T19:00:00,1002,SKU001,produce,produce,0,8
2026-05-29T19:00:00,1002,SKU002,produce,produce,3,14
2026-05-29T19:00:00,1002,SKU003,dairy,dairy,2,9
2026-05-29T19:00:00,1002,SKU004,dairy,dairy,8,12
2026-05-29T19:00:00,1002,SKU005,meat,meat,7,12
2026-05-29T19:00:00,1002,SKU006,meat,meat,13,8
2026-05-29T19:00:00,1002,SKU007,bakery,bakery,6,12
2026-05-29T19:00:00,1002,SKU008,bakery,bakery,10,8
2026-05-29T19:00:00,1002,SKU009,beverages,grocery,21,14
2026-05-29T19:00:00,1002,SKU010,beverages,grocery,6,9
2026-05-29T19:00:00,1002,SKU011,frozen,frozen,21,17
2026-05-29T19:00:00,1002,SKU012,frozen,frozen,24,14
2026-05-29T19:00:00,1002,SKU013,grocery,grocery,21,19
2026-05-29T19:00:00,1002,SKU014,grocery,grocery,20,14
2026-05-29T19:00:00,1002,SKU015,household,grocery,22,16
2026-05-29T19:00:00,1003,SKU001,produce,produce,0,13
2026-05-29T19:00:00,1003,SKU002,produce,produce,0,12
2026-05-29T19:00:00,1003,SKU003,dairy,dairy,0,9
2026-05-29T19:00:00,1003,SKU004,dairy,dairy,10,11
2026-05-29T19:00:00,1003,SKU005,meat,meat,6,14
2026-05-29T19:00:00,1003,SKU006,meat,meat,6,8
2026-05-29T19:00:00,1003,SKU007,bakery,bakery,9,13
2026-05-29T19:00:00,1003,SKU008,bakery,bakery,7,10
2026-05-29T19:00:00,1003,SKU009,beverages,grocery,15,16
2026-05-29T19:00:00,1003,SKU010,beverages,grocery,9,12
2026-05-29T19:00:00,1003,SKU011,frozen,frozen,18,18
2026-05-29T19:00:00,1003,SKU012,frozen,frozen,18,16
2026-05-29T19:00:00,1003,SKU013,grocery,grocery,27,19
2026-05-29T19:00:00,1003,SKU014,grocery,grocery,22,17
2026-05-29T19:00:00,1003,SKU015,household,grocery,24,19
2026-05-29T20:00:00,1001,SKU001,produce,produce,0,8
2026-05-29T20:00:00,1001,SKU002,produce,produce,1,11
2026-05-29T20:00:00,1001,SKU003,dairy,dairy,2,13
2026-05-29T20:00:00,1001,SKU004,dairy,dairy,7,9
2026-05-29T20:00:00,1001,SKU005,meat,meat,9,14
2026-05-29T20:00:00,1001,SKU006,meat,meat,10,9
2026-05-29T20:00:00,1001,SKU007,bakery,bakery,6,9
2026-05-29T20:00:00,1001,SKU008,bakery,bakery,15,9
2026-05-29T20:00:00,1001,SKU009,beverages,grocery,20,18
2026-05-29T20:00:00,1001,SKU010,beverages,grocery,11,13
2026-05-29T20:00:00,1001,SKU011,frozen,frozen,17,15
2026-05-29T20:00:00,1001,SKU012,frozen,frozen,25,17
2026-05-29T20:00:00,1001,SKU013,grocery,grocery,20,18
2026-05-29T20:00:00,1001,SKU014,grocery,grocery,24,19
2026-05-29T20:00:00,1001,SKU015,household,grocery,23,19
2026-05-29T20:00:00,1002,SKU001,produce,produce,0,14
2026-05-29T20:00:00,1002,SKU002,produce,produce,0,9
2026-05-29T20:00:00,1002,SKU003,dairy,dairy,0,11
2026-05-29T20:00:00,1002,SKU004,dairy,dairy,2,9
2026-05-29T20:00:00,1002,SKU005,meat,meat,8,12
2026-05-29T20:00:00,1002,SKU006,meat,meat,8,14
2026-05-29T20:00:00,1002,SKU007,bakery,bakery,4,8
2026-05-29T20:00:00,1002,SKU008,bakery,bakery,8,9
2026-05-29T20:00:00,1002,SKU009,beverages,grocery,14,19
2026-05-29T20:00:00,1002,SKU010,beverages,grocery,13,14
2026-05-29T20:00:00,1002,SKU011,frozen,frozen,16,15
2026-05-29T20:00:00,1002,SKU012,frozen,frozen,21,19
2026-05-29T20:00:00,1002,SKU013,grocery,grocery,21,14
2026-05-29T20:00:00,1002,SKU014,grocery,grocery,27,20
2026-05-29T20:00:00,1002,SKU015,household,grocery,30,19
2026-05-29T20:00:00,1003,SKU001,produce,produce,0,10
2026-05-29T20:00:00,1003,SKU002,produce,produce,0,11
2026-05-29T20:00:00,1003,SKU003,dairy,dairy,0,12
2026-05-29T20:00:00,1003,SKU004,dairy,dairy,8,10
2026-05-29T20:00:00,1003,SKU005,meat,meat,2,11
2026-05-29T20:00:00,1003,SKU006,meat,meat,11,11
2026-05-29T20:00:00,1003,SKU007,bakery,bakery,9,8
2026-05-29T20:00:00,1003,SKU008,bakery,bakery,7,11
2026-05-29T20:00:00,1003,SKU009,beverages,grocery,17,20
2026-05-29T20:00:00,1003,SKU010,beverages,grocery,7,8
2026-05-29T20:00:00,1003,SKU011,frozen,frozen,22,18
2026-05-29T20:00:00,1003,SKU012,frozen,frozen,19,20
2026-05-29T20:00:00,1003,SKU013,grocery,grocery,23,15
2026-05-29T20:00:00,1003,SKU014,grocery,grocery,20,18
2026-05-29T20:00:00,1003,SKU015,household,grocery,24,17
2026-05-29T21:00:00,1001,SKU001,produce,produce,0,11
2026-05-29T21:00:00,1001,SKU002,produce,produce,0,11
2026-05-29T21:00:00,1001,SKU003,dairy,dairy,0,13
2026-05-29T21:00:00,1001,SKU004,dairy,dairy,1,10
2026-05-29T21:00:00,1001,SKU005,meat,meat,7,12
2026-05-29T21:00:00,1001,SKU006,meat,meat,11,13
2026-05-29T21:00:00,1001,SKU007,bakery,bakery,5,12
2026-05-29T21:00:00,1001,SKU008,bakery,bakery,10,10
2026-05-29T21:00:00,1001,SKU009,beverages,grocery,18,15
2026-05-29T21:00:00,1001,SKU010,beverages,grocery,4,13
2026-05-29T21:00:00,1001,SKU011,frozen,frozen,16,19
2026-05-29T21:00:00,1001,SKU012,frozen,frozen,23,17
2026-05-29T21:00:00,1001,SKU013,grocery,grocery,23,19
2026-05-29T21:00:00,1001,SKU014,grocery,grocery,25,18
2026-05-29T21:00:00,1001,SKU015,household,grocery,28,20
2026-05-29T21:00:00,1002,SKU001,produce,produce,0,12
2026-05-29T21:00:00,1002,SKU002,produce,produce,0,12
2026-05-29T21:00:00,1002,SKU003,dairy,dairy,0,9
2026-05-29T21:00:00,1002,SKU004,dairy,dairy,5,11
2026-05-29T21:00:00,1002,SKU005,meat,meat,4,10
2026-05-29T21:00:00,1002,SKU006,meat,meat,11,12
2026-05-29T21:00:00,1002,SKU007,bakery,bakery,4,10
2026-05-29T21:00:00,1002,SKU008,bakery,bakery,11,9
2026-05-29T21:00:00,1002,SKU009,beverages,grocery,15,19
2026-05-29T21:00:00,1002,SKU010,beverages,grocery,10,13
2026-05-29T21:00:00,1002,SKU011,frozen,frozen,14,20
2026-05-29T21:00:00,1002,SKU012,frozen,frozen,24,19
2026-05-29T21:00:00,1002,SKU013,grocery,grocery,22,15
2026-05-29T21:00:00,1002,SKU014,grocery,grocery,19,17
2026-05-29T21:00:00,1002,SKU015,household,grocery,26,19
2026-05-29T21:00:00,1003,SKU001,produce,produce,0,9
2026-05-29T21:00:00,1003,SKU002,produce,produce,0,11
2026-05-29T21:00:00,1003,SKU003,dairy,dairy,0,8
2026-05-29T21:00:00,1003,SKU004,dairy,dairy,7,12
2026-05-29T21:00:00,1003,SKU005,meat,meat,7,11
2026-05-29T21:00:00,1003,SKU006,meat,meat,3,12
2026-05-29T21:00:00,1003,SKU007,bakery,bakery,2,12
2026-05-29T21:00:00,1003,SKU008,bakery,bakery,13,10
2026-05-29T21:00:00,1003,SKU009,beverages,grocery,18,16
2026-05-29T21:00:00,1003,SKU010,beverages,grocery,12,10
2026-05-29T21:00:00,1003,SKU011,frozen,frozen,18,17
2026-05-29T21:00:00,1003,SKU012,frozen,frozen,21,14
2026-05-29T21:00:00,1003,SKU013,grocery,grocery,26,15
2026-05-29T21:00:00,1003,SKU014,grocery,grocery,27,20
2026-05-29T21:00:00,1003,SKU015,household,grocery,26,14
2026-05-30T06:00:00,1001,SKU001,produce,produce,14,11
2026-05-30T06:00:00,1001,SKU002,produce,produce,17,10
2026-05-30T06:00:00,1001,SKU003,dairy,dairy,17,12
2026-05-30T06:00:00,1001,SKU004,dairy,dairy,20,9
2026-05-30T06:00:00,1001,SKU005,meat,meat,21,13
2026-05-30T06:00:00,1001,SKU006,meat,meat,23,14
2026-05-30T06:00:00,1001,SKU007,bakery,bakery,23,8
2026-05-30T06:00:00,1001,SKU008,bakery,bakery,21,10
2026-05-30T06:00:00,1001,SKU009,beverages,grocery,29,14
2026-05-30T06:00:00,1001,SKU010,beverages,grocery,19,10
2026-05-30T06:00:00,1001,SKU011,frozen,frozen,26,14
2026-05-30T06:00:00,1001,SKU012,frozen,frozen,27,19
2026-05-30T06:00:00,1001,SKU013,grocery,grocery,33,20
2026-05-30T06:00:00,1001,SKU014,grocery,grocery,31,14
2026-05-30T06:00:00,1001,SKU015,household,grocery,30,15
2026-05-30T06:00:00,1002,SKU001,produce,produce,9,14
2026-05-30T06:00:00,1002,SKU002,produce,produce,14,9
2026-05-30T06:00:00,1002,SKU003,dairy,dairy,16,9
2026-05-30T06:00:00,1002,SKU004,dairy,dairy,22,8
2026-05-30T06:00:00,1002,SKU005,meat,meat,21,11
2026-05-30T06:00:00,1002,SKU006,meat,meat,19,12
2026-05-30T06:00:00,1002,SKU007,bakery,bakery,15,8
2026-05-30T06:00:00,1002,SKU008,bakery,bakery,23,9
2026-05-30T06:00:00,1002,SKU009,beverages,grocery,25,18
2026-05-30T06:00:00,1002,SKU010,beverages,grocery,19,10
2026-05-30T06:00:00,1002,SKU011,frozen,frozen,29,14
2026-05-30T06:00:00,1002,SKU012,frozen,frozen,28,14
2026-05-30T06:00:00,1002,SKU013,grocery,grocery,33,18
2026-05-30T06:00:00,1002,SKU014,grocery,grocery,33,15
2026-05-30T06:00:00,1002,SKU015,household,grocery,25,16
2026-05-30T06:00:00,1003,SKU001,produce,produce,15,10
2026-05-30T06:00:00,1003,SKU002,produce,produce,22,12
2026-05-30T06:00:00,1003,SKU003,dairy,dairy,13,12
2026-05-30T06:00:00,1003,SKU004,dairy,dairy,22,10
2026-05-30T06:00:00,1003,SKU005,meat,meat,16,12
2026-05-30T06:00:00,1003,SKU006,meat,meat,20,11
2026-05-30T06:00:00,1003,SKU007,bakery,bakery,18,8
2026-05-30T06:00:00,1003,SKU008,bakery,bakery,17,11
2026-05-30T06:00:00,1003,SKU009,beverages,grocery,26,14
2026-05-30T06:00:00,1003,SKU010,beverages,grocery,15,8
2026-05-30T06:00:00,1003,SKU011,frozen,frozen,24,14
2026-05-30T06:00:00,1003,SKU012,frozen,frozen,30,19
2026-05-30T06:00:00,1003,SKU013,grocery,grocery,31,20
2026-05-30T06:00:00,1003,SKU014,grocery,grocery,31,14
2026-05-30T06:00:00,1003,SKU015,household,grocery,30,19
2026-05-30T07:00:00,1001,SKU001,produce,produce,7,8
2026-05-30T07:00:00,1001,SKU002,produce,produce,18,11
2026-05-30T07:00:00,1001,SKU003,dairy,dairy,13,8
2026-05-30T07:00:00,1001,SKU004,dairy,dairy,22,10
2026-05-30T07:00:00,1001,SKU005,meat,meat,17,14
2026-05-30T07:00:00,1001,SKU006,meat,meat,21,12
2026-05-30T07:00:00,1001,SKU007,bakery,bakery,18,11
2026-05-30T07:00:00,1001,SKU008,bakery,bakery,21,12
2026-05-30T07:00:00,1001,SKU009,beverages,grocery,20,18
2026-05-30T07:00:00,1001,SKU010,beverages,grocery,21,13
2026-05-30T07:00:00,1001,SKU011,frozen,frozen,21,19
2026-05-30T07:00:00,1001,SKU012,frozen,frozen,25,18
2026-05-30T07:00:00,1001,SKU013,grocery,grocery,32,15
2026-05-30T07:00:00,1001,SKU014,grocery,grocery,31,19
2026-05-30T07:00:00,1001,SKU015,household,grocery,25,14
2026-05-30T07:00:00,1002,SKU001,produce,produce,5,13
2026-05-30T07:00:00,1002,SKU002,produce,produce,16,11
2026-05-30T07:00:00,1002,SKU003,dairy,dairy,14,13
2026-05-30T07:00:00,1002,SKU004,dairy,dairy,15,8
2026-05-30T07:00:00,1002,SKU005,meat,meat,17,10
2026-05-30T07:00:00,1002,SKU006,meat,meat,18,10
2026-05-30T07:00:00,1002,SKU007,bakery,bakery,18,9
2026-05-30T07:00:00,1002,SKU008,bakery,bakery,14,11
2026-05-30T07:00:00,1002,SKU009,beverages,grocery,27,16
2026-05-30T07:00:00,1002,SKU010,beverages,grocery,19,11
2026-05-30T07:00:00,1002,SKU011,frozen,frozen,29,17
2026-05-30T07:00:00,1002,SKU012,frozen,frozen,29,15
2026-05-30T07:00:00,1002,SKU013,grocery,grocery,29,14
2026-05-30T07:00:00,1002,SKU014,grocery,grocery,31,15
2026-05-30T07:00:00,1002,SKU015,household,grocery,27,14
2026-05-30T07:00:00,1003,SKU001,produce,produce,9,10
2026-05-30T07:00:00,1003,SKU002,produce,produce,19,14
2026-05-30T07:00:00,1003,SKU003,dairy,dairy,16,9
2026-05-30T07:00:00,1003,SKU004,dairy,dairy,19,11
2026-05-30T07:00:00,1003,SKU005,meat,meat,16,9
2026-05-30T07:00:00,1003,SKU006,meat,meat,16,8
2026-05-30T07:00:00,1003,SKU007,bakery,bakery,14,10
2026-05-30T07:00:00,1003,SKU008,bakery,bakery,17,9
2026-05-30T07:00:00,1003,SKU009,beverages,grocery,24,17
2026-05-30T07:00:00,1003,SKU010,beverages,grocery,14,10
2026-05-30T07:00:00,1003,SKU011,frozen,frozen,28,16
2026-05-30T07:00:00,1003,SKU012,frozen,frozen,31,17
2026-05-30T07:00:00,1003,SKU013,grocery,grocery,29,18
2026-05-30T07:00:00,1003,SKU014,grocery,grocery,29,19
2026-05-30T07:00:00,1003,SKU015,household,grocery,30,16
2026-05-30T08:00:00,1001,SKU001,produce,produce,3,12
2026-05-30T08:00:00,1001,SKU002,produce,produce,17,10
2026-05-30T08:00:00,1001,SKU003,dairy,dairy,10,8
2026-05-30T08:00:00,1001,SKU004,dairy,dairy,16,12
2026-05-30T08:00:00,1001,SKU005,meat,meat,16,10
2026-05-30T08:00:00,1001,SKU006,meat,meat,13,11
2026-05-30T08:00:00,1001,SKU007,bakery,bakery,14,9
2026-05-30T08:00:00,1001,SKU008,bakery,bakery,18,10
2026-05-30T08:00:00,1001,SKU009,beverages,grocery,25,15
2026-05-30T08:00:00,1001,SKU010,beverages,grocery,14,9
2026-05-30T08:00:00,1001,SKU011,frozen,frozen,20,14
2026-05-30T08:00:00,1001,SKU012,frozen,frozen,27,17
2026-05-30T08:00:00,1001,SKU013,grocery,grocery,26,19
2026-05-30T08:00:00,1001,SKU014,grocery,grocery,26,14
2026-05-30T08:00:00,1001,SKU015,household,grocery,26,19
2026-05-30T08:00:00,1002,SKU001,produce,produce,7,9
2026-05-30T08:00:00,1002,SKU002,produce,produce,13,13
2026-05-30T08:00:00,1002,SKU003,dairy,dairy,15,11
2026-05-30T08:00:00,1002,SKU004,dairy,dairy,15,11
2026-05-30T08:00:00,1002,SKU005,meat,meat,17,12
2026-05-30T08:00:00,1002,SKU006,meat,meat,21,13
2026-05-30T08:00:00,1002,SKU007,bakery,bakery,16,12
2026-05-30T08:00:00,1002,SKU008,bakery,bakery,19,12
2026-05-30T08:00:00,1002,SKU009,beverages,grocery,25,19
2026-05-30T08:00:00,1002,SKU010,beverages,grocery,18,12
2026-05-30T08:00:00,1002,SKU011,frozen,frozen,25,15
2026-05-30T08:00:00,1002,SKU012,frozen,frozen,26,18
2026-05-30T08:00:00,1002,SKU013,grocery,grocery,28,15
2026-05-30T08:00:00,1002,SKU014,grocery,grocery,29,15
2026-05-30T08:00:00,1002,SKU015,household,grocery,30,14
2026-05-30T08:00:00,1003,SKU001,produce,produce,6,8
2026-05-30T08:00:00,1003,SKU002,produce,produce,19,10
2026-05-30T08:00:00,1003,SKU003,dairy,dairy,15,10
2026-05-30T08:00:00,1003,SKU004,dairy,dairy,14,11
2026-05-30T08:00:00,1003,SKU005,meat,meat,14,8
2026-05-30T08:00:00,1003,SKU006,meat,meat,18,8
2026-05-30T08:00:00,1003,SKU007,bakery,bakery,21,14
2026-05-30T08:00:00,1003,SKU008,bakery,bakery,14,10
2026-05-30T08:00:00,1003,SKU009,beverages,grocery,24,18
2026-05-30T08:00:00,1003,SKU010,beverages,grocery,14,10
2026-05-30T08:00:00,1003,SKU011,frozen,frozen,27,17
2026-05-30T08:00:00,1003,SKU012,frozen,frozen,28,16
2026-05-30T08:00:00,1003,SKU013,grocery,grocery,31,15
2026-05-30T08:00:00,1003,SKU014,grocery,grocery,29,19
2026-05-30T08:00:00,1003,SKU015,household,grocery,28,16
2026-05-30T09:00:00,1001,SKU001,produce,produce,0,10
2026-05-30T09:00:00,1001,SKU002,produce,produce,17,14
2026-05-30T09:00:00,1001,SKU003,dairy,dairy,15,13
2026-05-30T09:00:00,1001,SKU004,dairy,dairy,16,8
2026-05-30T09:00:00,1001,SKU005,meat,meat,19,8
2026-05-30T09:00:00,1001,SKU006,meat,meat,17,12
2026-05-30T09:00:00,1001,SKU007,bakery,bakery,16,13
2026-05-30T09:00:00,1001,SKU008,bakery,bakery,20,9
2026-05-30T09:00:00,1001,SKU009,beverages,grocery,23,16
2026-05-30T09:00:00,1001,SKU010,beverages,grocery,16,8
2026-05-30T09:00:00,1001,SKU011,frozen,frozen,25,15
2026-05-30T09:00:00,1001,SKU012,frozen,frozen,30,18
2026-05-30T09:00:00,1001,SKU013,grocery,grocery,32,14
2026-05-30T09:00:00,1001,SKU014,grocery,grocery,27,15
2026-05-30T09:00:00,1001,SKU015,household,grocery,26,18
2026-05-30T09:00:00,1002,SKU001,produce,produce,0,11
2026-05-30T09:00:00,1002,SKU002,produce,produce,11,14
2026-05-30T09:00:00,1002,SKU003,dairy,dairy,8,13
2026-05-30T09:00:00,1002,SKU004,dairy,dairy,15,9
2026-05-30T09:00:00,1002,SKU005,meat,meat,20,12
2026-05-30T09:00:00,1002,SKU006,meat,meat,14,11
2026-05-30T09:00:00,1002,SKU007,bakery,bakery,12,12
2026-05-30T09:00:00,1002,SKU008,bakery,bakery,20,12
2026-05-30T09:00:00,1002,SKU009,beverages,grocery,27,15
2026-05-30T09:00:00,1002,SKU010,beverages,grocery,21,8
2026-05-30T09:00:00,1002,SKU011,frozen,frozen,25,20
2026-05-30T09:00:00,1002,SKU012,frozen,frozen,25,17
2026-05-30T09:00:00,1002,SKU013,grocery,grocery,32,17
2026-05-30T09:00:00,1002,SKU014,grocery,grocery,27,14
2026-05-30T09:00:00,1002,SKU015,household,grocery,29,20
2026-05-30T09:00:00,1003,SKU001,produce,produce,5,11
2026-05-30T09:00:00,1003,SKU002,produce,produce,12,10
2026-05-30T09:00:00,1003,SKU003,dairy,dairy,8,10
2026-05-30T09:00:00,1003,SKU004,dairy,dairy,14,8
2026-05-30T09:00:00,1003,SKU005,meat,meat,19,13
2026-05-30T09:00:00,1003,SKU006,meat,meat,16,11
2026-05-30T09:00:00,1003,SKU007,bakery,bakery,17,14
2026-05-30T09:00:00,1003,SKU008,bakery,bakery,16,10
2026-05-30T09:00:00,1003,SKU009,beverages,grocery,22,17
2026-05-30T09:00:00,1003,SKU010,beverages,grocery,21,8
2026-05-30T09:00:00,1003,SKU011,frozen,frozen,21,18
2026-05-30T09:00:00,1003,SKU012,frozen,frozen,24,16
2026-05-30T09:00:00,1003,SKU013,grocery,grocery,30,19
2026-05-30T09:00:00,1003,SKU014,grocery,grocery,31,15
2026-05-30T09:00:00,1003,SKU015,household,grocery,29,16
2026-05-30T10:00:00,1001,SKU001,produce,produce,0,11
2026-05-30T10:00:00,1001,SKU002,produce,produce,9,13
2026-05-30T10:00:00,1001,SKU003,dairy,dairy,13,11
2026-05-30T10:00:00,1001,SKU004,dairy,dairy,17,9
2026-05-30T10:00:00,1001,SKU005,meat,meat,17,12
2026-05-30T10:00:00,1001,SKU006,meat,meat,13,10
2026-05-30T10:00:00,1001,SKU007,bakery,bakery,14,9
2026-05-30T10:00:00,1001,SKU008,bakery,bakery,19,9
2026-05-30T10:00:00,1001,SKU009,beverages,grocery,22,17
2026-05-30T10:00:00,1001,SKU010,beverages,grocery,18,10
2026-05-30T10:00:00,1001,SKU011,frozen,frozen,24,14
2026-05-30T10:00:00,1001,SKU012,frozen,frozen,23,19
2026-05-30T10:00:00,1001,SKU013,grocery,grocery,23,14
2026-05-30T10:00:00,1001,SKU014,grocery,grocery,23,18
2026-05-30T10:00:00,1001,SKU015,household,grocery,32,16
2026-05-30T10:00:00,1002,SKU001,produce,produce,0,9
2026-05-30T10:00:00,1002,SKU002,produce,produce,8,12
2026-05-30T10:00:00,1002,SKU003,dairy,dairy,9,14
2026-05-30T10:00:00,1002,SKU004,dairy,dairy,16,9
2026-05-30T10:00:00,1002,SKU005,meat,meat,12,13
2026-05-30T10:00:00,1002,SKU006,meat,meat,13,12
2026-05-30T10:00:00,1002,SKU007,bakery,bakery,17,13
2026-05-30T10:00:00,1002,SKU008,bakery,bakery,21,10
2026-05-30T10:00:00,1002,SKU009,beverages,grocery,22,15
2026-05-30T10:00:00,1002,SKU010,beverages,grocery,16,11
2026-05-30T10:00:00,1002,SKU011,frozen,frozen,23,19
2026-05-30T10:00:00,1002,SKU012,frozen,frozen,31,20
2026-05-30T10:00:00,1002,SKU013,grocery,grocery,31,16
2026-05-30T10:00:00,1002,SKU014,grocery,grocery,30,18
2026-05-30T10:00:00,1002,SKU015,household,grocery,29,17
2026-05-30T10:00:00,1003,SKU001,produce,produce,0,12
2026-05-30T10:00:00,1003,SKU002,produce,produce,13,14
2026-05-30T10:00:00,1003,SKU003,dairy,dairy,13,10
2026-05-30T10:00:00,1003,SKU004,dairy,dairy,16,14
2026-05-30T10:00:00,1003,SKU005,meat,meat,19,9
2026-05-30T10:00:00,1003,SKU006,meat,meat,20,13
2026-05-30T10:00:00,1003,SKU007,bakery,bakery,12,14
2026-05-30T10:00:00,1003,SKU008,bakery,bakery,13,9
2026-05-30T10:00:00,1003,SKU009,beverages,grocery,20,14
2026-05-30T10:00:00,1003,SKU010,beverages,grocery,19,13
2026-05-30T10:00:00,1003,SKU011,frozen,frozen,26,19
2026-05-30T10:00:00,1003,SKU012,frozen,frozen,31,18
2026-05-30T10:00:00,1003,SKU013,grocery,grocery,24,20
2026-05-30T10:00:00,1003,SKU014,grocery,grocery,25,16
2026-05-30T10:00:00,1003,SKU015,household,grocery,32,18
2026-05-30T11:00:00,1001,SKU001,produce,produce,0,13
2026-05-30T11:00:00,1001,SKU002,produce,produce,14,8
2026-05-30T11:00:00,1001,SKU003,dairy,dairy,11,8
2026-05-30T11:00:00,1001,SKU004,dairy,dairy,15,14
2026-05-30T11:00:00,1001,SKU005,meat,meat,18,10
2026-05-30T11:00:00,1001,SKU006,meat,meat,15,10
2026-05-30T11:00:00,1001,SKU007,bakery,bakery,11,14
2026-05-30T11:00:00,1001,SKU008,bakery,bakery,16,14
2026-05-30T11:00:00,1001,SKU009,beverages,grocery,21,17
2026-05-30T11:00:00,1001,SKU010,beverages,grocery,18,14
2026-05-30T11:00:00,1001,SKU011,frozen,frozen,21,18
2026-05-30T11:00:00,1001,SKU012,frozen,frozen,28,18
2026-05-30T11:00:00,1001,SKU013,grocery,grocery,24,14
2026-05-30T11:00:00,1001,SKU014,grocery,grocery,25,19
2026-05-30T11:00:00,1001,SKU015,household,grocery,27,19
2026-05-30T11:00:00,1002,SKU001,produce,produce,0,9
2026-05-30T11:00:00,1002,SKU002,produce,produce,15,12
2026-05-30T11:00:00,1002,SKU003,dairy,dairy,9,14
2026-05-30T11:00:00,1002,SKU004,dairy,dairy,16,14
2026-05-30T11:00:00,1002,SKU005,meat,meat,18,8
2026-05-30T11:00:00,1002,SKU006,meat,meat,12,12
2026-05-30T11:00:00,1002,SKU007,bakery,bakery,13,12
2026-05-30T11:00:00,1002,SKU008,bakery,bakery,19,14
2026-05-30T11:00:00,1002,SKU009,beverages,grocery,26,14
2026-05-30T11:00:00,1002,SKU010,beverages,grocery,15,10
2026-05-30T11:00:00,1002,SKU011,frozen,frozen,19,20
2026-05-30T11:00:00,1002,SKU012,frozen,frozen,22,19
2026-05-30T11:00:00,1002,SKU013,grocery,grocery,25,20
2026-05-30T11:00:00,1002,SKU014,grocery,grocery,24,17
2026-05-30T11:00:00,1002,SKU015,household,grocery,31,18
2026-05-30T11:00:00,1003,SKU001,produce,produce,0,10
2026-05-30T11:00:00,1003,SKU002,produce,produce,12,9
2026-05-30T11:00:00,1003,SKU003,dairy,dairy,12,14
2026-05-30T11:00:00,1003,SKU004,dairy,dairy,16,11
2026-05-30T11:00:00,1003,SKU005,meat,meat,13,9
2026-05-30T11:00:00,1003,SKU006,meat,meat,16,8
2026-05-30T11:00:00,1003,SKU007,bakery,bakery,15,13
2026-05-30T11:00:00,1003,SKU008,bakery,bakery,20,12
2026-05-30T11:00:00,1003,SKU009,beverages,grocery,18,20
2026-05-30T11:00:00,1003,SKU010,beverages,grocery,18,13
2026-05-30T11:00:00,1003,SKU011,frozen,frozen,19,20
2026-05-30T11:00:00,1003,SKU012,frozen,frozen,27,15
2026-05-30T11:00:00,1003,SKU013,grocery,grocery,25,19
2026-05-30T11:00:00,1003,SKU014,grocery,grocery,29,14
2026-05-30T11:00:00,1003,SKU015,household,grocery,25,14
2026-05-30T12:00:00,1001,SKU001,produce,produce,0,14
2026-05-30T12:00:00,1001,SKU002,produce,produce,7,8
2026-05-30T12:00:00,1001,SKU003,dairy,dairy,6,14
2026-05-30T12:00:00,1001,SKU004,dairy,dairy,17,9
2026-05-30T12:00:00,1001,SKU005,meat,meat,16,10
2026-05-30T12:00:00,1001,SKU006,meat,meat,12,13
2026-05-30T12:00:00,1001,SKU007,bakery,bakery,15,10
2026-05-30T12:00:00,1001,SKU008,bakery,bakery,12,9
2026-05-30T12:00:00,1001,SKU009,beverages,grocery,23,14
2026-05-30T12:00:00,1001,SKU010,beverages,grocery,11,13
2026-05-30T12:00:00,1001,SKU011,frozen,frozen,26,16
2026-05-30T12:00:00,1001,SKU012,frozen,frozen,30,20
2026-05-30T12:00:00,1001,SKU013,grocery,grocery,23,20
2026-05-30T12:00:00,1001,SKU014,grocery,grocery,31,19
2026-05-30T12:00:00,1001,SKU015,household,grocery,25,14
2026-05-30T12:00:00,1002,SKU001,produce,produce,0,10
2026-05-30T12:00:00,1002,SKU002,produce,produce,6,9
2026-05-30T12:00:00,1002,SKU003,dairy,dairy,7,9
2026-05-30T12:00:00,1002,SKU004,dairy,dairy,16,9
2026-05-30T12:00:00,1002,SKU005,meat,meat,15,8
2026-05-30T12:00:00,1002,SKU006,meat,meat,15,13
2026-05-30T12:00:00,1002,SKU007,bakery,bakery,18,11
2026-05-30T12:00:00,1002,SKU008,bakery,bakery,14,11
2026-05-30T12:00:00,1002,SKU009,beverages,grocery,23,15
2026-05-30T12:00:00,1002,SKU010,beverages,grocery,18,8
2026-05-30T12:00:00,1002,SKU011,frozen,frozen,21,19
2026-05-30T12:00:00,1002,SKU012,frozen,frozen,27,18
2026-05-30T12:00:00,1002,SKU013,grocery,grocery,28,18
2026-05-30T12:00:00,1002,SKU014,grocery,grocery,26,15
2026-05-30T12:00:00,1002,SKU015,household,grocery,29,15
2026-05-30T12:00:00,1003,SKU001,produce,produce,0,13
2026-05-30T12:00:00,1003,SKU002,produce,produce,6,13
2026-05-30T12:00:00,1003,SKU003,dairy,dairy,8,12
2026-05-30T12:00:00,1003,SKU004,dairy,dairy,14,14
2026-05-30T12:00:00,1003,SKU005,meat,meat,15,8
2026-05-30T12:00:00,1003,SKU006,meat,meat,15,13
2026-05-30T12:00:00,1003,SKU007,bakery,bakery,14,11
2026-05-30T12:00:00,1003,SKU008,bakery,bakery,14,8
2026-05-30T12:00:00,1003,SKU009,beverages,grocery,22,20
2026-05-30T12:00:00,1003,SKU010,beverages,grocery,17,14
2026-05-30T12:00:00,1003,SKU011,frozen,frozen,24,15
2026-05-30T12:00:00,1003,SKU012,frozen,frozen,29,18
2026-05-30T12:00:00,1003,SKU013,grocery,grocery,24,16
2026-05-30T12:00:00,1003,SKU014,grocery,grocery,28,20
2026-05-30T12:00:00,1003,SKU015,household,grocery,25,14
2026-05-30T13:00:00,1001,SKU001,produce,produce,0,10
2026-05-30T13:00:00,1001,SKU002,produce,produce,7,11
2026-05-30T13:00:00,1001,SKU003,dairy,dairy,2,13
2026-05-30T13:00:00,1001,SKU004,dairy,dairy,10,14
2026-05-30T13:00:00,1001,SKU005,meat,meat,16,9
2026-05-30T13:00:00,1001,SKU006,meat,meat,16,11
2026-05-30T13:00:00,1001,SKU007,bakery,bakery,11,11
2026-05-30T13:00:00,1001,SKU008,bakery,bakery,11,14
2026-05-30T13:00:00,1001,SKU009,beverages,grocery,18,18
2026-05-30T13:00:00,1001,SKU010,beverages,grocery,16,14
2026-05-30T13:00:00,1001,SKU011,frozen,frozen,24,17
2026-05-30T13:00:00,1001,SKU012,frozen,frozen,21,16
2026-05-30T13:00:00,1001,SKU013,grocery,grocery,25,16
2026-05-30T13:00:00,1001,SKU014,grocery,grocery,24,18
2026-05-30T13:00:00,1001,SKU015,household,grocery,25,17
2026-05-30T13:00:00,1002,SKU001,produce,produce,0,10
2026-05-30T13:00:00,1002,SKU002,produce,produce,5,14
2026-05-30T13:00:00,1002,SKU003,dairy,dairy,8,8
2026-05-30T13:00:00,1002,SKU004,dairy,dairy,8,8
2026-05-30T13:00:00,1002,SKU005,meat,meat,15,10
2026-05-30T13:00:00,1002,SKU006,meat,meat,12,10
2026-05-30T13:00:00,1002,SKU007,bakery,bakery,17,14
2026-05-30T13:00:00,1002,SKU008,bakery,bakery,15,11
2026-05-30T13:00:00,1002,SKU009,beverages,grocery,20,14
2026-05-30T13:00:00,1002,SKU010,beverages,grocery,15,8
2026-05-30T13:00:00,1002,SKU011,frozen,frozen,18,15
2026-05-30T13:00:00,1002,SKU012,frozen,frozen,29,18
2026-05-30T13:00:00,1002,SKU013,grocery,grocery,22,15
2026-05-30T13:00:00,1002,SKU014,grocery,grocery,29,15
2026-05-30T13:00:00,1002,SKU015,household,grocery,24,16
2026-05-30T13:00:00,1003,SKU001,produce,produce,0,11
2026-05-30T13:00:00,1003,SKU002,produce,produce,10,9
2026-05-30T13:00:00,1003,SKU003,dairy,dairy,8,9
2026-05-30T13:00:00,1003,SKU004,dairy,dairy,16,14
2026-05-30T13:00:00,1003,SKU005,meat,meat,9,10
2026-05-30T13:00:00,1003,SKU006,meat,meat,13,13
2026-05-30T13:00:00,1003,SKU007,bakery,bakery,13,11
2026-05-30T13:00:00,1003,SKU008,bakery,bakery,12,12
2026-05-30T13:00:00,1003,SKU009,beverages,grocery,19,18
2026-05-30T13:00:00,1003,SKU010,beverages,grocery,15,14
2026-05-30T13:00:00,1003,SKU011,frozen,frozen,21,14
2026-05-30T13:00:00,1003,SKU012,frozen,frozen,27,18
2026-05-30T13:00:00,1003,SKU013,grocery,grocery,22,17
2026-05-30T13:00:00,1003,SKU014,grocery,grocery,29,17
2026-05-30T13:00:00,1003,SKU015,household,grocery,28,19
2026-05-30T14:00:00,1001,SKU001,produce,produce,0,12
2026-05-30T14:00:00,1001,SKU002,produce,produce,5,9
2026-05-30T14:00:00,1001,SKU003,dairy,dairy,9,12
2026-05-30T14:00:00,1001,SKU004,dairy,dairy,11,12
2026-05-30T14:00:00,1001,SKU005,meat,meat,15,11
2026-05-30T14:00:00,1001,SKU006,meat,meat,13,14
2026-05-30T14:00:00,1001,SKU007,bakery,bakery,13,14
2026-05-30T14:00:00,1001,SKU008,bakery,bakery,15,8
2026-05-30T14:00:00,1001,SKU009,beverages,grocery,19,20
2026-05-30T14:00:00,1001,SKU010,beverages,grocery,14,12
2026-05-30T14:00:00,1001,SKU011,frozen,frozen,24,15
2026-05-30T14:00:00,1001,SKU012,frozen,frozen,28,14
2026-05-30T14:00:00,1001,SKU013,grocery,grocery,28,16
2026-05-30T14:00:00,1001,SKU014,grocery,grocery,25,14
2026-05-30T14:00:00,1001,SKU015,household,grocery,29,20
2026-05-30T14:00:00,1002,SKU001,produce,produce,0,12
2026-05-30T14:00:00,1002,SKU002,produce,produce,4,14
2026-05-30T14:00:00,1002,SKU003,dairy,dairy,2,14
2026-05-30T14:00:00,1002,SKU004,dairy,dairy,13,14
2026-05-30T14:00:00,1002,SKU005,meat,meat,11,14
2026-05-30T14:00:00,1002,SKU006,meat,meat,9,9
2026-05-30T14:00:00,1002,SKU007,bakery,bakery,12,9
2026-05-30T14:00:00,1002,SKU008,bakery,bakery,18,14
2026-05-30T14:00:00,1002,SKU009,beverages,grocery,24,14
2026-05-30T14:00:00,1002,SKU010,beverages,grocery,17,11
2026-05-30T14:00:00,1002,SKU011,frozen,frozen,20,18
2026-05-30T14:00:00,1002,SKU012,frozen,frozen,28,17
2026-05-30T14:00:00,1002,SKU013,grocery,grocery,26,18
2026-05-30T14:00:00,1002,SKU014,grocery,grocery,25,19
2026-05-30T14:00:00,1002,SKU015,household,grocery,26,15
2026-05-30T14:00:00,1003,SKU001,produce,produce,0,10
2026-05-30T14:00:00,1003,SKU002,produce,produce,10,11
2026-05-30T14:00:00,1003,SKU003,dairy,dairy,1,14
2026-05-30T14:00:00,1003,SKU004,dairy,dairy,11,8
2026-05-30T14:00:00,1003,SKU005,meat,meat,10,13
2026-05-30T14:00:00,1003,SKU006,meat,meat,9,12
2026-05-30T14:00:00,1003,SKU007,bakery,bakery,8,12
2026-05-30T14:00:00,1003,SKU008,bakery,bakery,11,10
2026-05-30T14:00:00,1003,SKU009,beverages,grocery,19,18
2026-05-30T14:00:00,1003,SKU010,beverages,grocery,15,8
2026-05-30T14:00:00,1003,SKU011,frozen,frozen,19,18
2026-05-30T14:00:00,1003,SKU012,frozen,frozen,23,17
2026-05-30T14:00:00,1003,SKU013,grocery,grocery,23,16
2026-05-30T14:00:00,1003,SKU014,grocery,grocery,26,20
2026-05-30T14:00:00,1003,SKU015,household,grocery,25,14
2026-05-30T15:00:00,1001,SKU001,produce,produce,0,8
2026-05-30T15:00:00,1001,SKU002,produce,produce,3,14
2026-05-30T15:00:00,1001,SKU003,dairy,dairy,3,8
2026-05-30T15:00:00,1001,SKU004,dairy,dairy,6,13
2026-05-30T15:00:00,1001,SKU005,meat,meat,11,11
2026-05-30T15:00:00,1001,SKU006,meat,meat,15,9
2026-05-30T15:00:00,1001,SKU007,bakery,bakery,7,10
2026-05-30T15:00:00,1001,SKU008,bakery,bakery,14,8
2026-05-30T15:00:00,1001,SKU009,beverages,grocery,15,14
2026-05-30T15:00:00,1001,SKU010,beverages,grocery,15,13
2026-05-30T15:00:00,1001,SKU011,frozen,frozen,21,14
2026-05-30T15:00:00,1001,SKU012,frozen,frozen,23,15
2026-05-30T15:00:00,1001,SKU013,grocery,grocery,25,16
2026-05-30T15:00:00,1001,SKU014,grocery,grocery,24,20
2026-05-30T15:00:00,1001,SKU015,household,grocery,31,19
2026-05-30T15:00:00,1002,SKU001,produce,produce,0,8
2026-05-30T15:00:00,1002,SKU002,produce,produce,8,13
2026-05-30T15:00:00,1002,SKU003,dairy,dairy,4,8
2026-05-30T15:00:00,1002,SKU004,dairy,dairy,8,9
2026-05-30T15:00:00,1002,SKU005,meat,meat,10,12
2026-05-30T15:00:00,1002,SKU006,meat,meat,15,8
2026-05-30T15:00:00,1002,SKU007,bakery,bakery,15,11
2026-05-30T15:00:00,1002,SKU008,bakery,bakery,12,13
2026-05-30T15:00:00,1002,SKU009,beverages,grocery,21,16
2026-05-30T15:00:00,1002,SKU010,beverages,grocery,14,9
2026-05-30T15:00:00,1002,SKU011,frozen,frozen,19,15
2026-05-30T15:00:00,1002,SKU012,frozen,frozen,25,14
2026-05-30T15:00:00,1002,SKU013,grocery,grocery,28,20
2026-05-30T15:00:00,1002,SKU014,grocery,grocery,25,20
2026-05-30T15:00:00,1002,SKU015,household,grocery,25,15
2026-05-30T15:00:00,1003,SKU001,produce,produce,0,8
2026-05-30T15:00:00,1003,SKU002,produce,produce,5,14
2026-05-30T15:00:00,1003,SKU003,dairy,dairy,3,9
2026-05-30T15:00:00,1003,SKU004,dairy,dairy,12,8
2026-05-30T15:00:00,1003,SKU005,meat,meat,7,12
2026-05-30T15:00:00,1003,SKU006,meat,meat,8,8
2026-05-30T15:00:00,1003,SKU007,bakery,bakery,10,10
2026-05-30T15:00:00,1003,SKU008,bakery,bakery,16,12
2026-05-30T15:00:00,1003,SKU009,beverages,grocery,21,14
2026-05-30T15:00:00,1003,SKU010,beverages,grocery,14,9
2026-05-30T15:00:00,1003,SKU011,frozen,frozen,17,17
2026-05-30T15:00:00,1003,SKU012,frozen,frozen,20,15
2026-05-30T15:00:00,1003,SKU013,grocery,grocery,29,17
2026-05-30T15:00:00,1003,SKU014,grocery,grocery,28,19
2026-05-30T15:00:00,1003,SKU015,household,grocery,25,14
2026-05-30T16:00:00,1001,SKU001,produce,produce,0,14
2026-05-30T16:00:00,1001,SKU002,produce,produce,0,8
2026-05-30T16:00:00,1001,SKU003,dairy,dairy,3,14
2026-05-30T16:00:00,1001,SKU004,dairy,dairy,8,11
2026-05-30T16:00:00,1001,SKU005,meat,meat,11,13
2026-05-30T16:00:00,1001,SKU006,meat,meat,9,8
2026-05-30T16:00:00,1001,SKU007,bakery,bakery,11,9
2026-05-30T16:00:00,1001,SKU008,bakery,bakery,15,12
2026-05-30T16:00:00,1001,SKU009,beverages,grocery,15,14
2026-05-30T16:00:00,1001,SKU010,beverages,grocery,13,11
2026-05-30T16:00:00,1001,SKU011,frozen,frozen,23,18
2026-05-30T16:00:00,1001,SKU012,frozen,frozen,25,14
2026-05-30T16:00:00,1001,SKU013,grocery,grocery,20,14
2026-05-30T16:00:00,1001,SKU014,grocery,grocery,28,15
2026-05-30T16:00:00,1001,SKU015,household,grocery,25,16
2026-05-30T16:00:00,1002,SKU001,produce,produce,0,8
2026-05-30T16:00:00,1002,SKU002,produce,produce,7,9
2026-05-30T16:00:00,1002,SKU003,dairy,dairy,5,8
2026-05-30T16:00:00,1002,SKU004,dairy,dairy,8,14
2026-05-30T16:00:00,1002,SKU005,meat,meat,5,13
2026-05-30T16:00:00,1002,SKU006,meat,meat,14,9
2026-05-30T16:00:00,1002,SKU007,bakery,bakery,8,8
2026-05-30T16:00:00,1002,SKU008,bakery,bakery,10,9
2026-05-30T16:00:00,1002,SKU009,beverages,grocery,23,20
2026-05-30T16:00:00,1002,SKU010,beverages,grocery,14,12
2026-05-30T16:00:00,1002,SKU011,frozen,frozen,16,19
2026-05-30T16:00:00,1002,SKU012,frozen,frozen,28,17
2026-05-30T16:00:00,1002,SKU013,grocery,grocery,21,19
2026-05-30T16:00:00,1002,SKU014,grocery,grocery,27,17
2026-05-30T16:00:00,1002,SKU015,household,grocery,25,15
2026-05-30T16:00:00,1003,SKU001,produce,produce,0,8
2026-05-30T16:00:00,1003,SKU002,produce,produce,4,10
2026-05-30T16:00:00,1003,SKU003,dairy,dairy,2,13
2026-05-30T16:00:00,1003,SKU004,dairy,dairy,11,14
2026-05-30T16:00:00,1003,SKU005,meat,meat,6,11
2026-05-30T16:00:00,1003,SKU006,meat,meat,8,12
2026-05-30T16:00:00,1003,SKU007,bakery,bakery,8,12
2026-05-30T16:00:00,1003,SKU008,bakery,bakery,10,11
2026-05-30T16:00:00,1003,SKU009,beverages,grocery,15,17
2026-05-30T16:00:00,1003,SKU010,beverages,grocery,12,10
2026-05-30T16:00:00,1003,SKU011,frozen,frozen,19,17
2026-05-30T16:00:00,1003,SKU012,frozen,frozen,20,15
2026-05-30T16:00:00,1003,SKU013,grocery,grocery,23,20
2026-05-30T16:00:00,1003,SKU014,grocery,grocery,25,16
2026-05-30T16:00:00,1003,SKU015,household,grocery,25,15
2026-05-30T17:00:00,1001,SKU001,produce,produce,0,9
2026-05-30T17:00:00,1001,SKU002,produce,produce,0,13
2026-05-30T17:00:00,1001,SKU003,dairy,dairy,3,8
2026-05-30T17:00:00,1001,SKU004,dairy,dairy,6,10
2026-05-30T17:00:00,1001,SKU005,meat,meat,7,9
2026-05-30T17:00:00,1001,SKU006,meat,meat,10,14
2026-05-30T17:00:00,1001,SKU007,bakery,bakery,6,9
2026-05-30T17:00:00,1001,SKU008,bakery,bakery,8,12
2026-05-30T17:00:00,1001,SKU009,beverages,grocery,18,16
2026-05-30T17:00:00,1001,SKU010,beverages,grocery,14,14
2026-05-30T17:00:00,1001,SKU011,frozen,frozen,23,15
2026-05-30T17:00:00,1001,SKU012,frozen,frozen,25,18
2026-05-30T17:00:00,1001,SKU013,grocery,grocery,20,15
2026-05-30T17:00:00,1001,SKU014,grocery,grocery,22,17
2026-05-30T17:00:00,1001,SKU015,household,grocery,28,16
2026-05-30T17:00:00,1002,SKU001,produce,produce,0,9
2026-05-30T17:00:00,1002,SKU002,produce,produce,1,11
2026-05-30T17:00:00,1002,SKU003,dairy,dairy,3,8
2026-05-30T17:00:00,1002,SKU004,dairy,dairy,11,12
2026-05-30T17:00:00,1002,SKU005,meat,meat,9,13
2026-05-30T17:00:00,1002,SKU006,meat,meat,14,8
2026-05-30T17:00:00,1002,SKU007,bakery,bakery,7,10
2026-05-30T17:00:00,1002,SKU008,bakery,bakery,13,14
2026-05-30T17:00:00,1002,SKU009,beverages,grocery,19,18
2026-05-30T17:00:00,1002,SKU010,beverages,grocery,15,10
2026-05-30T17:00:00,1002,SKU011,frozen,frozen,17,17
2026-05-30T17:00:00,1002,SKU012,frozen,frozen,19,15
2026-05-30T17:00:00,1002,SKU013,grocery,grocery,21,14
2026-05-30T17:00:00,1002,SKU014,grocery,grocery,21,16
2026-05-30T17:00:00,1002,SKU015,household,grocery,31,18
2026-05-30T17:00:00,1003,SKU001,produce,produce,0,9
2026-05-30T17:00:00,1003,SKU002,produce,produce,5,12
2026-05-30T17:00:00,1003,SKU003,dairy,dairy,3,14
2026-05-30T17:00:00,1003,SKU004,dairy,dairy,8,13
2026-05-30T17:00:00,1003,SKU005,meat,meat,13,11
2026-05-30T17:00:00,1003,SKU006,meat,meat,10,11
2026-05-30T17:00:00,1003,SKU007,bakery,bakery,13,11
2026-05-30T17:00:00,1003,SKU008,bakery,bakery,16,13
2026-05-30T17:00:00,1003,SKU009,beverages,grocery,20,15
2026-05-30T17:00:00,1003,SKU010,beverages,grocery,10,11
2026-05-30T17:00:00,1003,SKU011,frozen,frozen,22,14
2026-05-30T17:00:00,1003,SKU012,frozen,frozen,19,18
2026-05-30T17:00:00,1003,SKU013,grocery,grocery,28,16
2026-05-30T17:00:00,1003,SKU014,grocery,grocery,24,17
2026-05-30T17:00:00,1003,SKU015,household,grocery,27,14
2026-05-30T18:00:00,1001,SKU001,produce,produce,0,13
2026-05-30T18:00:00,1001,SKU002,produce,produce,0,11
2026-05-30T18:00:00,1001,SKU003,dairy,dairy,4,8
2026-05-30T18:00:00,1001,SKU004,dairy,dairy,4,12
2026-05-30T18:00:00,1001,SKU005,meat,meat,4,11
2026-05-30T18:00:00,1001,SKU006,meat,meat,9,12
2026-05-30T18:00:00,1001,SKU007,bakery,bakery,7,8
2026-05-30T18:00:00,1001,SKU008,bakery,bakery,14,10
2026-05-30T18:00:00,1001,SKU009,beverages,grocery,13,14
2026-05-30T18:00:00,1001,SKU010,beverages,grocery,12,12
2026-05-30T18:00:00,1001,SKU011,frozen,frozen,23,20
2026-05-30T18:00:00,1001,SKU012,frozen,frozen,22,17
2026-05-30T18:00:00,1001,SKU013,grocery,grocery,22,20
2026-05-30T18:00:00,1001,SKU014,grocery,grocery,23,20
2026-05-30T18:00:00,1001,SKU015,household,grocery,27,15
2026-05-30T18:00:00,1002,SKU001,produce,produce,0,12
2026-05-30T18:00:00,1002,SKU002,produce,produce,1,12
2026-05-30T18:00:00,1002,SKU003,dairy,dairy,2,10
2026-05-30T18:00:00,1002,SKU004,dairy,dairy,10,8
2026-05-30T18:00:00,1002,SKU005,meat,meat,12,9
2026-05-30T18:00:00,1002,SKU006,meat,meat,6,9
2026-05-30T18:00:00,1002,SKU007,bakery,bakery,13,11
2026-05-30T18:00:00,1002,SKU008,bakery,bakery,13,10
2026-05-30T18:00:00,1002,SKU009,beverages,grocery,19,15
2026-05-30T18:00:00,1002,SKU010,beverages,grocery,8,13
2026-05-30T18:00:00,1002,SKU011,frozen,frozen,15,15
2026-05-30T18:00:00,1002,SKU012,frozen,frozen,20,15
2026-05-30T18:00:00,1002,SKU013,grocery,grocery,23,19
2026-05-30T18:00:00,1002,SKU014,grocery,grocery,27,19
2026-05-30T18:00:00,1002,SKU015,household,grocery,24,20
2026-05-30T18:00:00,1003,SKU001,produce,produce,0,10
2026-05-30T18:00:00,1003,SKU002,produce,produce,2,8
2026-05-30T18:00:00,1003,SKU003,dairy,dairy,0,14
2026-05-30T18:00:00,1003,SKU004,dairy,dairy,6,8
2026-05-30T18:00:00,1003,SKU005,meat,meat,4,8
2026-05-30T18:00:00,1003,SKU006,meat,meat,5,12
2026-05-30T18:00:00,1003,SKU007,bakery,bakery,13,11
2026-05-30T18:00:00,1003,SKU008,bakery,bakery,11,14
2026-05-30T18:00:00,1003,SKU009,beverages,grocery,17,19
2026-05-30T18:00:00,1003,SKU010,beverages,grocery,12,11
2026-05-30T18:00:00,1003,SKU011,frozen,frozen,18,18
2026-05-30T18:00:00,1003,SKU012,frozen,frozen,20,18
2026-05-30T18:00:00,1003,SKU013,grocery,grocery,20,14
2026-05-30T18:00:00,1003,SKU014,grocery,grocery,28,18
2026-05-30T18:00:00,1003,SKU015,household,grocery,23,14
2026-05-30T19:00:00,1001,SKU001,produce,produce,0,8
2026-05-30T19:00:00,1001,SKU002,produce,produce,2,14
2026-05-30T19:00:00,1001,SKU003,dairy,dairy,0,8
2026-05-30T19:00:00,1001,SKU004,dairy,dairy,3,11
2026-05-30T19:00:00,1001,SKU005,meat,meat,5,14
2026-05-30T19:00:00,1001,SKU006,meat,meat,8,9
2026-05-30T19:00:00,1001,SKU007,bakery,bakery,11,9
2026-05-30T19:00:00,1001,SKU008,bakery,bakery,14,13
2026-05-30T19:00:00,1001,SKU009,beverages,grocery,21,20
2026-05-30T19:00:00,1001,SKU010,beverages,grocery,13,13
2026-05-30T19:00:00,1001,SKU011,frozen,frozen,15,17
2026-05-30T19:00:00,1001,SKU012,frozen,frozen,18,18
2026-05-30T19:00:00,1001,SKU013,grocery,grocery,24,16
2026-05-30T19:00:00,1001,SKU014,grocery,grocery,28,20
2026-05-30T19:00:00,1001,SKU015,household,grocery,23,20
2026-05-30T19:00:00,1002,SKU001,produce,produce,0,11
2026-05-30T19:00:00,1002,SKU002,produce,produce,3,10
2026-05-30T19:00:00,1002,SKU003,dairy,dairy,1,9
2026-05-30T19:00:00,1002,SKU004,dairy,dairy,2,8
2026-05-30T19:00:00,1002,SKU005,meat,meat,3,12
2026-05-30T19:00:00,1002,SKU006,meat,meat,13,10
2026-05-30T19:00:00,1002,SKU007,bakery,bakery,7,9
2026-05-30T19:00:00,1002,SKU008,bakery,bakery,13,8
2026-05-30T19:00:00,1002,SKU009,beverages,grocery,14,19
2026-05-30T19:00:00,1002,SKU010,beverages,grocery,9,11
2026-05-30T19:00:00,1002,SKU011,frozen,frozen,16,14
2026-05-30T19:00:00,1002,SKU012,frozen,frozen,26,14
2026-05-30T19:00:00,1002,SKU013,grocery,grocery,24,14
2026-05-30T19:00:00,1002,SKU014,grocery,grocery,28,19
2026-05-30T19:00:00,1002,SKU015,household,grocery,27,19
2026-05-30T19:00:00,1003,SKU001,produce,produce,0,10
2026-05-30T19:00:00,1003,SKU002,produce,produce,4,9
2026-05-30T19:00:00,1003,SKU003,dairy,dairy,0,9
2026-05-30T19:00:00,1003,SKU004,dairy,dairy,2,9
2026-05-30T19:00:00,1003,SKU005,meat,meat,7,14
2026-05-30T19:00:00,1003,SKU006,meat,meat,5,8
2026-05-30T19:00:00,1003,SKU007,bakery,bakery,9,9
2026-05-30T19:00:00,1003,SKU008,bakery,bakery,12,14
2026-05-30T19:00:00,1003,SKU009,beverages,grocery,16,16
2026-05-30T19:00:00,1003,SKU010,beverages,grocery,12,11
2026-05-30T19:00:00,1003,SKU011,frozen,frozen,15,17
2026-05-30T19:00:00,1003,SKU012,frozen,frozen,23,17
2026-05-30T19:00:00,1003,SKU013,grocery,grocery,23,16
2026-05-30T19:00:00,1003,SKU014,grocery,grocery,24,20
2026-05-30T19:00:00,1003,SKU015,household,grocery,28,17
2026-05-30T20:00:00,1001,SKU001,produce,produce,0,9
2026-05-30T20:00:00,1001,SKU002,produce,produce,0,8
2026-05-30T20:00:00,1001,SKU003,dairy,dairy,0,12
2026-05-30T20:00:00,1001,SKU004,dairy,dairy,3,10
2026-05-30T20:00:00,1001,SKU005,meat,meat,2,14
2026-05-30T20:00:00,1001,SKU006,meat,meat,6,13
2026-05-30T20:00:00,1001,SKU007,bakery,bakery,11,8
2026-05-30T20:00:00,1001,SKU008,bakery,bakery,15,9
2026-05-30T20:00:00,1001,SKU009,beverages,grocery,14,19
2026-05-30T20:00:00,1001,SKU010,beverages,grocery,8,12
2026-05-30T20:00:00,1001,SKU011,frozen,frozen,21,18
2026-05-30T20:00:00,1001,SKU012,frozen,frozen,22,14
2026-05-30T20:00:00,1001,SKU013,grocery,grocery,21,17
2026-05-30T20:00:00,1001,SKU014,grocery,grocery,21,14
2026-05-30T20:00:00,1001,SKU015,household,grocery,30,16
2026-05-30T20:00:00,1002,SKU001,produce,produce,0,8
2026-05-30T20:00:00,1002,SKU002,produce,produce,1,10
2026-05-30T20:00:00,1002,SKU003,dairy,dairy,0,9
2026-05-30T20:00:00,1002,SKU004,dairy,dairy,8,9
2026-05-30T20:00:00,1002,SKU005,meat,meat,7,13
2026-05-30T20:00:00,1002,SKU006,meat,meat,7,11
2026-05-30T20:00:00,1002,SKU007,bakery,bakery,7,9
2026-05-30T20:00:00,1002,SKU008,bakery,bakery,10,10
2026-05-30T20:00:00,1002,SKU009,beverages,grocery,19,14
2026-05-30T20:00:00,1002,SKU010,beverages,grocery,5,10
2026-05-30T20:00:00,1002,SKU011,frozen,frozen,15,15
2026-05-30T20:00:00,1002,SKU012,frozen,frozen,19,20
2026-05-30T20:00:00,1002,SKU013,grocery,grocery,27,15
2026-05-30T20:00:00,1002,SKU014,grocery,grocery,27,19
2026-05-30T20:00:00,1002,SKU015,household,grocery,27,14
2026-05-30T20:00:00,1003,SKU001,produce,produce,0,8
2026-05-30T20:00:00,1003,SKU002,produce,produce,0,8
2026-05-30T20:00:00,1003,SKU003,dairy,dairy,0,14
2026-05-30T20:00:00,1003,SKU004,dairy,dairy,6,10
2026-05-30T20:00:00,1003,SKU005,meat,meat,2,10
2026-05-30T20:00:00,1003,SKU006,meat,meat,10,8
2026-05-30T20:00:00,1003,SKU007,bakery,bakery,3,8
2026-05-30T20:00:00,1003,SKU008,bakery,bakery,14,12
2026-05-30T20:00:00,1003,SKU009,beverages,grocery,14,15
2026-05-30T20:00:00,1003,SKU010,beverages,grocery,5,10
2026-05-30T20:00:00,1003,SKU011,frozen,frozen,20,17
2026-05-30T20:00:00,1003,SKU012,frozen,frozen,18,14
2026-05-30T20:00:00,1003,SKU013,grocery,grocery,20,15
2026-05-30T20:00:00,1003,SKU014,grocery,grocery,27,15
2026-05-30T20:00:00,1003,SKU015,household,grocery,30,15
2026-05-30T21:00:00,1001,SKU001,produce,produce,0,8
2026-05-30T21:00:00,1001,SKU002,produce,produce,0,8
2026-05-30T21:00:00,1001,SKU003,dairy,dairy,0,9
2026-05-30T21:00:00,1001,SKU004,dairy,dairy,2,12
2026-05-30T21:00:00,1001,SKU005,meat,meat,7,8
2026-05-30T21:00:00,1001,SKU006,meat,meat,8,8
2026-05-30T21:00:00,1001,SKU007,bakery,bakery,4,8
2026-05-30T21:00:00,1001,SKU008,bakery,bakery,10,12
2026-05-30T21:00:00,1001,SKU009,beverages,grocery,16,14
2026-05-30T21:00:00,1001,SKU010,beverages,grocery,11,13
2026-05-30T21:00:00,1001,SKU011,frozen,frozen,20,17
2026-05-30T21:00:00,1001,SKU012,frozen,frozen,22,15
2026-05-30T21:00:00,1001,SKU013,grocery,grocery,22,16
2026-05-30T21:00:00,1001,SKU014,grocery,grocery,25,19
2026-05-30T21:00:00,1001,SKU015,household,grocery,22,16
2026-05-30T21:00:00,1002,SKU001,produce,produce,0,9
2026-05-30T21:00:00,1002,SKU002,produce,produce,0,11
2026-05-30T21:00:00,1002,SKU003,dairy,dairy,0,14
2026-05-30T21:00:00,1002,SKU004,dairy,dairy,4,11
2026-05-30T21:00:00,1002,SKU005,meat,meat,1,8
2026-05-30T21:00:00,1002,SKU006,meat,meat,4,10
2026-05-30T21:00:00,1002,SKU007,bakery,bakery,5,8
2026-05-30T21:00:00,1002,SKU008,bakery,bakery,11,11
2026-05-30T21:00:00,1002,SKU009,beverages,grocery,14,19
2026-05-30T21:00:00,1002,SKU010,beverages,grocery,8,11
2026-05-30T21:00:00,1002,SKU011,frozen,frozen,16,16
2026-05-30T21:00:00,1002,SKU012,frozen,frozen,20,16
2026-05-30T21:00:00,1002,SKU013,grocery,grocery,26,17
2026-05-30T21:00:00,1002,SKU014,grocery,grocery,20,17
2026-05-30T21:00:00,1002,SKU015,household,grocery,28,18
2026-05-30T21:00:00,1003,SKU001,produce,produce,0,9
2026-05-30T21:00:00,1003,SKU002,produce,produce,0,14
2026-05-30T21:00:00,1003,SKU003,dairy,dairy,0,13
2026-05-30T21:00:00,1003,SKU004,dairy,dairy,2,14
2026-05-30T21:00:00,1003,SKU005,meat,meat,8,13
2026-05-30T21:00:00,1003,SKU006,meat,meat,5,11
2026-05-30T21:00:00,1003,SKU007,bakery,bakery,9,8
2026-05-30T21:00:00,1003,SKU008,bakery,bakery,14,11
2026-05-30T21:00:00,1003,SKU009,beverages,grocery,17,19
2026-05-30T21:00:00,1003,SKU010,beverages,grocery,10,10
2026-05-30T21:00:00,1003,SKU011,frozen,frozen,20,15
2026-05-30T21:00:00,1003,SKU012,frozen,frozen,19,16
2026-05-30T21:00:00,1003,SKU013,grocery,grocery,19,18
2026-05-30T21:00:00,1003,SKU014,grocery,grocery,26,17
2026-05-30T21:00:00,1003,SKU015,household,grocery,30,17
2026-05-31T06:00:00,1001,SKU001,produce,produce,16,14
2026-05-31T06:00:00,1001,SKU002,produce,produce,18,14
2026-05-31T06:00:00,1001,SKU003,dairy,dairy,14,11
2026-05-31T06:00:00,1001,SKU004,dairy,dairy,22,14
2026-05-31T06:00:00,1001,SKU005,meat,meat,16,13
2026-05-31T06:00:00,1001,SKU006,meat,meat,17,12
2026-05-31T06:00:00,1001,SKU007,bakery,bakery,15,13
2026-05-31T06:00:00,1001,SKU008,bakery,bakery,18,10
2026-05-31T06:00:00,1001,SKU009,beverages,grocery,21,14
2026-05-31T06:00:00,1001,SKU010,beverages,grocery,21,8
2026-05-31T06:00:00,1001,SKU011,frozen,frozen,29,16
2026-05-31T06:00:00,1001,SKU012,frozen,frozen,33,18
2026-05-31T06:00:00,1001,SKU013,grocery,grocery,32,16
2026-05-31T06:00:00,1001,SKU014,grocery,grocery,27,15
2026-05-31T06:00:00,1001,SKU015,household,grocery,28,16
2026-05-31T06:00:00,1002,SKU001,produce,produce,12,14
2026-05-31T06:00:00,1002,SKU002,produce,produce,17,10
2026-05-31T06:00:00,1002,SKU003,dairy,dairy,10,10
2026-05-31T06:00:00,1002,SKU004,dairy,dairy,21,13
2026-05-31T06:00:00,1002,SKU005,meat,meat,21,12
2026-05-31T06:00:00,1002,SKU006,meat,meat,17,8
2026-05-31T06:00:00,1002,SKU007,bakery,bakery,17,8
2026-05-31T06:00:00,1002,SKU008,bakery,bakery,20,14
2026-05-31T06:00:00,1002,SKU009,beverages,grocery,27,20
2026-05-31T06:00:00,1002,SKU010,beverages,grocery,19,12
2026-05-31T06:00:00,1002,SKU011,frozen,frozen,26,15
2026-05-31T06:00:00,1002,SKU012,frozen,frozen,30,16
2026-05-31T06:00:00,1002,SKU013,grocery,grocery,27,14
2026-05-31T06:00:00,1002,SKU014,grocery,grocery,31,19
2026-05-31T06:00:00,1002,SKU015,household,grocery,29,20
2026-05-31T06:00:00,1003,SKU001,produce,produce,12,13
2026-05-31T06:00:00,1003,SKU002,produce,produce,15,14
2026-05-31T06:00:00,1003,SKU003,dairy,dairy,11,8
2026-05-31T06:00:00,1003,SKU004,dairy,dairy,22,14
2026-05-31T06:00:00,1003,SKU005,meat,meat,18,12
2026-05-31T06:00:00,1003,SKU006,meat,meat,23,8
2026-05-31T06:00:00,1003,SKU007,bakery,bakery,23,9
2026-05-31T06:00:00,1003,SKU008,bakery,bakery,22,9
2026-05-31T06:00:00,1003,SKU009,beverages,grocery,21,20
2026-05-31T06:00:00,1003,SKU010,beverages,grocery,21,9
2026-05-31T06:00:00,1003,SKU011,frozen,frozen,25,15
2026-05-31T06:00:00,1003,SKU012,frozen,frozen,30,19
2026-05-31T06:00:00,1003,SKU013,grocery,grocery,29,18
2026-05-31T06:00:00,1003,SKU014,grocery,grocery,33,20
2026-05-31T06:00:00,1003,SKU015,household,grocery,27,19
2026-05-31T07:00:00,1001,SKU001,produce,produce,5,12
2026-05-31T07:00:00,1001,SKU002,produce,produce,21,10
2026-05-31T07:00:00,1001,SKU003,dairy,dairy,15,12
2026-05-31T07:00:00,1001,SKU004,dairy,dairy,14,11
2026-05-31T07:00:00,1001,SKU005,meat,meat,20,10
2026-05-31T07:00:00,1001,SKU006,meat,meat,14,10
2026-05-31T07:00:00,1001,SKU007,bakery,bakery,15,14
2026-05-31T07:00:00,1001,SKU008,bakery,bakery,15,8
2026-05-31T07:00:00,1001,SKU009,beverages,grocery,22,14
2026-05-31T07:00:00,1001,SKU010,beverages,grocery,16,14
2026-05-31T07:00:00,1001,SKU011,frozen,frozen,26,16
2026-05-31T07:00:00,1001,SKU012,frozen,frozen,27,19
2026-05-31T07:00:00,1001,SKU013,grocery,grocery,29,14
2026-05-31T07:00:00,1001,SKU014,grocery,grocery,27,15
2026-05-31T07:00:00,1001,SKU015,household,grocery,25,14
2026-05-31T07:00:00,1002,SKU001,produce,produce,10,8
2026-05-31T07:00:00,1002,SKU002,produce,produce,17,12
2026-05-31T07:00:00,1002,SKU003,dairy,dairy,17,11
2026-05-31T07:00:00,1002,SKU004,dairy,dairy,14,14
2026-05-31T07:00:00,1002,SKU005,meat,meat,17,11
2026-05-31T07:00:00,1002,SKU006,meat,meat,16,8
2026-05-31T07:00:00,1002,SKU007,bakery,bakery,22,11
2026-05-31T07:00:00,1002,SKU008,bakery,bakery,14,8
2026-05-31T07:00:00,1002,SKU009,beverages,grocery,23,15
2026-05-31T07:00:00,1002,SKU010,beverages,grocery,14,13
2026-05-31T07:00:00,1002,SKU011,frozen,frozen,24,14
2026-05-31T07:00:00,1002,SKU012,frozen,frozen,31,18
2026-05-31T07:00:00,1002,SKU013,grocery,grocery,25,14
2026-05-31T07:00:00,1002,SKU014,grocery,grocery,26,20
2026-05-31T07:00:00,1002,SKU015,household,grocery,29,14
2026-05-31T07:00:00,1003,SKU001,produce,produce,4,9
2026-05-31T07:00:00,1003,SKU002,produce,produce,17,11
2026-05-31T07:00:00,1003,SKU003,dairy,dairy,10,9
2026-05-31T07:00:00,1003,SKU004,dairy,dairy,15,14
2026-05-31T07:00:00,1003,SKU005,meat,meat,21,13
2026-05-31T07:00:00,1003,SKU006,meat,meat,15,12
2026-05-31T07:00:00,1003,SKU007,bakery,bakery,21,14
2026-05-31T07:00:00,1003,SKU008,bakery,bakery,22,11
2026-05-31T07:00:00,1003,SKU009,beverages,grocery,20,20
2026-05-31T07:00:00,1003,SKU010,beverages,grocery,15,13
2026-05-31T07:00:00,1003,SKU011,frozen,frozen,27,15
2026-05-31T07:00:00,1003,SKU012,frozen,frozen,29,19
2026-05-31T07:00:00,1003,SKU013,grocery,grocery,25,19
2026-05-31T07:00:00,1003,SKU014,grocery,grocery,33,16
2026-05-31T07:00:00,1003,SKU015,household,grocery,26,18
2026-05-31T08:00:00,1001,SKU001,produce,produce,4,14
2026-05-31T08:00:00,1001,SKU002,produce,produce,18,14
2026-05-31T08:00:00,1001,SKU003,dairy,dairy,16,10
2026-05-31T08:00:00,1001,SKU004,dairy,dairy,18,8
2026-05-31T08:00:00,1001,SKU005,meat,meat,14,8
2026-05-31T08:00:00,1001,SKU006,meat,meat,16,11
2026-05-31T08:00:00,1001,SKU007,bakery,bakery,18,9
2026-05-31T08:00:00,1001,SKU008,bakery,bakery,19,12
2026-05-31T08:00:00,1001,SKU009,beverages,grocery,22,19
2026-05-31T08:00:00,1001,SKU010,beverages,grocery,14,8
2026-05-31T08:00:00,1001,SKU011,frozen,frozen,27,15
2026-05-31T08:00:00,1001,SKU012,frozen,frozen,32,18
2026-05-31T08:00:00,1001,SKU013,grocery,grocery,31,18
2026-05-31T08:00:00,1001,SKU014,grocery,grocery,24,17
2026-05-31T08:00:00,1001,SKU015,household,grocery,27,20
2026-05-31T08:00:00,1002,SKU001,produce,produce,7,12
2026-05-31T08:00:00,1002,SKU002,produce,produce,11,13
2026-05-31T08:00:00,1002,SKU003,dairy,dairy,11,11
2026-05-31T08:00:00,1002,SKU004,dairy,dairy,14,11
2026-05-31T08:00:00,1002,SKU005,meat,meat,14,11
2026-05-31T08:00:00,1002,SKU006,meat,meat,13,12
2026-05-31T08:00:00,1002,SKU007,bakery,bakery,21,8
2026-05-31T08:00:00,1002,SKU008,bakery,bakery,21,14
2026-05-31T08:00:00,1002,SKU009,beverages,grocery,22,15
2026-05-31T08:00:00,1002,SKU010,beverages,grocery,16,13
2026-05-31T08:00:00,1002,SKU011,frozen,frozen,26,16
2026-05-31T08:00:00,1002,SKU012,frozen,frozen,31,17
2026-05-31T08:00:00,1002,SKU013,grocery,grocery,25,18
2026-05-31T08:00:00,1002,SKU014,grocery,grocery,27,17
2026-05-31T08:00:00,1002,SKU015,household,grocery,30,20
2026-05-31T08:00:00,1003,SKU001,produce,produce,3,8
2026-05-31T08:00:00,1003,SKU002,produce,produce,18,11
2026-05-31T08:00:00,1003,SKU003,dairy,dairy,16,14
2026-05-31T08:00:00,1003,SKU004,dairy,dairy,14,8
2026-05-31T08:00:00,1003,SKU005,meat,meat,15,14
2026-05-31T08:00:00,1003,SKU006,meat,meat,17,12
2026-05-31T08:00:00,1003,SKU007,bakery,bakery,13,13
2026-05-31T08:00:00,1003,SKU008,bakery,bakery,22,10
2026-05-31T08:00:00,1003,SKU009,beverages,grocery,25,17
2026-05-31T08:00:00,1003,SKU010,beverages,grocery,21,8
2026-05-31T08:00:00,1003,SKU011,frozen,frozen,20,15
2026-05-31T08:00:00,1003,SKU012,frozen,frozen,28,19
2026-05-31T08:00:00,1003,SKU013,grocery,grocery,28,15
2026-05-31T08:00:00,1003,SKU014,grocery,grocery,26,15
2026-05-31T08:00:00,1003,SKU015,household,grocery,31,15
2026-05-31T09:00:00,1001,SKU001,produce,produce,0,14
2026-05-31T09:00:00,1001,SKU002,produce,produce,11,11
2026-05-31T09:00:00,1001,SKU003,dairy,dairy,7,14
2026-05-31T09:00:00,1001,SKU004,dairy,dairy,18,12
2026-05-31T09:00:00,1001,SKU005,meat,meat,18,12
2026-05-31T09:00:00,1001,SKU006,meat,meat,17,14
2026-05-31T09:00:00,1001,SKU007,bakery,bakery,19,10
2026-05-31T09:00:00,1001,SKU008,bakery,bakery,19,13
2026-05-31T09:00:00,1001,SKU009,beverages,grocery,26,14
2026-05-31T09:00:00,1001,SKU010,beverages,grocery,19,14
2026-05-31T09:00:00,1001,SKU011,frozen,frozen,27,19
2026-05-31T09:00:00,1001,SKU012,frozen,frozen,28,14
2026-05-31T09:00:00,1001,SKU013,grocery,grocery,30,18
2026-05-31T09:00:00,1001,SKU014,grocery,grocery,25,15
2026-05-31T09:00:00,1001,SKU015,household,grocery,30,19
2026-05-31T09:00:00,1002,SKU001,produce,produce,0,8
2026-05-31T09:00:00,1002,SKU002,produce,produce,15,8
2026-05-31T09:00:00,1002,SKU003,dairy,dairy,8,14
2026-05-31T09:00:00,1002,SKU004,dairy,dairy,18,10
2026-05-31T09:00:00,1002,SKU005,meat,meat,14,11
2026-05-31T09:00:00,1002,SKU006,meat,meat,13,8
2026-05-31T09:00:00,1002,SKU007,bakery,bakery,19,8
2026-05-31T09:00:00,1002,SKU008,bakery,bakery,16,9
2026-05-31T09:00:00,1002,SKU009,beverages,grocery,24,14
2026-05-31T09:00:00,1002,SKU010,beverages,grocery,21,14
2026-05-31T09:00:00,1002,SKU011,frozen,frozen,24,20
2026-05-31T09:00:00,1002,SKU012,frozen,frozen,25,16
2026-05-31T09:00:00,1002,SKU013,grocery,grocery,27,19
2026-05-31T09:00:00,1002,SKU014,grocery,grocery,25,18
2026-05-31T09:00:00,1002,SKU015,household,grocery,33,20
2026-05-31T09:00:00,1003,SKU001,produce,produce,0,12
2026-05-31T09:00:00,1003,SKU002,produce,produce,12,10
2026-05-31T09:00:00,1003,SKU003,dairy,dairy,15,14
2026-05-31T09:00:00,1003,SKU004,dairy,dairy,16,12
2026-05-31T09:00:00,1003,SKU005,meat,meat,13,9
2026-05-31T09:00:00,1003,SKU006,meat,meat,12,8
2026-05-31T09:00:00,1003,SKU007,bakery,bakery,16,8
2026-05-31T09:00:00,1003,SKU008,bakery,bakery,19,12
2026-05-31T09:00:00,1003,SKU009,beverages,grocery,20,20
2026-05-31T09:00:00,1003,SKU010,beverages,grocery,13,10
2026-05-31T09:00:00,1003,SKU011,frozen,frozen,23,14
2026-05-31T09:00:00,1003,SKU012,frozen,frozen,25,14
2026-05-31T09:00:00,1003,SKU013,grocery,grocery,29,14
2026-05-31T09:00:00,1003,SKU014,grocery,grocery,30,17
2026-05-31T09:00:00,1003,SKU015,household,grocery,30,20
2026-05-31T10:00:00,1001,SKU001,produce,produce,1,11
2026-05-31T10:00:00,1001,SKU002,produce,produce,12,11
2026-05-31T10:00:00,1001,SKU003,dairy,dairy,9,9
2026-05-31T10:00:00,1001,SKU004,dairy,dairy,16,9
2026-05-31T10:00:00,1001,SKU005,meat,meat,15,12
2026-05-31T10:00:00,1001,SKU006,meat,meat,13,8
2026-05-31T10:00:00,1001,SKU007,bakery,bakery,11,10
2026-05-31T10:00:00,1001,SKU008,bakery,bakery,13,14
2026-05-31T10:00:00,1001,SKU009,beverages,grocery,19,20
2026-05-31T10:00:00,1001,SKU010,beverages,grocery,16,11
2026-05-31T10:00:00,1001,SKU011,frozen,frozen,25,16
2026-05-31T10:00:00,1001,SKU012,frozen,frozen,25,17
2026-05-31T10:00:00,1001,SKU013,grocery,grocery,31,20
2026-05-31T10:00:00,1001,SKU014,grocery,grocery,29,20
2026-05-31T10:00:00,1001,SKU015,household,grocery,25,16
2026-05-31T10:00:00,1002,SKU001,produce,produce,0,9
2026-05-31T10:00:00,1002,SKU002,produce,produce,16,10
2026-05-31T10:00:00,1002,SKU003,dairy,dairy,11,13
2026-05-31T10:00:00,1002,SKU004,dairy,dairy,12,9
2026-05-31T10:00:00,1002,SKU005,meat,meat,19,14
2026-05-31T10:00:00,1002,SKU006,meat,meat,13,11
2026-05-31T10:00:00,1002,SKU007,bakery,bakery,18,10
2026-05-31T10:00:00,1002,SKU008,bakery,bakery,14,9
2026-05-31T10:00:00,1002,SKU009,beverages,grocery,21,18
2026-05-31T10:00:00,1002,SKU010,beverages,grocery,17,14
2026-05-31T10:00:00,1002,SKU011,frozen,frozen,26,18
2026-05-31T10:00:00,1002,SKU012,frozen,frozen,24,16
2026-05-31T10:00:00,1002,SKU013,grocery,grocery,28,16
2026-05-31T10:00:00,1002,SKU014,grocery,grocery,25,17
2026-05-31T10:00:00,1002,SKU015,household,grocery,24,20
2026-05-31T10:00:00,1003,SKU001,produce,produce,0,9
2026-05-31T10:00:00,1003,SKU002,produce,produce,11,13
2026-05-31T10:00:00,1003,SKU003,dairy,dairy,12,8
2026-05-31T10:00:00,1003,SKU004,dairy,dairy,13,10
2026-05-31T10:00:00,1003,SKU005,meat,meat,15,11
2026-05-31T10:00:00,1003,SKU006,meat,meat,17,14
2026-05-31T10:00:00,1003,SKU007,bakery,bakery,15,11
2026-05-31T10:00:00,1003,SKU008,bakery,bakery,20,11
2026-05-31T10:00:00,1003,SKU009,beverages,grocery,20,14
2026-05-31T10:00:00,1003,SKU010,beverages,grocery,17,8
2026-05-31T10:00:00,1003,SKU011,frozen,frozen,26,14
2026-05-31T10:00:00,1003,SKU012,frozen,frozen,23,17
2026-05-31T10:00:00,1003,SKU013,grocery,grocery,26,14
2026-05-31T10:00:00,1003,SKU014,grocery,grocery,31,17
2026-05-31T10:00:00,1003,SKU015,household,grocery,25,16
2026-05-31T11:00:00,1001,SKU001,produce,produce,0,14
2026-05-31T11:00:00,1001,SKU002,produce,produce,11,14
2026-05-31T11:00:00,1001,SKU003,dairy,dairy,11,12
2026-05-31T11:00:00,1001,SKU004,dairy,dairy,13,11
2026-05-31T11:00:00,1001,SKU005,meat,meat,10,9
2026-05-31T11:00:00,1001,SKU006,meat,meat,12,11
2026-05-31T11:00:00,1001,SKU007,bakery,bakery,15,10
2026-05-31T11:00:00,1001,SKU008,bakery,bakery,15,12
2026-05-31T11:00:00,1001,SKU009,beverages,grocery,18,20
2026-05-31T11:00:00,1001,SKU010,beverages,grocery,13,11
2026-05-31T11:00:00,1001,SKU011,frozen,frozen,23,20
2026-05-31T11:00:00,1001,SKU012,frozen,frozen,23,20
2026-05-31T11:00:00,1001,SKU013,grocery,grocery,27,18
2026-05-31T11:00:00,1001,SKU014,grocery,grocery,28,19
2026-05-31T11:00:00,1001,SKU015,household,grocery,31,19
2026-05-31T11:00:00,1002,SKU001,produce,produce,0,11
2026-05-31T11:00:00,1002,SKU002,produce,produce,7,9
2026-05-31T11:00:00,1002,SKU003,dairy,dairy,6,10
2026-05-31T11:00:00,1002,SKU004,dairy,dairy,14,14
2026-05-31T11:00:00,1002,SKU005,meat,meat,16,13
2026-05-31T11:00:00,1002,SKU006,meat,meat,19,11
2026-05-31T11:00:00,1002,SKU007,bakery,bakery,12,11
2026-05-31T11:00:00,1002,SKU008,bakery,bakery,14,12
2026-05-31T11:00:00,1002,SKU009,beverages,grocery,26,20
2026-05-31T11:00:00,1002,SKU010,beverages,grocery,15,8
2026-05-31T11:00:00,1002,SKU011,frozen,frozen,26,17
2026-05-31T11:00:00,1002,SKU012,frozen,frozen,28,16
2026-05-31T11:00:00,1002,SKU013,grocery,grocery,25,14
2026-05-31T11:00:00,1002,SKU014,grocery,grocery,30,19
2026-05-31T11:00:00,1002,SKU015,household,grocery,30,19
2026-05-31T11:00:00,1003,SKU001,produce,produce,0,9
2026-05-31T11:00:00,1003,SKU002,produce,produce,14,8
2026-05-31T11:00:00,1003,SKU003,dairy,dairy,7,10
2026-05-31T11:00:00,1003,SKU004,dairy,dairy,13,13
2026-05-31T11:00:00,1003,SKU005,meat,meat,18,11
2026-05-31T11:00:00,1003,SKU006,meat,meat,18,11
2026-05-31T11:00:00,1003,SKU007,bakery,bakery,12,10
2026-05-31T11:00:00,1003,SKU008,bakery,bakery,14,9
2026-05-31T11:00:00,1003,SKU009,beverages,grocery,26,17
2026-05-31T11:00:00,1003,SKU010,beverages,grocery,19,14
2026-05-31T11:00:00,1003,SKU011,frozen,frozen,26,18
2026-05-31T11:00:00,1003,SKU012,frozen,frozen,22,17
2026-05-31T11:00:00,1003,SKU013,grocery,grocery,23,20
2026-05-31T11:00:00,1003,SKU014,grocery,grocery,27,18
2026-05-31T11:00:00,1003,SKU015,household,grocery,32,17
2026-05-31T12:00:00,1001,SKU001,produce,produce,0,9
2026-05-31T12:00:00,1001,SKU002,produce,produce,6,13
2026-05-31T12:00:00,1001,SKU003,dairy,dairy,8,14
2026-05-31T12:00:00,1001,SKU004,dairy,dairy,14,14
2026-05-31T12:00:00,1001,SKU005,meat,meat,12,10
2026-05-31T12:00:00,1001,SKU006,meat,meat,10,10
2026-05-31T12:00:00,1001,SKU007,bakery,bakery,10,13
2026-05-31T12:00:00,1001,SKU008,bakery,bakery,19,14
2026-05-31T12:00:00,1001,SKU009,beverages,grocery,19,17
2026-05-31T12:00:00,1001,SKU010,beverages,grocery,14,12
2026-05-31T12:00:00,1001,SKU011,frozen,frozen,24,19
2026-05-31T12:00:00,1001,SKU012,frozen,frozen,23,16
2026-05-31T12:00:00,1001,SKU013,grocery,grocery,29,17
2026-05-31T12:00:00,1001,SKU014,grocery,grocery,27,20
2026-05-31T12:00:00,1001,SKU015,household,grocery,24,16
2026-05-31T12:00:00,1002,SKU001,produce,produce,0,13
2026-05-31T12:00:00,1002,SKU002,produce,produce,11,11
2026-05-31T12:00:00,1002,SKU003,dairy,dairy,10,8
2026-05-31T12:00:00,1002,SKU004,dairy,dairy,16,12
2026-05-31T12:00:00,1002,SKU005,meat,meat,16,11
2026-05-31T12:00:00,1002,SKU006,meat,meat,15,10
2026-05-31T12:00:00,1002,SKU007,bakery,bakery,14,9
2026-05-31T12:00:00,1002,SKU008,bakery,bakery,17,14
2026-05-31T12:00:00,1002,SKU009,beverages,grocery,18,18
2026-05-31T12:00:00,1002,SKU010,beverages,grocery,11,9
2026-05-31T12:00:00,1002,SKU011,frozen,frozen,26,16
2026-05-31T12:00:00,1002,SKU012,frozen,frozen,24,20
2026-05-31T12:00:00,1002,SKU013,grocery,grocery,24,17
2026-05-31T12:00:00,1002,SKU014,grocery,grocery,26,20
2026-05-31T12:00:00,1002,SKU015,household,grocery,30,19
2026-05-31T12:00:00,1003,SKU001,produce,produce,0,11
2026-05-31T12:00:00,1003,SKU002,produce,produce,9,9
2026-05-31T12:00:00,1003,SKU003,dairy,dairy,3,13
2026-05-31T12:00:00,1003,SKU004,dairy,dairy,11,9
2026-05-31T12:00:00,1003,SKU005,meat,meat,11,11
2026-05-31T12:00:00,1003,SKU006,meat,meat,11,8
2026-05-31T12:00:00,1003,SKU007,bakery,bakery,11,14
2026-05-31T12:00:00,1003,SKU008,bakery,bakery,18,14
2026-05-31T12:00:00,1003,SKU009,beverages,grocery,22,19
2026-05-31T12:00:00,1003,SKU010,beverages,grocery,18,11
2026-05-31T12:00:00,1003,SKU011,frozen,frozen,19,17
2026-05-31T12:00:00,1003,SKU012,frozen,frozen,23,17
2026-05-31T12:00:00,1003,SKU013,grocery,grocery,24,14
2026-05-31T12:00:00,1003,SKU014,grocery,grocery,27,15
2026-05-31T12:00:00,1003,SKU015,household,grocery,32,16
2026-05-31T13:00:00,1001,SKU001,produce,produce,0,10
2026-05-31T13:00:00,1001,SKU002,produce,produce,8,14
2026-05-31T13:00:00,1001,SKU003,dairy,dairy,10,11
2026-05-31T13:00:00,1001,SKU004,dairy,dairy,16,9
2026-05-31T13:00:00,1001,SKU005,meat,meat,8,10
2026-05-31T13:00:00,1001,SKU006,meat,meat,11,8
2026-05-31T13:00:00,1001,SKU007,bakery,bakery,15,12
2026-05-31T13:00:00,1001,SKU008,bakery,bakery,11,9
2026-05-31T13:00:00,1001,SKU009,beverages,grocery,18,15
2026-05-31T13:00:00,1001,SKU010,beverages,grocery,10,9
2026-05-31T13:00:00,1001,SKU011,frozen,frozen,24,18
2026-05-31T13:00:00,1001,SKU012,frozen,frozen,29,14
2026-05-31T13:00:00,1001,SKU013,grocery,grocery,23,16
2026-05-31T13:00:00,1001,SKU014,grocery,grocery,24,19
2026-05-31T13:00:00,1001,SKU015,household,grocery,30,16
2026-05-31T13:00:00,1002,SKU001,produce,produce,0,14
2026-05-31T13:00:00,1002,SKU002,produce,produce,5,8
2026-05-31T13:00:00,1002,SKU003,dairy,dairy,8,12
2026-05-31T13:00:00,1002,SKU004,dairy,dairy,8,14
2026-05-31T13:00:00,1002,SKU005,meat,meat,9,11
2026-05-31T13:00:00,1002,SKU006,meat,meat,16,14
2026-05-31T13:00:00,1002,SKU007,bakery,bakery,9,9
2026-05-31T13:00:00,1002,SKU008,bakery,bakery,12,11
2026-05-31T13:00:00,1002,SKU009,beverages,grocery,19,17
2026-05-31T13:00:00,1002,SKU010,beverages,grocery,10,10
2026-05-31T13:00:00,1002,SKU011,frozen,frozen,18,14
2026-05-31T13:00:00,1002,SKU012,frozen,frozen,25,18
2026-05-31T13:00:00,1002,SKU013,grocery,grocery,25,15
2026-05-31T13:00:00,1002,SKU014,grocery,grocery,24,17
2026-05-31T13:00:00,1002,SKU015,household,grocery,31,15
2026-05-31T13:00:00,1003,SKU001,produce,produce,0,10
2026-05-31T13:00:00,1003,SKU002,produce,produce,10,12
2026-05-31T13:00:00,1003,SKU003,dairy,dairy,5,14
2026-05-31T13:00:00,1003,SKU004,dairy,dairy,9,14
2026-05-31T13:00:00,1003,SKU005,meat,meat,15,9
2026-05-31T13:00:00,1003,SKU006,meat,meat,13,14
2026-05-31T13:00:00,1003,SKU007,bakery,bakery,16,11
2026-05-31T13:00:00,1003,SKU008,bakery,bakery,14,12
2026-05-31T13:00:00,1003,SKU009,beverages,grocery,16,18
2026-05-31T13:00:00,1003,SKU010,beverages,grocery,13,12
2026-05-31T13:00:00,1003,SKU011,frozen,frozen,18,19
2026-05-31T13:00:00,1003,SKU012,frozen,frozen,27,20
2026-05-31T13:00:00,1003,SKU013,grocery,grocery,27,16
2026-05-31T13:00:00,1003,SKU014,grocery,grocery,22,15
2026-05-31T13:00:00,1003,SKU015,household,grocery,29,18
2026-05-31T14:00:00,1001,SKU001,produce,produce,0,10
2026-05-31T14:00:00,1001,SKU002,produce,produce,4,13
2026-05-31T14:00:00,1001,SKU003,dairy,dairy,4,13
2026-05-31T14:00:00,1001,SKU004,dairy,dairy,10,9
2026-05-31T14:00:00,1001,SKU005,meat,meat,14,13
2026-05-31T14:00:00,1001,SKU006,meat,meat,11,14
2026-05-31T14:00:00,1001,SKU007,bakery,bakery,15,9
2026-05-31T14:00:00,1001,SKU008,bakery,bakery,18,14
2026-05-31T14:00:00,1001,SKU009,beverages,grocery,17,15
2026-05-31T14:00:00,1001,SKU010,beverages,grocery,10,14
2026-05-31T14:00:00,1001,SKU011,frozen,frozen,23,15
2026-05-31T14:00:00,1001,SKU012,frozen,frozen,26,19
2026-05-31T14:00:00,1001,SKU013,grocery,grocery,21,16
2026-05-31T14:00:00,1001,SKU014,grocery,grocery,28,14
2026-05-31T14:00:00,1001,SKU015,household,grocery,25,20
2026-05-31T14:00:00,1002,SKU001,produce,produce,0,13
2026-05-31T14:00:00,1002,SKU002,produce,produce,9,11
2026-05-31T14:00:00,1002,SKU003,dairy,dairy,7,13
2026-05-31T14:00:00,1002,SKU004,dairy,dairy,12,14
2026-05-31T14:00:00,1002,SKU005,meat,meat,9,11
2026-05-31T14:00:00,1002,SKU006,meat,meat,11,12
2026-05-31T14:00:00,1002,SKU007,bakery,bakery,12,10
2026-05-31T14:00:00,1002,SKU008,bakery,bakery,13,12
2026-05-31T14:00:00,1002,SKU009,beverages,grocery,23,16
2026-05-31T14:00:00,1002,SKU010,beverages,grocery,14,8
2026-05-31T14:00:00,1002,SKU011,frozen,frozen,24,19
2026-05-31T14:00:00,1002,SKU012,frozen,frozen,21,18
2026-05-31T14:00:00,1002,SKU013,grocery,grocery,29,17
2026-05-31T14:00:00,1002,SKU014,grocery,grocery,26,20
2026-05-31T14:00:00,1002,SKU015,household,grocery,23,17
2026-05-31T14:00:00,1003,SKU001,produce,produce,0,10
2026-05-31T14:00:00,1003,SKU002,produce,produce,9,14
2026-05-31T14:00:00,1003,SKU003,dairy,dairy,1,9
2026-05-31T14:00:00,1003,SKU004,dairy,dairy,7,12
2026-05-31T14:00:00,1003,SKU005,meat,meat,7,13
2026-05-31T14:00:00,1003,SKU006,meat,meat,10,12
2026-05-31T14:00:00,1003,SKU007,bakery,bakery,10,12
2026-05-31T14:00:00,1003,SKU008,bakery,bakery,10,9
2026-05-31T14:00:00,1003,SKU009,beverages,grocery,18,20
2026-05-31T14:00:00,1003,SKU010,beverages,grocery,10,10
2026-05-31T14:00:00,1003,SKU011,frozen,frozen,21,20
2026-05-31T14:00:00,1003,SKU012,frozen,frozen,24,18
2026-05-31T14:00:00,1003,SKU013,grocery,grocery,21,16
2026-05-31T14:00:00,1003,SKU014,grocery,grocery,26,18
2026-05-31T14:00:00,1003,SKU015,household,grocery,23,18
2026-05-31T15:00:00,1001,SKU001,produce,produce,0,9
2026-05-31T15:00:00,1001,SKU002,produce,produce,3,10
2026-05-31T15:00:00,1001,SKU003,dairy,dairy,3,9
2026-05-31T15:00:00,1001,SKU004,dairy,dairy,9,9
2026-05-31T15:00:00,1001,SKU005,meat,meat,6,9
2026-05-31T15:00:00,1001,SKU006,meat,meat,11,10
2026-05-31T15:00:00,1001,SKU007,bakery,bakery,8,8
2026-05-31T15:00:00,1001,SKU008,bakery,bakery,12,14
2026-05-31T15:00:00,1001,SKU009,beverages,grocery,20,19
2026-05-31T15:00:00,1001,SKU010,beverages,grocery,13,10
2026-05-31T15:00:00,1001,SKU011,frozen,frozen,17,14
2026-05-31T15:00:00,1001,SKU012,frozen,frozen,23,16
2026-05-31T15:00:00,1001,SKU013,grocery,grocery,25,16
2026-05-31T15:00:00,1001,SKU014,grocery,grocery,21,15
2026-05-31T15:00:00,1001,SKU015,household,grocery,29,18
2026-05-31T15:00:00,1002,SKU001,produce,produce,0,14
2026-05-31T15:00:00,1002,SKU002,produce,produce,9,14
2026-05-31T15:00:00,1002,SKU003,dairy,dairy,8,10
2026-05-31T15:00:00,1002,SKU004,dairy,dairy,9,12
2026-05-31T15:00:00,1002,SKU005,meat,meat,9,14
2026-05-31T15:00:00,1002,SKU006,meat,meat,11,9
2026-05-31T15:00:00,1002,SKU007,bakery,bakery,9,10
2026-05-31T15:00:00,1002,SKU008,bakery,bakery,13,11
2026-05-31T15:00:00,1002,SKU009,beverages,grocery,17,18
2026-05-31T15:00:00,1002,SKU010,beverages,grocery,14,9
2026-05-31T15:00:00,1002,SKU011,frozen,frozen,17,20
2026-05-31T15:00:00,1002,SKU012,frozen,frozen,28,14
2026-05-31T15:00:00,1002,SKU013,grocery,grocery,26,18
2026-05-31T15:00:00,1002,SKU014,grocery,grocery,29,19
2026-05-31T15:00:00,1002,SKU015,household,grocery,26,14
2026-05-31T15:00:00,1003,SKU001,produce,produce,0,14
2026-05-31T15:00:00,1003,SKU002,produce,produce,5,14
2026-05-31T15:00:00,1003,SKU003,dairy,dairy,4,8
2026-05-31T15:00:00,1003,SKU004,dairy,dairy,8,12
2026-05-31T15:00:00,1003,SKU005,meat,meat,6,11
2026-05-31T15:00:00,1003,SKU006,meat,meat,13,14
2026-05-31T15:00:00,1003,SKU007,bakery,bakery,13,10
2026-05-31T15:00:00,1003,SKU008,bakery,bakery,12,8
2026-05-31T15:00:00,1003,SKU009,beverages,grocery,16,15
2026-05-31T15:00:00,1003,SKU010,beverages,grocery,11,11
2026-05-31T15:00:00,1003,SKU011,frozen,frozen,23,15
2026-05-31T15:00:00,1003,SKU012,frozen,frozen,21,17
2026-05-31T15:00:00,1003,SKU013,grocery,grocery,28,16
2026-05-31T15:00:00,1003,SKU014,grocery,grocery,26,16
2026-05-31T15:00:00,1003,SKU015,household,grocery,25,14
2026-05-31T16:00:00,1001,SKU001,produce,produce,0,11
2026-05-31T16:00:00,1001,SKU002,produce,produce,2,12
2026-05-31T16:00:00,1001,SKU003,dairy,dairy,2,13
2026-05-31T16:00:00,1001,SKU004,dairy,dairy,6,12
2026-05-31T16:00:00,1001,SKU005,meat,meat,8,11
2026-05-31T16:00:00,1001,SKU006,meat,meat,12,12
2026-05-31T16:00:00,1001,SKU007,bakery,bakery,7,12
2026-05-31T16:00:00,1001,SKU008,bakery,bakery,11,9
2026-05-31T16:00:00,1001,SKU009,beverages,grocery,21,17
2026-05-31T16:00:00,1001,SKU010,beverages,grocery,9,13
2026-05-31T16:00:00,1001,SKU011,frozen,frozen,19,14
2026-05-31T16:00:00,1001,SKU012,frozen,frozen,27,16
2026-05-31T16:00:00,1001,SKU013,grocery,grocery,23,19
2026-05-31T16:00:00,1001,SKU014,grocery,grocery,27,15
2026-05-31T16:00:00,1001,SKU015,household,grocery,29,20
2026-05-31T16:00:00,1002,SKU001,produce,produce,0,11
2026-05-31T16:00:00,1002,SKU002,produce,produce,5,9
2026-05-31T16:00:00,1002,SKU003,dairy,dairy,6,13
2026-05-31T16:00:00,1002,SKU004,dairy,dairy,11,10
2026-05-31T16:00:00,1002,SKU005,meat,meat,11,8
2026-05-31T16:00:00,1002,SKU006,meat,meat,9,13
2026-05-31T16:00:00,1002,SKU007,bakery,bakery,6,12
2026-05-31T16:00:00,1002,SKU008,bakery,bakery,15,8
2026-05-31T16:00:00,1002,SKU009,beverages,grocery,22,20
2026-05-31T16:00:00,1002,SKU010,beverages,grocery,11,8
2026-05-31T16:00:00,1002,SKU011,frozen,frozen,16,18
2026-05-31T16:00:00,1002,SKU012,frozen,frozen,22,19
2026-05-31T16:00:00,1002,SKU013,grocery,grocery,28,16
2026-05-31T16:00:00,1002,SKU014,grocery,grocery,26,20
2026-05-31T16:00:00,1002,SKU015,household,grocery,25,16
2026-05-31T16:00:00,1003,SKU001,produce,produce,0,9
2026-05-31T16:00:00,1003,SKU002,produce,produce,2,13
2026-05-31T16:00:00,1003,SKU003,dairy,dairy,0,8
2026-05-31T16:00:00,1003,SKU004,dairy,dairy,10,13
2026-05-31T16:00:00,1003,SKU005,meat,meat,8,14
2026-05-31T16:00:00,1003,SKU006,meat,meat,12,10
2026-05-31T16:00:00,1003,SKU007,bakery,bakery,6,10
2026-05-31T16:00:00,1003,SKU008,bakery,bakery,10,10
2026-05-31T16:00:00,1003,SKU009,beverages,grocery,18,19
2026-05-31T16:00:00,1003,SKU010,beverages,grocery,10,8
2026-05-31T16:00:00,1003,SKU011,frozen,frozen,17,16
2026-05-31T16:00:00,1003,SKU012,frozen,frozen,23,19
2026-05-31T16:00:00,1003,SKU013,grocery,grocery,20,18
2026-05-31T16:00:00,1003,SKU014,grocery,grocery,28,17
2026-05-31T16:00:00,1003,SKU015,household,grocery,30,19
2026-05-31T17:00:00,1001,SKU001,produce,produce,0,10
2026-05-31T17:00:00,1001,SKU002,produce,produce,6,12
2026-05-31T17:00:00,1001,SKU003,dairy,dairy,0,10
2026-05-31T17:00:00,1001,SKU004,dairy,dairy,8,14
2026-05-31T17:00:00,1001,SKU005,meat,meat,7,9
2026-05-31T17:00:00,1001,SKU006,meat,meat,7,12
2026-05-31T17:00:00,1001,SKU007,bakery,bakery,13,9
2026-05-31T17:00:00,1001,SKU008,bakery,bakery,12,13
2026-05-31T17:00:00,1001,SKU009,beverages,grocery,19,19
2026-05-31T17:00:00,1001,SKU010,beverages,grocery,15,14
2026-05-31T17:00:00,1001,SKU011,frozen,frozen,17,18
2026-05-31T17:00:00,1001,SKU012,frozen,frozen,21,19
2026-05-31T17:00:00,1001,SKU013,grocery,grocery,20,16
2026-05-31T17:00:00,1001,SKU014,grocery,grocery,28,17
2026-05-31T17:00:00,1001,SKU015,household,grocery,30,14
2026-05-31T17:00:00,1002,SKU001,produce,produce,0,11
2026-05-31T17:00:00,1002,SKU002,produce,produce,5,14
2026-05-31T17:00:00,1002,SKU003,dairy,dairy,0,9
2026-05-31T17:00:00,1002,SKU004,dairy,dairy,7,14
2026-05-31T17:00:00,1002,SKU005,meat,meat,7,12
2026-05-31T17:00:00,1002,SKU006,meat,meat,14,11
2026-05-31T17:00:00,1002,SKU007,bakery,bakery,10,8
2026-05-31T17:00:00,1002,SKU008,bakery,bakery,13,14
2026-05-31T17:00:00,1002,SKU009,beverages,grocery,14,15
2026-05-31T17:00:00,1002,SKU010,beverages,grocery,12,11
2026-05-31T17:00:00,1002,SKU011,frozen,frozen,24,19
2026-05-31T17:00:00,1002,SKU012,frozen,frozen,23,17
2026-05-31T17:00:00,1002,SKU013,grocery,grocery,24,14
2026-05-31T17:00:00,1002,SKU014,grocery,grocery,28,16
2026-05-31T17:00:00,1002,SKU015,household,grocery,31,20
2026-05-31T17:00:00,1003,SKU001,produce,produce,0,13
2026-05-31T17:00:00,1003,SKU002,produce,produce,7,12
2026-05-31T17:00:00,1003,SKU003,dairy,dairy,0,14
2026-05-31T17:00:00,1003,SKU004,dairy,dairy,12,9
2026-05-31T17:00:00,1003,SKU005,meat,meat,10,13
2026-05-31T17:00:00,1003,SKU006,meat,meat,12,13
2026-05-31T17:00:00,1003,SKU007,bakery,bakery,12,9
2026-05-31T17:00:00,1003,SKU008,bakery,bakery,14,14
2026-05-31T17:00:00,1003,SKU009,beverages,grocery,16,14
2026-05-31T17:00:00,1003,SKU010,beverages,grocery,15,10
2026-05-31T17:00:00,1003,SKU011,frozen,frozen,22,17
2026-05-31T17:00:00,1003,SKU012,frozen,frozen,21,19
2026-05-31T17:00:00,1003,SKU013,grocery,grocery,22,16
2026-05-31T17:00:00,1003,SKU014,grocery,grocery,24,15
2026-05-31T17:00:00,1003,SKU015,household,grocery,28,19
2026-05-31T18:00:00,1001,SKU001,produce,produce,0,8
2026-05-31T18:00:00,1001,SKU002,produce,produce,3,9
2026-05-31T18:00:00,1001,SKU003,dairy,dairy,4,9
2026-05-31T18:00:00,1001,SKU004,dairy,dairy,5,9
2026-05-31T18:00:00,1001,SKU005,meat,meat,9,8
2026-05-31T18:00:00,1001,SKU006,meat,meat,6,12
2026-05-31T18:00:00,1001,SKU007,bakery,bakery,7,10
2026-05-31T18:00:00,1001,SKU008,bakery,bakery,14,9
2026-05-31T18:00:00,1001,SKU009,beverages,grocery,17,17
2026-05-31T18:00:00,1001,SKU010,beverages,grocery,8,12
2026-05-31T18:00:00,1001,SKU011,frozen,frozen,21,15
2026-05-31T18:00:00,1001,SKU012,frozen,frozen,23,15
2026-05-31T18:00:00,1001,SKU013,grocery,grocery,20,14
2026-05-31T18:00:00,1001,SKU014,grocery,grocery,22,20
2026-05-31T18:00:00,1001,SKU015,household,grocery,24,15
2026-05-31T18:00:00,1002,SKU001,produce,produce,0,8
2026-05-31T18:00:00,1002,SKU002,produce,produce,1,12
2026-05-31T18:00:00,1002,SKU003,dairy,dairy,0,12
2026-05-31T18:00:00,1002,SKU004,dairy,dairy,3,14
2026-05-31T18:00:00,1002,SKU005,meat,meat,4,12
2026-05-31T18:00:00,1002,SKU006,meat,meat,11,11
2026-05-31T18:00:00,1002,SKU007,bakery,bakery,7,14
2026-05-31T18:00:00,1002,SKU008,bakery,bakery,15,8
2026-05-31T18:00:00,1002,SKU009,beverages,grocery,15,17
2026-05-31T18:00:00,1002,SKU010,beverages,grocery,12,8
2026-05-31T18:00:00,1002,SKU011,frozen,frozen,19,20
2026-05-31T18:00:00,1002,SKU012,frozen,frozen,24,20
2026-05-31T18:00:00,1002,SKU013,grocery,grocery,20,18
2026-05-31T18:00:00,1002,SKU014,grocery,grocery,25,17
2026-05-31T18:00:00,1002,SKU015,household,grocery,25,15
2026-05-31T18:00:00,1003,SKU001,produce,produce,0,11
2026-05-31T18:00:00,1003,SKU002,produce,produce,1,13
2026-05-31T18:00:00,1003,SKU003,dairy,dairy,0,8
2026-05-31T18:00:00,1003,SKU004,dairy,dairy,6,12
2026-05-31T18:00:00,1003,SKU005,meat,meat,5,8
2026-05-31T18:00:00,1003,SKU006,meat,meat,6,12
2026-05-31T18:00:00,1003,SKU007,bakery,bakery,8,9
2026-05-31T18:00:00,1003,SKU008,bakery,bakery,13,14
2026-05-31T18:00:00,1003,SKU009,beverages,grocery,16,18
2026-05-31T18:00:00,1003,SKU010,beverages,grocery,8,9
2026-05-31T18:00:00,1003,SKU011,frozen,frozen,17,16
2026-05-31T18:00:00,1003,SKU012,frozen,frozen,26,14
2026-05-31T18:00:00,1003,SKU013,grocery,grocery,21,18
2026-05-31T18:00:00,1003,SKU014,grocery,grocery,23,17
2026-05-31T18:00:00,1003,SKU015,household,grocery,22,19
2026-05-31T19:00:00,1001,SKU001,produce,produce,0,11
2026-05-31T19:00:00,1001,SKU002,produce,produce,0,12
2026-05-31T19:00:00,1001,SKU003,dairy,dairy,0,11
2026-05-31T19:00:00,1001,SKU004,dairy,dairy,9,13
2026-05-31T19:00:00,1001,SKU005,meat,meat,3,10
2026-05-31T19:00:00,1001,SKU006,meat,meat,11,10
2026-05-31T19:00:00,1001,SKU007,bakery,bakery,10,8
2026-05-31T19:00:00,1001,SKU008,bakery,bakery,13,14
2026-05-31T19:00:00,1001,SKU009,beverages,grocery,13,17
2026-05-31T19:00:00,1001,SKU010,beverages,grocery,12,14
2026-05-31T19:00:00,1001,SKU011,frozen,frozen,17,17
2026-05-31T19:00:00,1001,SKU012,frozen,frozen,22,15
2026-05-31T19:00:00,1001,SKU013,grocery,grocery,27,19
2026-05-31T19:00:00,1001,SKU014,grocery,grocery,25,14
2026-05-31T19:00:00,1001,SKU015,household,grocery,22,18
2026-05-31T19:00:00,1002,SKU001,produce,produce,0,9
2026-05-31T19:00:00,1002,SKU002,produce,produce,3,9
2026-05-31T19:00:00,1002,SKU003,dairy,dairy,0,10
2026-05-31T19:00:00,1002,SKU004,dairy,dairy,8,8
2026-05-31T19:00:00,1002,SKU005,meat,meat,10,14
2026-05-31T19:00:00,1002,SKU006,meat,meat,11,13
2026-05-31T19:00:00,1002,SKU007,bakery,bakery,6,14
2026-05-31T19:00:00,1002,SKU008,bakery,bakery,10,13
2026-05-31T19:00:00,1002,SKU009,beverages,grocery,14,15
2026-05-31T19:00:00,1002,SKU010,beverages,grocery,9,14
2026-05-31T19:00:00,1002,SKU011,frozen,frozen,21,14
2026-05-31T19:00:00,1002,SKU012,frozen,frozen,18,19
2026-05-31T19:00:00,1002,SKU013,grocery,grocery,23,16
2026-05-31T19:00:00,1002,SKU014,grocery,grocery,21,17
2026-05-31T19:00:00,1002,SKU015,household,grocery,26,15
2026-05-31T19:00:00,1003,SKU001,produce,produce,0,13
2026-05-31T19:00:00,1003,SKU002,produce,produce,0,11
2026-05-31T19:00:00,1003,SKU003,dairy,dairy,0,10
2026-05-31T19:00:00,1003,SKU004,dairy,dairy,6,8
2026-05-31T19:00:00,1003,SKU005,meat,meat,6,11
2026-05-31T19:00:00,1003,SKU006,meat,meat,7,11
2026-05-31T19:00:00,1003,SKU007,bakery,bakery,11,13
2026-05-31T19:00:00,1003,SKU008,bakery,bakery,13,12
2026-05-31T19:00:00,1003,SKU009,beverages,grocery,18,17
2026-05-31T19:00:00,1003,SKU010,beverages,grocery,12,14
2026-05-31T19:00:00,1003,SKU011,frozen,frozen,15,17
2026-05-31T19:00:00,1003,SKU012,frozen,frozen,21,20
2026-05-31T19:00:00,1003,SKU013,grocery,grocery,23,18
2026-05-31T19:00:00,1003,SKU014,grocery,grocery,24,15
2026-05-31T19:00:00,1003,SKU015,household,grocery,22,20
2026-05-31T20:00:00,1001,SKU001,produce,produce,0,11
2026-05-31T20:00:00,1001,SKU002,produce,produce,0,11
2026-05-31T20:00:00,1001,SKU003,dairy,dairy,0,14
2026-05-31T20:00:00,1001,SKU004,dairy,dairy,6,8
2026-05-31T20:00:00,1001,SKU005,meat,meat,10,12
2026-05-31T20:00:00,1001,SKU006,meat,meat,11,8
2026-05-31T20:00:00,1001,SKU007,bakery,bakery,4,14
2026-05-31T20:00:00,1001,SKU008,bakery,bakery,14,12
2026-05-31T20:00:00,1001,SKU009,beverages,grocery,15,15
2026-05-31T20:00:00,1001,SKU010,beverages,grocery,9,13
2026-05-31T20:00:00,1001,SKU011,frozen,frozen,16,14
2026-05-31T20:00:00,1001,SKU012,frozen,frozen,20,16
2026-05-31T20:00:00,1001,SKU013,grocery,grocery,27,15
2026-05-31T20:00:00,1001,SKU014,grocery,grocery,26,16
2026-05-31T20:00:00,1001,SKU015,household,grocery,26,20
2026-05-31T20:00:00,1002,SKU001,produce,produce,0,8
2026-05-31T20:00:00,1002,SKU002,produce,produce,1,9
2026-05-31T20:00:00,1002,SKU003,dairy,dairy,0,10
2026-05-31T20:00:00,1002,SKU004,dairy,dairy,6,11
2026-05-31T20:00:00,1002,SKU005,meat,meat,7,14
2026-05-31T20:00:00,1002,SKU006,meat,meat,7,12
2026-05-31T20:00:00,1002,SKU007,bakery,bakery,9,12
2026-05-31T20:00:00,1002,SKU008,bakery,bakery,11,11
2026-05-31T20:00:00,1002,SKU009,beverages,grocery,12,15
2026-05-31T20:00:00,1002,SKU010,beverages,grocery,10,14
2026-05-31T20:00:00,1002,SKU011,frozen,frozen,18,20
2026-05-31T20:00:00,1002,SKU012,frozen,frozen,26,16
2026-05-31T20:00:00,1002,SKU013,grocery,grocery,22,17
2026-05-31T20:00:00,1002,SKU014,grocery,grocery,21,17
2026-05-31T20:00:00,1002,SKU015,household,grocery,30,18
2026-05-31T20:00:00,1003,SKU001,produce,produce,0,10
2026-05-31T20:00:00,1003,SKU002,produce,produce,1,9
2026-05-31T20:00:00,1003,SKU003,dairy,dairy,0,12
2026-05-31T20:00:00,1003,SKU004,dairy,dairy,7,13
2026-05-31T20:00:00,1003,SKU005,meat,meat,6,8
2026-05-31T20:00:00,1003,SKU006,meat,meat,4,8
2026-05-31T20:00:00,1003,SKU007,bakery,bakery,8,9
2026-05-31T20:00:00,1003,SKU008,bakery,bakery,15,14
2026-05-31T20:00:00,1003,SKU009,beverages,grocery,17,19
2026-05-31T20:00:00,1003,SKU010,beverages,grocery,10,11
2026-05-31T20:00:00,1003,SKU011,frozen,frozen,18,15
2026-05-31T20:00:00,1003,SKU012,frozen,frozen,19,17
2026-05-31T20:00:00,1003,SKU013,grocery,grocery,23,15
2026-05-31T20:00:00,1003,SKU014,grocery,grocery,24,20
2026-05-31T20:00:00,1003,SKU015,household,grocery,22,20
2026-05-31T21:00:00,1001,SKU001,produce,produce,0,12
2026-05-31T21:00:00,1001,SKU002,produce,produce,0,11
2026-05-31T21:00:00,1001,SKU003,dairy,dairy,0,8
2026-05-31T21:00:00,1001,SKU004,dairy,dairy,4,13
2026-05-31T21:00:00,1001,SKU005,meat,meat,7,8
2026-05-31T21:00:00,1001,SKU006,meat,meat,7,11
2026-05-31T21:00:00,1001,SKU007,bakery,bakery,8,13
2026-05-31T21:00:00,1001,SKU008,bakery,bakery,7,10
2026-05-31T21:00:00,1001,SKU009,beverages,grocery,14,17
2026-05-31T21:00:00,1001,SKU010,beverages,grocery,12,12
2026-05-31T21:00:00,1001,SKU011,frozen,frozen,18,16
2026-05-31T21:00:00,1001,SKU012,frozen,frozen,20,17
2026-05-31T21:00:00,1001,SKU013,grocery,grocery,18,17
2026-05-31T21:00:00,1001,SKU014,grocery,grocery,25,14
2026-05-31T21:00:00,1001,SKU015,household,grocery,30,20
2026-05-31T21:00:00,1002,SKU001,produce,produce,0,14
2026-05-31T21:00:00,1002,SKU002,produce,produce,0,11
2026-05-31T21:00:00,1002,SKU003,dairy,dairy,0,11
2026-05-31T21:00:00,1002,SKU004,dairy,dairy,7,9
2026-05-31T21:00:00,1002,SKU005,meat,meat,7,14
2026-05-31T21:00:00,1002,SKU006,meat,meat,6,11
2026-05-31T21:00:00,1002,SKU007,bakery,bakery,10,14
2026-05-31T21:00:00,1002,SKU008,bakery,bakery,7,10
2026-05-31T21:00:00,1002,SKU009,beverages,grocery,15,19
2026-05-31T21:00:00,1002,SKU010,beverages,grocery,5,12
2026-05-31T21:00:00,1002,SKU011,frozen,frozen,19,20
2026-05-31T21:00:00,1002,SKU012,frozen,frozen,25,19
2026-05-31T21:00:00,1002,SKU013,grocery,grocery,18,14
2026-05-31T21:00:00,1002,SKU014,grocery,grocery,21,17
2026-05-31T21:00:00,1002,SKU015,household,grocery,29,19
2026-05-31T21:00:00,1003,SKU001,produce,produce,0,12
2026-05-31T21:00:00,1003,SKU002,produce,produce,0,8
2026-05-31T21:00:00,1003,SKU003,dairy,dairy,0,10
2026-05-31T21:00:00,1003,SKU004,dairy,dairy,5,8
2026-05-31T21:00:00,1003,SKU005,meat,meat,8,13
2026-05-31T21:00:00,1003,SKU006,meat,meat,11,11
2026-05-31T21:00:00,1003,SKU007,bakery,bakery,2,10
2026-05-31T21:00:00,1003,SKU008,bakery,bakery,9,10
2026-05-31T21:00:00,1003,SKU009,beverages,grocery,17,20
2026-05-31T21:00:00,1003,SKU010,beverages,grocery,10,8
2026-05-31T21:00:00,1003,SKU011,frozen,frozen,19,14
2026-05-31T21:00:00,1003,SKU012,frozen,frozen,20,19
2026-05-31T21:00:00,1003,SKU013,grocery,grocery,21,17
2026-05-31T21:00:00,1003,SKU014,grocery,grocery,23,17
2026-05-31T21:00:00,1003,SKU015,household,grocery,30,15
2026-06-01T06:00:00,1001,SKU001,produce,produce,15,8
2026-06-01T06:00:00,1001,SKU002,produce,produce,20,11
2026-06-01T06:00:00,1001,SKU003,dairy,dairy,21,13
2026-06-01T06:00:00,1001,SKU004,dairy,dairy,18,8
2026-06-01T06:00:00,1001,SKU005,meat,meat,21,11
2026-06-01T06:00:00,1001,SKU006,meat,meat,16,12
2026-06-01T06:00:00,1001,SKU007,bakery,bakery,17,9
2026-06-01T06:00:00,1001,SKU008,bakery,bakery,17,11
2026-06-01T06:00:00,1001,SKU009,beverages,grocery,31,20
2026-06-01T06:00:00,1001,SKU010,beverages,grocery,22,12
2026-06-01T06:00:00,1001,SKU011,frozen,frozen,29,20
2026-06-01T06:00:00,1001,SKU012,frozen,frozen,26,18
2026-06-01T06:00:00,1001,SKU013,grocery,grocery,25,20
2026-06-01T06:00:00,1001,SKU014,grocery,grocery,33,17
2026-06-01T06:00:00,1001,SKU015,household,grocery,33,19
2026-06-01T06:00:00,1002,SKU001,produce,produce,20,11
2026-06-01T06:00:00,1002,SKU002,produce,produce,19,9
2026-06-01T06:00:00,1002,SKU003,dairy,dairy,22,14
2026-06-01T06:00:00,1002,SKU004,dairy,dairy,20,13
2026-06-01T06:00:00,1002,SKU005,meat,meat,15,11
2026-06-01T06:00:00,1002,SKU006,meat,meat,22,14
2026-06-01T06:00:00,1002,SKU007,bakery,bakery,18,12
2026-06-01T06:00:00,1002,SKU008,bakery,bakery,21,9
2026-06-01T06:00:00,1002,SKU009,beverages,grocery,29,19
2026-06-01T06:00:00,1002,SKU010,beverages,grocery,17,13
2026-06-01T06:00:00,1002,SKU011,frozen,frozen,33,19
2026-06-01T06:00:00,1002,SKU012,frozen,frozen,33,20
2026-06-01T06:00:00,1002,SKU013,grocery,grocery,32,17
2026-06-01T06:00:00,1002,SKU014,grocery,grocery,25,19
2026-06-01T06:00:00,1002,SKU015,household,grocery,30,20
2026-06-01T06:00:00,1003,SKU001,produce,produce,17,14
2026-06-01T06:00:00,1003,SKU002,produce,produce,14,14
2026-06-01T06:00:00,1003,SKU003,dairy,dairy,18,12
2026-06-01T06:00:00,1003,SKU004,dairy,dairy,17,9
2026-06-01T06:00:00,1003,SKU005,meat,meat,16,13
2026-06-01T06:00:00,1003,SKU006,meat,meat,22,8
2026-06-01T06:00:00,1003,SKU007,bakery,bakery,19,13
2026-06-01T06:00:00,1003,SKU008,bakery,bakery,23,11
2026-06-01T06:00:00,1003,SKU009,beverages,grocery,26,18
2026-06-01T06:00:00,1003,SKU010,beverages,grocery,21,13
2026-06-01T06:00:00,1003,SKU011,frozen,frozen,32,14
2026-06-01T06:00:00,1003,SKU012,frozen,frozen,31,17
2026-06-01T06:00:00,1003,SKU013,grocery,grocery,28,15
2026-06-01T06:00:00,1003,SKU014,grocery,grocery,25,20
2026-06-01T06:00:00,1003,SKU015,household,grocery,26,17
2026-06-01T07:00:00,1001,SKU001,produce,produce,10,12
2026-06-01T07:00:00,1001,SKU002,produce,produce,13,11
2026-06-01T07:00:00,1001,SKU003,dairy,dairy,16,14
2026-06-01T07:00:00,1001,SKU004,dairy,dairy,16,14
2026-06-01T07:00:00,1001,SKU005,meat,meat,22,14
2026-06-01T07:00:00,1001,SKU006,meat,meat,15,13
2026-06-01T07:00:00,1001,SKU007,bakery,bakery,22,9
2026-06-01T07:00:00,1001,SKU008,bakery,bakery,21,8
2026-06-01T07:00:00,1001,SKU009,beverages,grocery,32,15
2026-06-01T07:00:00,1001,SKU010,beverages,grocery,20,13
2026-06-01T07:00:00,1001,SKU011,frozen,frozen,30,20
2026-06-01T07:00:00,1001,SKU012,frozen,frozen,27,20
2026-06-01T07:00:00,1001,SKU013,grocery,grocery,28,17
2026-06-01T07:00:00,1001,SKU014,grocery,grocery,26,17
2026-06-01T07:00:00,1001,SKU015,household,grocery,25,18
2026-06-01T07:00:00,1002,SKU001,produce,produce,14,14
2026-06-01T07:00:00,1002,SKU002,produce,produce,17,12
2026-06-01T07:00:00,1002,SKU003,dairy,dairy,17,9
2026-06-01T07:00:00,1002,SKU004,dairy,dairy,20,12
2026-06-01T07:00:00,1002,SKU005,meat,meat,18,9
2026-06-01T07:00:00,1002,SKU006,meat,meat,14,9
2026-06-01T07:00:00,1002,SKU007,bakery,bakery,22,13
2026-06-01T07:00:00,1002,SKU008,bakery,bakery,17,8
2026-06-01T07:00:00,1002,SKU009,beverages,grocery,27,16
2026-06-01T07:00:00,1002,SKU010,beverages,grocery,18,13
2026-06-01T07:00:00,1002,SKU011,frozen,frozen,25,14
2026-06-01T07:00:00,1002,SKU012,frozen,frozen,28,16
2026-06-01T07:00:00,1002,SKU013,grocery,grocery,31,17
2026-06-01T07:00:00,1002,SKU014,grocery,grocery,25,17
2026-06-01T07:00:00,1002,SKU015,household,grocery,27,14
2026-06-01T07:00:00,1003,SKU001,produce,produce,13,14
2026-06-01T07:00:00,1003,SKU002,produce,produce,21,11
2026-06-01T07:00:00,1003,SKU003,dairy,dairy,16,8
2026-06-01T07:00:00,1003,SKU004,dairy,dairy,19,10
2026-06-01T07:00:00,1003,SKU005,meat,meat,22,9
2026-06-01T07:00:00,1003,SKU006,meat,meat,18,9
2026-06-01T07:00:00,1003,SKU007,bakery,bakery,22,12
2026-06-01T07:00:00,1003,SKU008,bakery,bakery,18,13
2026-06-01T07:00:00,1003,SKU009,beverages,grocery,27,20
2026-06-01T07:00:00,1003,SKU010,beverages,grocery,14,13
2026-06-01T07:00:00,1003,SKU011,frozen,frozen,27,20
2026-06-01T07:00:00,1003,SKU012,frozen,frozen,25,17
2026-06-01T07:00:00,1003,SKU013,grocery,grocery,33,14
2026-06-01T07:00:00,1003,SKU014,grocery,grocery,31,17
2026-06-01T07:00:00,1003,SKU015,household,grocery,33,20
2026-06-01T08:00:00,1001,SKU001,produce,produce,4,11
2026-06-01T08:00:00,1001,SKU002,produce,produce,17,13
2026-06-01T08:00:00,1001,SKU003,dairy,dairy,16,13
2026-06-01T08:00:00,1001,SKU004,dairy,dairy,16,13
2026-06-01T08:00:00,1001,SKU005,meat,meat,14,10
2026-06-01T08:00:00,1001,SKU006,meat,meat,21,12
2026-06-01T08:00:00,1001,SKU007,bakery,bakery,13,8
2026-06-01T08:00:00,1001,SKU008,bakery,bakery,20,13
2026-06-01T08:00:00,1001,SKU009,beverages,grocery,28,20
2026-06-01T08:00:00,1001,SKU010,beverages,grocery,15,14
2026-06-01T08:00:00,1001,SKU011,frozen,frozen,32,14
2026-06-01T08:00:00,1001,SKU012,frozen,frozen,29,14
2026-06-01T08:00:00,1001,SKU013,grocery,grocery,27,17
2026-06-01T08:00:00,1001,SKU014,grocery,grocery,24,14
2026-06-01T08:00:00,1001,SKU015,household,grocery,32,14
2026-06-01T08:00:00,1002,SKU001,produce,produce,6,11
2026-06-01T08:00:00,1002,SKU002,produce,produce,15,8
2026-06-01T08:00:00,1002,SKU003,dairy,dairy,19,8
2026-06-01T08:00:00,1002,SKU004,dairy,dairy,16,8
2026-06-01T08:00:00,1002,SKU005,meat,meat,21,13
2026-06-01T08:00:00,1002,SKU006,meat,meat,21,8
2026-06-01T08:00:00,1002,SKU007,bakery,bakery,21,13
2026-06-01T08:00:00,1002,SKU008,bakery,bakery,15,11
2026-06-01T08:00:00,1002,SKU009,beverages,grocery,26,17
2026-06-01T08:00:00,1002,SKU010,beverages,grocery,15,12
2026-06-01T08:00:00,1002,SKU011,frozen,frozen,26,18
2026-06-01T08:00:00,1002,SKU012,frozen,frozen,30,18
2026-06-01T08:00:00,1002,SKU013,grocery,grocery,26,19
2026-06-01T08:00:00,1002,SKU014,grocery,grocery,28,20
2026-06-01T08:00:00,1002,SKU015,household,grocery,29,20
2026-06-01T08:00:00,1003,SKU001,produce,produce,12,10
2026-06-01T08:00:00,1003,SKU002,produce,produce,11,13
2026-06-01T08:00:00,1003,SKU003,dairy,dairy,12,11
2026-06-01T08:00:00,1003,SKU004,dairy,dairy,15,12
2026-06-01T08:00:00,1003,SKU005,meat,meat,21,13
2026-06-01T08:00:00,1003,SKU006,meat,meat,18,12
2026-06-01T08:00:00,1003,SKU007,bakery,bakery,15,13
2026-06-01T08:00:00,1003,SKU008,bakery,bakery,21,13
2026-06-01T08:00:00,1003,SKU009,beverages,grocery,28,14
2026-06-01T08:00:00,1003,SKU010,beverages,grocery,14,11
2026-06-01T08:00:00,1003,SKU011,frozen,frozen,32,14
2026-06-01T08:00:00,1003,SKU012,frozen,frozen,30,18
2026-06-01T08:00:00,1003,SKU013,grocery,grocery,25,19
2026-06-01T08:00:00,1003,SKU014,grocery,grocery,30,20
2026-06-01T08:00:00,1003,SKU015,household,grocery,26,15
2026-06-01T09:00:00,1001,SKU001,produce,produce,8,11
2026-06-01T09:00:00,1001,SKU002,produce,produce,16,9
2026-06-01T09:00:00,1001,SKU003,dairy,dairy,11,12
2026-06-01T09:00:00,1001,SKU004,dairy,dairy,12,12
2026-06-01T09:00:00,1001,SKU005,meat,meat,14,14
2026-06-01T09:00:00,1001,SKU006,meat,meat,12,9
2026-06-01T09:00:00,1001,SKU007,bakery,bakery,13,11
2026-06-01T09:00:00,1001,SKU008,bakery,bakery,13,13
2026-06-01T09:00:00,1001,SKU009,beverages,grocery,25,17
2026-06-01T09:00:00,1001,SKU010,beverages,grocery,16,13
2026-06-01T09:00:00,1001,SKU011,frozen,frozen,28,16
2026-06-01T09:00:00,1001,SKU012,frozen,frozen,27,15
2026-06-01T09:00:00,1001,SKU013,grocery,grocery,29,20
2026-06-01T09:00:00,1001,SKU014,grocery,grocery,30,19
2026-06-01T09:00:00,1001,SKU015,household,grocery,27,19
2026-06-01T09:00:00,1002,SKU001,produce,produce,5,10
2026-06-01T09:00:00,1002,SKU002,produce,produce,18,13
2026-06-01T09:00:00,1002,SKU003,dairy,dairy,18,8
2026-06-01T09:00:00,1002,SKU004,dairy,dairy,13,9
2026-06-01T09:00:00,1002,SKU005,meat,meat,12,13
2026-06-01T09:00:00,1002,SKU006,meat,meat,16,14
2026-06-01T09:00:00,1002,SKU007,bakery,bakery,14,10
2026-06-01T09:00:00,1002,SKU008,bakery,bakery,15,13
2026-06-01T09:00:00,1002,SKU009,beverages,grocery,28,15
2026-06-01T09:00:00,1002,SKU010,beverages,grocery,19,12
2026-06-01T09:00:00,1002,SKU011,frozen,frozen,24,18
2026-06-01T09:00:00,1002,SKU012,frozen,frozen,24,15
2026-06-01T09:00:00,1002,SKU013,grocery,grocery,27,17
2026-06-01T09:00:00,1002,SKU014,grocery,grocery,29,15
2026-06-01T09:00:00,1002,SKU015,household,grocery,25,15
2026-06-01T09:00:00,1003,SKU001,produce,produce,9,10
2026-06-01T09:00:00,1003,SKU002,produce,produce,17,11
2026-06-01T09:00:00,1003,SKU003,dairy,dairy,11,9
2026-06-01T09:00:00,1003,SKU004,dairy,dairy,18,13
2026-06-01T09:00:00,1003,SKU005,meat,meat,19,8
2026-06-01T09:00:00,1003,SKU006,meat,meat,14,14
2026-06-01T09:00:00,1003,SKU007,bakery,bakery,16,9
2026-06-01T09:00:00,1003,SKU008,bakery,bakery,19,10
2026-06-01T09:00:00,1003,SKU009,beverages,grocery,25,20
2026-06-01T09:00:00,1003,SKU010,beverages,grocery,17,8
2026-06-01T09:00:00,1003,SKU011,frozen,frozen,29,16
2026-06-01T09:00:00,1003,SKU012,frozen,frozen,26,19
2026-06-01T09:00:00,1003,SKU013,grocery,grocery,30,16
2026-06-01T09:00:00,1003,SKU014,grocery,grocery,32,20
2026-06-01T09:00:00,1003,SKU015,household,grocery,26,19
2026-06-01T10:00:00,1001,SKU001,produce,produce,5,14
2026-06-01T10:00:00,1001,SKU002,produce,produce,15,14
2026-06-01T10:00:00,1001,SKU003,dairy,dairy,15,14
2026-06-01T10:00:00,1001,SKU004,dairy,dairy,15,13
2026-06-01T10:00:00,1001,SKU005,meat,meat,11,9
2026-06-01T10:00:00,1001,SKU006,meat,meat,18,14
2026-06-01T10:00:00,1001,SKU007,bakery,bakery,15,14
2026-06-01T10:00:00,1001,SKU008,bakery,bakery,21,12
2026-06-01T10:00:00,1001,SKU009,beverages,grocery,24,14
2026-06-01T10:00:00,1001,SKU010,beverages,grocery,17,14
2026-06-01T10:00:00,1001,SKU011,frozen,frozen,30,17
2026-06-01T10:00:00,1001,SKU012,frozen,frozen,26,18
2026-06-01T10:00:00,1001,SKU013,grocery,grocery,28,16
2026-06-01T10:00:00,1001,SKU014,grocery,grocery,29,17
2026-06-01T10:00:00,1001,SKU015,household,grocery,26,15
2026-06-01T10:00:00,1002,SKU001,produce,produce,0,9
2026-06-01T10:00:00,1002,SKU002,produce,produce,14,8
2026-06-01T10:00:00,1002,SKU003,dairy,dairy,16,11
2026-06-01T10:00:00,1002,SKU004,dairy,dairy,18,12
2026-06-01T10:00:00,1002,SKU005,meat,meat,19,11
2026-06-01T10:00:00,1002,SKU006,meat,meat,16,12
2026-06-01T10:00:00,1002,SKU007,bakery,bakery,12,9
2026-06-01T10:00:00,1002,SKU008,bakery,bakery,18,12
2026-06-01T10:00:00,1002,SKU009,beverages,grocery,26,18
2026-06-01T10:00:00,1002,SKU010,beverages,grocery,19,14
2026-06-01T10:00:00,1002,SKU011,frozen,frozen,25,15
2026-06-01T10:00:00,1002,SKU012,frozen,frozen,23,16
2026-06-01T10:00:00,1002,SKU013,grocery,grocery,25,18
2026-06-01T10:00:00,1002,SKU014,grocery,grocery,31,17
2026-06-01T10:00:00,1002,SKU015,household,grocery,26,15
2026-06-01T10:00:00,1003,SKU001,produce,produce,3,12
2026-06-01T10:00:00,1003,SKU002,produce,produce,10,8
2026-06-01T10:00:00,1003,SKU003,dairy,dairy,16,11
2026-06-01T10:00:00,1003,SKU004,dairy,dairy,17,8
2026-06-01T10:00:00,1003,SKU005,meat,meat,18,12
2026-06-01T10:00:00,1003,SKU006,meat,meat,18,9
2026-06-01T10:00:00,1003,SKU007,bakery,bakery,14,10
2026-06-01T10:00:00,1003,SKU008,bakery,bakery,19,12
2026-06-01T10:00:00,1003,SKU009,beverages,grocery,24,18
2026-06-01T10:00:00,1003,SKU010,beverages,grocery,20,9
2026-06-01T10:00:00,1003,SKU011,frozen,frozen,26,16
2026-06-01T10:00:00,1003,SKU012,frozen,frozen,31,19
2026-06-01T10:00:00,1003,SKU013,grocery,grocery,30,20
2026-06-01T10:00:00,1003,SKU014,grocery,grocery,29,18
2026-06-01T10:00:00,1003,SKU015,household,grocery,32,17
2026-06-01T11:00:00,1001,SKU001,produce,produce,0,11
2026-06-01T11:00:00,1001,SKU002,produce,produce,9,10
2026-06-01T11:00:00,1001,SKU003,dairy,dairy,14,8
2026-06-01T11:00:00,1001,SKU004,dairy,dairy,14,8
2026-06-01T11:00:00,1001,SKU005,meat,meat,13,10
2026-06-01T11:00:00,1001,SKU006,meat,meat,19,9
2026-06-01T11:00:00,1001,SKU007,bakery,bakery,10,12
2026-06-01T11:00:00,1001,SKU008,bakery,bakery,16,12
2026-06-01T11:00:00,1001,SKU009,beverages,grocery,25,14
2026-06-01T11:00:00,1001,SKU010,beverages,grocery,16,9
2026-06-01T11:00:00,1001,SKU011,frozen,frozen,31,19
2026-06-01T11:00:00,1001,SKU012,frozen,frozen,25,20
2026-06-01T11:00:00,1001,SKU013,grocery,grocery,24,15
2026-06-01T11:00:00,1001,SKU014,grocery,grocery,25,17
2026-06-01T11:00:00,1001,SKU015,household,grocery,24,14
2026-06-01T11:00:00,1002,SKU001,produce,produce,0,8
2026-06-01T11:00:00,1002,SKU002,produce,produce,11,10
2026-06-01T11:00:00,1002,SKU003,dairy,dairy,8,13
2026-06-01T11:00:00,1002,SKU004,dairy,dairy,17,11
2026-06-01T11:00:00,1002,SKU005,meat,meat,12,14
2026-06-01T11:00:00,1002,SKU006,meat,meat,12,14
2026-06-01T11:00:00,1002,SKU007,bakery,bakery,14,13
2026-06-01T11:00:00,1002,SKU008,bakery,bakery,15,14
2026-06-01T11:00:00,1002,SKU009,beverages,grocery,22,20
2026-06-01T11:00:00,1002,SKU010,beverages,grocery,15,13
2026-06-01T11:00:00,1002,SKU011,frozen,frozen,24,15
2026-06-01T11:00:00,1002,SKU012,frozen,frozen,26,14
2026-06-01T11:00:00,1002,SKU013,grocery,grocery,23,15
2026-06-01T11:00:00,1002,SKU014,grocery,grocery,31,20
2026-06-01T11:00:00,1002,SKU015,household,grocery,31,16
2026-06-01T11:00:00,1003,SKU001,produce,produce,0,13
2026-06-01T11:00:00,1003,SKU002,produce,produce,15,11
2026-06-01T11:00:00,1003,SKU003,dairy,dairy,10,8
2026-06-01T11:00:00,1003,SKU004,dairy,dairy,18,11
2026-06-01T11:00:00,1003,SKU005,meat,meat,15,14
2026-06-01T11:00:00,1003,SKU006,meat,meat,17,10
2026-06-01T11:00:00,1003,SKU007,bakery,bakery,12,13
2026-06-01T11:00:00,1003,SKU008,bakery,bakery,14,10
2026-06-01T11:00:00,1003,SKU009,beverages,grocery,22,16
2026-06-01T11:00:00,1003,SKU010,beverages,grocery,13,8
2026-06-01T11:00:00,1003,SKU011,frozen,frozen,31,15
2026-06-01T11:00:00,1003,SKU012,frozen,frozen,25,16
2026-06-01T11:00:00,1003,SKU013,grocery,grocery,26,14
2026-06-01T11:00:00,1003,SKU014,grocery,grocery,30,17
2026-06-01T11:00:00,1003,SKU015,household,grocery,30,18
2026-06-01T12:00:00,1001,SKU001,produce,produce,0,12
2026-06-01T12:00:00,1001,SKU002,produce,produce,10,12
2026-06-01T12:00:00,1001,SKU003,dairy,dairy,13,9
2026-06-01T12:00:00,1001,SKU004,dairy,dairy,17,14
2026-06-01T12:00:00,1001,SKU005,meat,meat,9,13
2026-06-01T12:00:00,1001,SKU006,meat,meat,15,11
2026-06-01T12:00:00,1001,SKU007,bakery,bakery,18,9
2026-06-01T12:00:00,1001,SKU008,bakery,bakery,11,8
2026-06-01T12:00:00,1001,SKU009,beverages,grocery,28,19
2026-06-01T12:00:00,1001,SKU010,beverages,grocery,16,9
2026-06-01T12:00:00,1001,SKU011,frozen,frozen,22,17
2026-06-01T12:00:00,1001,SKU012,frozen,frozen,28,17
2026-06-01T12:00:00,1001,SKU013,grocery,grocery,23,18
2026-06-01T12:00:00,1001,SKU014,grocery,grocery,29,18
2026-06-01T12:00:00,1001,SKU015,household,grocery,29,17
2026-06-01T12:00:00,1002,SKU001,produce,produce,0,14
2026-06-01T12:00:00,1002,SKU002,produce,produce,10,14
2026-06-01T12:00:00,1002,SKU003,dairy,dairy,7,10
2026-06-01T12:00:00,1002,SKU004,dairy,dairy,12,14
2026-06-01T12:00:00,1002,SKU005,meat,meat,13,11
2026-06-01T12:00:00,1002,SKU006,meat,meat,14,8
2026-06-01T12:00:00,1002,SKU007,bakery,bakery,12,10
2026-06-01T12:00:00,1002,SKU008,bakery,bakery,14,8
2026-06-01T12:00:00,1002,SKU009,beverages,grocery,24,17
2026-06-01T12:00:00,1002,SKU010,beverages,grocery,16,14
2026-06-01T12:00:00,1002,SKU011,frozen,frozen,28,14
2026-06-01T12:00:00,1002,SKU012,frozen,frozen,22,14
2026-06-01T12:00:00,1002,SKU013,grocery,grocery,29,17
2026-06-01T12:00:00,1002,SKU014,grocery,grocery,30,15
2026-06-01T12:00:00,1002,SKU015,household,grocery,26,14
2026-06-01T12:00:00,1003,SKU001,produce,produce,0,10
2026-06-01T12:00:00,1003,SKU002,produce,produce,6,9
2026-06-01T12:00:00,1003,SKU003,dairy,dairy,13,8
2026-06-01T12:00:00,1003,SKU004,dairy,dairy,11,8
2026-06-01T12:00:00,1003,SKU005,meat,meat,11,13
2026-06-01T12:00:00,1003,SKU006,meat,meat,15,14
2026-06-01T12:00:00,1003,SKU007,bakery,bakery,11,12
2026-06-01T12:00:00,1003,SKU008,bakery,bakery,14,12
2026-06-01T12:00:00,1003,SKU009,beverages,grocery,28,15
2026-06-01T12:00:00,1003,SKU010,beverages,grocery,14,11
2026-06-01T12:00:00,1003,SKU011,frozen,frozen,22,15
2026-06-01T12:00:00,1003,SKU012,frozen,frozen,26,19
2026-06-01T12:00:00,1003,SKU013,grocery,grocery,24,20
2026-06-01T12:00:00,1003,SKU014,grocery,grocery,27,20
2026-06-01T12:00:00,1003,SKU015,household,grocery,28,16
2026-06-01T13:00:00,1001,SKU001,produce,produce,0,10
2026-06-01T13:00:00,1001,SKU002,produce,produce,12,12
2026-06-01T13:00:00,1001,SKU003,dairy,dairy,6,14
2026-06-01T13:00:00,1001,SKU004,dairy,dairy,12,11
2026-06-01T13:00:00,1001,SKU005,meat,meat,14,8
2026-06-01T13:00:00,1001,SKU006,meat,meat,16,13
2026-06-01T13:00:00,1001,SKU007,bakery,bakery,17,11
2026-06-01T13:00:00,1001,SKU008,bakery,bakery,13,14
2026-06-01T13:00:00,1001,SKU009,beverages,grocery,23,16
2026-06-01T13:00:00,1001,SKU010,beverages,grocery,11,8
2026-06-01T13:00:00,1001,SKU011,frozen,frozen,29,17
2026-06-01T13:00:00,1001,SKU012,frozen,frozen,26,14
2026-06-01T13:00:00,1001,SKU013,grocery,grocery,23,20
2026-06-01T13:00:00,1001,SKU014,grocery,grocery,29,19
2026-06-01T13:00:00,1001,SKU015,household,grocery,24,19
2026-06-01T13:00:00,1002,SKU001,produce,produce,0,14
2026-06-01T13:00:00,1002,SKU002,produce,produce,9,8
2026-06-01T13:00:00,1002,SKU003,dairy,dairy,13,13
2026-06-01T13:00:00,1002,SKU004,dairy,dairy,11,13
2026-06-01T13:00:00,1002,SKU005,meat,meat,10,14
2026-06-01T13:00:00,1002,SKU006,meat,meat,17,12
2026-06-01T13:00:00,1002,SKU007,bakery,bakery,14,8
2026-06-01T13:00:00,1002,SKU008,bakery,bakery,15,10
2026-06-01T13:00:00,1002,SKU009,beverages,grocery,26,15
2026-06-01T13:00:00,1002,SKU010,beverages,grocery,14,8
2026-06-01T13:00:00,1002,SKU011,frozen,frozen,23,18
2026-06-01T13:00:00,1002,SKU012,frozen,frozen,26,18
2026-06-01T13:00:00,1002,SKU013,grocery,grocery,22,16
2026-06-01T13:00:00,1002,SKU014,grocery,grocery,27,18
2026-06-01T13:00:00,1002,SKU015,household,grocery,25,19
2026-06-01T13:00:00,1003,SKU001,produce,produce,0,10
2026-06-01T13:00:00,1003,SKU002,produce,produce,11,10
2026-06-01T13:00:00,1003,SKU003,dairy,dairy,10,13
2026-06-01T13:00:00,1003,SKU004,dairy,dairy,14,13
2026-06-01T13:00:00,1003,SKU005,meat,meat,13,9
2026-06-01T13:00:00,1003,SKU006,meat,meat,10,11
2026-06-01T13:00:00,1003,SKU007,bakery,bakery,9,13
2026-06-01T13:00:00,1003,SKU008,bakery,bakery,18,14
2026-06-01T13:00:00,1003,SKU009,beverages,grocery,27,14
2026-06-01T13:00:00,1003,SKU010,beverages,grocery,10,10
2026-06-01T13:00:00,1003,SKU011,frozen,frozen,22,18
2026-06-01T13:00:00,1003,SKU012,frozen,frozen,24,20
2026-06-01T13:00:00,1003,SKU013,grocery,grocery,22,19
2026-06-01T13:00:00,1003,SKU014,grocery,grocery,26,16
2026-06-01T13:00:00,1003,SKU015,household,grocery,28,14
2026-06-01T14:00:00,1001,SKU001,produce,produce,0,10
2026-06-01T14:00:00,1001,SKU002,produce,produce,3,14
2026-06-01T14:00:00,1001,SKU003,dairy,dairy,8,12
2026-06-01T14:00:00,1001,SKU004,dairy,dairy,15,9
2026-06-01T14:00:00,1001,SKU005,meat,meat,9,8
2026-06-01T14:00:00,1001,SKU006,meat,meat,17,8
2026-06-01T14:00:00,1001,SKU007,bakery,bakery,11,12
2026-06-01T14:00:00,1001,SKU008,bakery,bakery,16,11
2026-06-01T14:00:00,1001,SKU009,beverages,grocery,22,20
2026-06-01T14:00:00,1001,SKU010,beverages,grocery,9,9
2026-06-01T14:00:00,1001,SKU011,frozen,frozen,29,16
2026-06-01T14:00:00,1001,SKU012,frozen,frozen,29,18
2026-06-01T14:00:00,1001,SKU013,grocery,grocery,27,19
2026-06-01T14:00:00,1001,SKU014,grocery,grocery,26,19
2026-06-01T14:00:00,1001,SKU015,household,grocery,23,19
2026-06-01T14:00:00,1002,SKU001,produce,produce,0,12
2026-06-01T14:00:00,1002,SKU002,produce,produce,11,8
2026-06-01T14:00:00,1002,SKU003,dairy,dairy,7,11
2026-06-01T14:00:00,1002,SKU004,dairy,dairy,12,9
2026-06-01T14:00:00,1002,SKU005,meat,meat,12,8
2026-06-01T14:00:00,1002,SKU006,meat,meat,15,10
2026-06-01T14:00:00,1002,SKU007,bakery,bakery,14,13
2026-06-01T14:00:00,1002,SKU008,bakery,bakery,13,14
2026-06-01T14:00:00,1002,SKU009,beverages,grocery,23,19
2026-06-01T14:00:00,1002,SKU010,beverages,grocery,12,10
2026-06-01T14:00:00,1002,SKU011,frozen,frozen,27,15
2026-06-01T14:00:00,1002,SKU012,frozen,frozen,24,14
2026-06-01T14:00:00,1002,SKU013,grocery,grocery,24,18
2026-06-01T14:00:00,1002,SKU014,grocery,grocery,29,16
2026-06-01T14:00:00,1002,SKU015,household,grocery,27,20
2026-06-01T14:00:00,1003,SKU001,produce,produce,0,12
2026-06-01T14:00:00,1003,SKU002,produce,produce,11,8
2026-06-01T14:00:00,1003,SKU003,dairy,dairy,11,11
2026-06-01T14:00:00,1003,SKU004,dairy,dairy,7,12
2026-06-01T14:00:00,1003,SKU005,meat,meat,15,11
2026-06-01T14:00:00,1003,SKU006,meat,meat,9,12
2026-06-01T14:00:00,1003,SKU007,bakery,bakery,10,8
2026-06-01T14:00:00,1003,SKU008,bakery,bakery,11,12
2026-06-01T14:00:00,1003,SKU009,beverages,grocery,21,18
2026-06-01T14:00:00,1003,SKU010,beverages,grocery,13,14
2026-06-01T14:00:00,1003,SKU011,frozen,frozen,24,14
2026-06-01T14:00:00,1003,SKU012,frozen,frozen,22,15
2026-06-01T14:00:00,1003,SKU013,grocery,grocery,23,20
2026-06-01T14:00:00,1003,SKU014,grocery,grocery,28,17
2026-06-01T14:00:00,1003,SKU015,household,grocery,24,14
2026-06-01T15:00:00,1001,SKU001,produce,produce,0,12
2026-06-01T15:00:00,1001,SKU002,produce,produce,5,12
2026-06-01T15:00:00,1001,SKU003,dairy,dairy,9,12
2026-06-01T15:00:00,1001,SKU004,dairy,dairy,6,10
2026-06-01T15:00:00,1001,SKU005,meat,meat,8,14
2026-06-01T15:00:00,1001,SKU006,meat,meat,14,9
2026-06-01T15:00:00,1001,SKU007,bakery,bakery,9,13
2026-06-01T15:00:00,1001,SKU008,bakery,bakery,11,8
2026-06-01T15:00:00,1001,SKU009,beverages,grocery,25,14
2026-06-01T15:00:00,1001,SKU010,beverages,grocery,12,11
2026-06-01T15:00:00,1001,SKU011,frozen,frozen,23,15
2026-06-01T15:00:00,1001,SKU012,frozen,frozen,20,16
2026-06-01T15:00:00,1001,SKU013,grocery,grocery,24,18
2026-06-01T15:00:00,1001,SKU014,grocery,grocery,28,19
2026-06-01T15:00:00,1001,SKU015,household,grocery,23,17
2026-06-01T15:00:00,1002,SKU001,produce,produce,0,10
2026-06-01T15:00:00,1002,SKU002,produce,produce,6,13
2026-06-01T15:00:00,1002,SKU003,dairy,dairy,8,10
2026-06-01T15:00:00,1002,SKU004,dairy,dairy,13,13
2026-06-01T15:00:00,1002,SKU005,meat,meat,6,14
2026-06-01T15:00:00,1002,SKU006,meat,meat,16,13
2026-06-01T15:00:00,1002,SKU007,bakery,bakery,9,13
2026-06-01T15:00:00,1002,SKU008,bakery,bakery,13,8
2026-06-01T15:00:00,1002,SKU009,beverages,grocery,26,20
2026-06-01T15:00:00,1002,SKU010,beverages,grocery,9,10
2026-06-01T15:00:00,1002,SKU011,frozen,frozen,27,19
2026-06-01T15:00:00,1002,SKU012,frozen,frozen,21,20
2026-06-01T15:00:00,1002,SKU013,grocery,grocery,26,19
2026-06-01T15:00:00,1002,SKU014,grocery,grocery,24,18
2026-06-01T15:00:00,1002,SKU015,household,grocery,27,17
2026-06-01T15:00:00,1003,SKU001,produce,produce,0,14
2026-06-01T15:00:00,1003,SKU002,produce,produce,7,11
2026-06-01T15:00:00,1003,SKU003,dairy,dairy,6,14
2026-06-01T15:00:00,1003,SKU004,dairy,dairy,12,9
2026-06-01T15:00:00,1003,SKU005,meat,meat,9,10
2026-06-01T15:00:00,1003,SKU006,meat,meat,14,8
2026-06-01T15:00:00,1003,SKU007,bakery,bakery,12,9
2026-06-01T15:00:00,1003,SKU008,bakery,bakery,10,9
2026-06-01T15:00:00,1003,SKU009,beverages,grocery,25,14
2026-06-01T15:00:00,1003,SKU010,beverages,grocery,16,10
2026-06-01T15:00:00,1003,SKU011,frozen,frozen,21,15
2026-06-01T15:00:00,1003,SKU012,frozen,frozen,25,17
2026-06-01T15:00:00,1003,SKU013,grocery,grocery,29,17
2026-06-01T15:00:00,1003,SKU014,grocery,grocery,21,15
2026-06-01T15:00:00,1003,SKU015,household,grocery,29,18
2026-06-01T16:00:00,1001,SKU001,produce,produce,0,8
2026-06-01T16:00:00,1001,SKU002,produce,produce,5,14
2026-06-01T16:00:00,1001,SKU003,dairy,dairy,2,11
2026-06-01T16:00:00,1001,SKU004,dairy,dairy,8,8
2026-06-01T16:00:00,1001,SKU005,meat,meat,11,11
2026-06-01T16:00:00,1001,SKU006,meat,meat,10,11
2026-06-01T16:00:00,1001,SKU007,bakery,bakery,6,10
2026-06-01T16:00:00,1001,SKU008,bakery,bakery,9,9
2026-06-01T16:00:00,1001,SKU009,beverages,grocery,27,19
2026-06-01T16:00:00,1001,SKU010,beverages,grocery,9,13
2026-06-01T16:00:00,1001,SKU011,frozen,frozen,26,16
2026-06-01T16:00:00,1001,SKU012,frozen,frozen,20,18
2026-06-01T16:00:00,1001,SKU013,grocery,grocery,28,18
2026-06-01T16:00:00,1001,SKU014,grocery,grocery,22,14
2026-06-01T16:00:00,1001,SKU015,household,grocery,26,18
2026-06-01T16:00:00,1002,SKU001,produce,produce,0,12
2026-06-01T16:00:00,1002,SKU002,produce,produce,1,9
2026-06-01T16:00:00,1002,SKU003,dairy,dairy,2,14
2026-06-01T16:00:00,1002,SKU004,dairy,dairy,8,13
2026-06-01T16:00:00,1002,SKU005,meat,meat,5,9
2026-06-01T16:00:00,1002,SKU006,meat,meat,12,9
2026-06-01T16:00:00,1002,SKU007,bakery,bakery,6,12
2026-06-01T16:00:00,1002,SKU008,bakery,bakery,13,10
2026-06-01T16:00:00,1002,SKU009,beverages,grocery,21,19
2026-06-01T16:00:00,1002,SKU010,beverages,grocery,11,14
2026-06-01T16:00:00,1002,SKU011,frozen,frozen,27,20
2026-06-01T16:00:00,1002,SKU012,frozen,frozen,25,18
2026-06-01T16:00:00,1002,SKU013,grocery,grocery,27,19
2026-06-01T16:00:00,1002,SKU014,grocery,grocery,26,15
2026-06-01T16:00:00,1002,SKU015,household,grocery,24,18
2026-06-01T16:00:00,1003,SKU001,produce,produce,0,11
2026-06-01T16:00:00,1003,SKU002,produce,produce,0,8
2026-06-01T16:00:00,1003,SKU003,dairy,dairy,10,11
2026-06-01T16:00:00,1003,SKU004,dairy,dairy,5,9
2026-06-01T16:00:00,1003,SKU005,meat,meat,12,10
2026-06-01T16:00:00,1003,SKU006,meat,meat,14,10
2026-06-01T16:00:00,1003,SKU007,bakery,bakery,11,10
2026-06-01T16:00:00,1003,SKU008,bakery,bakery,13,13
2026-06-01T16:00:00,1003,SKU009,beverages,grocery,21,14
2026-06-01T16:00:00,1003,SKU010,beverages,grocery,13,10
2026-06-01T16:00:00,1003,SKU011,frozen,frozen,28,18
2026-06-01T16:00:00,1003,SKU012,frozen,frozen,24,19
2026-06-01T16:00:00,1003,SKU013,grocery,grocery,24,16
2026-06-01T16:00:00,1003,SKU014,grocery,grocery,24,18
2026-06-01T16:00:00,1003,SKU015,household,grocery,24,14
2026-06-01T17:00:00,1001,SKU001,produce,produce,0,8
2026-06-01T17:00:00,1001,SKU002,produce,produce,7,8
2026-06-01T17:00:00,1001,SKU003,dairy,dairy,9,12
2026-06-01T17:00:00,1001,SKU004,dairy,dairy,10,10
2026-06-01T17:00:00,1001,SKU005,meat,meat,10,12
2026-06-01T17:00:00,1001,SKU006,meat,meat,9,10
2026-06-01T17:00:00,1001,SKU007,bakery,bakery,9,14
2026-06-01T17:00:00,1001,SKU008,bakery,bakery,13,11
2026-06-01T17:00:00,1001,SKU009,beverages,grocery,24,15
2026-06-01T17:00:00,1001,SKU010,beverages,grocery,9,12
2026-06-01T17:00:00,1001,SKU011,frozen,frozen,25,15
2026-06-01T17:00:00,1001,SKU012,frozen,frozen,20,17
2026-06-01T17:00:00,1001,SKU013,grocery,grocery,27,14
2026-06-01T17:00:00,1001,SKU014,grocery,grocery,25,19
2026-06-01T17:00:00,1001,SKU015,household,grocery,29,17
2026-06-01T17:00:00,1002,SKU001,produce,produce,0,9
2026-06-01T17:00:00,1002,SKU002,produce,produce,5,8
2026-06-01T17:00:00,1002,SKU003,dairy,dairy,7,14
2026-06-01T17:00:00,1002,SKU004,dairy,dairy,6,10
2026-06-01T17:00:00,1002,SKU005,meat,meat,13,11
2026-06-01T17:00:00,1002,SKU006,meat,meat,6,11
2026-06-01T17:00:00,1002,SKU007,bakery,bakery,5,10
2026-06-01T17:00:00,1002,SKU008,bakery,bakery,15,14
2026-06-01T17:00:00,1002,SKU009,beverages,grocery,20,20
2026-06-01T17:00:00,1002,SKU010,beverages,grocery,13,11
2026-06-01T17:00:00,1002,SKU011,frozen,frozen,20,15
2026-06-01T17:00:00,1002,SKU012,frozen,frozen,22,16
2026-06-01T17:00:00,1002,SKU013,grocery,grocery,21,16
2026-06-01T17:00:00,1002,SKU014,grocery,grocery,28,16
2026-06-01T17:00:00,1002,SKU015,household,grocery,23,14
2026-06-01T17:00:00,1003,SKU001,produce,produce,0,9
2026-06-01T17:00:00,1003,SKU002,produce,produce,0,8
2026-06-01T17:00:00,1003,SKU003,dairy,dairy,8,9
2026-06-01T17:00:00,1003,SKU004,dairy,dairy,5,11
2026-06-01T17:00:00,1003,SKU005,meat,meat,12,14
2026-06-01T17:00:00,1003,SKU006,meat,meat,7,10
2026-06-01T17:00:00,1003,SKU007,bakery,bakery,11,8
2026-06-01T17:00:00,1003,SKU008,bakery,bakery,13,12
2026-06-01T17:00:00,1003,SKU009,beverages,grocery,25,18
2026-06-01T17:00:00,1003,SKU010,beverages,grocery,7,10
2026-06-01T17:00:00,1003,SKU011,frozen,frozen,22,15
2026-06-01T17:00:00,1003,SKU012,frozen,frozen,23,16
2026-06-01T17:00:00,1003,SKU013,grocery,grocery,21,15
2026-06-01T17:00:00,1003,SKU014,grocery,grocery,23,18
2026-06-01T17:00:00,1003,SKU015,household,grocery,28,16
2026-06-01T18:00:00,1001,SKU001,produce,produce,0,12
2026-06-01T18:00:00,1001,SKU002,produce,produce,1,8
2026-06-01T18:00:00,1001,SKU003,dairy,dairy,6,10
2026-06-01T18:00:00,1001,SKU004,dairy,dairy,8,9
2026-06-01T18:00:00,1001,SKU005,meat,meat,5,13
2026-06-01T18:00:00,1001,SKU006,meat,meat,10,13
2026-06-01T18:00:00,1001,SKU007,bakery,bakery,12,12
2026-06-01T18:00:00,1001,SKU008,bakery,bakery,8,10
2026-06-01T18:00:00,1001,SKU009,beverages,grocery,24,14
2026-06-01T18:00:00,1001,SKU010,beverages,grocery,7,14
2026-06-01T18:00:00,1001,SKU011,frozen,frozen,27,19
2026-06-01T18:00:00,1001,SKU012,frozen,frozen,27,17
2026-06-01T18:00:00,1001,SKU013,grocery,grocery,26,19
2026-06-01T18:00:00,1001,SKU014,grocery,grocery,24,20
2026-06-01T18:00:00,1001,SKU015,household,grocery,28,18
2026-06-01T18:00:00,1002,SKU001,produce,produce,0,11
2026-06-01T18:00:00,1002,SKU002,produce,produce,2,11
2026-06-01T18:00:00,1002,SKU003,dairy,dairy,1,12
2026-06-01T18:00:00,1002,SKU004,dairy,dairy,6,9
2026-06-01T18:00:00,1002,SKU005,meat,meat,9,13
2026-06-01T18:00:00,1002,SKU006,meat,meat,12,10
2026-06-01T18:00:00,1002,SKU007,bakery,bakery,13,11
2026-06-01T18:00:00,1002,SKU008,bakery,bakery,14,12
2026-06-01T18:00:00,1002,SKU009,beverages,grocery,17,16
2026-06-01T18:00:00,1002,SKU010,beverages,grocery,13,8
2026-06-01T18:00:00,1002,SKU011,frozen,frozen,21,15
2026-06-01T18:00:00,1002,SKU012,frozen,frozen,26,20
2026-06-01T18:00:00,1002,SKU013,grocery,grocery,27,20
2026-06-01T18:00:00,1002,SKU014,grocery,grocery,21,18
2026-06-01T18:00:00,1002,SKU015,household,grocery,26,15
2026-06-01T18:00:00,1003,SKU001,produce,produce,0,14
2026-06-01T18:00:00,1003,SKU002,produce,produce,0,12
2026-06-01T18:00:00,1003,SKU003,dairy,dairy,2,9
2026-06-01T18:00:00,1003,SKU004,dairy,dairy,3,12
2026-06-01T18:00:00,1003,SKU005,meat,meat,9,11
2026-06-01T18:00:00,1003,SKU006,meat,meat,12,9
2026-06-01T18:00:00,1003,SKU007,bakery,bakery,8,9
2026-06-01T18:00:00,1003,SKU008,bakery,bakery,10,13
2026-06-01T18:00:00,1003,SKU009,beverages,grocery,24,15
2026-06-01T18:00:00,1003,SKU010,beverages,grocery,8,9
2026-06-01T18:00:00,1003,SKU011,frozen,frozen,25,16
2026-06-01T18:00:00,1003,SKU012,frozen,frozen,23,14
2026-06-01T18:00:00,1003,SKU013,grocery,grocery,22,20
2026-06-01T18:00:00,1003,SKU014,grocery,grocery,28,15
2026-06-01T18:00:00,1003,SKU015,household,grocery,27,15
2026-06-01T19:00:00,1001,SKU001,produce,produce,0,14
2026-06-01T19:00:00,1001,SKU002,produce,produce,2,14
2026-06-01T19:00:00,1001,SKU003,dairy,dairy,6,11
2026-06-01T19:00:00,1001,SKU004,dairy,dairy,4,10
2026-06-01T19:00:00,1001,SKU005,meat,meat,5,11
2026-06-01T19:00:00,1001,SKU006,meat,meat,12,9
2026-06-01T19:00:00,1001,SKU007,bakery,bakery,6,9
2026-06-01T19:00:00,1001,SKU008,bakery,bakery,15,14
2026-06-01T19:00:00,1001,SKU009,beverages,grocery,22,19
2026-06-01T19:00:00,1001,SKU010,beverages,grocery,8,8
2026-06-01T19:00:00,1001,SKU011,frozen,frozen,21,15
2026-06-01T19:00:00,1001,SKU012,frozen,frozen,20,14
2026-06-01T19:00:00,1001,SKU013,grocery,grocery,20,16
2026-06-01T19:00:00,1001,SKU014,grocery,grocery,20,14
2026-06-01T19:00:00,1001,SKU015,household,grocery,28,18
2026-06-01T19:00:00,1002,SKU001,produce,produce,0,9
2026-06-01T19:00:00,1002,SKU002,produce,produce,0,12
2026-06-01T19:00:00,1002,SKU003,dairy,dairy,3,10
2026-06-01T19:00:00,1002,SKU004,dairy,dairy,4,9
2026-06-01T19:00:00,1002,SKU005,meat,meat,7,11
2026-06-01T19:00:00,1002,SKU006,meat,meat,6,12
2026-06-01T19:00:00,1002,SKU007,bakery,bakery,12,9
2026-06-01T19:00:00,1002,SKU008,bakery,bakery,7,14
2026-06-01T19:00:00,1002,SKU009,beverages,grocery,24,16
2026-06-01T19:00:00,1002,SKU010,beverages,grocery,11,14
2026-06-01T19:00:00,1002,SKU011,frozen,frozen,20,16
2026-06-01T19:00:00,1002,SKU012,frozen,frozen,22,19
2026-06-01T19:00:00,1002,SKU013,grocery,grocery,24,15
2026-06-01T19:00:00,1002,SKU014,grocery,grocery,26,14
2026-06-01T19:00:00,1002,SKU015,household,grocery,29,16
2026-06-01T19:00:00,1003,SKU001,produce,produce,0,12
2026-06-01T19:00:00,1003,SKU002,produce,produce,0,9
2026-06-01T19:00:00,1003,SKU003,dairy,dairy,7,9
2026-06-01T19:00:00,1003,SKU004,dairy,dairy,3,8
2026-06-01T19:00:00,1003,SKU005,meat,meat,3,13
2026-06-01T19:00:00,1003,SKU006,meat,meat,11,14
2026-06-01T19:00:00,1003,SKU007,bakery,bakery,8,9
2026-06-01T19:00:00,1003,SKU008,bakery,bakery,10,13
2026-06-01T19:00:00,1003,SKU009,beverages,grocery,19,15
2026-06-01T19:00:00,1003,SKU010,beverages,grocery,12,13
2026-06-01T19:00:00,1003,SKU011,frozen,frozen,21,15
2026-06-01T19:00:00,1003,SKU012,frozen,frozen,25,17
2026-06-01T19:00:00,1003,SKU013,grocery,grocery,26,17
2026-06-01T19:00:00,1003,SKU014,grocery,grocery,23,15
2026-06-01T19:00:00,1003,SKU015,household,grocery,23,17
2026-06-01T20:00:00,1001,SKU001,produce,produce,0,13
2026-06-01T20:00:00,1001,SKU002,produce,produce,0,11
2026-06-01T20:00:00,1001,SKU003,dairy,dairy,4,10
2026-06-01T20:00:00,1001,SKU004,dairy,dairy,8,8
2026-06-01T20:00:00,1001,SKU005,meat,meat,9,8
2026-06-01T20:00:00,1001,SKU006,meat,meat,7,12
2026-06-01T20:00:00,1001,SKU007,bakery,bakery,8,8
2026-06-01T20:00:00,1001,SKU008,bakery,bakery,10,11
2026-06-01T20:00:00,1001,SKU009,beverages,grocery,16,16
2026-06-01T20:00:00,1001,SKU010,beverages,grocery,10,9
2026-06-01T20:00:00,1001,SKU011,frozen,frozen,26,20
2026-06-01T20:00:00,1001,SKU012,frozen,frozen,22,15
2026-06-01T20:00:00,1001,SKU013,grocery,grocery,23,14
2026-06-01T20:00:00,1001,SKU014,grocery,grocery,19,19
2026-06-01T20:00:00,1001,SKU015,household,grocery,29,20
2026-06-01T20:00:00,1002,SKU001,produce,produce,0,13
2026-06-01T20:00:00,1002,SKU002,produce,produce,0,9
2026-06-01T20:00:00,1002,SKU003,dairy,dairy,5,10
2026-06-01T20:00:00,1002,SKU004,dairy,dairy,1,13
2026-06-01T20:00:00,1002,SKU005,meat,meat,8,11
2026-06-01T20:00:00,1002,SKU006,meat,meat,9,12
2026-06-01T20:00:00,1002,SKU007,bakery,bakery,5,11
2026-06-01T20:00:00,1002,SKU008,bakery,bakery,14,11
2026-06-01T20:00:00,1002,SKU009,beverages,grocery,18,16
2026-06-01T20:00:00,1002,SKU010,beverages,grocery,5,14
2026-06-01T20:00:00,1002,SKU011,frozen,frozen,24,20
2026-06-01T20:00:00,1002,SKU012,frozen,frozen,20,14
2026-06-01T20:00:00,1002,SKU013,grocery,grocery,19,15
2026-06-01T20:00:00,1002,SKU014,grocery,grocery,25,15
2026-06-01T20:00:00,1002,SKU015,household,grocery,30,19
2026-06-01T20:00:00,1003,SKU001,produce,produce,0,13
2026-06-01T20:00:00,1003,SKU002,produce,produce,0,14
2026-06-01T20:00:00,1003,SKU003,dairy,dairy,2,11
2026-06-01T20:00:00,1003,SKU004,dairy,dairy,2,10
2026-06-01T20:00:00,1003,SKU005,meat,meat,9,10
2026-06-01T20:00:00,1003,SKU006,meat,meat,9,12
2026-06-01T20:00:00,1003,SKU007,bakery,bakery,10,13
2026-06-01T20:00:00,1003,SKU008,bakery,bakery,10,8
2026-06-01T20:00:00,1003,SKU009,beverages,grocery,24,15
2026-06-01T20:00:00,1003,SKU010,beverages,grocery,12,13
2026-06-01T20:00:00,1003,SKU011,frozen,frozen,26,19
2026-06-01T20:00:00,1003,SKU012,frozen,frozen,22,20
2026-06-01T20:00:00,1003,SKU013,grocery,grocery,20,16
2026-06-01T20:00:00,1003,SKU014,grocery,grocery,27,17
2026-06-01T20:00:00,1003,SKU015,household,grocery,22,18
2026-06-01T21:00:00,1001,SKU001,produce,produce,0,14
2026-06-01T21:00:00,1001,SKU002,produce,produce,0,8
2026-06-01T21:00:00,1001,SKU003,dairy,dairy,0,12
2026-06-01T21:00:00,1001,SKU004,dairy,dairy,3,9
2026-06-01T21:00:00,1001,SKU005,meat,meat,7,14
2026-06-01T21:00:00,1001,SKU006,meat,meat,9,10
2026-06-01T21:00:00,1001,SKU007,bakery,bakery,5,9
2026-06-01T21:00:00,1001,SKU008,bakery,bakery,8,13
2026-06-01T21:00:00,1001,SKU009,beverages,grocery,18,18
2026-06-01T21:00:00,1001,SKU010,beverages,grocery,8,11
2026-06-01T21:00:00,1001,SKU011,frozen,frozen,19,15
2026-06-01T21:00:00,1001,SKU012,frozen,frozen,18,15
2026-06-01T21:00:00,1001,SKU013,grocery,grocery,26,18
2026-06-01T21:00:00,1001,SKU014,grocery,grocery,27,20
2026-06-01T21:00:00,1001,SKU015,household,grocery,23,19
2026-06-01T21:00:00,1002,SKU001,produce,produce,0,10
2026-06-01T21:00:00,1002,SKU002,produce,produce,0,12
2026-06-01T21:00:00,1002,SKU003,dairy,dairy,1,9
2026-06-01T21:00:00,1002,SKU004,dairy,dairy,4,8
2026-06-01T21:00:00,1002,SKU005,meat,meat,1,13
2026-06-01T21:00:00,1002,SKU006,meat,meat,4,9
2026-06-01T21:00:00,1002,SKU007,bakery,bakery,9,11
2026-06-01T21:00:00,1002,SKU008,bakery,bakery,8,9
2026-06-01T21:00:00,1002,SKU009,beverages,grocery,18,20
2026-06-01T21:00:00,1002,SKU010,beverages,grocery,12,13
2026-06-01T21:00:00,1002,SKU011,frozen,frozen,22,17
2026-06-01T21:00:00,1002,SKU012,frozen,frozen,21,15
2026-06-01T21:00:00,1002,SKU013,grocery,grocery,20,16
2026-06-01T21:00:00,1002,SKU014,grocery,grocery,25,19
2026-06-01T21:00:00,1002,SKU015,household,grocery,29,19
2026-06-01T21:00:00,1003,SKU001,produce,produce,0,13
2026-06-01T21:00:00,1003,SKU002,produce,produce,0,8
2026-06-01T21:00:00,1003,SKU003,dairy,dairy,4,14
2026-06-01T21:00:00,1003,SKU004,dairy,dairy,8,12
2026-06-01T21:00:00,1003,SKU005,meat,meat,3,9
2026-06-01T21:00:00,1003,SKU006,meat,meat,6,11
2026-06-01T21:00:00,1003,SKU007,bakery,bakery,10,13
2026-06-01T21:00:00,1003,SKU008,bakery,bakery,14,13
2026-06-01T21:00:00,1003,SKU009,beverages,grocery,22,14
2026-06-01T21:00:00,1003,SKU010,beverages,grocery,9,13
2026-06-01T21:00:00,1003,SKU011,frozen,frozen,26,20
2026-06-01T21:00:00,1003,SKU012,frozen,frozen,21,14
2026-06-01T21:00:00,1003,SKU013,grocery,grocery,24,18
2026-06-01T21:00:00,1003,SKU014,grocery,grocery,19,17
2026-06-01T21:00:00,1003,SKU015,household,grocery,23,19
2026-06-02T06:00:00,1001,SKU001,produce,produce,15,13
2026-06-02T06:00:00,1001,SKU002,produce,produce,18,12
2026-06-02T06:00:00,1001,SKU003,dairy,dairy,19,11
2026-06-02T06:00:00,1001,SKU004,dairy,dairy,19,11
2026-06-02T06:00:00,1001,SKU005,meat,meat,23,14
2026-06-02T06:00:00,1001,SKU006,meat,meat,19,11
2026-06-02T06:00:00,1001,SKU007,bakery,bakery,15,14
2026-06-02T06:00:00,1001,SKU008,bakery,bakery,20,12
2026-06-02T06:00:00,1001,SKU009,beverages,grocery,31,19
2026-06-02T06:00:00,1001,SKU010,beverages,grocery,22,12
2026-06-02T06:00:00,1001,SKU011,frozen,frozen,29,18
2026-06-02T06:00:00,1001,SKU012,frozen,frozen,31,15
2026-06-02T06:00:00,1001,SKU013,grocery,grocery,33,15
2026-06-02T06:00:00,1001,SKU014,grocery,grocery,25,20
2026-06-02T06:00:00,1001,SKU015,household,grocery,32,15
2026-06-02T06:00:00,1002,SKU001,produce,produce,15,11
2026-06-02T06:00:00,1002,SKU002,produce,produce,15,8
2026-06-02T06:00:00,1002,SKU003,dairy,dairy,22,8
2026-06-02T06:00:00,1002,SKU004,dairy,dairy,17,11
2026-06-02T06:00:00,1002,SKU005,meat,meat,16,11
2026-06-02T06:00:00,1002,SKU006,meat,meat,21,9
2026-06-02T06:00:00,1002,SKU007,bakery,bakery,15,8
2026-06-02T06:00:00,1002,SKU008,bakery,bakery,21,10
2026-06-02T06:00:00,1002,SKU009,beverages,grocery,30,16
2026-06-02T06:00:00,1002,SKU010,beverages,grocery,22,13
2026-06-02T06:00:00,1002,SKU011,frozen,frozen,33,17
2026-06-02T06:00:00,1002,SKU012,frozen,frozen,29,16
2026-06-02T06:00:00,1002,SKU013,grocery,grocery,32,19
2026-06-02T06:00:00,1002,SKU014,grocery,grocery,33,17
2026-06-02T06:00:00,1002,SKU015,household,grocery,30,16
2026-06-02T06:00:00,1003,SKU001,produce,produce,17,11
2026-06-02T06:00:00,1003,SKU002,produce,produce,19,8
2026-06-02T06:00:00,1003,SKU003,dairy,dairy,16,10
2026-06-02T06:00:00,1003,SKU004,dairy,dairy,22,11
2026-06-02T06:00:00,1003,SKU005,meat,meat,19,8
2026-06-02T06:00:00,1003,SKU006,meat,meat,15,8
2026-06-02T06:00:00,1003,SKU007,bakery,bakery,21,12
2026-06-02T06:00:00,1003,SKU008,bakery,bakery,22,10
2026-06-02T06:00:00,1003,SKU009,beverages,grocery,33,20
2026-06-02T06:00:00,1003,SKU010,beverages,grocery,21,14
2026-06-02T06:00:00,1003,SKU011,frozen,frozen,33,20
2026-06-02T06:00:00,1003,SKU012,frozen,frozen,27,16
2026-06-02T06:00:00,1003,SKU013,grocery,grocery,25,16
2026-06-02T06:00:00,1003,SKU014,grocery,grocery,26,17
2026-06-02T06:00:00,1003,SKU015,household,grocery,31,16
2026-06-02T07:00:00,1001,SKU001,produce,produce,12,10
2026-06-02T07:00:00,1001,SKU002,produce,produce,14,9
2026-06-02T07:00:00,1001,SKU003,dairy,dairy,15,10
2026-06-02T07:00:00,1001,SKU004,dairy,dairy,18,10
2026-06-02T07:00:00,1001,SKU005,meat,meat,15,14
2026-06-02T07:00:00,1001,SKU006,meat,meat,22,12
2026-06-02T07:00:00,1001,SKU007,bakery,bakery,21,10
2026-06-02T07:00:00,1001,SKU008,bakery,bakery,14,9
2026-06-02T07:00:00,1001,SKU009,beverages,grocery,27,15
2026-06-02T07:00:00,1001,SKU010,beverages,grocery,22,11
2026-06-02T07:00:00,1001,SKU011,frozen,frozen,33,17
2026-06-02T07:00:00,1001,SKU012,frozen,frozen,24,18
2026-06-02T07:00:00,1001,SKU013,grocery,grocery,28,20
2026-06-02T07:00:00,1001,SKU014,grocery,grocery,30,20
2026-06-02T07:00:00,1001,SKU015,household,grocery,32,20
2026-06-02T07:00:00,1002,SKU001,produce,produce,8,13
2026-06-02T07:00:00,1002,SKU002,produce,produce,14,11
2026-06-02T07:00:00,1002,SKU003,dairy,dairy,13,9
2026-06-02T07:00:00,1002,SKU004,dairy,dairy,20,9
2026-06-02T07:00:00,1002,SKU005,meat,meat,14,12
2026-06-02T07:00:00,1002,SKU006,meat,meat,18,14
2026-06-02T07:00:00,1002,SKU007,bakery,bakery,18,9
2026-06-02T07:00:00,1002,SKU008,bakery,bakery,17,12
2026-06-02T07:00:00,1002,SKU009,beverages,grocery,30,14
2026-06-02T07:00:00,1002,SKU010,beverages,grocery,16,8
2026-06-02T07:00:00,1002,SKU011,frozen,frozen,30,19
2026-06-02T07:00:00,1002,SKU012,frozen,frozen,24,18
2026-06-02T07:00:00,1002,SKU013,grocery,grocery,33,15
2026-06-02T07:00:00,1002,SKU014,grocery,grocery,25,18
2026-06-02T07:00:00,1002,SKU015,household,grocery,29,19
2026-06-02T07:00:00,1003,SKU001,produce,produce,9,9
2026-06-02T07:00:00,1003,SKU002,produce,produce,17,13
2026-06-02T07:00:00,1003,SKU003,dairy,dairy,13,12
2026-06-02T07:00:00,1003,SKU004,dairy,dairy,20,13
2026-06-02T07:00:00,1003,SKU005,meat,meat,15,14
2026-06-02T07:00:00,1003,SKU006,meat,meat,21,12
2026-06-02T07:00:00,1003,SKU007,bakery,bakery,21,14
2026-06-02T07:00:00,1003,SKU008,bakery,bakery,21,9
2026-06-02T07:00:00,1003,SKU009,beverages,grocery,28,16
2026-06-02T07:00:00,1003,SKU010,beverages,grocery,16,12
2026-06-02T07:00:00,1003,SKU011,frozen,frozen,29,14
2026-06-02T07:00:00,1003,SKU012,frozen,frozen,27,16
2026-06-02T07:00:00,1003,SKU013,grocery,grocery,31,18
2026-06-02T07:00:00,1003,SKU014,grocery,grocery,29,18
2026-06-02T07:00:00,1003,SKU015,household,grocery,25,16
2026-06-02T08:00:00,1001,SKU001,produce,produce,9,8
2026-06-02T08:00:00,1001,SKU002,produce,produce,18,9
2026-06-02T08:00:00,1001,SKU003,dairy,dairy,17,14
2026-06-02T08:00:00,1001,SKU004,dairy,dairy,19,14
2026-06-02T08:00:00,1001,SKU005,meat,meat,20,10
2026-06-02T08:00:00,1001,SKU006,meat,meat,21,8
2026-06-02T08:00:00,1001,SKU007,bakery,bakery,18,11
2026-06-02T08:00:00,1001,SKU008,bakery,bakery,17,12
2026-06-02T08:00:00,1001,SKU009,beverages,grocery,28,19
2026-06-02T08:00:00,1001,SKU010,beverages,grocery,13,10
2026-06-02T08:00:00,1001,SKU011,frozen,frozen,32,14
2026-06-02T08:00:00,1001,SKU012,frozen,frozen,26,19
2026-06-02T08:00:00,1001,SKU013,grocery,grocery,30,14
2026-06-02T08:00:00,1001,SKU014,grocery,grocery,26,19
2026-06-02T08:00:00,1001,SKU015,household,grocery,29,16
2026-06-02T08:00:00,1002,SKU001,produce,produce,6,13
2026-06-02T08:00:00,1002,SKU002,produce,produce,11,14
2026-06-02T08:00:00,1002,SKU003,dairy,dairy,15,8
2026-06-02T08:00:00,1002,SKU004,dairy,dairy,18,12
2026-06-02T08:00:00,1002,SKU005,meat,meat,15,10
2026-06-02T08:00:00,1002,SKU006,meat,meat,21,10
2026-06-02T08:00:00,1002,SKU007,bakery,bakery,13,11
2026-06-02T08:00:00,1002,SKU008,bakery,bakery,17,14
2026-06-02T08:00:00,1002,SKU009,beverages,grocery,28,15
2026-06-02T08:00:00,1002,SKU010,beverages,grocery,13,9
2026-06-02T08:00:00,1002,SKU011,frozen,frozen,25,18
2026-06-02T08:00:00,1002,SKU012,frozen,frozen,31,19
2026-06-02T08:00:00,1002,SKU013,grocery,grocery,31,17
2026-06-02T08:00:00,1002,SKU014,grocery,grocery,28,18
2026-06-02T08:00:00,1002,SKU015,household,grocery,31,17
2026-06-02T08:00:00,1003,SKU001,produce,produce,9,12
2026-06-02T08:00:00,1003,SKU002,produce,produce,16,8
2026-06-02T08:00:00,1003,SKU003,dairy,dairy,16,8
2026-06-02T08:00:00,1003,SKU004,dairy,dairy,21,11
2026-06-02T08:00:00,1003,SKU005,meat,meat,17,13
2026-06-02T08:00:00,1003,SKU006,meat,meat,21,13
2026-06-02T08:00:00,1003,SKU007,bakery,bakery,15,9
2026-06-02T08:00:00,1003,SKU008,bakery,bakery,14,12
2026-06-02T08:00:00,1003,SKU009,beverages,grocery,32,20
2026-06-02T08:00:00,1003,SKU010,beverages,grocery,15,14
2026-06-02T08:00:00,1003,SKU011,frozen,frozen,29,20
2026-06-02T08:00:00,1003,SKU012,frozen,frozen,32,20
2026-06-02T08:00:00,1003,SKU013,grocery,grocery,30,19
2026-06-02T08:00:00,1003,SKU014,grocery,grocery,32,20
2026-06-02T08:00:00,1003,SKU015,household,grocery,29,14
2026-06-02T09:00:00,1001,SKU001,produce,produce,7,9
2026-06-02T09:00:00,1001,SKU002,produce,produce,13,13
2026-06-02T09:00:00,1001,SKU003,dairy,dairy,14,9
2026-06-02T09:00:00,1001,SKU004,dairy,dairy,18,8
2026-06-02T09:00:00,1001,SKU005,meat,meat,17,13
2026-06-02T09:00:00,1001,SKU006,meat,meat,20,11
2026-06-02T09:00:00,1001,SKU007,bakery,bakery,16,9
2026-06-02T09:00:00,1001,SKU008,bakery,bakery,20,11
2026-06-02T09:00:00,1001,SKU009,beverages,grocery,30,16
2026-06-02T09:00:00,1001,SKU010,beverages,grocery,21,9
2026-06-02T09:00:00,1001,SKU011,frozen,frozen,25,20
2026-06-02T09:00:00,1001,SKU012,frozen,frozen,30,15
2026-06-02T09:00:00,1001,SKU013,grocery,grocery,24,17
2026-06-02T09:00:00,1001,SKU014,grocery,grocery,30,15
2026-06-02T09:00:00,1001,SKU015,household,grocery,28,19
2026-06-02T09:00:00,1002,SKU001,produce,produce,2,10
2026-06-02T09:00:00,1002,SKU002,produce,produce,11,14
2026-06-02T09:00:00,1002,SKU003,dairy,dairy,19,14
2026-06-02T09:00:00,1002,SKU004,dairy,dairy,13,11
2026-06-02T09:00:00,1002,SKU005,meat,meat,20,12
2026-06-02T09:00:00,1002,SKU006,meat,meat,14,10
2026-06-02T09:00:00,1002,SKU007,bakery,bakery,14,11
2026-06-02T09:00:00,1002,SKU008,bakery,bakery,18,14
2026-06-02T09:00:00,1002,SKU009,beverages,grocery,28,18
2026-06-02T09:00:00,1002,SKU010,beverages,grocery,17,11
2026-06-02T09:00:00,1002,SKU011,frozen,frozen,32,18
2026-06-02T09:00:00,1002,SKU012,frozen,frozen,23,17
2026-06-02T09:00:00,1002,SKU013,grocery,grocery,26,15
2026-06-02T09:00:00,1002,SKU014,grocery,grocery,26,17
2026-06-02T09:00:00,1002,SKU015,household,grocery,27,15
2026-06-02T09:00:00,1003,SKU001,produce,produce,8,8
2026-06-02T09:00:00,1003,SKU002,produce,produce,17,12
2026-06-02T09:00:00,1003,SKU003,dairy,dairy,19,12
2026-06-02T09:00:00,1003,SKU004,dairy,dairy,12,9
2026-06-02T09:00:00,1003,SKU005,meat,meat,14,9
2026-06-02T09:00:00,1003,SKU006,meat,meat,19,13
2026-06-02T09:00:00,1003,SKU007,bakery,bakery,12,8
2026-06-02T09:00:00,1003,SKU008,bakery,bakery,19,10
2026-06-02T09:00:00,1003,SKU009,beverages,grocery,27,20
2026-06-02T09:00:00,1003,SKU010,beverages,grocery,21,13
2026-06-02T09:00:00,1003,SKU011,frozen,frozen,31,14
2026-06-02T09:00:00,1003,SKU012,frozen,frozen,31,16
2026-06-02T09:00:00,1003,SKU013,grocery,grocery,31,17
2026-06-02T09:00:00,1003,SKU014,grocery,grocery,29,19
2026-06-02T09:00:00,1003,SKU015,household,grocery,29,14
2026-06-02T10:00:00,1001,SKU001,produce,produce,4,11
2026-06-02T10:00:00,1001,SKU002,produce,produce,15,10
2026-06-02T10:00:00,1001,SKU003,dairy,dairy,15,9
2026-06-02T10:00:00,1001,SKU004,dairy,dairy,19,8
2026-06-02T10:00:00,1001,SKU005,meat,meat,19,12
2026-06-02T10:00:00,1001,SKU006,meat,meat,12,14
2026-06-02T10:00:00,1001,SKU007,bakery,bakery,18,13
2026-06-02T10:00:00,1001,SKU008,bakery,bakery,16,11
2026-06-02T10:00:00,1001,SKU009,beverages,grocery,30,14
2026-06-02T10:00:00,1001,SKU010,beverages,grocery,17,12
2026-06-02T10:00:00,1001,SKU011,frozen,frozen,24,16
2026-06-02T10:00:00,1001,SKU012,frozen,frozen,30,18
2026-06-02T10:00:00,1001,SKU013,grocery,grocery,23,18
2026-06-02T10:00:00,1001,SKU014,grocery,grocery,27,16
2026-06-02T10:00:00,1001,SKU015,household,grocery,32,18
2026-06-02T10:00:00,1002,SKU001,produce,produce,3,9
2026-06-02T10:00:00,1002,SKU002,produce,produce,14,14
2026-06-02T10:00:00,1002,SKU003,dairy,dairy,18,9
2026-06-02T10:00:00,1002,SKU004,dairy,dairy,19,10
2026-06-02T10:00:00,1002,SKU005,meat,meat,19,12
2026-06-02T10:00:00,1002,SKU006,meat,meat,19,11
2026-06-02T10:00:00,1002,SKU007,bakery,bakery,14,12
2026-06-02T10:00:00,1002,SKU008,bakery,bakery,13,14
2026-06-02T10:00:00,1002,SKU009,beverages,grocery,24,14
2026-06-02T10:00:00,1002,SKU010,beverages,grocery,19,11
2026-06-02T10:00:00,1002,SKU011,frozen,frozen,24,15
2026-06-02T10:00:00,1002,SKU012,frozen,frozen,26,18
2026-06-02T10:00:00,1002,SKU013,grocery,grocery,29,19
2026-06-02T10:00:00,1002,SKU014,grocery,grocery,24,15
2026-06-02T10:00:00,1002,SKU015,household,grocery,25,19
2026-06-02T10:00:00,1003,SKU001,produce,produce,0,13
2026-06-02T10:00:00,1003,SKU002,produce,produce,13,13
2026-06-02T10:00:00,1003,SKU003,dairy,dairy,11,12
2026-06-02T10:00:00,1003,SKU004,dairy,dairy,19,8
2026-06-02T10:00:00,1003,SKU005,meat,meat,13,12
2026-06-02T10:00:00,1003,SKU006,meat,meat,20,12
2026-06-02T10:00:00,1003,SKU007,bakery,bakery,17,14
2026-06-02T10:00:00,1003,SKU008,bakery,bakery,14,12
2026-06-02T10:00:00,1003,SKU009,beverages,grocery,24,20
2026-06-02T10:00:00,1003,SKU010,beverages,grocery,12,13
2026-06-02T10:00:00,1003,SKU011,frozen,frozen,30,14
2026-06-02T10:00:00,1003,SKU012,frozen,frozen,29,17
2026-06-02T10:00:00,1003,SKU013,grocery,grocery,23,20
2026-06-02T10:00:00,1003,SKU014,grocery,grocery,24,14
2026-06-02T10:00:00,1003,SKU015,household,grocery,31,18
2026-06-02T11:00:00,1001,SKU001,produce,produce,0,9
2026-06-02T11:00:00,1001,SKU002,produce,produce,14,14
2026-06-02T11:00:00,1001,SKU003,dairy,dairy,10,12
2026-06-02T11:00:00,1001,SKU004,dairy,dairy,18,9
2026-06-02T11:00:00,1001,SKU005,meat,meat,16,12
2026-06-02T11:00:00,1001,SKU006,meat,meat,14,9
2026-06-02T11:00:00,1001,SKU007,bakery,bakery,14,13
2026-06-02T11:00:00,1001,SKU008,bakery,bakery,20,13
2026-06-02T11:00:00,1001,SKU009,beverages,grocery,28,19
2026-06-02T11:00:00,1001,SKU010,beverages,grocery,15,12
2026-06-02T11:00:00,1001,SKU011,frozen,frozen,30,14
2026-06-02T11:00:00,1001,SKU012,frozen,frozen,25,19
2026-06-02T11:00:00,1001,SKU013,grocery,grocery,28,14
2026-06-02T11:00:00,1001,SKU014,grocery,grocery,29,17
2026-06-02T11:00:00,1001,SKU015,household,grocery,29,17
2026-06-02T11:00:00,1002,SKU001,produce,produce,1,12
2026-06-02T11:00:00,1002,SKU002,produce,produce,13,14
2026-06-02T11:00:00,1002,SKU003,dairy,dairy,16,14
2026-06-02T11:00:00,1002,SKU004,dairy,dairy,13,9
2026-06-02T11:00:00,1002,SKU005,meat,meat,15,10
2026-06-02T11:00:00,1002,SKU006,meat,meat,18,8
2026-06-02T11:00:00,1002,SKU007,bakery,bakery,17,11
2026-06-02T11:00:00,1002,SKU008,bakery,bakery,15,13
2026-06-02T11:00:00,1002,SKU009,beverages,grocery,23,20
2026-06-02T11:00:00,1002,SKU010,beverages,grocery,13,14
2026-06-02T11:00:00,1002,SKU011,frozen,frozen,26,14
2026-06-02T11:00:00,1002,SKU012,frozen,frozen,27,16
2026-06-02T11:00:00,1002,SKU013,grocery,grocery,28,19
2026-06-02T11:00:00,1002,SKU014,grocery,grocery,23,19
2026-06-02T11:00:00,1002,SKU015,household,grocery,29,17
2026-06-02T11:00:00,1003,SKU001,produce,produce,0,10
2026-06-02T11:00:00,1003,SKU002,produce,produce,9,13
2026-06-02T11:00:00,1003,SKU003,dairy,dairy,9,12
2026-06-02T11:00:00,1003,SKU004,dairy,dairy,17,12
2026-06-02T11:00:00,1003,SKU005,meat,meat,13,12
2026-06-02T11:00:00,1003,SKU006,meat,meat,15,13
2026-06-02T11:00:00,1003,SKU007,bakery,bakery,14,10
2026-06-02T11:00:00,1003,SKU008,bakery,bakery,12,10
2026-06-02T11:00:00,1003,SKU009,beverages,grocery,27,18
2026-06-02T11:00:00,1003,SKU010,beverages,grocery,19,9
2026-06-02T11:00:00,1003,SKU011,frozen,frozen,24,14
2026-06-02T11:00:00,1003,SKU012,frozen,frozen,26,14
2026-06-02T11:00:00,1003,SKU013,grocery,grocery,27,17
2026-06-02T11:00:00,1003,SKU014,grocery,grocery,23,19
2026-06-02T11:00:00,1003,SKU015,household,grocery,25,20
2026-06-02T12:00:00,1001,SKU001,produce,produce,0,9
2026-06-02T12:00:00,1001,SKU002,produce,produce,11,14
2026-06-02T12:00:00,1001,SKU003,dairy,dairy,7,9
2026-06-02T12:00:00,1001,SKU004,dairy,dairy,15,12
2026-06-02T12:00:00,1001,SKU005,meat,meat,16,8
2026-06-02T12:00:00,1001,SKU006,meat,meat,15,13
2026-06-02T12:00:00,1001,SKU007,bakery,bakery,16,14
2026-06-02T12:00:00,1001,SKU008,bakery,bakery,19,12
2026-06-02T12:00:00,1001,SKU009,beverages,grocery,22,19
2026-06-02T12:00:00,1001,SKU010,beverages,grocery,11,12
2026-06-02T12:00:00,1001,SKU011,frozen,frozen,29,20
2026-06-02T12:00:00,1001,SKU012,frozen,frozen,29,18
2026-06-02T12:00:00,1001,SKU013,grocery,grocery,29,18
2026-06-02T12:00:00,1001,SKU014,grocery,grocery,23,20
2026-06-02T12:00:00,1001,SKU015,household,grocery,26,15
2026-06-02T12:00:00,1002,SKU001,produce,produce,0,14
2026-06-02T12:00:00,1002,SKU002,produce,produce,10,10
2026-06-02T12:00:00,1002,SKU003,dairy,dairy,13,12
2026-06-02T12:00:00,1002,SKU004,dairy,dairy,13,10
2026-06-02T12:00:00,1002,SKU005,meat,meat,15,11
2026-06-02T12:00:00,1002,SKU006,meat,meat,14,8
2026-06-02T12:00:00,1002,SKU007,bakery,bakery,13,14
2026-06-02T12:00:00,1002,SKU008,bakery,bakery,17,13
2026-06-02T12:00:00,1002,SKU009,beverages,grocery,27,16
2026-06-02T12:00:00,1002,SKU010,beverages,grocery,11,8
2026-06-02T12:00:00,1002,SKU011,frozen,frozen,28,15
2026-06-02T12:00:00,1002,SKU012,frozen,frozen,24,18
2026-06-02T12:00:00,1002,SKU013,grocery,grocery,27,17
2026-06-02T12:00:00,1002,SKU014,grocery,grocery,26,20
2026-06-02T12:00:00,1002,SKU015,household,grocery,31,18
2026-06-02T12:00:00,1003,SKU001,produce,produce,0,14
2026-06-02T12:00:00,1003,SKU002,produce,produce,7,10
2026-06-02T12:00:00,1003,SKU003,dairy,dairy,14,10
2026-06-02T12:00:00,1003,SKU004,dairy,dairy,16,13
2026-06-02T12:00:00,1003,SKU005,meat,meat,11,12
2026-06-02T12:00:00,1003,SKU006,meat,meat,12,13
2026-06-02T12:00:00,1003,SKU007,bakery,bakery,17,9
2026-06-02T12:00:00,1003,SKU008,bakery,bakery,12,12
2026-06-02T12:00:00,1003,SKU009,beverages,grocery,27,18
2026-06-02T12:00:00,1003,SKU010,beverages,grocery,14,13
2026-06-02T12:00:00,1003,SKU011,frozen,frozen,22,15
2026-06-02T12:00:00,1003,SKU012,frozen,frozen,23,16
2026-06-02T12:00:00,1003,SKU013,grocery,grocery,30,16
2026-06-02T12:00:00,1003,SKU014,grocery,grocery,27,19
2026-06-02T12:00:00,1003,SKU015,household,grocery,26,20
2026-06-02T13:00:00,1001,SKU001,produce,produce,0,9
2026-06-02T13:00:00,1001,SKU002,produce,produce,6,10
2026-06-02T13:00:00,1001,SKU003,dairy,dairy,7,11
2026-06-02T13:00:00,1001,SKU004,dairy,dairy,13,8
2026-06-02T13:00:00,1001,SKU005,meat,meat,16,10
2026-06-02T13:00:00,1001,SKU006,meat,meat,13,12
2026-06-02T13:00:00,1001,SKU007,bakery,bakery,12,12
2026-06-02T13:00:00,1001,SKU008,bakery,bakery,17,14
2026-06-02T13:00:00,1001,SKU009,beverages,grocery,26,14
2026-06-02T13:00:00,1001,SKU010,beverages,grocery,17,9
2026-06-02T13:00:00,1001,SKU011,frozen,frozen,26,16
2026-06-02T13:00:00,1001,SKU012,frozen,frozen,27,20
2026-06-02T13:00:00,1001,SKU013,grocery,grocery,29,19
2026-06-02T13:00:00,1001,SKU014,grocery,grocery,26,17
2026-06-02T13:00:00,1001,SKU015,household,grocery,26,19
2026-06-02T13:00:00,1002,SKU001,produce,produce,0,10
2026-06-02T13:00:00,1002,SKU002,produce,produce,9,12
2026-06-02T13:00:00,1002,SKU003,dairy,dairy,10,13
2026-06-02T13:00:00,1002,SKU004,dairy,dairy,9,13
2026-06-02T13:00:00,1002,SKU005,meat,meat,15,10
2026-06-02T13:00:00,1002,SKU006,meat,meat,10,11
2026-06-02T13:00:00,1002,SKU007,bakery,bakery,10,11
2026-06-02T13:00:00,1002,SKU008,bakery,bakery,11,10
2026-06-02T13:00:00,1002,SKU009,beverages,grocery,20,15
2026-06-02T13:00:00,1002,SKU010,beverages,grocery,12,8
2026-06-02T13:00:00,1002,SKU011,frozen,frozen,30,19
2026-06-02T13:00:00,1002,SKU012,frozen,frozen,22,17
2026-06-02T13:00:00,1002,SKU013,grocery,grocery,30,14
2026-06-02T13:00:00,1002,SKU014,grocery,grocery,26,14
2026-06-02T13:00:00,1002,SKU015,household,grocery,27,20
2026-06-02T13:00:00,1003,SKU001,produce,produce,0,14
2026-06-02T13:00:00,1003,SKU002,produce,produce,8,13
2026-06-02T13:00:00,1003,SKU003,dairy,dairy,13,11
2026-06-02T13:00:00,1003,SKU004,dairy,dairy,8,13
2026-06-02T13:00:00,1003,SKU005,meat,meat,12,14
2026-06-02T13:00:00,1003,SKU006,meat,meat,17,9
2026-06-02T13:00:00,1003,SKU007,bakery,bakery,16,14
2026-06-02T13:00:00,1003,SKU008,bakery,bakery,18,10
2026-06-02T13:00:00,1003,SKU009,beverages,grocery,20,19
2026-06-02T13:00:00,1003,SKU010,beverages,grocery,12,12
2026-06-02T13:00:00,1003,SKU011,frozen,frozen,24,18
2026-06-02T13:00:00,1003,SKU012,frozen,frozen,27,16
2026-06-02T13:00:00,1003,SKU013,grocery,grocery,25,15
2026-06-02T13:00:00,1003,SKU014,grocery,grocery,22,20
2026-06-02T13:00:00,1003,SKU015,household,grocery,26,17
2026-06-02T14:00:00,1001,SKU001,produce,produce,0,13
2026-06-02T14:00:00,1001,SKU002,produce,produce,3,12
2026-06-02T14:00:00,1001,SKU003,dairy,dairy,11,13
2026-06-02T14:00:00,1001,SKU004,dairy,dairy,9,8
2026-06-02T14:00:00,1001,SKU005,meat,meat,15,9
2026-06-02T14:00:00,1001,SKU006,meat,meat,15,11
2026-06-02T14:00:00,1001,SKU007,bakery,bakery,15,11
2026-06-02T14:00:00,1001,SKU008,bakery,bakery,11,12
2026-06-02T14:00:00,1001,SKU009,beverages,grocery,26,17
2026-06-02T14:00:00,1001,SKU010,beverages,grocery,15,11
2026-06-02T14:00:00,1001,SKU011,frozen,frozen,22,14
2026-06-02T14:00:00,1001,SKU012,frozen,frozen,23,16
2026-06-02T14:00:00,1001,SKU013,grocery,grocery,27,15
2026-06-02T14:00:00,1001,SKU014,grocery,grocery,26,15
2026-06-02T14:00:00,1001,SKU015,household,grocery,23,15
2026-06-02T14:00:00,1002,SKU001,produce,produce,0,9
2026-06-02T14:00:00,1002,SKU002,produce,produce,6,10
2026-06-02T14:00:00,1002,SKU003,dairy,dairy,13,8
2026-06-02T14:00:00,1002,SKU004,dairy,dairy,8,9
2026-06-02T14:00:00,1002,SKU005,meat,meat,14,11
2026-06-02T14:00:00,1002,SKU006,meat,meat,17,9
2026-06-02T14:00:00,1002,SKU007,bakery,bakery,14,11
2026-06-02T14:00:00,1002,SKU008,bakery,bakery,15,12
2026-06-02T14:00:00,1002,SKU009,beverages,grocery,20,14
2026-06-02T14:00:00,1002,SKU010,beverages,grocery,16,14
2026-06-02T14:00:00,1002,SKU011,frozen,frozen,28,18
2026-06-02T14:00:00,1002,SKU012,frozen,frozen,22,16
2026-06-02T14:00:00,1002,SKU013,grocery,grocery,23,19
2026-06-02T14:00:00,1002,SKU014,grocery,grocery,26,16
2026-06-02T14:00:00,1002,SKU015,household,grocery,29,14
2026-06-02T14:00:00,1003,SKU001,produce,produce,0,10
2026-06-02T14:00:00,1003,SKU002,produce,produce,3,12
2026-06-02T14:00:00,1003,SKU003,dairy,dairy,7,9
2026-06-02T14:00:00,1003,SKU004,dairy,dairy,10,14
2026-06-02T14:00:00,1003,SKU005,meat,meat,12,8
2026-06-02T14:00:00,1003,SKU006,meat,meat,16,10
2026-06-02T14:00:00,1003,SKU007,bakery,bakery,14,10
2026-06-02T14:00:00,1003,SKU008,bakery,bakery,16,10
2026-06-02T14:00:00,1003,SKU009,beverages,grocery,22,20
2026-06-02T14:00:00,1003,SKU010,beverages,grocery,15,14
2026-06-02T14:00:00,1003,SKU011,frozen,frozen,21,14
2026-06-02T14:00:00,1003,SKU012,frozen,frozen,29,17
2026-06-02T14:00:00,1003,SKU013,grocery,grocery,24,17
2026-06-02T14:00:00,1003,SKU014,grocery,grocery,24,17
2026-06-02T14:00:00,1003,SKU015,household,grocery,26,14
2026-06-02T15:00:00,1001,SKU001,produce,produce,0,13
2026-06-02T15:00:00,1001,SKU002,produce,produce,7,12
2026-06-02T15:00:00,1001,SKU003,dairy,dairy,9,10
2026-06-02T15:00:00,1001,SKU004,dairy,dairy,8,13
2026-06-02T15:00:00,1001,SKU005,meat,meat,8,11
2026-06-02T15:00:00,1001,SKU006,meat,meat,15,11
2026-06-02T15:00:00,1001,SKU007,bakery,bakery,11,14
2026-06-02T15:00:00,1001,SKU008,bakery,bakery,11,10
2026-06-02T15:00:00,1001,SKU009,beverages,grocery,19,14
2026-06-02T15:00:00,1001,SKU010,beverages,grocery,11,14
2026-06-02T15:00:00,1001,SKU011,frozen,frozen,29,16
2026-06-02T15:00:00,1001,SKU012,frozen,frozen,20,15
2026-06-02T15:00:00,1001,SKU013,grocery,grocery,26,16
2026-06-02T15:00:00,1001,SKU014,grocery,grocery,22,19
2026-06-02T15:00:00,1001,SKU015,household,grocery,26,20
2026-06-02T15:00:00,1002,SKU001,produce,produce,0,14
2026-06-02T15:00:00,1002,SKU002,produce,produce,5,13
2026-06-02T15:00:00,1002,SKU003,dairy,dairy,8,12
2026-06-02T15:00:00,1002,SKU004,dairy,dairy,12,11
2026-06-02T15:00:00,1002,SKU005,meat,meat,8,9
2026-06-02T15:00:00,1002,SKU006,meat,meat,16,12
2026-06-02T15:00:00,1002,SKU007,bakery,bakery,10,12
2026-06-02T15:00:00,1002,SKU008,bakery,bakery,10,10
2026-06-02T15:00:00,1002,SKU009,beverages,grocery,26,20
2026-06-02T15:00:00,1002,SKU010,beverages,grocery,11,9
2026-06-02T15:00:00,1002,SKU011,frozen,frozen,22,16
2026-06-02T15:00:00,1002,SKU012,frozen,frozen,25,16
2026-06-02T15:00:00,1002,SKU013,grocery,grocery,27,19
2026-06-02T15:00:00,1002,SKU014,grocery,grocery,22,16
2026-06-02T15:00:00,1002,SKU015,household,grocery,30,16
2026-06-02T15:00:00,1003,SKU001,produce,produce,0,9
2026-06-02T15:00:00,1003,SKU002,produce,produce,6,8
2026-06-02T15:00:00,1003,SKU003,dairy,dairy,5,10
2026-06-02T15:00:00,1003,SKU004,dairy,dairy,13,12
2026-06-02T15:00:00,1003,SKU005,meat,meat,14,11
2026-06-02T15:00:00,1003,SKU006,meat,meat,13,9
2026-06-02T15:00:00,1003,SKU007,bakery,bakery,8,9
2026-06-02T15:00:00,1003,SKU008,bakery,bakery,10,10
2026-06-02T15:00:00,1003,SKU009,beverages,grocery,19,18
2026-06-02T15:00:00,1003,SKU010,beverages,grocery,13,10
2026-06-02T15:00:00,1003,SKU011,frozen,frozen,24,17
2026-06-02T15:00:00,1003,SKU012,frozen,frozen,27,19
2026-06-02T15:00:00,1003,SKU013,grocery,grocery,27,17
2026-06-02T15:00:00,1003,SKU014,grocery,grocery,22,18
2026-06-02T15:00:00,1003,SKU015,household,grocery,26,14
2026-06-02T16:00:00,1001,SKU001,produce,produce,0,14
2026-06-02T16:00:00,1001,SKU002,produce,produce,5,12
2026-06-02T16:00:00,1001,SKU003,dairy,dairy,2,8
2026-06-02T16:00:00,1001,SKU004,dairy,dairy,6,13
2026-06-02T16:00:00,1001,SKU005,meat,meat,13,11
2026-06-02T16:00:00,1001,SKU006,meat,meat,10,8
2026-06-02T16:00:00,1001,SKU007,bakery,bakery,10,9
2026-06-02T16:00:00,1001,SKU008,bakery,bakery,10,10
2026-06-02T16:00:00,1001,SKU009,beverages,grocery,20,14
2026-06-02T16:00:00,1001,SKU010,beverages,grocery,12,9
2026-06-02T16:00:00,1001,SKU011,frozen,frozen,26,17
2026-06-02T16:00:00,1001,SKU012,frozen,frozen,28,17
2026-06-02T16:00:00,1001,SKU013,grocery,grocery,22,19
2026-06-02T16:00:00,1001,SKU014,grocery,grocery,22,20
2026-06-02T16:00:00,1001,SKU015,household,grocery,23,17
2026-06-02T16:00:00,1002,SKU001,produce,produce,0,8
2026-06-02T16:00:00,1002,SKU002,produce,produce,8,11
2026-06-02T16:00:00,1002,SKU003,dairy,dairy,3,8
2026-06-02T16:00:00,1002,SKU004,dairy,dairy,11,13
2026-06-02T16:00:00,1002,SKU005,meat,meat,13,10
2026-06-02T16:00:00,1002,SKU006,meat,meat,13,10
2026-06-02T16:00:00,1002,SKU007,bakery,bakery,8,10
2026-06-02T16:00:00,1002,SKU008,bakery,bakery,16,14
2026-06-02T16:00:00,1002,SKU009,beverages,grocery,19,17
2026-06-02T16:00:00,1002,SKU010,beverages,grocery,16,13
2026-06-02T16:00:00,1002,SKU011,frozen,frozen,20,15
2026-06-02T16:00:00,1002,SKU012,frozen,frozen,26,20
2026-06-02T16:00:00,1002,SKU013,grocery,grocery,23,15
2026-06-02T16:00:00,1002,SKU014,grocery,grocery,22,16
2026-06-02T16:00:00,1002,SKU015,household,grocery,27,15
2026-06-02T16:00:00,1003,SKU001,produce,produce,0,8
2026-06-02T16:00:00,1003,SKU002,produce,produce,6,8
2026-06-02T16:00:00,1003,SKU003,dairy,dairy,2,9
2026-06-02T16:00:00,1003,SKU004,dairy,dairy,8,8
2026-06-02T16:00:00,1003,SKU005,meat,meat,7,12
2026-06-02T16:00:00,1003,SKU006,meat,meat,13,14
2026-06-02T16:00:00,1003,SKU007,bakery,bakery,11,13
2026-06-02T16:00:00,1003,SKU008,bakery,bakery,14,13
2026-06-02T16:00:00,1003,SKU009,beverages,grocery,19,19
2026-06-02T16:00:00,1003,SKU010,beverages,grocery,13,14
2026-06-02T16:00:00,1003,SKU011,frozen,frozen,22,15
2026-06-02T16:00:00,1003,SKU012,frozen,frozen,24,19
2026-06-02T16:00:00,1003,SKU013,grocery,grocery,21,14
2026-06-02T16:00:00,1003,SKU014,grocery,grocery,25,20
2026-06-02T16:00:00,1003,SKU015,household,grocery,25,14
2026-06-02T17:00:00,1001,SKU001,produce,produce,0,11
2026-06-02T17:00:00,1001,SKU002,produce,produce,6,8
2026-06-02T17:00:00,1001,SKU003,dairy,dairy,2,10
2026-06-02T17:00:00,1001,SKU004,dairy,dairy,5,10
2026-06-02T17:00:00,1001,SKU005,meat,meat,10,13
2026-06-02T17:00:00,1001,SKU006,meat,meat,8,8
2026-06-02T17:00:00,1001,SKU007,bakery,bakery,6,14
2026-06-02T17:00:00,1001,SKU008,bakery,bakery,14,11
2026-06-02T17:00:00,1001,SKU009,beverages,grocery,21,15
2026-06-02T17:00:00,1001,SKU010,beverages,grocery,15,9
2026-06-02T17:00:00,1001,SKU011,frozen,frozen,22,15
2026-06-02T17:00:00,1001,SKU012,frozen,frozen,21,16
2026-06-02T17:00:00,1001,SKU013,grocery,grocery,20,14
2026-06-02T17:00:00,1001,SKU014,grocery,grocery,25,15
2026-06-02T17:00:00,1001,SKU015,household,grocery,25,15
2026-06-02T17:00:00,1002,SKU001,produce,produce,0,8
2026-06-02T17:00:00,1002,SKU002,produce,produce,4,11
2026-06-02T17:00:00,1002,SKU003,dairy,dairy,3,13
2026-06-02T17:00:00,1002,SKU004,dairy,dairy,4,8
2026-06-02T17:00:00,1002,SKU005,meat,meat,5,14
2026-06-02T17:00:00,1002,SKU006,meat,meat,7,8
2026-06-02T17:00:00,1002,SKU007,bakery,bakery,8,10
2026-06-02T17:00:00,1002,SKU008,bakery,bakery,16,10
2026-06-02T17:00:00,1002,SKU009,beverages,grocery,21,15
2026-06-02T17:00:00,1002,SKU010,beverages,grocery,8,9
2026-06-02T17:00:00,1002,SKU011,frozen,frozen,23,19
2026-06-02T17:00:00,1002,SKU012,frozen,frozen,21,16
2026-06-02T17:00:00,1002,SKU013,grocery,grocery,22,18
2026-06-02T17:00:00,1002,SKU014,grocery,grocery,26,14
2026-06-02T17:00:00,1002,SKU015,household,grocery,26,15
2026-06-02T17:00:00,1003,SKU001,produce,produce,0,13
2026-06-02T17:00:00,1003,SKU002,produce,produce,3,10
2026-06-02T17:00:00,1003,SKU003,dairy,dairy,7,13
2026-06-02T17:00:00,1003,SKU004,dairy,dairy,8,10
2026-06-02T17:00:00,1003,SKU005,meat,meat,7,9
2026-06-02T17:00:00,1003,SKU006,meat,meat,10,9
2026-06-02T17:00:00,1003,SKU007,bakery,bakery,13,11
2026-06-02T17:00:00,1003,SKU008,bakery,bakery,12,14
2026-06-02T17:00:00,1003,SKU009,beverages,grocery,22,18
2026-06-02T17:00:00,1003,SKU010,beverages,grocery,14,11
2026-06-02T17:00:00,1003,SKU011,frozen,frozen,20,15
2026-06-02T17:00:00,1003,SKU012,frozen,frozen,23,18
2026-06-02T17:00:00,1003,SKU013,grocery,grocery,28,17
2026-06-02T17:00:00,1003,SKU014,grocery,grocery,26,15
2026-06-02T17:00:00,1003,SKU015,household,grocery,27,15
2026-06-02T18:00:00,1001,SKU001,produce,produce,0,13
2026-06-02T18:00:00,1001,SKU002,produce,produce,2,9
2026-06-02T18:00:00,1001,SKU003,dairy,dairy,6,14
2026-06-02T18:00:00,1001,SKU004,dairy,dairy,10,13
2026-06-02T18:00:00,1001,SKU005,meat,meat,11,13
2026-06-02T18:00:00,1001,SKU006,meat,meat,8,10
2026-06-02T18:00:00,1001,SKU007,bakery,bakery,13,13
2026-06-02T18:00:00,1001,SKU008,bakery,bakery,13,9
2026-06-02T18:00:00,1001,SKU009,beverages,grocery,24,20
2026-06-02T18:00:00,1001,SKU010,beverages,grocery,9,10
2026-06-02T18:00:00,1001,SKU011,frozen,frozen,25,20
2026-06-02T18:00:00,1001,SKU012,frozen,frozen,20,16
2026-06-02T18:00:00,1001,SKU013,grocery,grocery,22,17
2026-06-02T18:00:00,1001,SKU014,grocery,grocery,26,16
2026-06-02T18:00:00,1001,SKU015,household,grocery,27,18
2026-06-02T18:00:00,1002,SKU001,produce,produce,0,10
2026-06-02T18:00:00,1002,SKU002,produce,produce,4,14
2026-06-02T18:00:00,1002,SKU003,dairy,dairy,6,9
2026-06-02T18:00:00,1002,SKU004,dairy,dairy,8,14
2026-06-02T18:00:00,1002,SKU005,meat,meat,7,14
2026-06-02T18:00:00,1002,SKU006,meat,meat,13,8
2026-06-02T18:00:00,1002,SKU007,bakery,bakery,11,11
2026-06-02T18:00:00,1002,SKU008,bakery,bakery,12,8
2026-06-02T18:00:00,1002,SKU009,beverages,grocery,21,17
2026-06-02T18:00:00,1002,SKU010,beverages,grocery,11,9
2026-06-02T18:00:00,1002,SKU011,frozen,frozen,22,17
2026-06-02T18:00:00,1002,SKU012,frozen,frozen,24,15
2026-06-02T18:00:00,1002,SKU013,grocery,grocery,24,17
2026-06-02T18:00:00,1002,SKU014,grocery,grocery,24,20
2026-06-02T18:00:00,1002,SKU015,household,grocery,28,17
2026-06-02T18:00:00,1003,SKU001,produce,produce,0,13
2026-06-02T18:00:00,1003,SKU002,produce,produce,0,10
2026-06-02T18:00:00,1003,SKU003,dairy,dairy,3,12
2026-06-02T18:00:00,1003,SKU004,dairy,dairy,9,9
2026-06-02T18:00:00,1003,SKU005,meat,meat,12,10
2026-06-02T18:00:00,1003,SKU006,meat,meat,8,9
2026-06-02T18:00:00,1003,SKU007,bakery,bakery,9,9
2026-06-02T18:00:00,1003,SKU008,bakery,bakery,14,11
2026-06-02T18:00:00,1003,SKU009,beverages,grocery,19,16
2026-06-02T18:00:00,1003,SKU010,beverages,grocery,7,10
2026-06-02T18:00:00,1003,SKU011,frozen,frozen,26,14
2026-06-02T18:00:00,1003,SKU012,frozen,frozen,21,19
2026-06-02T18:00:00,1003,SKU013,grocery,grocery,27,20
2026-06-02T18:00:00,1003,SKU014,grocery,grocery,26,15
2026-06-02T18:00:00,1003,SKU015,household,grocery,30,15
2026-06-02T19:00:00,1001,SKU001,produce,produce,0,10
2026-06-02T19:00:00,1001,SKU002,produce,produce,0,13
2026-06-02T19:00:00,1001,SKU003,dairy,dairy,3,11
2026-06-02T19:00:00,1001,SKU004,dairy,dairy,10,10
2026-06-02T19:00:00,1001,SKU005,meat,meat,11,13
2026-06-02T19:00:00,1001,SKU006,meat,meat,11,9
2026-06-02T19:00:00,1001,SKU007,bakery,bakery,4,11
2026-06-02T19:00:00,1001,SKU008,bakery,bakery,8,11
2026-06-02T19:00:00,1001,SKU009,beverages,grocery,25,15
2026-06-02T19:00:00,1001,SKU010,beverages,grocery,10,12
2026-06-02T19:00:00,1001,SKU011,frozen,frozen,26,18
2026-06-02T19:00:00,1001,SKU012,frozen,frozen,21,18
2026-06-02T19:00:00,1001,SKU013,grocery,grocery,27,20
2026-06-02T19:00:00,1001,SKU014,grocery,grocery,21,17
2026-06-02T19:00:00,1001,SKU015,household,grocery,23,16
2026-06-02T19:00:00,1002,SKU001,produce,produce,0,13
2026-06-02T19:00:00,1002,SKU002,produce,produce,4,8
2026-06-02T19:00:00,1002,SKU003,dairy,dairy,0,11
2026-06-02T19:00:00,1002,SKU004,dairy,dairy,10,13
2026-06-02T19:00:00,1002,SKU005,meat,meat,6,13
2026-06-02T19:00:00,1002,SKU006,meat,meat,12,8
2026-06-02T19:00:00,1002,SKU007,bakery,bakery,4,9
2026-06-02T19:00:00,1002,SKU008,bakery,bakery,7,11
2026-06-02T19:00:00,1002,SKU009,beverages,grocery,20,17
2026-06-02T19:00:00,1002,SKU010,beverages,grocery,8,11
2026-06-02T19:00:00,1002,SKU011,frozen,frozen,19,17
2026-06-02T19:00:00,1002,SKU012,frozen,frozen,20,20
2026-06-02T19:00:00,1002,SKU013,grocery,grocery,19,14
2026-06-02T19:00:00,1002,SKU014,grocery,grocery,24,18
2026-06-02T19:00:00,1002,SKU015,household,grocery,28,20
2026-06-02T19:00:00,1003,SKU001,produce,produce,0,12
2026-06-02T19:00:00,1003,SKU002,produce,produce,0,12
2026-06-02T19:00:00,1003,SKU003,dairy,dairy,1,11
2026-06-02T19:00:00,1003,SKU004,dairy,dairy,6,12
2026-06-02T19:00:00,1003,SKU005,meat,meat,6,8
2026-06-02T19:00:00,1003,SKU006,meat,meat,7,8
2026-06-02T19:00:00,1003,SKU007,bakery,bakery,8,11
2026-06-02T19:00:00,1003,SKU008,bakery,bakery,10,12
2026-06-02T19:00:00,1003,SKU009,beverages,grocery,21,20
2026-06-02T19:00:00,1003,SKU010,beverages,grocery,13,11
2026-06-02T19:00:00,1003,SKU011,frozen,frozen,21,16
2026-06-02T19:00:00,1003,SKU012,frozen,frozen,22,20
2026-06-02T19:00:00,1003,SKU013,grocery,grocery,21,19
2026-06-02T19:00:00,1003,SKU014,grocery,grocery,22,17
2026-06-02T19:00:00,1003,SKU015,household,grocery,26,16
2026-06-02T20:00:00,1001,SKU001,produce,produce,0,9
2026-06-02T20:00:00,1001,SKU002,produce,produce,0,12
2026-06-02T20:00:00,1001,SKU003,dairy,dairy,0,11
2026-06-02T20:00:00,1001,SKU004,dairy,dairy,3,13
2026-06-02T20:00:00,1001,SKU005,meat,meat,6,8
2026-06-02T20:00:00,1001,SKU006,meat,meat,7,11
2026-06-02T20:00:00,1001,SKU007,bakery,bakery,7,12
2026-06-02T20:00:00,1001,SKU008,bakery,bakery,8,13
2026-06-02T20:00:00,1001,SKU009,beverages,grocery,17,15
2026-06-02T20:00:00,1001,SKU010,beverages,grocery,11,13
2026-06-02T20:00:00,1001,SKU011,frozen,frozen,24,19
2026-06-02T20:00:00,1001,SKU012,frozen,frozen,22,18
2026-06-02T20:00:00,1001,SKU013,grocery,grocery,26,14
2026-06-02T20:00:00,1001,SKU014,grocery,grocery,25,17
2026-06-02T20:00:00,1001,SKU015,household,grocery,22,17
2026-06-02T20:00:00,1002,SKU001,produce,produce,0,9
2026-06-02T20:00:00,1002,SKU002,produce,produce,0,10
2026-06-02T20:00:00,1002,SKU003,dairy,dairy,1,12
2026-06-02T20:00:00,1002,SKU004,dairy,dairy,2,8
2026-06-02T20:00:00,1002,SKU005,meat,meat,3,11
2026-06-02T20:00:00,1002,SKU006,meat,meat,5,9
2026-06-02T20:00:00,1002,SKU007,bakery,bakery,8,14
2026-06-02T20:00:00,1002,SKU008,bakery,bakery,7,8
2026-06-02T20:00:00,1002,SKU009,beverages,grocery,22,20
2026-06-02T20:00:00,1002,SKU010,beverages,grocery,8,12
2026-06-02T20:00:00,1002,SKU011,frozen,frozen,22,19
2026-06-02T20:00:00,1002,SKU012,frozen,frozen,18,20
2026-06-02T20:00:00,1002,SKU013,grocery,grocery,20,15
2026-06-02T20:00:00,1002,SKU014,grocery,grocery,22,15
2026-06-02T20:00:00,1002,SKU015,household,grocery,26,16
2026-06-02T20:00:00,1003,SKU001,produce,produce,0,11
2026-06-02T20:00:00,1003,SKU002,produce,produce,0,14
2026-06-02T20:00:00,1003,SKU003,dairy,dairy,5,13
2026-06-02T20:00:00,1003,SKU004,dairy,dairy,4,13
2026-06-02T20:00:00,1003,SKU005,meat,meat,6,12
2026-06-02T20:00:00,1003,SKU006,meat,meat,5,10
2026-06-02T20:00:00,1003,SKU007,bakery,bakery,3,14
2026-06-02T20:00:00,1003,SKU008,bakery,bakery,15,14
2026-06-02T20:00:00,1003,SKU009,beverages,grocery,20,14
2026-06-02T20:00:00,1003,SKU010,beverages,grocery,5,8
2026-06-02T20:00:00,1003,SKU011,frozen,frozen,24,17
2026-06-02T20:00:00,1003,SKU012,frozen,frozen,21,14
2026-06-02T20:00:00,1003,SKU013,grocery,grocery,20,16
2026-06-02T20:00:00,1003,SKU014,grocery,grocery,27,14
2026-06-02T20:00:00,1003,SKU015,household,grocery,23,17
2026-06-02T21:00:00,1001,SKU001,produce,produce,0,10
2026-06-02T21:00:00,1001,SKU002,produce,produce,0,14
2026-06-02T21:00:00,1001,SKU003,dairy,dairy,0,8
2026-06-02T21:00:00,1001,SKU004,dairy,dairy,4,13
2026-06-02T21:00:00,1001,SKU005,meat,meat,3,8
2026-06-02T21:00:00,1001,SKU006,meat,meat,5,12
2026-06-02T21:00:00,1001,SKU007,bakery,bakery,10,14
2026-06-02T21:00:00,1001,SKU008,bakery,bakery,12,14
2026-06-02T21:00:00,1001,SKU009,beverages,grocery,21,14
2026-06-02T21:00:00,1001,SKU010,beverages,grocery,10,12
2026-06-02T21:00:00,1001,SKU011,frozen,frozen,18,19
2026-06-02T21:00:00,1001,SKU012,frozen,frozen,18,18
2026-06-02T21:00:00,1001,SKU013,grocery,grocery,18,15
2026-06-02T21:00:00,1001,SKU014,grocery,grocery,23,15
2026-06-02T21:00:00,1001,SKU015,household,grocery,23,20
2026-06-02T21:00:00,1002,SKU001,produce,produce,0,10
2026-06-02T21:00:00,1002,SKU002,produce,produce,1,13
2026-06-02T21:00:00,1002,SKU003,dairy,dairy,1,10
2026-06-02T21:00:00,1002,SKU004,dairy,dairy,8,10
2026-06-02T21:00:00,1002,SKU005,meat,meat,3,8
2026-06-02T21:00:00,1002,SKU006,meat,meat,6,10
2026-06-02T21:00:00,1002,SKU007,bakery,bakery,5,8
2026-06-02T21:00:00,1002,SKU008,bakery,bakery,12,8
2026-06-02T21:00:00,1002,SKU009,beverages,grocery,22,18
2026-06-02T21:00:00,1002,SKU010,beverages,grocery,5,11
2026-06-02T21:00:00,1002,SKU011,frozen,frozen,19,15
2026-06-02T21:00:00,1002,SKU012,frozen,frozen,25,17
2026-06-02T21:00:00,1002,SKU013,grocery,grocery,18,14
2026-06-02T21:00:00,1002,SKU014,grocery,grocery,24,20
2026-06-02T21:00:00,1002,SKU015,household,grocery,29,14
2026-06-02T21:00:00,1003,SKU001,produce,produce,0,14
2026-06-02T21:00:00,1003,SKU002,produce,produce,0,8
2026-06-02T21:00:00,1003,SKU003,dairy,dairy,0,9
2026-06-02T21:00:00,1003,SKU004,dairy,dairy,1,12
2026-06-02T21:00:00,1003,SKU005,meat,meat,5,14
2026-06-02T21:00:00,1003,SKU006,meat,meat,3,9
2026-06-02T21:00:00,1003,SKU007,bakery,bakery,6,11
2026-06-02T21:00:00,1003,SKU008,bakery,bakery,6,9
2026-06-02T21:00:00,1003,SKU009,beverages,grocery,23,18
2026-06-02T21:00:00,1003,SKU010,beverages,grocery,5,10
2026-06-02T21:00:00,1003,SKU011,frozen,frozen,19,14
2026-06-02T21:00:00,1003,SKU012,frozen,frozen,19,20
2026-06-02T21:00:00,1003,SKU013,grocery,grocery,26,17
2026-06-02T21:00:00,1003,SKU014,grocery,grocery,23,16
2026-06-02T21:00:00,1003,SKU015,household,grocery,24,17
2026-06-03T06:00:00,1001,SKU001,produce,produce,13,14
2026-06-03T06:00:00,1001,SKU002,produce,produce,17,11
2026-06-03T06:00:00,1001,SKU003,dairy,dairy,21,14
2026-06-03T06:00:00,1001,SKU004,dairy,dairy,23,10
2026-06-03T06:00:00,1001,SKU005,meat,meat,22,11
2026-06-03T06:00:00,1001,SKU006,meat,meat,19,14
2026-06-03T06:00:00,1001,SKU007,bakery,bakery,21,9
2026-06-03T06:00:00,1001,SKU008,bakery,bakery,16,9
2026-06-03T06:00:00,1001,SKU009,beverages,grocery,33,20
2026-06-03T06:00:00,1001,SKU010,beverages,grocery,16,8
2026-06-03T06:00:00,1001,SKU011,frozen,frozen,32,16
2026-06-03T06:00:00,1001,SKU012,frozen,frozen,26,19
2026-06-03T06:00:00,1001,SKU013,grocery,grocery,31,14
2026-06-03T06:00:00,1001,SKU014,grocery,grocery,29,15
2026-06-03T06:00:00,1001,SKU015,household,grocery,28,19
2026-06-03T06:00:00,1002,SKU001,produce,produce,14,8
2026-06-03T06:00:00,1002,SKU002,produce,produce,19,10
2026-06-03T06:00:00,1002,SKU003,dairy,dairy,14,8
2026-06-03T06:00:00,1002,SKU004,dairy,dairy,18,8
2026-06-03T06:00:00,1002,SKU005,meat,meat,20,9
2026-06-03T06:00:00,1002,SKU006,meat,meat,20,8
2026-06-03T06:00:00,1002,SKU007,bakery,bakery,21,12
2026-06-03T06:00:00,1002,SKU008,bakery,bakery,21,13
2026-06-03T06:00:00,1002,SKU009,beverages,grocery,27,17
2026-06-03T06:00:00,1002,SKU010,beverages,grocery,16,11
2026-06-03T06:00:00,1002,SKU011,frozen,frozen,33,16
2026-06-03T06:00:00,1002,SKU012,frozen,frozen,30,16
2026-06-03T06:00:00,1002,SKU013,grocery,grocery,27,16
2026-06-03T06:00:00,1002,SKU014,grocery,grocery,27,20
2026-06-03T06:00:00,1002,SKU015,household,grocery,32,19
2026-06-03T06:00:00,1003,SKU001,produce,produce,16,8
2026-06-03T06:00:00,1003,SKU002,produce,produce,14,9
2026-06-03T06:00:00,1003,SKU003,dairy,dairy,19,10
2026-06-03T06:00:00,1003,SKU004,dairy,dairy,22,13
2026-06-03T06:00:00,1003,SKU005,meat,meat,16,13
2026-06-03T06:00:00,1003,SKU006,meat,meat,22,12
2026-06-03T06:00:00,1003,SKU007,bakery,bakery,23,12
2026-06-03T06:00:00,1003,SKU008,bakery,bakery,19,12
2026-06-03T06:00:00,1003,SKU009,beverages,grocery,33,16
2026-06-03T06:00:00,1003,SKU010,beverages,grocery,21,11
2026-06-03T06:00:00,1003,SKU011,frozen,frozen,29,18
2026-06-03T06:00:00,1003,SKU012,frozen,frozen,28,14
2026-06-03T06:00:00,1003,SKU013,grocery,grocery,25,16
2026-06-03T06:00:00,1003,SKU014,grocery,grocery,26,18
2026-06-03T06:00:00,1003,SKU015,household,grocery,30,17
2026-06-03T07:00:00,1001,SKU001,produce,produce,15,10
2026-06-03T07:00:00,1001,SKU002,produce,produce,19,9
2026-06-03T07:00:00,1001,SKU003,dairy,dairy,18,10
2026-06-03T07:00:00,1001,SKU004,dairy,dairy,22,10
2026-06-03T07:00:00,1001,SKU005,meat,meat,16,14
2026-06-03T07:00:00,1001,SKU006,meat,meat,16,11
2026-06-03T07:00:00,1001,SKU007,bakery,bakery,15,11
2026-06-03T07:00:00,1001,SKU008,bakery,bakery,16,11
2026-06-03T07:00:00,1001,SKU009,beverages,grocery,30,15
2026-06-03T07:00:00,1001,SKU010,beverages,grocery,19,11
2026-06-03T07:00:00,1001,SKU011,frozen,frozen,30,14
2026-06-03T07:00:00,1001,SKU012,frozen,frozen,28,17
2026-06-03T07:00:00,1001,SKU013,grocery,grocery,25,17
2026-06-03T07:00:00,1001,SKU014,grocery,grocery,25,19
2026-06-03T07:00:00,1001,SKU015,household,grocery,25,14
2026-06-03T07:00:00,1002,SKU001,produce,produce,12,14
2026-06-03T07:00:00,1002,SKU002,produce,produce,17,8
2026-06-03T07:00:00,1002,SKU003,dairy,dairy,16,8
2026-06-03T07:00:00,1002,SKU004,dairy,dairy,20,12
2026-06-03T07:00:00,1002,SKU005,meat,meat,20,14
2026-06-03T07:00:00,1002,SKU006,meat,meat,16,10
2026-06-03T07:00:00,1002,SKU007,bakery,bakery,14,14
2026-06-03T07:00:00,1002,SKU008,bakery,bakery,22,11
2026-06-03T07:00:00,1002,SKU009,beverages,grocery,25,14
2026-06-03T07:00:00,1002,SKU010,beverages,grocery,14,13
2026-06-03T07:00:00,1002,SKU011,frozen,frozen,31,17
2026-06-03T07:00:00,1002,SKU012,frozen,frozen,32,18
2026-06-03T07:00:00,1002,SKU013,grocery,grocery,25,19
2026-06-03T07:00:00,1002,SKU014,grocery,grocery,29,20
2026-06-03T07:00:00,1002,SKU015,household,grocery,26,17
2026-06-03T07:00:00,1003,SKU001,produce,produce,10,12
2026-06-03T07:00:00,1003,SKU002,produce,produce,15,8
2026-06-03T07:00:00,1003,SKU003,dairy,dairy,20,11
2026-06-03T07:00:00,1003,SKU004,dairy,dairy,16,9
2026-06-03T07:00:00,1003,SKU005,meat,meat,22,13
2026-06-03T07:00:00,1003,SKU006,meat,meat,15,8
2026-06-03T07:00:00,1003,SKU007,bakery,bakery,19,14
2026-06-03T07:00:00,1003,SKU008,bakery,bakery,16,9
2026-06-03T07:00:00,1003,SKU009,beverages,grocery,27,15
2026-06-03T07:00:00,1003,SKU010,beverages,grocery,22,9
2026-06-03T07:00:00,1003,SKU011,frozen,frozen,27,15
2026-06-03T07:00:00,1003,SKU012,frozen,frozen,32,15
2026-06-03T07:00:00,1003,SKU013,grocery,grocery,29,14
2026-06-03T07:00:00,1003,SKU014,grocery,grocery,33,16
2026-06-03T07:00:00,1003,SKU015,household,grocery,32,16
2026-06-03T08:00:00,1001,SKU001,produce,produce,6,12
2026-06-03T08:00:00,1001,SKU002,produce,produce,14,10
2026-06-03T08:00:00,1001,SKU003,dairy,dairy,16,8
2026-06-03T08:00:00,1001,SKU004,dairy,dairy,13,10
2026-06-03T08:00:00,1001,SKU005,meat,meat,14,8
2026-06-03T08:00:00,1001,SKU006,meat,meat,21,10
2026-06-03T08:00:00,1001,SKU007,bakery,bakery,20,12
2026-06-03T08:00:00,1001,SKU008,bakery,bakery,15,9
2026-06-03T08:00:00,1001,SKU009,beverages,grocery,29,20
2026-06-03T08:00:00,1001,SKU010,beverages,grocery,14,13
2026-06-03T08:00:00,1001,SKU011,frozen,frozen,25,15
2026-06-03T08:00:00,1001,SKU012,frozen,frozen,29,19
2026-06-03T08:00:00,1001,SKU013,grocery,grocery,24,20
2026-06-03T08:00:00,1001,SKU014,grocery,grocery,29,15
2026-06-03T08:00:00,1001,SKU015,household,grocery,30,20
2026-06-03T08:00:00,1002,SKU001,produce,produce,11,9
2026-06-03T08:00:00,1002,SKU002,produce,produce,13,14
2026-06-03T08:00:00,1002,SKU003,dairy,dairy,20,12
2026-06-03T08:00:00,1002,SKU004,dairy,dairy,15,14
2026-06-03T08:00:00,1002,SKU005,meat,meat,13,14
2026-06-03T08:00:00,1002,SKU006,meat,meat,19,10
2026-06-03T08:00:00,1002,SKU007,bakery,bakery,14,13
2026-06-03T08:00:00,1002,SKU008,bakery,bakery,19,11
2026-06-03T08:00:00,1002,SKU009,beverages,grocery,32,14
2026-06-03T08:00:00,1002,SKU010,beverages,grocery,20,12
2026-06-03T08:00:00,1002,SKU011,frozen,frozen,27,14
2026-06-03T08:00:00,1002,SKU012,frozen,frozen,26,18
2026-06-03T08:00:00,1002,SKU013,grocery,grocery,24,20
2026-06-03T08:00:00,1002,SKU014,grocery,grocery,25,14
2026-06-03T08:00:00,1002,SKU015,household,grocery,29,14
2026-06-03T08:00:00,1003,SKU001,produce,produce,8,14
2026-06-03T08:00:00,1003,SKU002,produce,produce,16,9
2026-06-03T08:00:00,1003,SKU003,dairy,dairy,16,8
2026-06-03T08:00:00,1003,SKU004,dairy,dairy,18,14
2026-06-03T08:00:00,1003,SKU005,meat,meat,15,14
2026-06-03T08:00:00,1003,SKU006,meat,meat,21,14
2026-06-03T08:00:00,1003,SKU007,bakery,bakery,14,13
2026-06-03T08:00:00,1003,SKU008,bakery,bakery,18,10
2026-06-03T08:00:00,1003,SKU009,beverages,grocery,31,18
2026-06-03T08:00:00,1003,SKU010,beverages,grocery,19,14
2026-06-03T08:00:00,1003,SKU011,frozen,frozen,31,16
2026-06-03T08:00:00,1003,SKU012,frozen,frozen,26,18
2026-06-03T08:00:00,1003,SKU013,grocery,grocery,24,15
2026-06-03T08:00:00,1003,SKU014,grocery,grocery,25,19
2026-06-03T08:00:00,1003,SKU015,household,grocery,33,19
2026-06-03T09:00:00,1001,SKU001,produce,produce,9,12
2026-06-03T09:00:00,1001,SKU002,produce,produce,13,8
2026-06-03T09:00:00,1001,SKU003,dairy,dairy,17,9
2026-06-03T09:00:00,1001,SKU004,dairy,dairy,17,11
2026-06-03T09:00:00,1001,SKU005,meat,meat,20,13
2026-06-03T09:00:00,1001,SKU006,meat,meat,12,13
2026-06-03T09:00:00,1001,SKU007,bakery,bakery,15,11
2026-06-03T09:00:00,1001,SKU008,bakery,bakery,21,12
2026-06-03T09:00:00,1001,SKU009,beverages,grocery,24,19
2026-06-03T09:00:00,1001,SKU010,beverages,grocery,15,8
2026-06-03T09:00:00,1001,SKU011,frozen,frozen,27,20
2026-06-03T09:00:00,1001,SKU012,frozen,frozen,30,16
2026-06-03T09:00:00,1001,SKU013,grocery,grocery,27,20
2026-06-03T09:00:00,1001,SKU014,grocery,grocery,30,18
2026-06-03T09:00:00,1001,SKU015,household,grocery,25,16
2026-06-03T09:00:00,1002,SKU001,produce,produce,6,12
2026-06-03T09:00:00,1002,SKU002,produce,produce,15,10
2026-06-03T09:00:00,1002,SKU003,dairy,dairy,18,14
2026-06-03T09:00:00,1002,SKU004,dairy,dairy,17,12
2026-06-03T09:00:00,1002,SKU005,meat,meat,16,13
2026-06-03T09:00:00,1002,SKU006,meat,meat,12,12
2026-06-03T09:00:00,1002,SKU007,bakery,bakery,16,9
2026-06-03T09:00:00,1002,SKU008,bakery,bakery,13,14
2026-06-03T09:00:00,1002,SKU009,beverages,grocery,29,18
2026-06-03T09:00:00,1002,SKU010,beverages,grocery,19,12
2026-06-03T09:00:00,1002,SKU011,frozen,frozen,24,19
2026-06-03T09:00:00,1002,SKU012,frozen,frozen,27,16
2026-06-03T09:00:00,1002,SKU013,grocery,grocery,26,18
2026-06-03T09:00:00,1002,SKU014,grocery,grocery,32,17
2026-06-03T09:00:00,1002,SKU015,household,grocery,25,17
2026-06-03T09:00:00,1003,SKU001,produce,produce,2,13
2026-06-03T09:00:00,1003,SKU002,produce,produce,10,11
2026-06-03T09:00:00,1003,SKU003,dairy,dairy,16,11
2026-06-03T09:00:00,1003,SKU004,dairy,dairy,19,9
2026-06-03T09:00:00,1003,SKU005,meat,meat,15,11
2026-06-03T09:00:00,1003,SKU006,meat,meat,16,10
2026-06-03T09:00:00,1003,SKU007,bakery,bakery,19,8
2026-06-03T09:00:00,1003,SKU008,bakery,bakery,14,11
2026-06-03T09:00:00,1003,SKU009,beverages,grocery,28,15
2026-06-03T09:00:00,1003,SKU010,beverages,grocery,20,11
2026-06-03T09:00:00,1003,SKU011,frozen,frozen,25,15
2026-06-03T09:00:00,1003,SKU012,frozen,frozen,29,19
2026-06-03T09:00:00,1003,SKU013,grocery,grocery,32,14
2026-06-03T09:00:00,1003,SKU014,grocery,grocery,28,18
2026-06-03T09:00:00,1003,SKU015,household,grocery,33,14
2026-06-03T10:00:00,1001,SKU001,produce,produce,0,10
2026-06-03T10:00:00,1001,SKU002,produce,produce,11,13
2026-06-03T10:00:00,1001,SKU003,dairy,dairy,10,12
2026-06-03T10:00:00,1001,SKU004,dairy,dairy,15,9
2026-06-03T10:00:00,1001,SKU005,meat,meat,18,13
2026-06-03T10:00:00,1001,SKU006,meat,meat,18,12
2026-06-03T10:00:00,1001,SKU007,bakery,bakery,13,13
2026-06-03T10:00:00,1001,SKU008,bakery,bakery,19,10
2026-06-03T10:00:00,1001,SKU009,beverages,grocery,26,16
2026-06-03T10:00:00,1001,SKU010,beverages,grocery,19,14
2026-06-03T10:00:00,1001,SKU011,frozen,frozen,30,20
2026-06-03T10:00:00,1001,SKU012,frozen,frozen,25,16
2026-06-03T10:00:00,1001,SKU013,grocery,grocery,23,18
2026-06-03T10:00:00,1001,SKU014,grocery,grocery,27,19
2026-06-03T10:00:00,1001,SKU015,household,grocery,26,15
2026-06-03T10:00:00,1002,SKU001,produce,produce,0,10
2026-06-03T10:00:00,1002,SKU002,produce,produce,10,9
2026-06-03T10:00:00,1002,SKU003,dairy,dairy,14,12
2026-06-03T10:00:00,1002,SKU004,dairy,dairy,11,14
2026-06-03T10:00:00,1002,SKU005,meat,meat,11,10
2026-06-03T10:00:00,1002,SKU006,meat,meat,13,11
2026-06-03T10:00:00,1002,SKU007,bakery,bakery,13,10
2026-06-03T10:00:00,1002,SKU008,bakery,bakery,14,13
2026-06-03T10:00:00,1002,SKU009,beverages,grocery,27,16
2026-06-03T10:00:00,1002,SKU010,beverages,grocery,15,14
2026-06-03T10:00:00,1002,SKU011,frozen,frozen,29,18
2026-06-03T10:00:00,1002,SKU012,frozen,frozen,24,16
2026-06-03T10:00:00,1002,SKU013,grocery,grocery,31,16
2026-06-03T10:00:00,1002,SKU014,grocery,grocery,28,17
2026-06-03T10:00:00,1002,SKU015,household,grocery,28,20
2026-06-03T10:00:00,1003,SKU001,produce,produce,0,11
2026-06-03T10:00:00,1003,SKU002,produce,produce,10,14
2026-06-03T10:00:00,1003,SKU003,dairy,dairy,17,12
2026-06-03T10:00:00,1003,SKU004,dairy,dairy,17,8
2026-06-03T10:00:00,1003,SKU005,meat,meat,13,10
2026-06-03T10:00:00,1003,SKU006,meat,meat,14,10
2026-06-03T10:00:00,1003,SKU007,bakery,bakery,18,8
2026-06-03T10:00:00,1003,SKU008,bakery,bakery,16,14
2026-06-03T10:00:00,1003,SKU009,beverages,grocery,25,15
2026-06-03T10:00:00,1003,SKU010,beverages,grocery,14,12
2026-06-03T10:00:00,1003,SKU011,frozen,frozen,28,19
2026-06-03T10:00:00,1003,SKU012,frozen,frozen,27,16
2026-06-03T10:00:00,1003,SKU013,grocery,grocery,25,15
2026-06-03T10:00:00,1003,SKU014,grocery,grocery,24,16
2026-06-03T10:00:00,1003,SKU015,household,grocery,32,20
2026-06-03T11:00:00,1001,SKU001,produce,produce,0,12
2026-06-03T11:00:00,1001,SKU002,produce,produce,13,9
2026-06-03T11:00:00,1001,SKU003,dairy,dairy,8,10
2026-06-03T11:00:00,1001,SKU004,dairy,dairy,10,14
2026-06-03T11:00:00,1001,SKU005,meat,meat,12,12
2026-06-03T11:00:00,1001,SKU006,meat,meat,17,11
2026-06-03T11:00:00,1001,SKU007,bakery,bakery,12,13
2026-06-03T11:00:00,1001,SKU008,bakery,bakery,13,11
2026-06-03T11:00:00,1001,SKU009,beverages,grocery,24,14
2026-06-03T11:00:00,1001,SKU010,beverages,grocery,18,10
2026-06-03T11:00:00,1001,SKU011,frozen,frozen,25,18
2026-06-03T11:00:00,1001,SKU012,frozen,frozen,24,20
2026-06-03T11:00:00,1001,SKU013,grocery,grocery,25,14
2026-06-03T11:00:00,1001,SKU014,grocery,grocery,27,14
2026-06-03T11:00:00,1001,SKU015,household,grocery,30,17
2026-06-03T11:00:00,1002,SKU001,produce,produce,1,14
2026-06-03T11:00:00,1002,SKU002,produce,produce,9,8
2026-06-03T11:00:00,1002,SKU003,dairy,dairy,13,13
2026-06-03T11:00:00,1002,SKU004,dairy,dairy,13,12
2026-06-03T11:00:00,1002,SKU005,meat,meat,12,11
2026-06-03T11:00:00,1002,SKU006,meat,meat,17,12
2026-06-03T11:00:00,1002,SKU007,bakery,bakery,13,11
2026-06-03T11:00:00,1002,SKU008,bakery,bakery,12,11
2026-06-03T11:00:00,1002,SKU009,beverages,grocery,25,15
2026-06-03T11:00:00,1002,SKU010,beverages,grocery,16,14
2026-06-03T11:00:00,1002,SKU011,frozen,frozen,23,15
2026-06-03T11:00:00,1002,SKU012,frozen,frozen,23,20
2026-06-03T11:00:00,1002,SKU013,grocery,grocery,26,18
2026-06-03T11:00:00,1002,SKU014,grocery,grocery,25,18
2026-06-03T11:00:00,1002,SKU015,household,grocery,24,16
2026-06-03T11:00:00,1003,SKU001,produce,produce,1,14
2026-06-03T11:00:00,1003,SKU002,produce,produce,12,8
2026-06-03T11:00:00,1003,SKU003,dairy,dairy,10,9
2026-06-03T11:00:00,1003,SKU004,dairy,dairy,10,11
2026-06-03T11:00:00,1003,SKU005,meat,meat,11,13
2026-06-03T11:00:00,1003,SKU006,meat,meat,11,8
2026-06-03T11:00:00,1003,SKU007,bakery,bakery,13,13
2026-06-03T11:00:00,1003,SKU008,bakery,bakery,15,9
2026-06-03T11:00:00,1003,SKU009,beverages,grocery,27,18
2026-06-03T11:00:00,1003,SKU010,beverages,grocery,14,11
2026-06-03T11:00:00,1003,SKU011,frozen,frozen,30,14
2026-06-03T11:00:00,1003,SKU012,frozen,frozen,22,14
2026-06-03T11:00:00,1003,SKU013,grocery,grocery,23,19
2026-06-03T11:00:00,1003,SKU014,grocery,grocery,23,15
2026-06-03T11:00:00,1003,SKU015,household,grocery,29,17
2026-06-03T12:00:00,1001,SKU001,produce,produce,0,11
2026-06-03T12:00:00,1001,SKU002,produce,produce,8,9
2026-06-03T12:00:00,1001,SKU003,dairy,dairy,12,11
2026-06-03T12:00:00,1001,SKU004,dairy,dairy,13,13
2026-06-03T12:00:00,1001,SKU005,meat,meat,16,8
2026-06-03T12:00:00,1001,SKU006,meat,meat,18,13
2026-06-03T12:00:00,1001,SKU007,bakery,bakery,15,10
2026-06-03T12:00:00,1001,SKU008,bakery,bakery,15,8
2026-06-03T12:00:00,1001,SKU009,beverages,grocery,28,18
2026-06-03T12:00:00,1001,SKU010,beverages,grocery,13,9
2026-06-03T12:00:00,1001,SKU011,frozen,frozen,22,16
2026-06-03T12:00:00,1001,SKU012,frozen,frozen,27,19
2026-06-03T12:00:00,1001,SKU013,grocery,grocery,25,15
2026-06-03T12:00:00,1001,SKU014,grocery,grocery,26,14
2026-06-03T12:00:00,1001,SKU015,household,grocery,30,19
2026-06-03T12:00:00,1002,SKU001,produce,produce,0,11
2026-06-03T12:00:00,1002,SKU002,produce,produce,14,14
2026-06-03T12:00:00,1002,SKU003,dairy,dairy,8,10
2026-06-03T12:00:00,1002,SKU004,dairy,dairy,14,11
2026-06-03T12:00:00,1002,SKU005,meat,meat,13,11
2026-06-03T12:00:00,1002,SKU006,meat,meat,14,14
2026-06-03T12:00:00,1002,SKU007,bakery,bakery,13,11
2026-06-03T12:00:00,1002,SKU008,bakery,bakery,11,14
2026-06-03T12:00:00,1002,SKU009,beverages,grocery,22,18
2026-06-03T12:00:00,1002,SKU010,beverages,grocery,15,14
2026-06-03T12:00:00,1002,SKU011,frozen,frozen,27,15
2026-06-03T12:00:00,1002,SKU012,frozen,frozen,23,14
2026-06-03T12:00:00,1002,SKU013,grocery,grocery,29,17
2026-06-03T12:00:00,1002,SKU014,grocery,grocery,29,17
2026-06-03T12:00:00,1002,SKU015,household,grocery,30,16
2026-06-03T12:00:00,1003,SKU001,produce,produce,0,10
2026-06-03T12:00:00,1003,SKU002,produce,produce,8,13
2026-06-03T12:00:00,1003,SKU003,dairy,dairy,14,13
2026-06-03T12:00:00,1003,SKU004,dairy,dairy,15,8
2026-06-03T12:00:00,1003,SKU005,meat,meat,11,8
2026-06-03T12:00:00,1003,SKU006,meat,meat,12,12
2026-06-03T12:00:00,1003,SKU007,bakery,bakery,11,14
2026-06-03T12:00:00,1003,SKU008,bakery,bakery,16,11
2026-06-03T12:00:00,1003,SKU009,beverages,grocery,29,14
2026-06-03T12:00:00,1003,SKU010,beverages,grocery,17,13
2026-06-03T12:00:00,1003,SKU011,frozen,frozen,23,20
2026-06-03T12:00:00,1003,SKU012,frozen,frozen,22,15
2026-06-03T12:00:00,1003,SKU013,grocery,grocery,24,15
2026-06-03T12:00:00,1003,SKU014,grocery,grocery,24,19
2026-06-03T12:00:00,1003,SKU015,household,grocery,25,17
2026-06-03T13:00:00,1001,SKU001,produce,produce,0,13
2026-06-03T13:00:00,1001,SKU002,produce,produce,12,13
2026-06-03T13:00:00,1001,SKU003,dairy,dairy,13,8
2026-06-03T13:00:00,1001,SKU004,dairy,dairy,14,13
2026-06-03T13:00:00,1001,SKU005,meat,meat,15,13
2026-06-03T13:00:00,1001,SKU006,meat,meat,15,9
2026-06-03T13:00:00,1001,SKU007,bakery,bakery,14,9
2026-06-03T13:00:00,1001,SKU008,bakery,bakery,13,9
2026-06-03T13:00:00,1001,SKU009,beverages,grocery,23,19
2026-06-03T13:00:00,1001,SKU010,beverages,grocery,17,8
2026-06-03T13:00:00,1001,SKU011,frozen,frozen,30,16
2026-06-03T13:00:00,1001,SKU012,frozen,frozen,23,14
2026-06-03T13:00:00,1001,SKU013,grocery,grocery,24,17
2026-06-03T13:00:00,1001,SKU014,grocery,grocery,30,19
2026-06-03T13:00:00,1001,SKU015,household,grocery,28,19
2026-06-03T13:00:00,1002,SKU001,produce,produce,0,10
2026-06-03T13:00:00,1002,SKU002,produce,produce,10,9
2026-06-03T13:00:00,1002,SKU003,dairy,dairy,13,8
2026-06-03T13:00:00,1002,SKU004,dairy,dairy,9,10
2026-06-03T13:00:00,1002,SKU005,meat,meat,10,12
2026-06-03T13:00:00,1002,SKU006,meat,meat,13,9
2026-06-03T13:00:00,1002,SKU007,bakery,bakery,9,8
2026-06-03T13:00:00,1002,SKU008,bakery,bakery,11,13
2026-06-03T13:00:00,1002,SKU009,beverages,grocery,23,17
2026-06-03T13:00:00,1002,SKU010,beverages,grocery,15,14
2026-06-03T13:00:00,1002,SKU011,frozen,frozen,25,18
2026-06-03T13:00:00,1002,SKU012,frozen,frozen,29,18
2026-06-03T13:00:00,1002,SKU013,grocery,grocery,24,20
2026-06-03T13:00:00,1002,SKU014,grocery,grocery,25,19
2026-06-03T13:00:00,1002,SKU015,household,grocery,25,15
2026-06-03T13:00:00,1003,SKU001,produce,produce,0,10
2026-06-03T13:00:00,1003,SKU002,produce,produce,10,10
2026-06-03T13:00:00,1003,SKU003,dairy,dairy,14,14
2026-06-03T13:00:00,1003,SKU004,dairy,dairy,14,11
2026-06-03T13:00:00,1003,SKU005,meat,meat,11,9
2026-06-03T13:00:00,1003,SKU006,meat,meat,16,14
2026-06-03T13:00:00,1003,SKU007,bakery,bakery,17,13
2026-06-03T13:00:00,1003,SKU008,bakery,bakery,15,8
2026-06-03T13:00:00,1003,SKU009,beverages,grocery,27,19
2026-06-03T13:00:00,1003,SKU010,beverages,grocery,18,9
2026-06-03T13:00:00,1003,SKU011,frozen,frozen,29,17
2026-06-03T13:00:00,1003,SKU012,frozen,frozen,26,18
2026-06-03T13:00:00,1003,SKU013,grocery,grocery,23,16
2026-06-03T13:00:00,1003,SKU014,grocery,grocery,25,18
2026-06-03T13:00:00,1003,SKU015,household,grocery,26,14
2026-06-03T14:00:00,1001,SKU001,produce,produce,0,8
2026-06-03T14:00:00,1001,SKU002,produce,produce,7,13
2026-06-03T14:00:00,1001,SKU003,dairy,dairy,5,14
2026-06-03T14:00:00,1001,SKU004,dairy,dairy,13,14
2026-06-03T14:00:00,1001,SKU005,meat,meat,12,9
2026-06-03T14:00:00,1001,SKU006,meat,meat,15,11
2026-06-03T14:00:00,1001,SKU007,bakery,bakery,12,9
2026-06-03T14:00:00,1001,SKU008,bakery,bakery,16,11
2026-06-03T14:00:00,1001,SKU009,beverages,grocery,23,20
2026-06-03T14:00:00,1001,SKU010,beverages,grocery,14,8
2026-06-03T14:00:00,1001,SKU011,frozen,frozen,23,17
2026-06-03T14:00:00,1001,SKU012,frozen,frozen,23,16
2026-06-03T14:00:00,1001,SKU013,grocery,grocery,26,16
2026-06-03T14:00:00,1001,SKU014,grocery,grocery,25,20
2026-06-03T14:00:00,1001,SKU015,household,grocery,26,17
2026-06-03T14:00:00,1002,SKU001,produce,produce,0,13
2026-06-03T14:00:00,1002,SKU002,produce,produce,9,10
2026-06-03T14:00:00,1002,SKU003,dairy,dairy,11,12
2026-06-03T14:00:00,1002,SKU004,dairy,dairy,14,11
2026-06-03T14:00:00,1002,SKU005,meat,meat,11,12
2026-06-03T14:00:00,1002,SKU006,meat,meat,16,12
2026-06-03T14:00:00,1002,SKU007,bakery,bakery,12,12
2026-06-03T14:00:00,1002,SKU008,bakery,bakery,16,9
2026-06-03T14:00:00,1002,SKU009,beverages,grocery,22,16
2026-06-03T14:00:00,1002,SKU010,beverages,grocery,13,13
2026-06-03T14:00:00,1002,SKU011,frozen,frozen,26,20
2026-06-03T14:00:00,1002,SKU012,frozen,frozen,22,14
2026-06-03T14:00:00,1002,SKU013,grocery,grocery,25,17
2026-06-03T14:00:00,1002,SKU014,grocery,grocery,24,16
2026-06-03T14:00:00,1002,SKU015,household,grocery,23,17
2026-06-03T14:00:00,1003,SKU001,produce,produce,0,12
2026-06-03T14:00:00,1003,SKU002,produce,produce,9,10
2026-06-03T14:00:00,1003,SKU003,dairy,dairy,11,12
2026-06-03T14:00:00,1003,SKU004,dairy,dairy,12,14
2026-06-03T14:00:00,1003,SKU005,meat,meat,8,9
2026-06-03T14:00:00,1003,SKU006,meat,meat,9,14
2026-06-03T14:00:00,1003,SKU007,bakery,bakery,14,14
2026-06-03T14:00:00,1003,SKU008,bakery,bakery,12,14
2026-06-03T14:00:00,1003,SKU009,beverages,grocery,27,17
2026-06-03T14:00:00,1003,SKU010,beverages,grocery,16,9
2026-06-03T14:00:00,1003,SKU011,frozen,frozen,24,19
2026-06-03T14:00:00,1003,SKU012,frozen,frozen,26,19
2026-06-03T14:00:00,1003,SKU013,grocery,grocery,21,18
2026-06-03T14:00:00,1003,SKU014,grocery,grocery,29,18
2026-06-03T14:00:00,1003,SKU015,household,grocery,26,16
2026-06-03T15:00:00,1001,SKU001,produce,produce,0,14
2026-06-03T15:00:00,1001,SKU002,produce,produce,3,8
2026-06-03T15:00:00,1001,SKU003,dairy,dairy,6,12
2026-06-03T15:00:00,1001,SKU004,dairy,dairy,7,10
2026-06-03T15:00:00,1001,SKU005,meat,meat,12,14
2026-06-03T15:00:00,1001,SKU006,meat,meat,13,8
2026-06-03T15:00:00,1001,SKU007,bakery,bakery,9,9
2026-06-03T15:00:00,1001,SKU008,bakery,bakery,13,10
2026-06-03T15:00:00,1001,SKU009,beverages,grocery,26,17
2026-06-03T15:00:00,1001,SKU010,beverages,grocery,16,14
2026-06-03T15:00:00,1001,SKU011,frozen,frozen,21,16
2026-06-03T15:00:00,1001,SKU012,frozen,frozen,25,17
2026-06-03T15:00:00,1001,SKU013,grocery,grocery,28,20
2026-06-03T15:00:00,1001,SKU014,grocery,grocery,23,16
2026-06-03T15:00:00,1001,SKU015,household,grocery,24,20
2026-06-03T15:00:00,1002,SKU001,produce,produce,0,10
2026-06-03T15:00:00,1002,SKU002,produce,produce,1,11
2026-06-03T15:00:00,1002,SKU003,dairy,dairy,4,9
2026-06-03T15:00:00,1002,SKU004,dairy,dairy,9,13
2026-06-03T15:00:00,1002,SKU005,meat,meat,14,9
2026-06-03T15:00:00,1002,SKU006,meat,meat,9,10
2026-06-03T15:00:00,1002,SKU007,bakery,bakery,14,12
2026-06-03T15:00:00,1002,SKU008,bakery,bakery,12,14
2026-06-03T15:00:00,1002,SKU009,beverages,grocery,22,15
2026-06-03T15:00:00,1002,SKU010,beverages,grocery,15,13
2026-06-03T15:00:00,1002,SKU011,frozen,frozen,23,19
2026-06-03T15:00:00,1002,SKU012,frozen,frozen,20,18
2026-06-03T15:00:00,1002,SKU013,grocery,grocery,25,16
2026-06-03T15:00:00,1002,SKU014,grocery,grocery,22,19
2026-06-03T15:00:00,1002,SKU015,household,grocery,29,17
2026-06-03T15:00:00,1003,SKU001,produce,produce,0,14
2026-06-03T15:00:00,1003,SKU002,produce,produce,8,8
2026-06-03T15:00:00,1003,SKU003,dairy,dairy,10,9
2026-06-03T15:00:00,1003,SKU004,dairy,dairy,12,13
2026-06-03T15:00:00,1003,SKU005,meat,meat,9,13
2026-06-03T15:00:00,1003,SKU006,meat,meat,10,14
2026-06-03T15:00:00,1003,SKU007,bakery,bakery,15,11
2026-06-03T15:00:00,1003,SKU008,bakery,bakery,13,8
2026-06-03T15:00:00,1003,SKU009,beverages,grocery,20,14
2026-06-03T15:00:00,1003,SKU010,beverages,grocery,10,14
2026-06-03T15:00:00,1003,SKU011,frozen,frozen,23,14
2026-06-03T15:00:00,1003,SKU012,frozen,frozen,20,19
2026-06-03T15:00:00,1003,SKU013,grocery,grocery,29,16
2026-06-03T15:00:00,1003,SKU014,grocery,grocery,29,16
2026-06-03T15:00:00,1003,SKU015,household,grocery,25,17
2026-06-03T16:00:00,1001,SKU001,produce,produce,0,14
2026-06-03T16:00:00,1001,SKU002,produce,produce,8,9
2026-06-03T16:00:00,1001,SKU003,dairy,dairy,5,14
2026-06-03T16:00:00,1001,SKU004,dairy,dairy,8,11
2026-06-03T16:00:00,1001,SKU005,meat,meat,12,13
2026-06-03T16:00:00,1001,SKU006,meat,meat,13,8
2026-06-03T16:00:00,1001,SKU007,bakery,bakery,14,9
2026-06-03T16:00:00,1001,SKU008,bakery,bakery,17,12
2026-06-03T16:00:00,1001,SKU009,beverages,grocery,25,17
2026-06-03T16:00:00,1001,SKU010,beverages,grocery,9,13
2026-06-03T16:00:00,1001,SKU011,frozen,frozen,23,17
2026-06-03T16:00:00,1001,SKU012,frozen,frozen,20,20
2026-06-03T16:00:00,1001,SKU013,grocery,grocery,25,19
2026-06-03T16:00:00,1001,SKU014,grocery,grocery,25,18
2026-06-03T16:00:00,1001,SKU015,household,grocery,27,17
2026-06-03T16:00:00,1002,SKU001,produce,produce,0,8
2026-06-03T16:00:00,1002,SKU002,produce,produce,8,10
2026-06-03T16:00:00,1002,SKU003,dairy,dairy,8,10
2026-06-03T16:00:00,1002,SKU004,dairy,dairy,5,8
2026-06-03T16:00:00,1002,SKU005,meat,meat,8,9
2026-06-03T16:00:00,1002,SKU006,meat,meat,11,12
2026-06-03T16:00:00,1002,SKU007,bakery,bakery,11,14
2026-06-03T16:00:00,1002,SKU008,bakery,bakery,10,12
2026-06-03T16:00:00,1002,SKU009,beverages,grocery,22,16
2026-06-03T16:00:00,1002,SKU010,beverages,grocery,8,14
2026-06-03T16:00:00,1002,SKU011,frozen,frozen,20,14
2026-06-03T16:00:00,1002,SKU012,frozen,frozen,21,16
2026-06-03T16:00:00,1002,SKU013,grocery,grocery,24,17
2026-06-03T16:00:00,1002,SKU014,grocery,grocery,22,17
2026-06-03T16:00:00,1002,SKU015,household,grocery,28,20
2026-06-03T16:00:00,1003,SKU001,produce,produce,0,13
2026-06-03T16:00:00,1003,SKU002,produce,produce,0,12
2026-06-03T16:00:00,1003,SKU003,dairy,dairy,2,9
2026-06-03T16:00:00,1003,SKU004,dairy,dairy,13,13
2026-06-03T16:00:00,1003,SKU005,meat,meat,13,12
2026-06-03T16:00:00,1003,SKU006,meat,meat,7,10
2026-06-03T16:00:00,1003,SKU007,bakery,bakery,10,13
2026-06-03T16:00:00,1003,SKU008,bakery,bakery,10,8
2026-06-03T16:00:00,1003,SKU009,beverages,grocery,23,14
2026-06-03T16:00:00,1003,SKU010,beverages,grocery,12,9
2026-06-03T16:00:00,1003,SKU011,frozen,frozen,21,16
2026-06-03T16:00:00,1003,SKU012,frozen,frozen,26,17
2026-06-03T16:00:00,1003,SKU013,grocery,grocery,28,16
2026-06-03T16:00:00,1003,SKU014,grocery,grocery,22,19
2026-06-03T16:00:00,1003,SKU015,household,grocery,26,20
2026-06-03T17:00:00,1001,SKU001,produce,produce,0,9
2026-06-03T17:00:00,1001,SKU002,produce,produce,7,13
2026-06-03T17:00:00,1001,SKU003,dairy,dairy,2,10
2026-06-03T17:00:00,1001,SKU004,dairy,dairy,12,13
2026-06-03T17:00:00,1001,SKU005,meat,meat,8,11
2026-06-03T17:00:00,1001,SKU006,meat,meat,10,11
2026-06-03T17:00:00,1001,SKU007,bakery,bakery,10,10
2026-06-03T17:00:00,1001,SKU008,bakery,bakery,16,8
2026-06-03T17:00:00,1001,SKU009,beverages,grocery,21,14
2026-06-03T17:00:00,1001,SKU010,beverages,grocery,7,8
2026-06-03T17:00:00,1001,SKU011,frozen,frozen,26,18
2026-06-03T17:00:00,1001,SKU012,frozen,frozen,24,17
2026-06-03T17:00:00,1001,SKU013,grocery,grocery,24,17
2026-06-03T17:00:00,1001,SKU014,grocery,grocery,21,17
2026-06-03T17:00:00,1001,SKU015,household,grocery,30,18
2026-06-03T17:00:00,1002,SKU001,produce,produce,0,8
2026-06-03T17:00:00,1002,SKU002,produce,produce,0,12
2026-06-03T17:00:00,1002,SKU003,dairy,dairy,1,9
2026-06-03T17:00:00,1002,SKU004,dairy,dairy,11,14
2026-06-03T17:00:00,1002,SKU005,meat,meat,6,11
2026-06-03T17:00:00,1002,SKU006,meat,meat,14,13
2026-06-03T17:00:00,1002,SKU007,bakery,bakery,13,13
2026-06-03T17:00:00,1002,SKU008,bakery,bakery,11,11
2026-06-03T17:00:00,1002,SKU009,beverages,grocery,19,17
2026-06-03T17:00:00,1002,SKU010,beverages,grocery,8,8
2026-06-03T17:00:00,1002,SKU011,frozen,frozen,25,18
2026-06-03T17:00:00,1002,SKU012,frozen,frozen,25,17
2026-06-03T17:00:00,1002,SKU013,grocery,grocery,28,17
2026-06-03T17:00:00,1002,SKU014,grocery,grocery,21,14
2026-06-03T17:00:00,1002,SKU015,household,grocery,30,20
2026-06-03T17:00:00,1003,SKU001,produce,produce,0,11
2026-06-03T17:00:00,1003,SKU002,produce,produce,4,12
2026-06-03T17:00:00,1003,SKU003,dairy,dairy,9,9
2026-06-03T17:00:00,1003,SKU004,dairy,dairy,7,9
2026-06-03T17:00:00,1003,SKU005,meat,meat,11,8
2026-06-03T17:00:00,1003,SKU006,meat,meat,13,14
2026-06-03T17:00:00,1003,SKU007,bakery,bakery,5,13
2026-06-03T17:00:00,1003,SKU008,bakery,bakery,13,14
2026-06-03T17:00:00,1003,SKU009,beverages,grocery,18,16
2026-06-03T17:00:00,1003,SKU010,beverages,grocery,15,9
2026-06-03T17:00:00,1003,SKU011,frozen,frozen,25,15
2026-06-03T17:00:00,1003,SKU012,frozen,frozen,23,16
2026-06-03T17:00:00,1003,SKU013,grocery,grocery,28,14
2026-06-03T17:00:00,1003,SKU014,grocery,grocery,25,17
2026-06-03T17:00:00,1003,SKU015,household,grocery,28,17
2026-06-03T18:00:00,1001,SKU001,produce,produce,0,12
2026-06-03T18:00:00,1001,SKU002,produce,produce,2,9
2026-06-03T18:00:00,1001,SKU003,dairy,dairy,5,9
2026-06-03T18:00:00,1001,SKU004,dairy,dairy,6,12
2026-06-03T18:00:00,1001,SKU005,meat,meat,12,9
2026-06-03T18:00:00,1001,SKU006,meat,meat,9,9
2026-06-03T18:00:00,1001,SKU007,bakery,bakery,11,11
2026-06-03T18:00:00,1001,SKU008,bakery,bakery,10,8
2026-06-03T18:00:00,1001,SKU009,beverages,grocery,24,20
2026-06-03T18:00:00,1001,SKU010,beverages,grocery,13,10
2026-06-03T18:00:00,1001,SKU011,frozen,frozen,27,14
2026-06-03T18:00:00,1001,SKU012,frozen,frozen,20,19
2026-06-03T18:00:00,1001,SKU013,grocery,grocery,25,18
2026-06-03T18:00:00,1001,SKU014,grocery,grocery,24,17
2026-06-03T18:00:00,1001,SKU015,household,grocery,28,18
2026-06-03T18:00:00,1002,SKU001,produce,produce,0,12
2026-06-03T18:00:00,1002,SKU002,produce,produce,0,8
2026-06-03T18:00:00,1002,SKU003,dairy,dairy,3,8
2026-06-03T18:00:00,1002,SKU004,dairy,dairy,5,14
2026-06-03T18:00:00,1002,SKU005,meat,meat,12,10
2026-06-03T18:00:00,1002,SKU006,meat,meat,8,9
2026-06-03T18:00:00,1002,SKU007,bakery,bakery,12,9
2026-06-03T18:00:00,1002,SKU008,bakery,bakery,15,14
2026-06-03T18:00:00,1002,SKU009,beverages,grocery,23,17
2026-06-03T18:00:00,1002,SKU010,beverages,grocery,14,14
2026-06-03T18:00:00,1002,SKU011,frozen,frozen,22,16
2026-06-03T18:00:00,1002,SKU012,frozen,frozen,24,14
2026-06-03T18:00:00,1002,SKU013,grocery,grocery,25,20
2026-06-03T18:00:00,1002,SKU014,grocery,grocery,20,15
2026-06-03T18:00:00,1002,SKU015,household,grocery,27,15
2026-06-03T18:00:00,1003,SKU001,produce,produce,0,10
2026-06-03T18:00:00,1003,SKU002,produce,produce,1,11
2026-06-03T18:00:00,1003,SKU003,dairy,dairy,1,9
2026-06-03T18:00:00,1003,SKU004,dairy,dairy,3,14
2026-06-03T18:00:00,1003,SKU005,meat,meat,12,11
2026-06-03T18:00:00,1003,SKU006,meat,meat,8,8
2026-06-03T18:00:00,1003,SKU007,bakery,bakery,13,12
2026-06-03T18:00:00,1003,SKU008,bakery,bakery,15,9
2026-06-03T18:00:00,1003,SKU009,beverages,grocery,17,19
2026-06-03T18:00:00,1003,SKU010,beverages,grocery,13,14
2026-06-03T18:00:00,1003,SKU011,frozen,frozen,22,18
2026-06-03T18:00:00,1003,SKU012,frozen,frozen,21,17
2026-06-03T18:00:00,1003,SKU013,grocery,grocery,27,17
2026-06-03T18:00:00,1003,SKU014,grocery,grocery,27,19
2026-06-03T18:00:00,1003,SKU015,household,grocery,23,14
2026-06-03T19:00:00,1001,SKU001,produce,produce,0,10
2026-06-03T19:00:00,1001,SKU002,produce,produce,0,10
2026-06-03T19:00:00,1001,SKU003,dairy,dairy,1,13
2026-06-03T19:00:00,1001,SKU004,dairy,dairy,9,13
2026-06-03T19:00:00,1001,SKU005,meat,meat,11,11
2026-06-03T19:00:00,1001,SKU006,meat,meat,8,8
2026-06-03T19:00:00,1001,SKU007,bakery,bakery,4,8
2026-06-03T19:00:00,1001,SKU008,bakery,bakery,14,8
2026-06-03T19:00:00,1001,SKU009,beverages,grocery,19,14
2026-06-03T19:00:00,1001,SKU010,beverages,grocery,6,14
2026-06-03T19:00:00,1001,SKU011,frozen,frozen,21,19
2026-06-03T19:00:00,1001,SKU012,frozen,frozen,22,15
2026-06-03T19:00:00,1001,SKU013,grocery,grocery,22,16
2026-06-03T19:00:00,1001,SKU014,grocery,grocery,24,17
2026-06-03T19:00:00,1001,SKU015,household,grocery,25,19
2026-06-03T19:00:00,1002,SKU001,produce,produce,0,10
2026-06-03T19:00:00,1002,SKU002,produce,produce,3,14
2026-06-03T19:00:00,1002,SKU003,dairy,dairy,6,11
2026-06-03T19:00:00,1002,SKU004,dairy,dairy,3,14
2026-06-03T19:00:00,1002,SKU005,meat,meat,9,8
2026-06-03T19:00:00,1002,SKU006,meat,meat,12,8
2026-06-03T19:00:00,1002,SKU007,bakery,bakery,10,10
2026-06-03T19:00:00,1002,SKU008,bakery,bakery,13,10
2026-06-03T19:00:00,1002,SKU009,beverages,grocery,23,17
2026-06-03T19:00:00,1002,SKU010,beverages,grocery,13,11
2026-06-03T19:00:00,1002,SKU011,frozen,frozen,23,14
2026-06-03T19:00:00,1002,SKU012,frozen,frozen,24,18
2026-06-03T19:00:00,1002,SKU013,grocery,grocery,22,15
2026-06-03T19:00:00,1002,SKU014,grocery,grocery,24,20
2026-06-03T19:00:00,1002,SKU015,household,grocery,26,14
2026-06-03T19:00:00,1003,SKU001,produce,produce,0,12
2026-06-03T19:00:00,1003,SKU002,produce,produce,1,9
2026-06-03T19:00:00,1003,SKU003,dairy,dairy,1,14
2026-06-03T19:00:00,1003,SKU004,dairy,dairy,6,9
2026-06-03T19:00:00,1003,SKU005,meat,meat,9,13
2026-06-03T19:00:00,1003,SKU006,meat,meat,10,9
2026-06-03T19:00:00,1003,SKU007,bakery,bakery,11,12
2026-06-03T19:00:00,1003,SKU008,bakery,bakery,10,13
2026-06-03T19:00:00,1003,SKU009,beverages,grocery,19,15
2026-06-03T19:00:00,1003,SKU010,beverages,grocery,7,12
2026-06-03T19:00:00,1003,SKU011,frozen,frozen,20,20
2026-06-03T19:00:00,1003,SKU012,frozen,frozen,22,15
2026-06-03T19:00:00,1003,SKU013,grocery,grocery,19,17
2026-06-03T19:00:00,1003,SKU014,grocery,grocery,20,16
2026-06-03T19:00:00,1003,SKU015,household,grocery,26,17
2026-06-03T20:00:00,1001,SKU001,produce,produce,0,11
2026-06-03T20:00:00,1001,SKU002,produce,produce,0,14
2026-06-03T20:00:00,1001,SKU003,dairy,dairy,0,10
2026-06-03T20:00:00,1001,SKU004,dairy,dairy,8,14
2026-06-03T20:00:00,1001,SKU005,meat,meat,3,8
2026-06-03T20:00:00,1001,SKU006,meat,meat,9,8
2026-06-03T20:00:00,1001,SKU007,bakery,bakery,4,8
2026-06-03T20:00:00,1001,SKU008,bakery,bakery,8,11
2026-06-03T20:00:00,1001,SKU009,beverages,grocery,18,17
2026-06-03T20:00:00,1001,SKU010,beverages,grocery,5,8
2026-06-03T20:00:00,1001,SKU011,frozen,frozen,26,14
2026-06-03T20:00:00,1001,SKU012,frozen,frozen,20,17
2026-06-03T20:00:00,1001,SKU013,grocery,grocery,24,18
2026-06-03T20:00:00,1001,SKU014,grocery,grocery,22,19
2026-06-03T20:00:00,1001,SKU015,household,grocery,26,20
2026-06-03T20:00:00,1002,SKU001,produce,produce,0,10
2026-06-03T20:00:00,1002,SKU002,produce,produce,1,14
2026-06-03T20:00:00,1002,SKU003,dairy,dairy,6,14
2026-06-03T20:00:00,1002,SKU004,dairy,dairy,4,9
2026-06-03T20:00:00,1002,SKU005,meat,meat,7,10
2026-06-03T20:00:00,1002,SKU006,meat,meat,12,12
2026-06-03T20:00:00,1002,SKU007,bakery,bakery,6,10
2026-06-03T20:00:00,1002,SKU008,bakery,bakery,14,8
2026-06-03T20:00:00,1002,SKU009,beverages,grocery,18,14
2026-06-03T20:00:00,1002,SKU010,beverages,grocery,9,12
2026-06-03T20:00:00,1002,SKU011,frozen,frozen,24,17
2026-06-03T20:00:00,1002,SKU012,frozen,frozen,19,20
2026-06-03T20:00:00,1002,SKU013,grocery,grocery,23,17
2026-06-03T20:00:00,1002,SKU014,grocery,grocery,22,19
2026-06-03T20:00:00,1002,SKU015,household,grocery,30,17
2026-06-03T20:00:00,1003,SKU001,produce,produce,0,14
2026-06-03T20:00:00,1003,SKU002,produce,produce,0,13
2026-06-03T20:00:00,1003,SKU003,dairy,dairy,1,14
2026-06-03T20:00:00,1003,SKU004,dairy,dairy,3,8
2026-06-03T20:00:00,1003,SKU005,meat,meat,5,8
2026-06-03T20:00:00,1003,SKU006,meat,meat,11,13
2026-06-03T20:00:00,1003,SKU007,bakery,bakery,5,14
2026-06-03T20:00:00,1003,SKU008,bakery,bakery,13,11
2026-06-03T20:00:00,1003,SKU009,beverages,grocery,21,15
2026-06-03T20:00:00,1003,SKU010,beverages,grocery,13,9
2026-06-03T20:00:00,1003,SKU011,frozen,frozen,22,17
2026-06-03T20:00:00,1003,SKU012,frozen,frozen,26,16
2026-06-03T20:00:00,1003,SKU013,grocery,grocery,23,20
2026-06-03T20:00:00,1003,SKU014,grocery,grocery,21,19
2026-06-03T20:00:00,1003,SKU015,household,grocery,29,19
2026-06-03T21:00:00,1001,SKU001,produce,produce,0,10
2026-06-03T21:00:00,1001,SKU002,produce,produce,0,8
2026-06-03T21:00:00,1001,SKU003,dairy,dairy,0,13
2026-06-03T21:00:00,1001,SKU004,dairy,dairy,2,8
2026-06-03T21:00:00,1001,SKU005,meat,meat,9,11
2026-06-03T21:00:00,1001,SKU006,meat,meat,3,8
2026-06-03T21:00:00,1001,SKU007,bakery,bakery,6,13
2026-06-03T21:00:00,1001,SKU008,bakery,bakery,12,14
2026-06-03T21:00:00,1001,SKU009,beverages,grocery,15,16
2026-06-03T21:00:00,1001,SKU010,beverages,grocery,5,12
2026-06-03T21:00:00,1001,SKU011,frozen,frozen,18,18
2026-06-03T21:00:00,1001,SKU012,frozen,frozen,22,16
2026-06-03T21:00:00,1001,SKU013,grocery,grocery,21,20
2026-06-03T21:00:00,1001,SKU014,grocery,grocery,21,17
2026-06-03T21:00:00,1001,SKU015,household,grocery,23,17
2026-06-03T21:00:00,1002,SKU001,produce,produce,0,13
2026-06-03T21:00:00,1002,SKU002,produce,produce,0,13
2026-06-03T21:00:00,1002,SKU003,dairy,dairy,0,9
2026-06-03T21:00:00,1002,SKU004,dairy,dairy,5,11
2026-06-03T21:00:00,1002,SKU005,meat,meat,4,11
2026-06-03T21:00:00,1002,SKU006,meat,meat,6,14
2026-06-03T21:00:00,1002,SKU007,bakery,bakery,2,8
2026-06-03T21:00:00,1002,SKU008,bakery,bakery,6,8
2026-06-03T21:00:00,1002,SKU009,beverages,grocery,15,18
2026-06-03T21:00:00,1002,SKU010,beverages,grocery,4,12
2026-06-03T21:00:00,1002,SKU011,frozen,frozen,21,14
2026-06-03T21:00:00,1002,SKU012,frozen,frozen,25,17
2026-06-03T21:00:00,1002,SKU013,grocery,grocery,26,14
2026-06-03T21:00:00,1002,SKU014,grocery,grocery,19,20
2026-06-03T21:00:00,1002,SKU015,household,grocery,26,20
2026-06-03T21:00:00,1003,SKU001,produce,produce,0,8
2026-06-03T21:00:00,1003,SKU002,produce,produce,0,12
2026-06-03T21:00:00,1003,SKU003,dairy,dairy,0,10
2026-06-03T21:00:00,1003,SKU004,dairy,dairy,4,8
2026-06-03T21:00:00,1003,SKU005,meat,meat,6,12
2026-06-03T21:00:00,1003,SKU006,meat,meat,5,12
2026-06-03T21:00:00,1003,SKU007,bakery,bakery,2,12
2026-06-03T21:00:00,1003,SKU008,bakery,bakery,9,8
2026-06-03T21:00:00,1003,SKU009,beverages,grocery,19,19
2026-06-03T21:00:00,1003,SKU010,beverages,grocery,7,13
2026-06-03T21:00:00,1003,SKU011,frozen,frozen,25,17
2026-06-03T21:00:00,1003,SKU012,frozen,frozen,23,14
2026-06-03T21:00:00,1003,SKU013,grocery,grocery,21,20
2026-06-03T21:00:00,1003,SKU014,grocery,grocery,25,17
2026-06-03T21:00:00,1003,SKU015,household,grocery,24,18
2026-06-04T06:00:00,1001,SKU001,produce,produce,12,12
2026-06-04T06:00:00,1001,SKU002,produce,produce,15,9
2026-06-04T06:00:00,1001,SKU003,dairy,dairy,16,13
2026-06-04T06:00:00,1001,SKU004,dairy,dairy,21,12
2026-06-04T06:00:00,1001,SKU005,meat,meat,16,10
2026-06-04T06:00:00,1001,SKU006,meat,meat,19,14
2026-06-04T06:00:00,1001,SKU007,bakery,bakery,22,13
2026-06-04T06:00:00,1001,SKU008,bakery,bakery,19,14
2026-06-04T06:00:00,1001,SKU009,beverages,grocery,32,20
2026-06-04T06:00:00,1001,SKU010,beverages,grocery,15,14
2026-06-04T06:00:00,1001,SKU011,frozen,frozen,30,19
2026-06-04T06:00:00,1001,SKU012,frozen,frozen,28,14
2026-06-04T06:00:00,1001,SKU013,grocery,grocery,26,14
2026-06-04T06:00:00,1001,SKU014,grocery,grocery,30,19
2026-06-04T06:00:00,1001,SKU015,household,grocery,33,15
2026-06-04T06:00:00,1002,SKU001,produce,produce,15,8
2026-06-04T06:00:00,1002,SKU002,produce,produce,20,11
2026-06-04T06:00:00,1002,SKU003,dairy,dairy,17,12
2026-06-04T06:00:00,1002,SKU004,dairy,dairy,22,12
2026-06-04T06:00:00,1002,SKU005,meat,meat,23,10
2026-06-04T06:00:00,1002,SKU006,meat,meat,17,8
2026-06-04T06:00:00,1002,SKU007,bakery,bakery,23,12
2026-06-04T06:00:00,1002,SKU008,bakery,bakery,16,13
2026-06-04T06:00:00,1002,SKU009,beverages,grocery,29,15
2026-06-04T06:00:00,1002,SKU010,beverages,grocery,21,12
2026-06-04T06:00:00,1002,SKU011,frozen,frozen,28,17
2026-06-04T06:00:00,1002,SKU012,frozen,frozen,31,19
2026-06-04T06:00:00,1002,SKU013,grocery,grocery,30,19
2026-06-04T06:00:00,1002,SKU014,grocery,grocery,25,20
2026-06-04T06:00:00,1002,SKU015,household,grocery,26,17
2026-06-04T06:00:00,1003,SKU001,produce,produce,19,11
2026-06-04T06:00:00,1003,SKU002,produce,produce,21,13
2026-06-04T06:00:00,1003,SKU003,dairy,dairy,15,12
2026-06-04T06:00:00,1003,SKU004,dairy,dairy,22,11
2026-06-04T06:00:00,1003,SKU005,meat,meat,21,14
2026-06-04T06:00:00,1003,SKU006,meat,meat,17,13
2026-06-04T06:00:00,1003,SKU007,bakery,bakery,23,12
2026-06-04T06:00:00,1003,SKU008,bakery,bakery,18,11
2026-06-04T06:00:00,1003,SKU009,beverages,grocery,28,17
2026-06-04T06:00:00,1003,SKU010,beverages,grocery,23,12
2026-06-04T06:00:00,1003,SKU011,frozen,frozen,30,14
2026-06-04T06:00:00,1003,SKU012,frozen,frozen,26,19
2026-06-04T06:00:00,1003,SKU013,grocery,grocery,31,20
2026-06-04T06:00:00,1003,SKU014,grocery,grocery,27,17
2026-06-04T06:00:00,1003,SKU015,household,grocery,31,15
2026-06-04T07:00:00,1001,SKU001,produce,produce,10,9
2026-06-04T07:00:00,1001,SKU002,produce,produce,19,11
2026-06-04T07:00:00,1001,SKU003,dairy,dairy,19,11
2026-06-04T07:00:00,1001,SKU004,dairy,dairy,22,14
2026-06-04T07:00:00,1001,SKU005,meat,meat,22,8
2026-06-04T07:00:00,1001,SKU006,meat,meat,17,11
2026-06-04T07:00:00,1001,SKU007,bakery,bakery,20,8
2026-06-04T07:00:00,1001,SKU008,bakery,bakery,20,14
2026-06-04T07:00:00,1001,SKU009,beverages,grocery,29,15
2026-06-04T07:00:00,1001,SKU010,beverages,grocery,16,12
2026-06-04T07:00:00,1001,SKU011,frozen,frozen,33,18
2026-06-04T07:00:00,1001,SKU012,frozen,frozen,24,17
2026-06-04T07:00:00,1001,SKU013,grocery,grocery,29,18
2026-06-04T07:00:00,1001,SKU014,grocery,grocery,28,20
2026-06-04T07:00:00,1001,SKU015,household,grocery,30,18
2026-06-04T07:00:00,1002,SKU001,produce,produce,16,8
2026-06-04T07:00:00,1002,SKU002,produce,produce,15,10
2026-06-04T07:00:00,1002,SKU003,dairy,dairy,18,12
2026-06-04T07:00:00,1002,SKU004,dairy,dairy,21,11
2026-06-04T07:00:00,1002,SKU005,meat,meat,21,9
2026-06-04T07:00:00,1002,SKU006,meat,meat,20,10
2026-06-04T07:00:00,1002,SKU007,bakery,bakery,21,11
2026-06-04T07:00:00,1002,SKU008,bakery,bakery,18,8
2026-06-04T07:00:00,1002,SKU009,beverages,grocery,32,20
2026-06-04T07:00:00,1002,SKU010,beverages,grocery,17,12
2026-06-04T07:00:00,1002,SKU011,frozen,frozen,30,19
2026-06-04T07:00:00,1002,SKU012,frozen,frozen,32,14
2026-06-04T07:00:00,1002,SKU013,grocery,grocery,30,14
2026-06-04T07:00:00,1002,SKU014,grocery,grocery,26,19
2026-06-04T07:00:00,1002,SKU015,household,grocery,29,14
2026-06-04T07:00:00,1003,SKU001,produce,produce,15,8
2026-06-04T07:00:00,1003,SKU002,produce,produce,19,10
2026-06-04T07:00:00,1003,SKU003,dairy,dairy,20,12
2026-06-04T07:00:00,1003,SKU004,dairy,dairy,17,12
2026-06-04T07:00:00,1003,SKU005,meat,meat,15,14
2026-06-04T07:00:00,1003,SKU006,meat,meat,16,12
2026-06-04T07:00:00,1003,SKU007,bakery,bakery,19,14
2026-06-04T07:00:00,1003,SKU008,bakery,bakery,20,10
2026-06-04T07:00:00,1003,SKU009,beverages,grocery,25,18
2026-06-04T07:00:00,1003,SKU010,beverages,grocery,22,11
2026-06-04T07:00:00,1003,SKU011,frozen,frozen,26,19
2026-06-04T07:00:00,1003,SKU012,frozen,frozen,25,20
2026-06-04T07:00:00,1003,SKU013,grocery,grocery,29,18
2026-06-04T07:00:00,1003,SKU014,grocery,grocery,31,14
2026-06-04T07:00:00,1003,SKU015,household,grocery,25,20
2026-06-04T08:00:00,1001,SKU001,produce,produce,9,14
2026-06-04T08:00:00,1001,SKU002,produce,produce,11,8
2026-06-04T08:00:00,1001,SKU003,dairy,dairy,14,10
2026-06-04T08:00:00,1001,SKU004,dairy,dairy,17,12
2026-06-04T08:00:00,1001,SKU005,meat,meat,15,12
2026-06-04T08:00:00,1001,SKU006,meat,meat,20,12
2026-06-04T08:00:00,1001,SKU007,bakery,bakery,20,10
2026-06-04T08:00:00,1001,SKU008,bakery,bakery,21,8
2026-06-04T08:00:00,1001,SKU009,beverages,grocery,27,19
2026-06-04T08:00:00,1001,SKU010,beverages,grocery,13,14
2026-06-04T08:00:00,1001,SKU011,frozen,frozen,26,18
2026-06-04T08:00:00,1001,SKU012,frozen,frozen,27,14
2026-06-04T08:00:00,1001,SKU013,grocery,grocery,25,14
2026-06-04T08:00:00,1001,SKU014,grocery,grocery,26,16
2026-06-04T08:00:00,1001,SKU015,household,grocery,25,14
2026-06-04T08:00:00,1002,SKU001,produce,produce,12,11
2026-06-04T08:00:00,1002,SKU002,produce,produce,11,11
2026-06-04T08:00:00,1002,SKU003,dairy,dairy,16,9
2026-06-04T08:00:00,1002,SKU004,dairy,dairy,13,11
2026-06-04T08:00:00,1002,SKU005,meat,meat,18,9
2026-06-04T08:00:00,1002,SKU006,meat,meat,15,9
2026-06-04T08:00:00,1002,SKU007,bakery,bakery,16,14
2026-06-04T08:00:00,1002,SKU008,bakery,bakery,17,11
2026-06-04T08:00:00,1002,SKU009,beverages,grocery,27,20
2026-06-04T08:00:00,1002,SKU010,beverages,grocery,14,13
2026-06-04T08:00:00,1002,SKU011,frozen,frozen,32,14
2026-06-04T08:00:00,1002,SKU012,frozen,frozen,30,15
2026-06-04T08:00:00,1002,SKU013,grocery,grocery,24,14
2026-06-04T08:00:00,1002,SKU014,grocery,grocery,31,19
2026-06-04T08:00:00,1002,SKU015,household,grocery,28,14
2026-06-04T08:00:00,1003,SKU001,produce,produce,6,14
2026-06-04T08:00:00,1003,SKU002,produce,produce,15,14
2026-06-04T08:00:00,1003,SKU003,dairy,dairy,14,11
2026-06-04T08:00:00,1003,SKU004,dairy,dairy,19,9
2026-06-04T08:00:00,1003,SKU005,meat,meat,17,13
2026-06-04T08:00:00,1003,SKU006,meat,meat,20,10
2026-06-04T08:00:00,1003,SKU007,bakery,bakery,16,11
2026-06-04T08:00:00,1003,SKU008,bakery,bakery,18,8
2026-06-04T08:00:00,1003,SKU009,beverages,grocery,29,17
2026-06-04T08:00:00,1003,SKU010,beverages,grocery,14,14
2026-06-04T08:00:00,1003,SKU011,frozen,frozen,28,16
2026-06-04T08:00:00,1003,SKU012,frozen,frozen,30,19
2026-06-04T08:00:00,1003,SKU013,grocery,grocery,29,17
2026-06-04T08:00:00,1003,SKU014,grocery,grocery,31,16
2026-06-04T08:00:00,1003,SKU015,household,grocery,25,19
2026-06-04T09:00:00,1001,SKU001,produce,produce,7,12
2026-06-04T09:00:00,1001,SKU002,produce,produce,17,14
2026-06-04T09:00:00,1001,SKU003,dairy,dairy,14,10
2026-06-04T09:00:00,1001,SKU004,dairy,dairy,16,10
2026-06-04T09:00:00,1001,SKU005,meat,meat,17,9
2026-06-04T09:00:00,1001,SKU006,meat,meat,16,10
2026-06-04T09:00:00,1001,SKU007,bakery,bakery,13,10
2026-06-04T09:00:00,1001,SKU008,bakery,bakery,19,13
2026-06-04T09:00:00,1001,SKU009,beverages,grocery,29,18
2026-06-04T09:00:00,1001,SKU010,beverages,grocery,21,13
2026-06-04T09:00:00,1001,SKU011,frozen,frozen,30,16
2026-06-04T09:00:00,1001,SKU012,frozen,frozen,31,15
2026-06-04T09:00:00,1001,SKU013,grocery,grocery,28,18
2026-06-04T09:00:00,1001,SKU014,grocery,grocery,27,20
2026-06-04T09:00:00,1001,SKU015,household,grocery,29,18
2026-06-04T09:00:00,1002,SKU001,produce,produce,4,13
2026-06-04T09:00:00,1002,SKU002,produce,produce,15,13
2026-06-04T09:00:00,1002,SKU003,dairy,dairy,19,11
2026-06-04T09:00:00,1002,SKU004,dairy,dairy,14,14
2026-06-04T09:00:00,1002,SKU005,meat,meat,18,14
2026-06-04T09:00:00,1002,SKU006,meat,meat,19,9
2026-06-04T09:00:00,1002,SKU007,bakery,bakery,18,11
2026-06-04T09:00:00,1002,SKU008,bakery,bakery,17,12
2026-06-04T09:00:00,1002,SKU009,beverages,grocery,28,15
2026-06-04T09:00:00,1002,SKU010,beverages,grocery,15,8
2026-06-04T09:00:00,1002,SKU011,frozen,frozen,31,17
2026-06-04T09:00:00,1002,SKU012,frozen,frozen,28,18
2026-06-04T09:00:00,1002,SKU013,grocery,grocery,31,14
2026-06-04T09:00:00,1002,SKU014,grocery,grocery,32,18
2026-06-04T09:00:00,1002,SKU015,household,grocery,29,15
2026-06-04T09:00:00,1003,SKU001,produce,produce,3,14
2026-06-04T09:00:00,1003,SKU002,produce,produce,16,14
2026-06-04T09:00:00,1003,SKU003,dairy,dairy,19,9
2026-06-04T09:00:00,1003,SKU004,dairy,dairy,16,10
2026-06-04T09:00:00,1003,SKU005,meat,meat,15,14
2026-06-04T09:00:00,1003,SKU006,meat,meat,18,12
2026-06-04T09:00:00,1003,SKU007,bakery,bakery,17,14
2026-06-04T09:00:00,1003,SKU008,bakery,bakery,21,8
2026-06-04T09:00:00,1003,SKU009,beverages,grocery,28,14
2026-06-04T09:00:00,1003,SKU010,beverages,grocery,17,10
2026-06-04T09:00:00,1003,SKU011,frozen,frozen,24,16
2026-06-04T09:00:00,1003,SKU012,frozen,frozen,23,18
2026-06-04T09:00:00,1003,SKU013,grocery,grocery,26,18
2026-06-04T09:00:00,1003,SKU014,grocery,grocery,28,17
2026-06-04T09:00:00,1003,SKU015,household,grocery,32,15
2026-06-04T10:00:00,1001,SKU001,produce,produce,0,8
2026-06-04T10:00:00,1001,SKU002,produce,produce,15,9
2026-06-04T10:00:00,1001,SKU003,dairy,dairy,14,9
2026-06-04T10:00:00,1001,SKU004,dairy,dairy,14,12
2026-06-04T10:00:00,1001,SKU005,meat,meat,11,13
2026-06-04T10:00:00,1001,SKU006,meat,meat,19,11
2026-06-04T10:00:00,1001,SKU007,bakery,bakery,14,13
2026-06-04T10:00:00,1001,SKU008,bakery,bakery,20,9
2026-06-04T10:00:00,1001,SKU009,beverages,grocery,27,16
2026-06-04T10:00:00,1001,SKU010,beverages,grocery,17,13
2026-06-04T10:00:00,1001,SKU011,frozen,frozen,23,15
2026-06-04T10:00:00,1001,SKU012,frozen,frozen,31,14
2026-06-04T10:00:00,1001,SKU013,grocery,grocery,24,17
2026-06-04T10:00:00,1001,SKU014,grocery,grocery,25,16
2026-06-04T10:00:00,1001,SKU015,household,grocery,32,16
2026-06-04T10:00:00,1002,SKU001,produce,produce,0,10
2026-06-04T10:00:00,1002,SKU002,produce,produce,8,13
2026-06-04T10:00:00,1002,SKU003,dairy,dairy,12,13
2026-06-04T10:00:00,1002,SKU004,dairy,dairy,11,10
2026-06-04T10:00:00,1002,SKU005,meat,meat,16,8
2026-06-04T10:00:00,1002,SKU006,meat,meat,14,12
2026-06-04T10:00:00,1002,SKU007,bakery,bakery,12,10
2026-06-04T10:00:00,1002,SKU008,bakery,bakery,16,10
2026-06-04T10:00:00,1002,SKU009,beverages,grocery,25,14
2026-06-04T10:00:00,1002,SKU010,beverages,grocery,14,11
2026-06-04T10:00:00,1002,SKU011,frozen,frozen,27,20
2026-06-04T10:00:00,1002,SKU012,frozen,frozen,26,20
2026-06-04T10:00:00,1002,SKU013,grocery,grocery,26,20
2026-06-04T10:00:00,1002,SKU014,grocery,grocery,30,18
2026-06-04T10:00:00,1002,SKU015,household,grocery,29,15
2026-06-04T10:00:00,1003,SKU001,produce,produce,0,14
2026-06-04T10:00:00,1003,SKU002,produce,produce,9,8
2026-06-04T10:00:00,1003,SKU003,dairy,dairy,12,9
2026-06-04T10:00:00,1003,SKU004,dairy,dairy,16,12
2026-06-04T10:00:00,1003,SKU005,meat,meat,11,10
2026-06-04T10:00:00,1003,SKU006,meat,meat,14,11
2026-06-04T10:00:00,1003,SKU007,bakery,bakery,16,9
2026-06-04T10:00:00,1003,SKU008,bakery,bakery,20,14
2026-06-04T10:00:00,1003,SKU009,beverages,grocery,26,15
2026-06-04T10:00:00,1003,SKU010,beverages,grocery,20,11
2026-06-04T10:00:00,1003,SKU011,frozen,frozen,29,15
2026-06-04T10:00:00,1003,SKU012,frozen,frozen,28,14
2026-06-04T10:00:00,1003,SKU013,grocery,grocery,23,18
2026-06-04T10:00:00,1003,SKU014,grocery,grocery,28,17
2026-06-04T10:00:00,1003,SKU015,household,grocery,27,18
2026-06-04T11:00:00,1001,SKU001,produce,produce,0,12
2026-06-04T11:00:00,1001,SKU002,produce,produce,12,10
2026-06-04T11:00:00,1001,SKU003,dairy,dairy,12,10
2026-06-04T11:00:00,1001,SKU004,dairy,dairy,11,10
2026-06-04T11:00:00,1001,SKU005,meat,meat,16,8
2026-06-04T11:00:00,1001,SKU006,meat,meat,12,12
2026-06-04T11:00:00,1001,SKU007,bakery,bakery,13,10
2026-06-04T11:00:00,1001,SKU008,bakery,bakery,13,8
2026-06-04T11:00:00,1001,SKU009,beverages,grocery,29,19
2026-06-04T11:00:00,1001,SKU010,beverages,grocery,15,10
2026-06-04T11:00:00,1001,SKU011,frozen,frozen,28,16
2026-06-04T11:00:00,1001,SKU012,frozen,frozen,25,19
2026-06-04T11:00:00,1001,SKU013,grocery,grocery,30,19
2026-06-04T11:00:00,1001,SKU014,grocery,grocery,23,20
2026-06-04T11:00:00,1001,SKU015,household,grocery,30,15
2026-06-04T11:00:00,1002,SKU001,produce,produce,0,9
2026-06-04T11:00:00,1002,SKU002,produce,produce,15,14
2026-06-04T11:00:00,1002,SKU003,dairy,dairy,9,11
2026-06-04T11:00:00,1002,SKU004,dairy,dairy,17,9
2026-06-04T11:00:00,1002,SKU005,meat,meat,13,11
2026-06-04T11:00:00,1002,SKU006,meat,meat,15,11
2026-06-04T11:00:00,1002,SKU007,bakery,bakery,11,14
2026-06-04T11:00:00,1002,SKU008,bakery,bakery,14,14
2026-06-04T11:00:00,1002,SKU009,beverages,grocery,23,19
2026-06-04T11:00:00,1002,SKU010,beverages,grocery,16,14
2026-06-04T11:00:00,1002,SKU011,frozen,frozen,30,16
2026-06-04T11:00:00,1002,SKU012,frozen,frozen,28,19
2026-06-04T11:00:00,1002,SKU013,grocery,grocery,25,20
2026-06-04T11:00:00,1002,SKU014,grocery,grocery,29,16
2026-06-04T11:00:00,1002,SKU015,household,grocery,25,15
2026-06-04T11:00:00,1003,SKU001,produce,produce,0,8
2026-06-04T11:00:00,1003,SKU002,produce,produce,15,10
2026-06-04T11:00:00,1003,SKU003,dairy,dairy,16,8
2026-06-04T11:00:00,1003,SKU004,dairy,dairy,18,14
2026-06-04T11:00:00,1003,SKU005,meat,meat,17,11
2026-06-04T11:00:00,1003,SKU006,meat,meat,13,8
2026-06-04T11:00:00,1003,SKU007,bakery,bakery,10,11
2026-06-04T11:00:00,1003,SKU008,bakery,bakery,15,8
2026-06-04T11:00:00,1003,SKU009,beverages,grocery,28,15
2026-06-04T11:00:00,1003,SKU010,beverages,grocery,11,14
2026-06-04T11:00:00,1003,SKU011,frozen,frozen,26,18
2026-06-04T11:00:00,1003,SKU012,frozen,frozen,27,14
2026-06-04T11:00:00,1003,SKU013,grocery,grocery,29,19
2026-06-04T11:00:00,1003,SKU014,grocery,grocery,30,14
2026-06-04T11:00:00,1003,SKU015,household,grocery,28,16
2026-06-04T12:00:00,1001,SKU001,produce,produce,0,13
2026-06-04T12:00:00,1001,SKU002,produce,produce,11,13
2026-06-04T12:00:00,1001,SKU003,dairy,dairy,15,9
2026-06-04T12:00:00,1001,SKU004,dairy,dairy,11,13
2026-06-04T12:00:00,1001,SKU005,meat,meat,15,11
2026-06-04T12:00:00,1001,SKU006,meat,meat,13,13
2026-06-04T12:00:00,1001,SKU007,bakery,bakery,11,9
2026-06-04T12:00:00,1001,SKU008,bakery,bakery,14,10
2026-06-04T12:00:00,1001,SKU009,beverages,grocery,24,20
2026-06-04T12:00:00,1001,SKU010,beverages,grocery,19,12
2026-06-04T12:00:00,1001,SKU011,frozen,frozen,30,14
2026-06-04T12:00:00,1001,SKU012,frozen,frozen,26,18
2026-06-04T12:00:00,1001,SKU013,grocery,grocery,27,20
2026-06-04T12:00:00,1001,SKU014,grocery,grocery,24,19
2026-06-04T12:00:00,1001,SKU015,household,grocery,28,19
2026-06-04T12:00:00,1002,SKU001,produce,produce,0,8
2026-06-04T12:00:00,1002,SKU002,produce,produce,8,10
2026-06-04T12:00:00,1002,SKU003,dairy,dairy,10,11
2026-06-04T12:00:00,1002,SKU004,dairy,dairy,13,10
2026-06-04T12:00:00,1002,SKU005,meat,meat,9,14
2026-06-04T12:00:00,1002,SKU006,meat,meat,12,12
2026-06-04T12:00:00,1002,SKU007,bakery,bakery,12,14
2026-06-04T12:00:00,1002,SKU008,bakery,bakery,14,8
2026-06-04T12:00:00,1002,SKU009,beverages,grocery,24,16
2026-06-04T12:00:00,1002,SKU010,beverages,grocery,13,11
2026-06-04T12:00:00,1002,SKU011,frozen,frozen,27,20
2026-06-04T12:00:00,1002,SKU012,frozen,frozen,27,17
2026-06-04T12:00:00,1002,SKU013,grocery,grocery,28,17
2026-06-04T12:00:00,1002,SKU014,grocery,grocery,25,18
2026-06-04T12:00:00,1002,SKU015,household,grocery,25,14
2026-06-04T12:00:00,1003,SKU001,produce,produce,0,10
2026-06-04T12:00:00,1003,SKU002,produce,produce,6,13
2026-06-04T12:00:00,1003,SKU003,dairy,dairy,11,13
2026-06-04T12:00:00,1003,SKU004,dairy,dairy,13,9
2026-06-04T12:00:00,1003,SKU005,meat,meat,10,12
2026-06-04T12:00:00,1003,SKU006,meat,meat,13,13
2026-06-04T12:00:00,1003,SKU007,bakery,bakery,14,9
2026-06-04T12:00:00,1003,SKU008,bakery,bakery,17,12
2026-06-04T12:00:00,1003,SKU009,beverages,grocery,26,15
2026-06-04T12:00:00,1003,SKU010,beverages,grocery,12,8
2026-06-04T12:00:00,1003,SKU011,frozen,frozen,24,19
2026-06-04T12:00:00,1003,SKU012,frozen,frozen,29,17
2026-06-04T12:00:00,1003,SKU013,grocery,grocery,23,19
2026-06-04T12:00:00,1003,SKU014,grocery,grocery,24,16
2026-06-04T12:00:00,1003,SKU015,household,grocery,24,17
2026-06-04T13:00:00,1001,SKU001,produce,produce,0,13
2026-06-04T13:00:00,1001,SKU002,produce,produce,5,13
2026-06-04T13:00:00,1001,SKU003,dairy,dairy,13,12
2026-06-04T13:00:00,1001,SKU004,dairy,dairy,10,11
2026-06-04T13:00:00,1001,SKU005,meat,meat,13,14
2026-06-04T13:00:00,1001,SKU006,meat,meat,10,11
2026-06-04T13:00:00,1001,SKU007,bakery,bakery,12,14
2026-06-04T13:00:00,1001,SKU008,bakery,bakery,13,12
2026-06-04T13:00:00,1001,SKU009,beverages,grocery,21,20
2026-06-04T13:00:00,1001,SKU010,beverages,grocery,16,9
2026-06-04T13:00:00,1001,SKU011,frozen,frozen,23,19
2026-06-04T13:00:00,1001,SKU012,frozen,frozen,21,19
2026-06-04T13:00:00,1001,SKU013,grocery,grocery,30,17
2026-06-04T13:00:00,1001,SKU014,grocery,grocery,25,20
2026-06-04T13:00:00,1001,SKU015,household,grocery,26,15
2026-06-04T13:00:00,1002,SKU001,produce,produce,0,12
2026-06-04T13:00:00,1002,SKU002,produce,produce,12,9
2026-06-04T13:00:00,1002,SKU003,dairy,dairy,12,12
2026-06-04T13:00:00,1002,SKU004,dairy,dairy,9,14
2026-06-04T13:00:00,1002,SKU005,meat,meat,13,11
2026-06-04T13:00:00,1002,SKU006,meat,meat,12,13
2026-06-04T13:00:00,1002,SKU007,bakery,bakery,16,11
2026-06-04T13:00:00,1002,SKU008,bakery,bakery,18,8
2026-06-04T13:00:00,1002,SKU009,beverages,grocery,20,16
2026-06-04T13:00:00,1002,SKU010,beverages,grocery,12,12
2026-06-04T13:00:00,1002,SKU011,frozen,frozen,30,19
2026-06-04T13:00:00,1002,SKU012,frozen,frozen,28,17
2026-06-04T13:00:00,1002,SKU013,grocery,grocery,22,17
2026-06-04T13:00:00,1002,SKU014,grocery,grocery,26,16
2026-06-04T13:00:00,1002,SKU015,household,grocery,25,16
2026-06-04T13:00:00,1003,SKU001,produce,produce,0,8
2026-06-04T13:00:00,1003,SKU002,produce,produce,8,10
2026-06-04T13:00:00,1003,SKU003,dairy,dairy,11,8
2026-06-04T13:00:00,1003,SKU004,dairy,dairy,8,14
2026-06-04T13:00:00,1003,SKU005,meat,meat,10,8
2026-06-04T13:00:00,1003,SKU006,meat,meat,11,14
2026-06-04T13:00:00,1003,SKU007,bakery,bakery,15,13
2026-06-04T13:00:00,1003,SKU008,bakery,bakery,19,9
2026-06-04T13:00:00,1003,SKU009,beverages,grocery,28,17
2026-06-04T13:00:00,1003,SKU010,beverages,grocery,18,12
2026-06-04T13:00:00,1003,SKU011,frozen,frozen,22,15
2026-06-04T13:00:00,1003,SKU012,frozen,frozen,25,19
2026-06-04T13:00:00,1003,SKU013,grocery,grocery,27,14
2026-06-04T13:00:00,1003,SKU014,grocery,grocery,24,18
2026-06-04T13:00:00,1003,SKU015,household,grocery,29,18
2026-06-04T14:00:00,1001,SKU001,produce,produce,0,11
2026-06-04T14:00:00,1001,SKU002,produce,produce,9,8
2026-06-04T14:00:00,1001,SKU003,dairy,dairy,8,13
2026-06-04T14:00:00,1001,SKU004,dairy,dairy,7,10
2026-06-04T14:00:00,1001,SKU005,meat,meat,7,12
2026-06-04T14:00:00,1001,SKU006,meat,meat,12,10
2026-06-04T14:00:00,1001,SKU007,bakery,bakery,14,13
2026-06-04T14:00:00,1001,SKU008,bakery,bakery,17,13
2026-06-04T14:00:00,1001,SKU009,beverages,grocery,25,16
2026-06-04T14:00:00,1001,SKU010,beverages,grocery,10,12
2026-06-04T14:00:00,1001,SKU011,frozen,frozen,23,15
2026-06-04T14:00:00,1001,SKU012,frozen,frozen,27,18
2026-06-04T14:00:00,1001,SKU013,grocery,grocery,29,14
2026-06-04T14:00:00,1001,SKU014,grocery,grocery,22,14
2026-06-04T14:00:00,1001,SKU015,household,grocery,26,20
2026-06-04T14:00:00,1002,SKU001,produce,produce,0,13
2026-06-04T14:00:00,1002,SKU002,produce,produce,5,11
2026-06-04T14:00:00,1002,SKU003,dairy,dairy,7,8
2026-06-04T14:00:00,1002,SKU004,dairy,dairy,7,14
2026-06-04T14:00:00,1002,SKU005,meat,meat,12,8
2026-06-04T14:00:00,1002,SKU006,meat,meat,12,9
2026-06-04T14:00:00,1002,SKU007,bakery,bakery,12,11
2026-06-04T14:00:00,1002,SKU008,bakery,bakery,10,8
2026-06-04T14:00:00,1002,SKU009,beverages,grocery,28,16
2026-06-04T14:00:00,1002,SKU010,beverages,grocery,11,9
2026-06-04T14:00:00,1002,SKU011,frozen,frozen,21,14
2026-06-04T14:00:00,1002,SKU012,frozen,frozen,24,18
2026-06-04T14:00:00,1002,SKU013,grocery,grocery,29,15
2026-06-04T14:00:00,1002,SKU014,grocery,grocery,27,20
2026-06-04T14:00:00,1002,SKU015,household,grocery,26,15
2026-06-04T14:00:00,1003,SKU001,produce,produce,0,14
2026-06-04T14:00:00,1003,SKU002,produce,produce,11,13
2026-06-04T14:00:00,1003,SKU003,dairy,dairy,8,13
2026-06-04T14:00:00,1003,SKU004,dairy,dairy,8,14
2026-06-04T14:00:00,1003,SKU005,meat,meat,13,12
2026-06-04T14:00:00,1003,SKU006,meat,meat,10,13
2026-06-04T14:00:00,1003,SKU007,bakery,bakery,14,9
2026-06-04T14:00:00,1003,SKU008,bakery,bakery,16,14
2026-06-04T14:00:00,1003,SKU009,beverages,grocery,20,15
2026-06-04T14:00:00,1003,SKU010,beverages,grocery,17,12
2026-06-04T14:00:00,1003,SKU011,frozen,frozen,22,19
2026-06-04T14:00:00,1003,SKU012,frozen,frozen,28,15
2026-06-04T14:00:00,1003,SKU013,grocery,grocery,27,18
2026-06-04T14:00:00,1003,SKU014,grocery,grocery,22,17
2026-06-04T14:00:00,1003,SKU015,household,grocery,31,18
2026-06-04T15:00:00,1001,SKU001,produce,produce,0,13
2026-06-04T15:00:00,1001,SKU002,produce,produce,8,11
2026-06-04T15:00:00,1001,SKU003,dairy,dairy,11,9
2026-06-04T15:00:00,1001,SKU004,dairy,dairy,6,8
2026-06-04T15:00:00,1001,SKU005,meat,meat,6,10
2026-06-04T15:00:00,1001,SKU006,meat,meat,10,8
2026-06-04T15:00:00,1001,SKU007,bakery,bakery,11,13
2026-06-04T15:00:00,1001,SKU008,bakery,bakery,11,14
2026-06-04T15:00:00,1001,SKU009,beverages,grocery,19,17
2026-06-04T15:00:00,1001,SKU010,beverages,grocery,8,11
2026-06-04T15:00:00,1001,SKU011,frozen,frozen,22,17
2026-06-04T15:00:00,1001,SKU012,frozen,frozen,23,16
2026-06-04T15:00:00,1001,SKU013,grocery,grocery,29,16
2026-06-04T15:00:00,1001,SKU014,grocery,grocery,21,20
2026-06-04T15:00:00,1001,SKU015,household,grocery,31,20
2026-06-04T15:00:00,1002,SKU001,produce,produce,0,8
2026-06-04T15:00:00,1002,SKU002,produce,produce,3,9
2026-06-04T15:00:00,1002,SKU003,dairy,dairy,11,8
2026-06-04T15:00:00,1002,SKU004,dairy,dairy,14,10
2026-06-04T15:00:00,1002,SKU005,meat,meat,7,14
2026-06-04T15:00:00,1002,SKU006,meat,meat,9,14
2026-06-04T15:00:00,1002,SKU007,bakery,bakery,8,12
2026-06-04T15:00:00,1002,SKU008,bakery,bakery,14,14
2026-06-04T15:00:00,1002,SKU009,beverages,grocery,23,16
2026-06-04T15:00:00,1002,SKU010,beverages,grocery,12,10
2026-06-04T15:00:00,1002,SKU011,frozen,frozen,27,18
2026-06-04T15:00:00,1002,SKU012,frozen,frozen,27,15
2026-06-04T15:00:00,1002,SKU013,grocery,grocery,27,16
2026-06-04T15:00:00,1002,SKU014,grocery,grocery,26,17
2026-06-04T15:00:00,1002,SKU015,household,grocery,24,18
2026-06-04T15:00:00,1003,SKU001,produce,produce,0,11
2026-06-04T15:00:00,1003,SKU002,produce,produce,7,11
2026-06-04T15:00:00,1003,SKU003,dairy,dairy,5,9
2026-06-04T15:00:00,1003,SKU004,dairy,dairy,13,11
2026-06-04T15:00:00,1003,SKU005,meat,meat,7,13
2026-06-04T15:00:00,1003,SKU006,meat,meat,16,12
2026-06-04T15:00:00,1003,SKU007,bakery,bakery,13,14
2026-06-04T15:00:00,1003,SKU008,bakery,bakery,12,14
2026-06-04T15:00:00,1003,SKU009,beverages,grocery,25,15
2026-06-04T15:00:00,1003,SKU010,beverages,grocery,13,11
2026-06-04T15:00:00,1003,SKU011,frozen,frozen,22,15
2026-06-04T15:00:00,1003,SKU012,frozen,frozen,26,20
2026-06-04T15:00:00,1003,SKU013,grocery,grocery,27,20
2026-06-04T15:00:00,1003,SKU014,grocery,grocery,28,18
2026-06-04T15:00:00,1003,SKU015,household,grocery,26,14
2026-06-04T16:00:00,1001,SKU001,produce,produce,0,10
2026-06-04T16:00:00,1001,SKU002,produce,produce,7,9
2026-06-04T16:00:00,1001,SKU003,dairy,dairy,9,8
2026-06-04T16:00:00,1001,SKU004,dairy,dairy,8,12
2026-06-04T16:00:00,1001,SKU005,meat,meat,13,11
2026-06-04T16:00:00,1001,SKU006,meat,meat,11,14
2026-06-04T16:00:00,1001,SKU007,bakery,bakery,6,9
2026-06-04T16:00:00,1001,SKU008,bakery,bakery,11,9
2026-06-04T16:00:00,1001,SKU009,beverages,grocery,23,19
2026-06-04T16:00:00,1001,SKU010,beverages,grocery,14,8
2026-06-04T16:00:00,1001,SKU011,frozen,frozen,24,16
2026-06-04T16:00:00,1001,SKU012,frozen,frozen,26,17
2026-06-04T16:00:00,1001,SKU013,grocery,grocery,22,17
2026-06-04T16:00:00,1001,SKU014,grocery,grocery,27,15
2026-06-04T16:00:00,1001,SKU015,household,grocery,26,14
2026-06-04T16:00:00,1002,SKU001,produce,produce,0,13
2026-06-04T16:00:00,1002,SKU002,produce,produce,1,8
2026-06-04T16:00:00,1002,SKU003,dairy,dairy,9,11
2026-06-04T16:00:00,1002,SKU004,dairy,dairy,6,13
2026-06-04T16:00:00,1002,SKU005,meat,meat,9,9
2026-06-04T16:00:00,1002,SKU006,meat,meat,8,10
2026-06-04T16:00:00,1002,SKU007,bakery,bakery,8,10
2026-06-04T16:00:00,1002,SKU008,bakery,bakery,17,9
2026-06-04T16:00:00,1002,SKU009,beverages,grocery,20,18
2026-06-04T16:00:00,1002,SKU010,beverages,grocery,14,12
2026-06-04T16:00:00,1002,SKU011,frozen,frozen,26,15
2026-06-04T16:00:00,1002,SKU012,frozen,frozen,26,16
2026-06-04T16:00:00,1002,SKU013,grocery,grocery,27,14
2026-06-04T16:00:00,1002,SKU014,grocery,grocery,25,17
2026-06-04T16:00:00,1002,SKU015,household,grocery,28,17
2026-06-04T16:00:00,1003,SKU001,produce,produce,0,12
2026-06-04T16:00:00,1003,SKU002,produce,produce,6,12
2026-06-04T16:00:00,1003,SKU003,dairy,dairy,10,11
2026-06-04T16:00:00,1003,SKU004,dairy,dairy,5,9
2026-06-04T16:00:00,1003,SKU005,meat,meat,11,12
2026-06-04T16:00:00,1003,SKU006,meat,meat,15,14
2026-06-04T16:00:00,1003,SKU007,bakery,bakery,9,8
2026-06-04T16:00:00,1003,SKU008,bakery,bakery,9,10
2026-06-04T16:00:00,1003,SKU009,beverages,grocery,27,15
2026-06-04T16:00:00,1003,SKU010,beverages,grocery,15,13
2026-06-04T16:00:00,1003,SKU011,frozen,frozen,23,17
2026-06-04T16:00:00,1003,SKU012,frozen,frozen,23,19
2026-06-04T16:00:00,1003,SKU013,grocery,grocery,21,20
2026-06-04T16:00:00,1003,SKU014,grocery,grocery,26,18
2026-06-04T16:00:00,1003,SKU015,household,grocery,25,19
2026-06-04T17:00:00,1001,SKU001,produce,produce,0,14
2026-06-04T17:00:00,1001,SKU002,produce,produce,0,13
2026-06-04T17:00:00,1001,SKU003,dairy,dairy,3,11
2026-06-04T17:00:00,1001,SKU004,dairy,dairy,4,11
2026-06-04T17:00:00,1001,SKU005,meat,meat,10,12
2026-06-04T17:00:00,1001,SKU006,meat,meat,9,10
2026-06-04T17:00:00,1001,SKU007,bakery,bakery,6,8
2026-06-04T17:00:00,1001,SKU008,bakery,bakery,12,8
2026-06-04T17:00:00,1001,SKU009,beverages,grocery,24,19
2026-06-04T17:00:00,1001,SKU010,beverages,grocery,9,12
2026-06-04T17:00:00,1001,SKU011,frozen,frozen,21,14
2026-06-04T17:00:00,1001,SKU012,frozen,frozen,27,17
2026-06-04T17:00:00,1001,SKU013,grocery,grocery,22,15
2026-06-04T17:00:00,1001,SKU014,grocery,grocery,28,15
2026-06-04T17:00:00,1001,SKU015,household,grocery,27,17
2026-06-04T17:00:00,1002,SKU001,produce,produce,0,12
2026-06-04T17:00:00,1002,SKU002,produce,produce,2,8
2026-06-04T17:00:00,1002,SKU003,dairy,dairy,2,12
2026-06-04T17:00:00,1002,SKU004,dairy,dairy,5,11
2026-06-04T17:00:00,1002,SKU005,meat,meat,11,13
2026-06-04T17:00:00,1002,SKU006,meat,meat,6,14
2026-06-04T17:00:00,1002,SKU007,bakery,bakery,12,10
2026-06-04T17:00:00,1002,SKU008,bakery,bakery,15,12
2026-06-04T17:00:00,1002,SKU009,beverages,grocery,26,19
2026-06-04T17:00:00,1002,SKU010,beverages,grocery,11,14
2026-06-04T17:00:00,1002,SKU011,frozen,frozen,27,16
2026-06-04T17:00:00,1002,SKU012,frozen,frozen,26,18
2026-06-04T17:00:00,1002,SKU013,grocery,grocery,20,16
2026-06-04T17:00:00,1002,SKU014,grocery,grocery,22,20
2026-06-04T17:00:00,1002,SKU015,household,grocery,25,14
2026-06-04T17:00:00,1003,SKU001,produce,produce,0,8
2026-06-04T17:00:00,1003,SKU002,produce,produce,0,10
2026-06-04T17:00:00,1003,SKU003,dairy,dairy,9,14
2026-06-04T17:00:00,1003,SKU004,dairy,dairy,10,14
2026-06-04T17:00:00,1003,SKU005,meat,meat,10,11
2026-06-04T17:00:00,1003,SKU006,meat,meat,11,12
2026-06-04T17:00:00,1003,SKU007,bakery,bakery,6,12
2026-06-04T17:00:00,1003,SKU008,bakery,bakery,16,13
2026-06-04T17:00:00,1003,SKU009,beverages,grocery,19,14
2026-06-04T17:00:00,1003,SKU010,beverages,grocery,13,8
2026-06-04T17:00:00,1003,SKU011,frozen,frozen,27,15
2026-06-04T17:00:00,1003,SKU012,frozen,frozen,24,17
2026-06-04T17:00:00,1003,SKU013,grocery,grocery,23,14
2026-06-04T17:00:00,1003,SKU014,grocery,grocery,26,15
2026-06-04T17:00:00,1003,SKU015,household,grocery,24,15
2026-06-04T18:00:00,1001,SKU001,produce,produce,0,10
2026-06-04T18:00:00,1001,SKU002,produce,produce,2,11
2026-06-04T18:00:00,1001,SKU003,dairy,dairy,2,13
2026-06-04T18:00:00,1001,SKU004,dairy,dairy,9,8
2026-06-04T18:00:00,1001,SKU005,meat,meat,10,12
2026-06-04T18:00:00,1001,SKU006,meat,meat,9,12
2026-06-04T18:00:00,1001,SKU007,bakery,bakery,11,9
2026-06-04T18:00:00,1001,SKU008,bakery,bakery,15,12
2026-06-04T18:00:00,1001,SKU009,beverages,grocery,25,14
2026-06-04T18:00:00,1001,SKU010,beverages,grocery,7,12
2026-06-04T18:00:00,1001,SKU011,frozen,frozen,22,18
2026-06-04T18:00:00,1001,SKU012,frozen,frozen,19,17
2026-06-04T18:00:00,1001,SKU013,grocery,grocery,28,15
2026-06-04T18:00:00,1001,SKU014,grocery,grocery,20,14
2026-06-04T18:00:00,1001,SKU015,household,grocery,25,19
2026-06-04T18:00:00,1002,SKU001,produce,produce,0,11
2026-06-04T18:00:00,1002,SKU002,produce,produce,0,11
2026-06-04T18:00:00,1002,SKU003,dairy,dairy,7,10
2026-06-04T18:00:00,1002,SKU004,dairy,dairy,6,14
2026-06-04T18:00:00,1002,SKU005,meat,meat,6,8
2026-06-04T18:00:00,1002,SKU006,meat,meat,11,9
2026-06-04T18:00:00,1002,SKU007,bakery,bakery,8,11
2026-06-04T18:00:00,1002,SKU008,bakery,bakery,9,14
2026-06-04T18:00:00,1002,SKU009,beverages,grocery,20,14
2026-06-04T18:00:00,1002,SKU010,beverages,grocery,13,12
2026-06-04T18:00:00,1002,SKU011,frozen,frozen,27,16
2026-06-04T18:00:00,1002,SKU012,frozen,frozen,23,18
2026-06-04T18:00:00,1002,SKU013,grocery,grocery,20,20
2026-06-04T18:00:00,1002,SKU014,grocery,grocery,20,16
2026-06-04T18:00:00,1002,SKU015,household,grocery,22,15
2026-06-04T18:00:00,1003,SKU001,produce,produce,0,13
2026-06-04T18:00:00,1003,SKU002,produce,produce,0,12
2026-06-04T18:00:00,1003,SKU003,dairy,dairy,5,13
2026-06-04T18:00:00,1003,SKU004,dairy,dairy,7,10
2026-06-04T18:00:00,1003,SKU005,meat,meat,12,14
2026-06-04T18:00:00,1003,SKU006,meat,meat,10,12
2026-06-04T18:00:00,1003,SKU007,bakery,bakery,8,10
2026-06-04T18:00:00,1003,SKU008,bakery,bakery,14,14
2026-06-04T18:00:00,1003,SKU009,beverages,grocery,20,19
2026-06-04T18:00:00,1003,SKU010,beverages,grocery,14,14
2026-06-04T18:00:00,1003,SKU011,frozen,frozen,20,15
2026-06-04T18:00:00,1003,SKU012,frozen,frozen,26,20
2026-06-04T18:00:00,1003,SKU013,grocery,grocery,24,19
2026-06-04T18:00:00,1003,SKU014,grocery,grocery,23,18
2026-06-04T18:00:00,1003,SKU015,household,grocery,24,15
2026-06-04T19:00:00,1001,SKU001,produce,produce,0,14
2026-06-04T19:00:00,1001,SKU002,produce,produce,1,8
2026-06-04T19:00:00,1001,SKU003,dairy,dairy,6,14
2026-06-04T19:00:00,1001,SKU004,dairy,dairy,6,8
2026-06-04T19:00:00,1001,SKU005,meat,meat,5,10
2026-06-04T19:00:00,1001,SKU006,meat,meat,13,8
2026-06-04T19:00:00,1001,SKU007,bakery,bakery,8,14
2026-06-04T19:00:00,1001,SKU008,bakery,bakery,14,14
2026-06-04T19:00:00,1001,SKU009,beverages,grocery,23,15
2026-06-04T19:00:00,1001,SKU010,beverages,grocery,7,14
2026-06-04T19:00:00,1001,SKU011,frozen,frozen,21,19
2026-06-04T19:00:00,1001,SKU012,frozen,frozen,21,17
2026-06-04T19:00:00,1001,SKU013,grocery,grocery,19,14
2026-06-04T19:00:00,1001,SKU014,grocery,grocery,28,17
2026-06-04T19:00:00,1001,SKU015,household,grocery,25,18
2026-06-04T19:00:00,1002,SKU001,produce,produce,0,10
2026-06-04T19:00:00,1002,SKU002,produce,produce,0,8
2026-06-04T19:00:00,1002,SKU003,dairy,dairy,2,13
2026-06-04T19:00:00,1002,SKU004,dairy,dairy,10,10
2026-06-04T19:00:00,1002,SKU005,meat,meat,8,9
2026-06-04T19:00:00,1002,SKU006,meat,meat,6,10
2026-06-04T19:00:00,1002,SKU007,bakery,bakery,10,9
2026-06-04T19:00:00,1002,SKU008,bakery,bakery,7,12
2026-06-04T19:00:00,1002,SKU009,beverages,grocery,20,14
2026-06-04T19:00:00,1002,SKU010,beverages,grocery,13,12
2026-06-04T19:00:00,1002,SKU011,frozen,frozen,25,18
2026-06-04T19:00:00,1002,SKU012,frozen,frozen,23,20
2026-06-04T19:00:00,1002,SKU013,grocery,grocery,19,19
2026-06-04T19:00:00,1002,SKU014,grocery,grocery,26,19
2026-06-04T19:00:00,1002,SKU015,household,grocery,26,16
2026-06-04T19:00:00,1003,SKU001,produce,produce,0,11
2026-06-04T19:00:00,1003,SKU002,produce,produce,0,13
2026-06-04T19:00:00,1003,SKU003,dairy,dairy,3,13
2026-06-04T19:00:00,1003,SKU004,dairy,dairy,2,12
2026-06-04T19:00:00,1003,SKU005,meat,meat,5,13
2026-06-04T19:00:00,1003,SKU006,meat,meat,6,11
2026-06-04T19:00:00,1003,SKU007,bakery,bakery,11,13
2026-06-04T19:00:00,1003,SKU008,bakery,bakery,10,10
2026-06-04T19:00:00,1003,SKU009,beverages,grocery,18,17
2026-06-04T19:00:00,1003,SKU010,beverages,grocery,12,12
2026-06-04T19:00:00,1003,SKU011,frozen,frozen,20,14
2026-06-04T19:00:00,1003,SKU012,frozen,frozen,21,15
2026-06-04T19:00:00,1003,SKU013,grocery,grocery,26,15
2026-06-04T19:00:00,1003,SKU014,grocery,grocery,26,17
2026-06-04T19:00:00,1003,SKU015,household,grocery,22,17
2026-06-04T20:00:00,1001,SKU001,produce,produce,0,8
2026-06-04T20:00:00,1001,SKU002,produce,produce,1,13
2026-06-04T20:00:00,1001,SKU003,dairy,dairy,1,13
2026-06-04T20:00:00,1001,SKU004,dairy,dairy,5,8
2026-06-04T20:00:00,1001,SKU005,meat,meat,4,10
2026-06-04T20:00:00,1001,SKU006,meat,meat,6,13
2026-06-04T20:00:00,1001,SKU007,bakery,bakery,5,13
2026-06-04T20:00:00,1001,SKU008,bakery,bakery,9,13
2026-06-04T20:00:00,1001,SKU009,beverages,grocery,20,14
2026-06-04T20:00:00,1001,SKU010,beverages,grocery,13,14
2026-06-04T20:00:00,1001,SKU011,frozen,frozen,21,20
2026-06-04T20:00:00,1001,SKU012,frozen,frozen,18,17
2026-06-04T20:00:00,1001,SKU013,grocery,grocery,22,15
2026-06-04T20:00:00,1001,SKU014,grocery,grocery,22,17
2026-06-04T20:00:00,1001,SKU015,household,grocery,27,16
2026-06-04T20:00:00,1002,SKU001,produce,produce,0,8
2026-06-04T20:00:00,1002,SKU002,produce,produce,2,8
2026-06-04T20:00:00,1002,SKU003,dairy,dairy,2,10
2026-06-04T20:00:00,1002,SKU004,dairy,dairy,5,9
2026-06-04T20:00:00,1002,SKU005,meat,meat,6,14
2026-06-04T20:00:00,1002,SKU006,meat,meat,12,14
2026-06-04T20:00:00,1002,SKU007,bakery,bakery,7,9
2026-06-04T20:00:00,1002,SKU008,bakery,bakery,7,9
2026-06-04T20:00:00,1002,SKU009,beverages,grocery,20,15
2026-06-04T20:00:00,1002,SKU010,beverages,grocery,10,8
2026-06-04T20:00:00,1002,SKU011,frozen,frozen,22,17
2026-06-04T20:00:00,1002,SKU012,frozen,frozen,24,16
2026-06-04T20:00:00,1002,SKU013,grocery,grocery,20,14
2026-06-04T20:00:00,1002,SKU014,grocery,grocery,27,17
2026-06-04T20:00:00,1002,SKU015,household,grocery,23,16
2026-06-04T20:00:00,1003,SKU001,produce,produce,0,10
2026-06-04T20:00:00,1003,SKU002,produce,produce,0,12
2026-06-04T20:00:00,1003,SKU003,dairy,dairy,2,8
2026-06-04T20:00:00,1003,SKU004,dairy,dairy,5,11
2026-06-04T20:00:00,1003,SKU005,meat,meat,7,9
2026-06-04T20:00:00,1003,SKU006,meat,meat,12,12
2026-06-04T20:00:00,1003,SKU007,bakery,bakery,4,9
2026-06-04T20:00:00,1003,SKU008,bakery,bakery,14,8
2026-06-04T20:00:00,1003,SKU009,beverages,grocery,21,16
2026-06-04T20:00:00,1003,SKU010,beverages,grocery,7,10
2026-06-04T20:00:00,1003,SKU011,frozen,frozen,23,14
2026-06-04T20:00:00,1003,SKU012,frozen,frozen,18,18
2026-06-04T20:00:00,1003,SKU013,grocery,grocery,21,17
2026-06-04T20:00:00,1003,SKU014,grocery,grocery,20,19
2026-06-04T20:00:00,1003,SKU015,household,grocery,23,14
2026-06-04T21:00:00,1001,SKU001,produce,produce,0,10
2026-06-04T21:00:00,1001,SKU002,produce,produce,0,10
2026-06-04T21:00:00,1001,SKU003,dairy,dairy,0,9
2026-06-04T21:00:00,1001,SKU004,dairy,dairy,2,8
2026-06-04T21:00:00,1001,SKU005,meat,meat,3,9
2026-06-04T21:00:00,1001,SKU006,meat,meat,10,11
2026-06-04T21:00:00,1001,SKU007,bakery,bakery,8,11
2026-06-04T21:00:00,1001,SKU008,bakery,bakery,12,12
2026-06-04T21:00:00,1001,SKU009,beverages,grocery,17,20
2026-06-04T21:00:00,1001,SKU010,beverages,grocery,6,12
2026-06-04T21:00:00,1001,SKU011,frozen,frozen,23,15
2026-06-04T21:00:00,1001,SKU012,frozen,frozen,20,18
2026-06-04T21:00:00,1001,SKU013,grocery,grocery,24,14
2026-06-04T21:00:00,1001,SKU014,grocery,grocery,23,14
2026-06-04T21:00:00,1001,SKU015,household,grocery,23,19
2026-06-04T21:00:00,1002,SKU001,produce,produce,0,14
2026-06-04T21:00:00,1002,SKU002,produce,produce,0,12
2026-06-04T21:00:00,1002,SKU003,dairy,dairy,0,14
2026-06-04T21:00:00,1002,SKU004,dairy,dairy,3,14
2026-06-04T21:00:00,1002,SKU005,meat,meat,5,9
2026-06-04T21:00:00,1002,SKU006,meat,meat,7,13
2026-06-04T21:00:00,1002,SKU007,bakery,bakery,4,10
2026-06-04T21:00:00,1002,SKU008,bakery,bakery,6,11
2026-06-04T21:00:00,1002,SKU009,beverages,grocery,21,19
2026-06-04T21:00:00,1002,SKU010,beverages,grocery,6,12
2026-06-04T21:00:00,1002,SKU011,frozen,frozen,21,16
2026-06-04T21:00:00,1002,SKU012,frozen,frozen,23,15
2026-06-04T21:00:00,1002,SKU013,grocery,grocery,21,20
2026-06-04T21:00:00,1002,SKU014,grocery,grocery,23,19
2026-06-04T21:00:00,1002,SKU015,household,grocery,30,18
2026-06-04T21:00:00,1003,SKU001,produce,produce,0,9
2026-06-04T21:00:00,1003,SKU002,produce,produce,0,9
2026-06-04T21:00:00,1003,SKU003,dairy,dairy,3,10
2026-06-04T21:00:00,1003,SKU004,dairy,dairy,1,13
2026-06-04T21:00:00,1003,SKU005,meat,meat,9,11
2026-06-04T21:00:00,1003,SKU006,meat,meat,9,12
2026-06-04T21:00:00,1003,SKU007,bakery,bakery,6,13
2026-06-04T21:00:00,1003,SKU008,bakery,bakery,6,12
2026-06-04T21:00:00,1003,SKU009,beverages,grocery,21,20
2026-06-04T21:00:00,1003,SKU010,beverages,grocery,9,14
2026-06-04T21:00:00,1003,SKU011,frozen,frozen,22,15
2026-06-04T21:00:00,1003,SKU012,frozen,frozen,21,15
2026-06-04T21:00:00,1003,SKU013,grocery,grocery,26,15
2026-06-04T21:00:00,1003,SKU014,grocery,grocery,25,18
2026-06-04T21:00:00,1003,SKU015,household,grocery,24,18
