event_ts,store_id,store_name,item_id,item_name,category,department,quantity,unit_price,net_sales,promo_flag
2026-05-22T06:00:00,1001,Fort Lauderdale East,SKU001,Bananas,produce,produce,14,0.62,8.69,true
2026-05-22T06:00:00,1001,Fort Lauderdale East,SKU002,Avocados,produce,produce,3,1.49,4.47,false
2026-05-22T06:00:00,1001,Fort Lauderdale East,SKU003,Whole Milk,dairy,dairy,4,3.86,15.44,true
2026-05-22T06:00:00,1001,Fort Lauderdale East,SKU004,Greek Yogurt,dairy,dairy,3,1.39,4.17,false
2026-05-22T06:00:00,1001,Fort Lauderdale East,SKU005,Chicken Breast,meat,meat,2,8.49,16.98,false
2026-05-22T06:00:00,1001,Fort Lauderdale East,SKU007,Italian Bread,bakery,bakery,2,3.99,7.98,false
2026-05-22T06:00:00,1001,Fort Lauderdale East,SKU008,Croissants,bakery,bakery,1,4.99,4.99,false
2026-05-22T06:00:00,1001,Fort Lauderdale East,SKU009,Sparkling Water,beverages,grocery,2,4.94,9.88,true
2026-05-22T06:00:00,1001,Fort Lauderdale East,SKU010,Orange Juice,beverages,grocery,2,4.99,9.98,false
2026-05-22T06:00:00,1001,Fort Lauderdale East,SKU011,Frozen Pizza,frozen,frozen,2,6.29,12.58,true
2026-05-22T06:00:00,1001,Fort Lauderdale East,SKU012,Ice Cream,frozen,frozen,2,5.99,11.98,false
2026-05-22T06:00:00,1001,Fort Lauderdale East,SKU013,Peanut Butter,grocery,grocery,1,3.49,3.49,false
2026-05-22T06:00:00,1001,Fort Lauderdale East,SKU014,Pasta,grocery,grocery,1,1.89,1.89,false
2026-05-22T06:00:00,1002,Pembroke Pines,SKU001,Bananas,produce,produce,10,0.62,6.21,true
2026-05-22T06:00:00,1002,Pembroke Pines,SKU002,Avocados,produce,produce,3,1.49,4.47,false
2026-05-22T06:00:00,1002,Pembroke Pines,SKU003,Whole Milk,dairy,dairy,5,3.86,19.30,true
2026-05-22T06:00:00,1002,Pembroke Pines,SKU004,Greek Yogurt,dairy,dairy,2,1.39,2.78,false
2026-05-22T06:00:00,1002,Pembroke Pines,SKU005,Chicken Breast,meat,meat,2,8.49,16.98,false
2026-05-22T06:00:00,1002,Pembroke Pines,SKU006,Ground Beef,meat,meat,2,7.99,15.98,false
2026-05-22T06:00:00,1002,Pembroke Pines,SKU008,Croissants,bakery,bakery,1,4.99,4.99,false
2026-05-22T06:00:00,1002,Pembroke Pines,SKU009,Sparkling Water,beverages,grocery,2,4.94,9.88,true
2026-05-22T06:00:00,1002,Pembroke Pines,SKU010,Orange Juice,beverages,grocery,2,4.99,9.98,false
2026-05-22T06:00:00,1002,Pembroke Pines,SKU011,Frozen Pizza,frozen,frozen,1,6.29,6.29,true
2026-05-22T06:00:00,1002,Pembroke Pines,SKU012,Ice Cream,frozen,frozen,1,5.99,5.99,false
2026-05-22T06:00:00,1002,Pembroke Pines,SKU013,Peanut Butter,grocery,grocery,1,3.49,3.49,false
2026-05-22T06:00:00,1002,Pembroke Pines,SKU014,Pasta,grocery,grocery,1,1.89,1.89,false
2026-05-22T06:00:00,1003,Davie,SKU001,Bananas,produce,produce,15,0.62,9.31,true
2026-05-22T06:00:00,1003,Davie,SKU002,Avocados,produce,produce,2,1.49,2.98,false
2026-05-22T06:00:00,1003,Davie,SKU003,Whole Milk,dairy,dairy,1,3.86,3.86,true
2026-05-22T06:00:00,1003,Davie,SKU004,Greek Yogurt,dairy,dairy,1,1.39,1.39,false
2026-05-22T06:00:00,1003,Davie,SKU005,Chicken Breast,meat,meat,1,8.49,8.49,false
2026-05-22T06:00:00,1003,Davie,SKU006,Ground Beef,meat,meat,2,7.99,15.98,false
2026-05-22T06:00:00,1003,Davie,SKU007,Italian Bread,bakery,bakery,2,3.99,7.98,false
2026-05-22T06:00:00,1003,Davie,SKU009,Sparkling Water,beverages,grocery,3,4.94,14.82,true
2026-05-22T06:00:00,1003,Davie,SKU011,Frozen Pizza,frozen,frozen,1,6.29,6.29,true
2026-05-22T06:00:00,1003,Davie,SKU012,Ice Cream,frozen,frozen,1,5.99,5.99,false
2026-05-22T06:00:00,1003,Davie,SKU013,Peanut Butter,grocery,grocery,1,3.49,3.49,false
2026-05-22T06:00:00,1003,Davie,SKU014,Pasta,grocery,grocery,1,1.89,1.89,false
2026-05-22T06:00:00,1003,Davie,SKU015,Paper Towels,household,grocery,1,12.99,12.99,false
2026-05-22T07:00:00,1001,Fort Lauderdale East,SKU001,Bananas,produce,produce,16,0.62,9.94,true
2026-05-22T07:00:00,1001,Fort Lauderdale East,SKU002,Avocados,produce,produce,4,1.49,5.96,false
2026-05-22T07:00:00,1001,Fort Lauderdale East,SKU003,Whole Milk,dairy,dairy,5,3.86,19.30,true
2026-05-22T07:00:00,1001,Fort Lauderdale East,SKU004,Greek Yogurt,dairy,dairy,2,1.39,2.78,false
2026-05-22T07:00:00,1001,Fort Lauderdale East,SKU005,Chicken Breast,meat,meat,1,8.49,8.49,false
2026-05-22T07:00:00,1001,Fort Lauderdale East,SKU006,Ground Beef,meat,meat,1,7.99,7.99,false
2026-05-22T07:00:00,1001,Fort Lauderdale East,SKU007,Italian Bread,bakery,bakery,2,3.99,7.98,false
2026-05-22T07:00:00,1001,Fort Lauderdale East,SKU008,Croissants,bakery,bakery,1,4.99,4.99,false
2026-05-22T07:00:00,1001,Fort Lauderdale East,SKU009,Sparkling Water,beverages,grocery,4,4.94,19.76,true
2026-05-22T07:00:00,1001,Fort Lauderdale East,SKU010,Orange Juice,beverages,grocery,1,4.99,4.99,false
2026-05-22T07:00:00,1001,Fort Lauderdale East,SKU012,Ice Cream,frozen,frozen,2,5.99,11.98,false
2026-05-22T07:00:00,1001,Fort Lauderdale East,SKU013,Peanut Butter,grocery,grocery,2,3.49,6.98,false
2026-05-22T07:00:00,1001,Fort Lauderdale East,SKU014,Pasta,grocery,grocery,1,1.89,1.89,false
2026-05-22T07:00:00,1001,Fort Lauderdale East,SKU015,Paper Towels,household,grocery,1,12.99,12.99,false
2026-05-22T07:00:00,1002,Pembroke Pines,SKU001,Bananas,produce,produce,18,0.62,11.18,true
2026-05-22T07:00:00,1002,Pembroke Pines,SKU002,Avocados,produce,produce,3,1.49,4.47,false
2026-05-22T07:00:00,1002,Pembroke Pines,SKU003,Whole Milk,dairy,dairy,2,3.86,7.72,true
2026-05-22T07:00:00,1002,Pembroke Pines,SKU004,Greek Yogurt,dairy,dairy,1,1.39,1.39,false
2026-05-22T07:00:00,1002,Pembroke Pines,SKU005,Chicken Breast,meat,meat,3,8.49,25.47,false
2026-05-22T07:00:00,1002,Pembroke Pines,SKU007,Italian Bread,bakery,bakery,2,3.99,7.98,false
2026-05-22T07:00:00,1002,Pembroke Pines,SKU008,Croissants,bakery,bakery,1,4.99,4.99,false
2026-05-22T07:00:00,1002,Pembroke Pines,SKU009,Sparkling Water,beverages,grocery,2,4.94,9.88,true
2026-05-22T07:00:00,1002,Pembroke Pines,SKU010,Orange Juice,beverages,grocery,2,4.99,9.98,false
2026-05-22T07:00:00,1002,Pembroke Pines,SKU011,Frozen Pizza,frozen,frozen,2,6.29,12.58,true
2026-05-22T07:00:00,1002,Pembroke Pines,SKU012,Ice Cream,frozen,frozen,3,5.99,17.97,false
2026-05-22T07:00:00,1002,Pembroke Pines,SKU013,Peanut Butter,grocery,grocery,1,3.49,3.49,false
2026-05-22T07:00:00,1003,Davie,SKU001,Bananas,produce,produce,10,0.62,6.21,true
2026-05-22T07:00:00,1003,Davie,SKU002,Avocados,produce,produce,4,1.49,5.96,false
2026-05-22T07:00:00,1003,Davie,SKU003,Whole Milk,dairy,dairy,3,3.86,11.58,true
2026-05-22T07:00:00,1003,Davie,SKU004,Greek Yogurt,dairy,dairy,2,1.39,2.78,false
2026-05-22T07:00:00,1003,Davie,SKU005,Chicken Breast,meat,meat,3,8.49,25.47,false
2026-05-22T07:00:00,1003,Davie,SKU006,Ground Beef,meat,meat,1,7.99,7.99,false
2026-05-22T07:00:00,1003,Davie,SKU007,Italian Bread,bakery,bakery,1,3.99,3.99,false
2026-05-22T07:00:00,1003,Davie,SKU009,Sparkling Water,beverages,grocery,1,4.94,4.94,true
2026-05-22T07:00:00,1003,Davie,SKU010,Orange Juice,beverages,grocery,1,4.99,4.99,false
2026-05-22T07:00:00,1003,Davie,SKU011,Frozen Pizza,frozen,frozen,2,6.29,12.58,true
2026-05-22T07:00:00,1003,Davie,SKU012,Ice Cream,frozen,frozen,2,5.99,11.98,false
2026-05-22T07:00:00,1003,Davie,SKU013,Peanut Butter,grocery,grocery,1,3.49,3.49,false
2026-05-22T07:00:00,1003,Davie,SKU014,Pasta,grocery,grocery,1,1.89,1.89,false
2026-05-22T08:00:00,1001,Fort Lauderdale East,SKU001,Bananas,produce,produce,19,0.62,11.80,true
2026-05-22T08:00:00,1001,Fort Lauderdale East,SKU002,Avocados,produce,produce,4,1.49,5.96,false
2026-05-22T08:00:00,1001,Fort Lauderdale East,SKU003,Whole Milk,dairy,dairy,5,3.86,19.30,true
2026-05-22T08:00:00,1001,Fort Lauderdale East,SKU004,Greek Yogurt,dairy,dairy,1,1.39,1.39,false
2026-05-22T08:00:00,1001,Fort Lauderdale East,SKU005,Chicken Breast,meat,meat,3,8.49,25.47,false
2026-05-22T08:00:00,1001,Fort Lauderdale East,SKU006,Ground Beef,meat,meat,2,7.99,15.98,false
2026-05-22T08:00:00,1001,Fort Lauderdale East,SKU007,Italian Bread,bakery,bakery,3,3.99,11.97,false
2026-05-22T08:00:00,1001,Fort Lauderdale East,SKU008,Croissants,bakery,bakery,1,4.99,4.99,false
2026-05-22T08:00:00,1001,Fort Lauderdale East,SKU009,Sparkling Water,beverages,grocery,4,4.94,19.76,true
2026-05-22T08:00:00,1001,Fort Lauderdale East,SKU010,Orange Juice,beverages,grocery,1,4.99,4.99,false
2026-05-22T08:00:00,1001,Fort Lauderdale East,SKU011,Frozen Pizza,frozen,frozen,3,6.29,18.87,true
2026-05-22T08:00:00,1001,Fort Lauderdale East,SKU012,Ice Cream,frozen,frozen,1,5.99,5.99,false
2026-05-22T08:00:00,1002,Pembroke Pines,SKU001,Bananas,produce,produce,18,0.62,11.18,true
2026-05-22T08:00:00,1002,Pembroke Pines,SKU002,Avocados,produce,produce,4,1.49,5.96,false
2026-05-22T08:00:00,1002,Pembroke Pines,SKU003,Whole Milk,dairy,dairy,5,3.86,19.30,true
2026-05-22T08:00:00,1002,Pembroke Pines,SKU005,Chicken Breast,meat,meat,3,8.49,25.47,false
2026-05-22T08:00:00,1002,Pembroke Pines,SKU006,Ground Beef,meat,meat,2,7.99,15.98,false
2026-05-22T08:00:00,1002,Pembroke Pines,SKU007,Italian Bread,bakery,bakery,1,3.99,3.99,false
2026-05-22T08:00:00,1002,Pembroke Pines,SKU009,Sparkling Water,beverages,grocery,2,4.94,9.88,true
2026-05-22T08:00:00,1002,Pembroke Pines,SKU010,Orange Juice,beverages,grocery,3,4.99,14.97,false
2026-05-22T08:00:00,1002,Pembroke Pines,SKU013,Peanut Butter,grocery,grocery,2,3.49,6.98,false
2026-05-22T08:00:00,1003,Davie,SKU001,Bananas,produce,produce,14,0.62,8.69,true
2026-05-22T08:00:00,1003,Davie,SKU002,Avocados,produce,produce,2,1.49,2.98,false
2026-05-22T08:00:00,1003,Davie,SKU003,Whole Milk,dairy,dairy,4,3.86,15.44,true
2026-05-22T08:00:00,1003,Davie,SKU004,Greek Yogurt,dairy,dairy,1,1.39,1.39,false
2026-05-22T08:00:00,1003,Davie,SKU005,Chicken Breast,meat,meat,3,8.49,25.47,false
2026-05-22T08:00:00,1003,Davie,SKU006,Ground Beef,meat,meat,1,7.99,7.99,false
2026-05-22T08:00:00,1003,Davie,SKU007,Italian Bread,bakery,bakery,4,3.99,15.96,false
2026-05-22T08:00:00,1003,Davie,SKU008,Croissants,bakery,bakery,1,4.99,4.99,false
2026-05-22T08:00:00,1003,Davie,SKU009,Sparkling Water,beverages,grocery,3,4.94,14.82,true
2026-05-22T08:00:00,1003,Davie,SKU011,Frozen Pizza,frozen,frozen,1,6.29,6.29,true
2026-05-22T08:00:00,1003,Davie,SKU012,Ice Cream,frozen,frozen,1,5.99,5.99,false
2026-05-22T08:00:00,1003,Davie,SKU013,Peanut Butter,grocery,grocery,2,3.49,6.98,false
2026-05-22T08:00:00,1003,Davie,SKU015,Paper Towels,household,grocery,1,12.99,12.99,false
2026-05-22T09:00:00,1001,Fort Lauderdale East,SKU001,Bananas,produce,produce,17,0.62,10.56,true
2026-05-22T09:00:00,1001,Fort Lauderdale East,SKU002,Avocados,produce,produce,5,1.49,7.45,false
2026-05-22T09:00:00,1001,Fort Lauderdale East,SKU003,Whole Milk,dairy,dairy,5,3.86,19.30,true
2026-05-22T09:00:00,1001,Fort Lauderdale East,SKU004,Greek Yogurt,dairy,dairy,2,1.39,2.78,false
2026-05-22T09:00:00,1001,Fort Lauderdale East,SKU005,Chicken Breast,meat,meat,2,8.49,16.98,false
2026-05-22T09:00:00,1001,Fort Lauderdale East,SKU007,Italian Bread,bakery,bakery,2,3.99,7.98,false
2026-05-22T09:00:00,1001,Fort Lauderdale East,SKU008,Croissants,bakery,bakery,1,4.99,4.99,false
2026-05-22T09:00:00,1001,Fort Lauderdale East,SKU009,Sparkling Water,beverages,grocery,4,4.94,19.76,true
2026-05-22T09:00:00,1001,Fort Lauderdale East,SKU010,Orange Juice,beverages,grocery,1,4.99,4.99,false
2026-05-22T09:00:00,1001,Fort Lauderdale East,SKU011,Frozen Pizza,frozen,frozen,2,6.29,12.58,true
2026-05-22T09:00:00,1001,Fort Lauderdale East,SKU014,Pasta,grocery,grocery,1,1.89,1.89,false
2026-05-22T09:00:00,1001,Fort Lauderdale East,SKU015,Paper Towels,household,grocery,1,12.99,12.99,false
2026-05-22T09:00:00,1002,Pembroke Pines,SKU001,Bananas,produce,produce,18,0.62,11.18,true
2026-05-22T09:00:00,1002,Pembroke Pines,SKU002,Avocados,produce,produce,3,1.49,4.47,false
2026-05-22T09:00:00,1002,Pembroke Pines,SKU003,Whole Milk,dairy,dairy,3,3.86,11.58,true
2026-05-22T09:00:00,1002,Pembroke Pines,SKU004,Greek Yogurt,dairy,dairy,2,1.39,2.78,false
2026-05-22T09:00:00,1002,Pembroke Pines,SKU005,Chicken Breast,meat,meat,2,8.49,16.98,false
2026-05-22T09:00:00,1002,Pembroke Pines,SKU006,Ground Beef,meat,meat,2,7.99,15.98,false
2026-05-22T09:00:00,1002,Pembroke Pines,SKU007,Italian Bread,bakery,bakery,1,3.99,3.99,false
2026-05-22T09:00:00,1002,Pembroke Pines,SKU008,Croissants,bakery,bakery,2,4.99,9.98,false
2026-05-22T09:00:00,1002,Pembroke Pines,SKU009,Sparkling Water,beverages,grocery,2,4.94,9.88,true
2026-05-22T09:00:00,1002,Pembroke Pines,SKU010,Orange Juice,beverages,grocery,2,4.99,9.98,false
2026-05-22T09:00:00,1002,Pembroke Pines,SKU011,Frozen Pizza,frozen,frozen,3,6.29,18.87,true
2026-05-22T09:00:00,1002,Pembroke Pines,SKU012,Ice Cream,frozen,frozen,1,5.99,5.99,false
2026-05-22T09:00:00,1002,Pembroke Pines,SKU013,Peanut Butter,grocery,grocery,1,3.49,3.49,false
2026-05-22T09:00:00,1002,Pembroke Pines,SKU014,Pasta,grocery,grocery,3,1.89,5.67,false
2026-05-22T09:00:00,1003,Davie,SKU001,Bananas,produce,produce,12,0.62,7.45,true
2026-05-22T09:00:00,1003,Davie,SKU002,Avocados,produce,produce,3,1.49,4.47,false
2026-05-22T09:00:00,1003,Davie,SKU003,Whole Milk,dairy,dairy,6,3.86,23.17,true
2026-05-22T09:00:00,1003,Davie,SKU004,Greek Yogurt,dairy,dairy,2,1.39,2.78,false
2026-05-22T09:00:00,1003,Davie,SKU005,Chicken Breast,meat,meat,2,8.49,16.98,false
2026-05-22T09:00:00,1003,Davie,SKU006,Ground Beef,meat,meat,3,7.99,23.97,false
2026-05-22T09:00:00,1003,Davie,SKU007,Italian Bread,bakery,bakery,1,3.99,3.99,false
2026-05-22T09:00:00,1003,Davie,SKU009,Sparkling Water,beverages,grocery,2,4.94,9.88,true
2026-05-22T09:00:00,1003,Davie,SKU010,Orange Juice,beverages,grocery,2,4.99,9.98,false
2026-05-22T09:00:00,1003,Davie,SKU011,Frozen Pizza,frozen,frozen,1,6.29,6.29,true
2026-05-22T09:00:00,1003,Davie,SKU012,Ice Cream,frozen,frozen,2,5.99,11.98,false
2026-05-22T09:00:00,1003,Davie,SKU013,Peanut Butter,grocery,grocery,1,3.49,3.49,false
2026-05-22T09:00:00,1003,Davie,SKU015,Paper Towels,household,grocery,1,12.99,12.99,false
2026-05-22T10:00:00,1001,Fort Lauderdale East,SKU001,Bananas,produce,produce,14,0.62,8.69,true
2026-05-22T10:00:00,1001,Fort Lauderdale East,SKU002,Avocados,produce,produce,2,1.49,2.98,false
2026-05-22T10:00:00,1001,Fort Lauderdale East,SKU003,Whole Milk,dairy,dairy,5,3.86,19.30,true
2026-05-22T10:00:00,1001,Fort Lauderdale East,SKU004,Greek Yogurt,dairy,dairy,2,1.39,2.78,false
2026-05-22T10:00:00,1001,Fort Lauderdale East,SKU005,Chicken Breast,meat,meat,1,8.49,8.49,false
2026-05-22T10:00:00,1001,Fort Lauderdale East,SKU006,Ground Beef,meat,meat,2,7.99,15.98,false
2026-05-22T10:00:00,1001,Fort Lauderdale East,SKU007,Italian Bread,bakery,bakery,2,3.99,7.98,false
2026-05-22T10:00:00,1001,Fort Lauderdale East,SKU008,Croissants,bakery,bakery,1,4.99,4.99,false
2026-05-22T10:00:00,1001,Fort Lauderdale East,SKU009,Sparkling Water,beverages,grocery,2,4.94,9.88,true
2026-05-22T10:00:00,1001,Fort Lauderdale East,SKU010,Orange Juice,beverages,grocery,2,4.99,9.98,false
2026-05-22T10:00:00,1001,Fort Lauderdale East,SKU011,Frozen Pizza,frozen,frozen,1,6.29,6.29,true
2026-05-22T10:00:00,1001,Fort Lauderdale East,SKU012,Ice Cream,frozen,frozen,1,5.99,5.99,false
2026-05-22T10:00:00,1001,Fort Lauderdale East,SKU013,Peanut Butter,grocery,grocery,1,3.49,3.49,false
2026-05-22T10:00:00,1001,Fort Lauderdale East,SKU014,Pasta,grocery,grocery,3,1.89,5.67,false
2026-05-22T10:00:00,1002,Pembroke Pines,SKU001,Bananas,produce,produce,16,0.62,9.94,true
2026-05-22T10:00:00,1002,Pembroke Pines,SKU002,Avocados,produce,produce,3,1.49,4.47,false
2026-05-22T10:00:00,1002,Pembroke Pines,SKU003,Whole Milk,dairy,dairy,4,3.86,15.44,true
2026-05-22T10:00:00,1002,Pembroke Pines,SKU004,Greek Yogurt,dairy,dairy,4,1.39,5.56,false
2026-05-22T10:00:00,1002,Pembroke Pines,SKU005,Chicken Breast,meat,meat,2,8.49,16.98,false
2026-05-22T10:00:00,1002,Pembroke Pines,SKU006,Ground Beef,meat,meat,4,7.99,31.96,false
2026-05-22T10:00:00,1002,Pembroke Pines,SKU007,Italian Bread,bakery,bakery,1,3.99,3.99,false
2026-05-22T10:00:00,1002,Pembroke Pines,SKU008,Croissants,bakery,bakery,1,4.99,4.99,false
2026-05-22T10:00:00,1002,Pembroke Pines,SKU009,Sparkling Water,beverages,grocery,1,4.94,4.94,true
2026-05-22T10:00:00,1002,Pembroke Pines,SKU010,Orange Juice,beverages,grocery,1,4.99,4.99,false
2026-05-22T10:00:00,1002,Pembroke Pines,SKU011,Frozen Pizza,frozen,frozen,1,6.29,6.29,true
2026-05-22T10:00:00,1002,Pembroke Pines,SKU012,Ice Cream,frozen,frozen,1,5.99,5.99,false
2026-05-22T10:00:00,1002,Pembroke Pines,SKU013,Peanut Butter,grocery,grocery,1,3.49,3.49,false
2026-05-22T10:00:00,1002,Pembroke Pines,SKU015,Paper Towels,household,grocery,2,12.99,25.98,false
2026-05-22T10:00:00,1003,Davie,SKU001,Bananas,produce,produce,13,0.62,8.07,true
2026-05-22T10:00:00,1003,Davie,SKU002,Avocados,produce,produce,5,1.49,7.45,false
2026-05-22T10:00:00,1003,Davie,SKU003,Whole Milk,dairy,dairy,3,3.86,11.58,true
2026-05-22T10:00:00,1003,Davie,SKU004,Greek Yogurt,dairy,dairy,2,1.39,2.78,false
2026-05-22T10:00:00,1003,Davie,SKU005,Chicken Breast,meat,meat,5,8.49,42.45,false
2026-05-22T10:00:00,1003,Davie,SKU006,Ground Beef,meat,meat,1,7.99,7.99,false
2026-05-22T10:00:00,1003,Davie,SKU009,Sparkling Water,beverages,grocery,2,4.94,9.88,true
2026-05-22T10:00:00,1003,Davie,SKU010,Orange Juice,beverages,grocery,2,4.99,9.98,false
2026-05-22T10:00:00,1003,Davie,SKU011,Frozen Pizza,frozen,frozen,3,6.29,18.87,true
2026-05-22T10:00:00,1003,Davie,SKU012,Ice Cream,frozen,frozen,1,5.99,5.99,false
2026-05-22T10:00:00,1003,Davie,SKU015,Paper Towels,household,grocery,1,12.99,12.99,false
2026-05-22T11:00:00,1001,Fort Lauderdale East,SKU001,Bananas,produce,produce,24,0.62,14.90,true
2026-05-22T11:00:00,1001,Fort Lauderdale East,SKU002,Avocados,produce,produce,2,1.49,2.98,false
2026-05-22T11:00:00,1001,Fort Lauderdale East,SKU003,Whole Milk,dairy,dairy,6,3.86,23.17,true
2026-05-22T11:00:00,1001,Fort Lauderdale East,SKU004,Greek Yogurt,dairy,dairy,5,1.39,6.95,false
2026-05-22T11:00:00,1001,Fort Lauderdale East,SKU005,Chicken Breast,meat,meat,5,8.49,42.45,false
2026-05-22T11:00:00,1001,Fort Lauderdale East,SKU006,Ground Beef,meat,meat,3,7.99,23.97,false
2026-05-22T11:00:00,1001,Fort Lauderdale East,SKU007,Italian Bread,bakery,bakery,3,3.99,11.97,false
2026-05-22T11:00:00,1001,Fort Lauderdale East,SKU008,Croissants,bakery,bakery,1,4.99,4.99,false
2026-05-22T11:00:00,1001,Fort Lauderdale East,SKU009,Sparkling Water,beverages,grocery,2,4.94,9.88,true
2026-05-22T11:00:00,1001,Fort Lauderdale East,SKU010,Orange Juice,beverages,grocery,2,4.99,9.98,false
2026-05-22T11:00:00,1001,Fort Lauderdale East,SKU011,Frozen Pizza,frozen,frozen,3,6.29,18.87,true
2026-05-22T11:00:00,1001,Fort Lauderdale East,SKU012,Ice Cream,frozen,frozen,2,5.99,11.98,false
2026-05-22T11:00:00,1001,Fort Lauderdale East,SKU013,Peanut Butter,grocery,grocery,1,3.49,3.49,false
2026-05-22T11:00:00,1002,Pembroke Pines,SKU001,Bananas,produce,produce,14,0.62,8.69,true
2026-05-22T11:00:00,1002,Pembroke Pines,SKU002,Avocados,produce,produce,6,1.49,8.94,false
2026-05-22T11:00:00,1002,Pembroke Pines,SKU003,Whole Milk,dairy,dairy,2,3.86,7.72,true
2026-05-22T11:00:00,1002,Pembroke Pines,SKU004,Greek Yogurt,dairy,dairy,3,1.39,4.17,false
2026-05-22T11:00:00,1002,Pembroke Pines,SKU005,Chicken Breast,meat,meat,3,8.49,25.47,false
2026-05-22T11:00:00,1002,Pembroke Pines,SKU006,Ground Beef,meat,meat,4,7.99,31.96,false
2026-05-22T11:00:00,1002,Pembroke Pines,SKU007,Italian Bread,bakery,bakery,3,3.99,11.97,false
2026-05-22T11:00:00,1002,Pembroke Pines,SKU008,Croissants,bakery,bakery,3,4.99,14.97,false
2026-05-22T11:00:00,1002,Pembroke Pines,SKU009,Sparkling Water,beverages,grocery,2,4.94,9.88,true
2026-05-22T11:00:00,1002,Pembroke Pines,SKU010,Orange Juice,beverages,grocery,1,4.99,4.99,false
2026-05-22T11:00:00,1002,Pembroke Pines,SKU011,Frozen Pizza,frozen,frozen,1,6.29,6.29,true
2026-05-22T11:00:00,1002,Pembroke Pines,SKU012,Ice Cream,frozen,frozen,3,5.99,17.97,false
2026-05-22T11:00:00,1002,Pembroke Pines,SKU013,Peanut Butter,grocery,grocery,2,3.49,6.98,false
2026-05-22T11:00:00,1002,Pembroke Pines,SKU014,Pasta,grocery,grocery,2,1.89,3.78,false
2026-05-22T11:00:00,1002,Pembroke Pines,SKU015,Paper Towels,household,grocery,4,12.99,51.96,false
2026-05-22T11:00:00,1003,Davie,SKU001,Bananas,produce,produce,19,0.62,11.80,true
2026-05-22T11:00:00,1003,Davie,SKU002,Avocados,produce,produce,6,1.49,8.94,false
2026-05-22T11:00:00,1003,Davie,SKU003,Whole Milk,dairy,dairy,6,3.86,23.17,true
2026-05-22T11:00:00,1003,Davie,SKU004,Greek Yogurt,dairy,dairy,3,1.39,4.17,false
2026-05-22T11:00:00,1003,Davie,SKU005,Chicken Breast,meat,meat,5,8.49,42.45,false
2026-05-22T11:00:00,1003,Davie,SKU006,Ground Beef,meat,meat,4,7.99,31.96,false
2026-05-22T11:00:00,1003,Davie,SKU007,Italian Bread,bakery,bakery,1,3.99,3.99,false
2026-05-22T11:00:00,1003,Davie,SKU008,Croissants,bakery,bakery,1,4.99,4.99,false
2026-05-22T11:00:00,1003,Davie,SKU009,Sparkling Water,beverages,grocery,3,4.94,14.82,true
2026-05-22T11:00:00,1003,Davie,SKU010,Orange Juice,beverages,grocery,3,4.99,14.97,false
2026-05-22T11:00:00,1003,Davie,SKU011,Frozen Pizza,frozen,frozen,1,6.29,6.29,true
2026-05-22T11:00:00,1003,Davie,SKU014,Pasta,grocery,grocery,1,1.89,1.89,false
2026-05-22T12:00:00,1001,Fort Lauderdale East,SKU001,Bananas,produce,produce,23,0.62,14.28,true
2026-05-22T12:00:00,1001,Fort Lauderdale East,SKU002,Avocados,produce,produce,4,1.49,5.96,false
2026-05-22T12:00:00,1001,Fort Lauderdale East,SKU003,Whole Milk,dairy,dairy,4,3.86,15.44,true
2026-05-22T12:00:00,1001,Fort Lauderdale East,SKU004,Greek Yogurt,dairy,dairy,1,1.39,1.39,false
2026-05-22T12:00:00,1001,Fort Lauderdale East,SKU005,Chicken Breast,meat,meat,4,8.49,33.96,false
2026-05-22T12:00:00,1001,Fort Lauderdale East,SKU006,Ground Beef,meat,meat,3,7.99,23.97,false
2026-05-22T12:00:00,1001,Fort Lauderdale East,SKU007,Italian Bread,bakery,bakery,4,3.99,15.96,false
2026-05-22T12:00:00,1001,Fort Lauderdale East,SKU008,Croissants,bakery,bakery,3,4.99,14.97,false
2026-05-22T12:00:00,1001,Fort Lauderdale East,SKU009,Sparkling Water,beverages,grocery,3,4.94,14.82,true
2026-05-22T12:00:00,1001,Fort Lauderdale East,SKU010,Orange Juice,beverages,grocery,4,4.99,19.96,false
2026-05-22T12:00:00,1001,Fort Lauderdale East,SKU011,Frozen Pizza,frozen,frozen,2,6.29,12.58,true
2026-05-22T12:00:00,1001,Fort Lauderdale East,SKU012,Ice Cream,frozen,frozen,1,5.99,5.99,false
2026-05-22T12:00:00,1001,Fort Lauderdale East,SKU013,Peanut Butter,grocery,grocery,1,3.49,3.49,false
2026-05-22T12:00:00,1001,Fort Lauderdale East,SKU014,Pasta,grocery,grocery,1,1.89,1.89,false
2026-05-22T12:00:00,1002,Pembroke Pines,SKU001,Bananas,produce,produce,20,0.62,12.42,true
2026-05-22T12:00:00,1002,Pembroke Pines,SKU002,Avocados,produce,produce,5,1.49,7.45,false
2026-05-22T12:00:00,1002,Pembroke Pines,SKU003,Whole Milk,dairy,dairy,5,3.86,19.30,true
2026-05-22T12:00:00,1002,Pembroke Pines,SKU004,Greek Yogurt,dairy,dairy,2,1.39,2.78,false
2026-05-22T12:00:00,1002,Pembroke Pines,SKU005,Chicken Breast,meat,meat,3,8.49,25.47,false
2026-05-22T12:00:00,1002,Pembroke Pines,SKU006,Ground Beef,meat,meat,4,7.99,31.96,false
2026-05-22T12:00:00,1002,Pembroke Pines,SKU007,Italian Bread,bakery,bakery,3,3.99,11.97,false
2026-05-22T12:00:00,1002,Pembroke Pines,SKU008,Croissants,bakery,bakery,1,4.99,4.99,false
2026-05-22T12:00:00,1002,Pembroke Pines,SKU009,Sparkling Water,beverages,grocery,2,4.94,9.88,true
2026-05-22T12:00:00,1002,Pembroke Pines,SKU010,Orange Juice,beverages,grocery,2,4.99,9.98,false
2026-05-22T12:00:00,1002,Pembroke Pines,SKU011,Frozen Pizza,frozen,frozen,1,6.29,6.29,true
2026-05-22T12:00:00,1002,Pembroke Pines,SKU012,Ice Cream,frozen,frozen,1,5.99,5.99,false
2026-05-22T12:00:00,1002,Pembroke Pines,SKU013,Peanut Butter,grocery,grocery,1,3.49,3.49,false
2026-05-22T12:00:00,1002,Pembroke Pines,SKU014,Pasta,grocery,grocery,3,1.89,5.67,false
2026-05-22T12:00:00,1002,Pembroke Pines,SKU015,Paper Towels,household,grocery,1,12.99,12.99,false
2026-05-22T12:00:00,1003,Davie,SKU001,Bananas,produce,produce,24,0.62,14.90,true
2026-05-22T12:00:00,1003,Davie,SKU002,Avocados,produce,produce,4,1.49,5.96,false
2026-05-22T12:00:00,1003,Davie,SKU003,Whole Milk,dairy,dairy,7,3.86,27.03,true
2026-05-22T12:00:00,1003,Davie,SKU004,Greek Yogurt,dairy,dairy,2,1.39,2.78,false
2026-05-22T12:00:00,1003,Davie,SKU005,Chicken Breast,meat,meat,3,8.49,25.47,false
2026-05-22T12:00:00,1003,Davie,SKU006,Ground Beef,meat,meat,3,7.99,23.97,false
2026-05-22T12:00:00,1003,Davie,SKU007,Italian Bread,bakery,bakery,2,3.99,7.98,false
2026-05-22T12:00:00,1003,Davie,SKU008,Croissants,bakery,bakery,4,4.99,19.96,false
2026-05-22T12:00:00,1003,Davie,SKU009,Sparkling Water,beverages,grocery,3,4.94,14.82,true
2026-05-22T12:00:00,1003,Davie,SKU011,Frozen Pizza,frozen,frozen,3,6.29,18.87,true
2026-05-22T12:00:00,1003,Davie,SKU012,Ice Cream,frozen,frozen,1,5.99,5.99,false
2026-05-22T12:00:00,1003,Davie,SKU013,Peanut Butter,grocery,grocery,1,3.49,3.49,false
2026-05-22T12:00:00,1003,Davie,SKU014,Pasta,grocery,grocery,2,1.89,3.78,false
2026-05-22T12:00:00,1003,Davie,SKU015,Paper Towels,household,grocery,1,12.99,12.99,false
2026-05-22T13:00:00,1001,Fort Lauderdale East,SKU001,Bananas,produce,produce,7,0.62,4.35,true
2026-05-22T13:00:00,1001,Fort Lauderdale East,SKU002,Avocados,produce,produce,2,1.49,2.98,false
2026-05-22T13:00:00,1001,Fort Lauderdale East,SKU003,Whole Milk,dairy,dairy,5,3.86,19.30,true
2026-05-22T13:00:00,1001,Fort Lauderdale East,SKU004,Greek Yogurt,dairy,dairy,4,1.39,5.56,false
2026-05-22T13:00:00,1001,Fort Lauderdale East,SKU005,Chicken Breast,meat,meat,4,8.49,33.96,false
2026-05-22T13:00:00,1001,Fort Lauderdale East,SKU006,Ground Beef,meat,meat,3,7.99,23.97,false
2026-05-22T13:00:00,1001,Fort Lauderdale East,SKU008,Croissants,bakery,bakery,2,4.99,9.98,false
2026-05-22T13:00:00,1001,Fort Lauderdale East,SKU010,Orange Juice,beverages,grocery,3,4.99,14.97,false
2026-05-22T13:00:00,1001,Fort Lauderdale East,SKU011,Frozen Pizza,frozen,frozen,2,6.29,12.58,true
2026-05-22T13:00:00,1001,Fort Lauderdale East,SKU013,Peanut Butter,grocery,grocery,3,3.49,10.47,false
2026-05-22T13:00:00,1001,Fort Lauderdale East,SKU014,Pasta,grocery,grocery,1,1.89,1.89,false
2026-05-22T13:00:00,1002,Pembroke Pines,SKU001,Bananas,produce,produce,14,0.62,8.69,true
2026-05-22T13:00:00,1002,Pembroke Pines,SKU002,Avocados,produce,produce,2,1.49,2.98,false
2026-05-22T13:00:00,1002,Pembroke Pines,SKU003,Whole Milk,dairy,dairy,4,3.86,15.44,true
2026-05-22T13:00:00,1002,Pembroke Pines,SKU004,Greek Yogurt,dairy,dairy,2,1.39,2.78,false
2026-05-22T13:00:00,1002,Pembroke Pines,SKU005,Chicken Breast,meat,meat,3,8.49,25.47,false
2026-05-22T13:00:00,1002,Pembroke Pines,SKU007,Italian Bread,bakery,bakery,2,3.99,7.98,false
2026-05-22T13:00:00,1002,Pembroke Pines,SKU008,Croissants,bakery,bakery,3,4.99,14.97,false
2026-05-22T13:00:00,1002,Pembroke Pines,SKU009,Sparkling Water,beverages,grocery,1,4.94,4.94,true
2026-05-22T13:00:00,1002,Pembroke Pines,SKU010,Orange Juice,beverages,grocery,2,4.99,9.98,false
2026-05-22T13:00:00,1002,Pembroke Pines,SKU011,Frozen Pizza,frozen,frozen,2,6.29,12.58,true
2026-05-22T13:00:00,1002,Pembroke Pines,SKU013,Peanut Butter,grocery,grocery,1,3.49,3.49,false
2026-05-22T13:00:00,1002,Pembroke Pines,SKU014,Pasta,grocery,grocery,1,1.89,1.89,false
2026-05-22T13:00:00,1003,Davie,SKU001,Bananas,produce,produce,19,0.62,11.80,true
2026-05-22T13:00:00,1003,Davie,SKU002,Avocados,produce,produce,4,1.49,5.96,false
2026-05-22T13:00:00,1003,Davie,SKU003,Whole Milk,dairy,dairy,4,3.86,15.44,true
2026-05-22T13:00:00,1003,Davie,SKU004,Greek Yogurt,dairy,dairy,1,1.39,1.39,false
2026-05-22T13:00:00,1003,Davie,SKU005,Chicken Breast,meat,meat,1,8.49,8.49,false
2026-05-22T13:00:00,1003,Davie,SKU006,Ground Beef,meat,meat,3,7.99,23.97,false
2026-05-22T13:00:00,1003,Davie,SKU007,Italian Bread,bakery,bakery,2,3.99,7.98,false
2026-05-22T13:00:00,1003,Davie,SKU008,Croissants,bakery,bakery,1,4.99,4.99,false
2026-05-22T13:00:00,1003,Davie,SKU009,Sparkling Water,beverages,grocery,2,4.94,9.88,true
2026-05-22T13:00:00,1003,Davie,SKU010,Orange Juice,beverages,grocery,2,4.99,9.98,false
2026-05-22T13:00:00,1003,Davie,SKU011,Frozen Pizza,frozen,frozen,1,6.29,6.29,true
2026-05-22T13:00:00,1003,Davie,SKU012,Ice Cream,frozen,frozen,2,5.99,11.98,false
2026-05-22T13:00:00,1003,Davie,SKU014,Pasta,grocery,grocery,1,1.89,1.89,false
2026-05-22T13:00:00,1003,Davie,SKU015,Paper Towels,household,grocery,1,12.99,12.99,false
2026-05-22T14:00:00,1001,Fort Lauderdale East,SKU001,Bananas,produce,produce,14,0.62,8.69,true
2026-05-22T14:00:00,1001,Fort Lauderdale East,SKU002,Avocados,produce,produce,3,1.49,4.47,false
2026-05-22T14:00:00,1001,Fort Lauderdale East,SKU003,Whole Milk,dairy,dairy,3,3.86,11.58,true
2026-05-22T14:00:00,1001,Fort Lauderdale East,SKU004,Greek Yogurt,dairy,dairy,2,1.39,2.78,false
2026-05-22T14:00:00,1001,Fort Lauderdale East,SKU005,Chicken Breast,meat,meat,1,8.49,8.49,false
2026-05-22T14:00:00,1001,Fort Lauderdale East,SKU006,Ground Beef,meat,meat,3,7.99,23.97,false
2026-05-22T14:00:00,1001,Fort Lauderdale East,SKU007,Italian Bread,bakery,bakery,2,3.99,7.98,false
2026-05-22T14:00:00,1001,Fort Lauderdale East,SKU008,Croissants,bakery,bakery,3,4.99,14.97,false
2026-05-22T14:00:00,1001,Fort Lauderdale East,SKU009,Sparkling Water,beverages,grocery,4,4.94,19.76,true
2026-05-22T14:00:00,1001,Fort Lauderdale East,SKU010,Orange Juice,beverages,grocery,2,4.99,9.98,false
2026-05-22T14:00:00,1001,Fort Lauderdale East,SKU012,Ice Cream,frozen,frozen,1,5.99,5.99,false
2026-05-22T14:00:00,1001,Fort Lauderdale East,SKU013,Peanut Butter,grocery,grocery,1,3.49,3.49,false
2026-05-22T14:00:00,1002,Pembroke Pines,SKU001,Bananas,produce,produce,14,0.62,8.69,true
2026-05-22T14:00:00,1002,Pembroke Pines,SKU002,Avocados,produce,produce,3,1.49,4.47,false
2026-05-22T14:00:00,1002,Pembroke Pines,SKU003,Whole Milk,dairy,dairy,3,3.86,11.58,true
2026-05-22T14:00:00,1002,Pembroke Pines,SKU004,Greek Yogurt,dairy,dairy,1,1.39,1.39,false
2026-05-22T14:00:00,1002,Pembroke Pines,SKU005,Chicken Breast,meat,meat,4,8.49,33.96,false
2026-05-22T14:00:00,1002,Pembroke Pines,SKU006,Ground Beef,meat,meat,1,7.99,7.99,false
2026-05-22T14:00:00,1002,Pembroke Pines,SKU007,Italian Bread,bakery,bakery,1,3.99,3.99,false
2026-05-22T14:00:00,1002,Pembroke Pines,SKU008,Croissants,bakery,bakery,1,4.99,4.99,false
2026-05-22T14:00:00,1002,Pembroke Pines,SKU009,Sparkling Water,beverages,grocery,3,4.94,14.82,true
2026-05-22T14:00:00,1002,Pembroke Pines,SKU010,Orange Juice,beverages,grocery,1,4.99,4.99,false
2026-05-22T14:00:00,1002,Pembroke Pines,SKU011,Frozen Pizza,frozen,frozen,2,6.29,12.58,true
2026-05-22T14:00:00,1002,Pembroke Pines,SKU012,Ice Cream,frozen,frozen,2,5.99,11.98,false
2026-05-22T14:00:00,1002,Pembroke Pines,SKU013,Peanut Butter,grocery,grocery,1,3.49,3.49,false
2026-05-22T14:00:00,1002,Pembroke Pines,SKU014,Pasta,grocery,grocery,2,1.89,3.78,false
2026-05-22T14:00:00,1003,Davie,SKU001,Bananas,produce,produce,17,0.62,10.56,true
2026-05-22T14:00:00,1003,Davie,SKU002,Avocados,produce,produce,2,1.49,2.98,false
2026-05-22T14:00:00,1003,Davie,SKU003,Whole Milk,dairy,dairy,3,3.86,11.58,true
2026-05-22T14:00:00,1003,Davie,SKU004,Greek Yogurt,dairy,dairy,3,1.39,4.17,false
2026-05-22T14:00:00,1003,Davie,SKU005,Chicken Breast,meat,meat,3,8.49,25.47,false
2026-05-22T14:00:00,1003,Davie,SKU006,Ground Beef,meat,meat,1,7.99,7.99,false
2026-05-22T14:00:00,1003,Davie,SKU008,Croissants,bakery,bakery,2,4.99,9.98,false
2026-05-22T14:00:00,1003,Davie,SKU009,Sparkling Water,beverages,grocery,1,4.94,4.94,true
2026-05-22T14:00:00,1003,Davie,SKU011,Frozen Pizza,frozen,frozen,1,6.29,6.29,true
2026-05-22T14:00:00,1003,Davie,SKU012,Ice Cream,frozen,frozen,1,5.99,5.99,false
2026-05-22T14:00:00,1003,Davie,SKU014,Pasta,grocery,grocery,1,1.89,1.89,false
2026-05-22T15:00:00,1001,Fort Lauderdale East,SKU001,Bananas,produce,produce,12,0.62,7.45,true
2026-05-22T15:00:00,1001,Fort Lauderdale East,SKU002,Avocados,produce,produce,4,1.49,5.96,false
2026-05-22T15:00:00,1001,Fort Lauderdale East,SKU003,Whole Milk,dairy,dairy,5,3.86,19.30,true
2026-05-22T15:00:00,1001,Fort Lauderdale East,SKU004,Greek Yogurt,dairy,dairy,2,1.39,2.78,false
2026-05-22T15:00:00,1001,Fort Lauderdale East,SKU005,Chicken Breast,meat,meat,1,8.49,8.49,false
2026-05-22T15:00:00,1001,Fort Lauderdale East,SKU006,Ground Beef,meat,meat,2,7.99,15.98,false
2026-05-22T15:00:00,1001,Fort Lauderdale East,SKU008,Croissants,bakery,bakery,1,4.99,4.99,false
2026-05-22T15:00:00,1001,Fort Lauderdale East,SKU009,Sparkling Water,beverages,grocery,1,4.94,4.94,true
2026-05-22T15:00:00,1001,Fort Lauderdale East,SKU010,Orange Juice,beverages,grocery,2,4.99,9.98,false
2026-05-22T15:00:00,1001,Fort Lauderdale East,SKU011,Frozen Pizza,frozen,frozen,2,6.29,12.58,true
2026-05-22T15:00:00,1001,Fort Lauderdale East,SKU012,Ice Cream,frozen,frozen,1,5.99,5.99,false
2026-05-22T15:00:00,1001,Fort Lauderdale East,SKU013,Peanut Butter,grocery,grocery,2,3.49,6.98,false
2026-05-22T15:00:00,1001,Fort Lauderdale East,SKU014,Pasta,grocery,grocery,1,1.89,1.89,false
2026-05-22T15:00:00,1002,Pembroke Pines,SKU001,Bananas,produce,produce,9,0.62,5.59,true
2026-05-22T15:00:00,1002,Pembroke Pines,SKU002,Avocados,produce,produce,4,1.49,5.96,false
2026-05-22T15:00:00,1002,Pembroke Pines,SKU003,Whole Milk,dairy,dairy,5,3.86,19.30,true
2026-05-22T15:00:00,1002,Pembroke Pines,SKU004,Greek Yogurt,dairy,dairy,3,1.39,4.17,false
2026-05-22T15:00:00,1002,Pembroke Pines,SKU005,Chicken Breast,meat,meat,1,8.49,8.49,false
2026-05-22T15:00:00,1002,Pembroke Pines,SKU006,Ground Beef,meat,meat,2,7.99,15.98,false
2026-05-22T15:00:00,1002,Pembroke Pines,SKU007,Italian Bread,bakery,bakery,2,3.99,7.98,false
2026-05-22T15:00:00,1002,Pembroke Pines,SKU008,Croissants,bakery,bakery,1,4.99,4.99,false
2026-05-22T15:00:00,1002,Pembroke Pines,SKU009,Sparkling Water,beverages,grocery,2,4.94,9.88,true
2026-05-22T15:00:00,1002,Pembroke Pines,SKU011,Frozen Pizza,frozen,frozen,2,6.29,12.58,true
2026-05-22T15:00:00,1002,Pembroke Pines,SKU012,Ice Cream,frozen,frozen,2,5.99,11.98,false
2026-05-22T15:00:00,1002,Pembroke Pines,SKU013,Peanut Butter,grocery,grocery,2,3.49,6.98,false
2026-05-22T15:00:00,1002,Pembroke Pines,SKU014,Pasta,grocery,grocery,3,1.89,5.67,false
2026-05-22T15:00:00,1003,Davie,SKU001,Bananas,produce,produce,13,0.62,8.07,true
2026-05-22T15:00:00,1003,Davie,SKU002,Avocados,produce,produce,3,1.49,4.47,false
2026-05-22T15:00:00,1003,Davie,SKU003,Whole Milk,dairy,dairy,6,3.86,23.17,true
2026-05-22T15:00:00,1003,Davie,SKU005,Chicken Breast,meat,meat,2,8.49,16.98,false
2026-05-22T15:00:00,1003,Davie,SKU010,Orange Juice,beverages,grocery,2,4.99,9.98,false
2026-05-22T15:00:00,1003,Davie,SKU012,Ice Cream,frozen,frozen,1,5.99,5.99,false
2026-05-22T15:00:00,1003,Davie,SKU014,Pasta,grocery,grocery,1,1.89,1.89,false
2026-05-22T16:00:00,1001,Fort Lauderdale East,SKU001,Bananas,produce,produce,20,0.62,12.42,true
2026-05-22T16:00:00,1001,Fort Lauderdale East,SKU002,Avocados,produce,produce,2,1.49,2.98,false
2026-05-22T16:00:00,1001,Fort Lauderdale East,SKU003,Whole Milk,dairy,dairy,3,3.86,11.58,true
2026-05-22T16:00:00,1001,Fort Lauderdale East,SKU004,Greek Yogurt,dairy,dairy,2,1.39,2.78,false
2026-05-22T16:00:00,1001,Fort Lauderdale East,SKU005,Chicken Breast,meat,meat,2,8.49,16.98,false
2026-05-22T16:00:00,1001,Fort Lauderdale East,SKU006,Ground Beef,meat,meat,3,7.99,23.97,false
2026-05-22T16:00:00,1001,Fort Lauderdale East,SKU007,Italian Bread,bakery,bakery,2,3.99,7.98,false
2026-05-22T16:00:00,1001,Fort Lauderdale East,SKU009,Sparkling Water,beverages,grocery,2,4.94,9.88,true
2026-05-22T16:00:00,1001,Fort Lauderdale East,SKU010,Orange Juice,beverages,grocery,1,4.99,4.99,false
2026-05-22T16:00:00,1001,Fort Lauderdale East,SKU011,Frozen Pizza,frozen,frozen,2,6.29,12.58,true
2026-05-22T16:00:00,1001,Fort Lauderdale East,SKU012,Ice Cream,frozen,frozen,1,5.99,5.99,false
2026-05-22T16:00:00,1001,Fort Lauderdale East,SKU013,Peanut Butter,grocery,grocery,1,3.49,3.49,false
2026-05-22T16:00:00,1001,Fort Lauderdale East,SKU014,Pasta,grocery,grocery,2,1.89,3.78,false
2026-05-22T16:00:00,1002,Pembroke Pines,SKU001,Bananas,produce,produce,13,0.62,8.07,true
2026-05-22T16:00:00,1002,Pembroke Pines,SKU002,Avocados,produce,produce,3,1.49,4.47,false
2026-05-22T16:00:00,1002,Pembroke Pines,SKU003,Whole Milk,dairy,dairy,6,3.86,23.17,true
2026-05-22T16:00:00,1002,Pembroke Pines,SKU004,Greek Yogurt,dairy,dairy,2,1.39,2.78,false
2026-05-22T16:00:00,1002,Pembroke Pines,SKU005,Chicken Breast,meat,meat,1,8.49,8.49,false
2026-05-22T16:00:00,1002,Pembroke Pines,SKU007,Italian Bread,bakery,bakery,2,3.99,7.98,false
2026-05-22T16:00:00,1002,Pembroke Pines,SKU009,Sparkling Water,beverages,grocery,2,4.94,9.88,true
2026-05-22T16:00:00,1002,Pembroke Pines,SKU011,Frozen Pizza,frozen,frozen,2,6.29,12.58,true
2026-05-22T16:00:00,1002,Pembroke Pines,SKU014,Pasta,grocery,grocery,2,1.89,3.78,false
2026-05-22T16:00:00,1003,Davie,SKU001,Bananas,produce,produce,13,0.62,8.07,true
2026-05-22T16:00:00,1003,Davie,SKU002,Avocados,produce,produce,3,1.49,4.47,false
2026-05-22T16:00:00,1003,Davie,SKU003,Whole Milk,dairy,dairy,3,3.86,11.58,true
2026-05-22T16:00:00,1003,Davie,SKU004,Greek Yogurt,dairy,dairy,3,1.39,4.17,false
2026-05-22T16:00:00,1003,Davie,SKU005,Chicken Breast,meat,meat,3,8.49,25.47,false
2026-05-22T16:00:00,1003,Davie,SKU008,Croissants,bakery,bakery,2,4.99,9.98,false
2026-05-22T16:00:00,1003,Davie,SKU009,Sparkling Water,beverages,grocery,1,4.94,4.94,true
2026-05-22T16:00:00,1003,Davie,SKU010,Orange Juice,beverages,grocery,1,4.99,4.99,false
2026-05-22T16:00:00,1003,Davie,SKU011,Frozen Pizza,frozen,frozen,1,6.29,6.29,true
2026-05-22T16:00:00,1003,Davie,SKU012,Ice Cream,frozen,frozen,2,5.99,11.98,false
2026-05-22T16:00:00,1003,Davie,SKU014,Pasta,grocery,grocery,1,1.89,1.89,false
2026-05-22T17:00:00,1001,Fort Lauderdale East,SKU001,Bananas,produce,produce,28,0.62,17.39,true
2026-05-22T17:00:00,1001,Fort Lauderdale East,SKU002,Avocados,produce,produce,5,1.49,7.45,false
2026-05-22T17:00:00,1001,Fort Lauderdale East,SKU003,Whole Milk,dairy,dairy,7,3.86,27.03,true
2026-05-22T17:00:00,1001,Fort Lauderdale East,SKU004,Greek Yogurt,dairy,dairy,3,1.39,4.17,false
2026-05-22T17:00:00,1001,Fort Lauderdale East,SKU005,Chicken Breast,meat,meat,3,8.49,25.47,false
2026-05-22T17:00:00,1001,Fort Lauderdale East,SKU006,Ground Beef,meat,meat,2,7.99,15.98,false
2026-05-22T17:00:00,1001,Fort Lauderdale East,SKU007,Italian Bread,bakery,bakery,3,3.99,11.97,false
2026-05-22T17:00:00,1001,Fort Lauderdale East,SKU008,Croissants,bakery,bakery,1,4.99,4.99,false
2026-05-22T17:00:00,1001,Fort Lauderdale East,SKU009,Sparkling Water,beverages,grocery,4,4.94,19.76,true
2026-05-22T17:00:00,1001,Fort Lauderdale East,SKU010,Orange Juice,beverages,grocery,4,4.99,19.96,false
2026-05-22T17:00:00,1001,Fort Lauderdale East,SKU011,Frozen Pizza,frozen,frozen,3,6.29,18.87,true
2026-05-22T17:00:00,1001,Fort Lauderdale East,SKU012,Ice Cream,frozen,frozen,2,5.99,11.98,false
2026-05-22T17:00:00,1001,Fort Lauderdale East,SKU013,Peanut Butter,grocery,grocery,2,3.49,6.98,false
2026-05-22T17:00:00,1001,Fort Lauderdale East,SKU014,Pasta,grocery,grocery,2,1.89,3.78,false
2026-05-22T17:00:00,1001,Fort Lauderdale East,SKU015,Paper Towels,household,grocery,1,12.99,12.99,false
2026-05-22T17:00:00,1002,Pembroke Pines,SKU001,Bananas,produce,produce,20,0.62,12.42,true
2026-05-22T17:00:00,1002,Pembroke Pines,SKU002,Avocados,produce,produce,6,1.49,8.94,false
2026-05-22T17:00:00,1002,Pembroke Pines,SKU003,Whole Milk,dairy,dairy,6,3.86,23.17,true
2026-05-22T17:00:00,1002,Pembroke Pines,SKU004,Greek Yogurt,dairy,dairy,2,1.39,2.78,false
2026-05-22T17:00:00,1002,Pembroke Pines,SKU005,Chicken Breast,meat,meat,3,8.49,25.47,false
2026-05-22T17:00:00,1002,Pembroke Pines,SKU007,Italian Bread,bakery,bakery,3,3.99,11.97,false
2026-05-22T17:00:00,1002,Pembroke Pines,SKU008,Croissants,bakery,bakery,2,4.99,9.98,false
2026-05-22T17:00:00,1002,Pembroke Pines,SKU009,Sparkling Water,beverages,grocery,4,4.94,19.76,true
2026-05-22T17:00:00,1002,Pembroke Pines,SKU010,Orange Juice,beverages,grocery,2,4.99,9.98,false
2026-05-22T17:00:00,1002,Pembroke Pines,SKU011,Frozen Pizza,frozen,frozen,3,6.29,18.87,true
2026-05-22T17:00:00,1002,Pembroke Pines,SKU012,Ice Cream,frozen,frozen,1,5.99,5.99,false
2026-05-22T17:00:00,1003,Davie,SKU001,Bananas,produce,produce,13,0.62,8.07,true
2026-05-22T17:00:00,1003,Davie,SKU002,Avocados,produce,produce,6,1.49,8.94,false
2026-05-22T17:00:00,1003,Davie,SKU003,Whole Milk,dairy,dairy,6,3.86,23.17,true
2026-05-22T17:00:00,1003,Davie,SKU004,Greek Yogurt,dairy,dairy,4,1.39,5.56,false
2026-05-22T17:00:00,1003,Davie,SKU005,Chicken Breast,meat,meat,3,8.49,25.47,false
2026-05-22T17:00:00,1003,Davie,SKU006,Ground Beef,meat,meat,3,7.99,23.97,false
2026-05-22T17:00:00,1003,Davie,SKU007,Italian Bread,bakery,bakery,4,3.99,15.96,false
2026-05-22T17:00:00,1003,Davie,SKU008,Croissants,bakery,bakery,1,4.99,4.99,false
2026-05-22T17:00:00,1003,Davie,SKU009,Sparkling Water,beverages,grocery,3,4.94,14.82,true
2026-05-22T17:00:00,1003,Davie,SKU010,Orange Juice,beverages,grocery,2,4.99,9.98,false
2026-05-22T17:00:00,1003,Davie,SKU011,Frozen Pizza,frozen,frozen,1,6.29,6.29,true
2026-05-22T17:00:00,1003,Davie,SKU012,Ice Cream,frozen,frozen,2,5.99,11.98,false
2026-05-22T17:00:00,1003,Davie,SKU013,Peanut Butter,grocery,grocery,2,3.49,6.98,false
2026-05-22T17:00:00,1003,Davie,SKU014,Pasta,grocery,grocery,1,1.89,1.89,false
2026-05-22T18:00:00,1001,Fort Lauderdale East,SKU001,Bananas,produce,produce,27,0.62,16.77,true
2026-05-22T18:00:00,1001,Fort Lauderdale East,SKU002,Avocados,produce,produce,2,1.49,2.98,false
2026-05-22T18:00:00,1001,Fort Lauderdale East,SKU003,Whole Milk,dairy,dairy,7,3.86,27.03,true
2026-05-22T18:00:00,1001,Fort Lauderdale East,SKU004,Greek Yogurt,dairy,dairy,4,1.39,5.56,false
2026-05-22T18:00:00,1001,Fort Lauderdale East,SKU005,Chicken Breast,meat,meat,3,8.49,25.47,false
2026-05-22T18:00:00,1001,Fort Lauderdale East,SKU006,Ground Beef,meat,meat,4,7.99,31.96,false
2026-05-22T18:00:00,1001,Fort Lauderdale East,SKU007,Italian Bread,bakery,bakery,4,3.99,15.96,false
2026-05-22T18:00:00,1001,Fort Lauderdale East,SKU008,Croissants,bakery,bakery,2,4.99,9.98,false
2026-05-22T18:00:00,1001,Fort Lauderdale East,SKU009,Sparkling Water,beverages,grocery,3,4.94,14.82,true
2026-05-22T18:00:00,1001,Fort Lauderdale East,SKU010,Orange Juice,beverages,grocery,2,4.99,9.98,false
2026-05-22T18:00:00,1001,Fort Lauderdale East,SKU011,Frozen Pizza,frozen,frozen,2,6.29,12.58,true
2026-05-22T18:00:00,1001,Fort Lauderdale East,SKU013,Peanut Butter,grocery,grocery,3,3.49,10.47,false
2026-05-22T18:00:00,1001,Fort Lauderdale East,SKU014,Pasta,grocery,grocery,2,1.89,3.78,false
2026-05-22T18:00:00,1001,Fort Lauderdale East,SKU015,Paper Towels,household,grocery,1,12.99,12.99,false
2026-05-22T18:00:00,1002,Pembroke Pines,SKU001,Bananas,produce,produce,14,0.62,8.69,true
2026-05-22T18:00:00,1002,Pembroke Pines,SKU002,Avocados,produce,produce,7,1.49,10.43,false
2026-05-22T18:00:00,1002,Pembroke Pines,SKU003,Whole Milk,dairy,dairy,9,3.86,34.75,true
2026-05-22T18:00:00,1002,Pembroke Pines,SKU004,Greek Yogurt,dairy,dairy,3,1.39,4.17,false
2026-05-22T18:00:00,1002,Pembroke Pines,SKU005,Chicken Breast,meat,meat,2,8.49,16.98,false
2026-05-22T18:00:00,1002,Pembroke Pines,SKU006,Ground Beef,meat,meat,1,7.99,7.99,false
2026-05-22T18:00:00,1002,Pembroke Pines,SKU007,Italian Bread,bakery,bakery,3,3.99,11.97,false
2026-05-22T18:00:00,1002,Pembroke Pines,SKU008,Croissants,bakery,bakery,1,4.99,4.99,false
2026-05-22T18:00:00,1002,Pembroke Pines,SKU009,Sparkling Water,beverages,grocery,3,4.94,14.82,true
2026-05-22T18:00:00,1002,Pembroke Pines,SKU010,Orange Juice,beverages,grocery,3,4.99,14.97,false
2026-05-22T18:00:00,1002,Pembroke Pines,SKU011,Frozen Pizza,frozen,frozen,1,6.29,6.29,true
2026-05-22T18:00:00,1002,Pembroke Pines,SKU012,Ice Cream,frozen,frozen,3,5.99,17.97,false
2026-05-22T18:00:00,1002,Pembroke Pines,SKU013,Peanut Butter,grocery,grocery,3,3.49,10.47,false
2026-05-22T18:00:00,1003,Davie,SKU001,Bananas,produce,produce,18,0.62,11.18,true
2026-05-22T18:00:00,1003,Davie,SKU002,Avocados,produce,produce,3,1.49,4.47,false
2026-05-22T18:00:00,1003,Davie,SKU003,Whole Milk,dairy,dairy,5,3.86,19.30,true
2026-05-22T18:00:00,1003,Davie,SKU004,Greek Yogurt,dairy,dairy,1,1.39,1.39,false
2026-05-22T18:00:00,1003,Davie,SKU005,Chicken Breast,meat,meat,3,8.49,25.47,false
2026-05-22T18:00:00,1003,Davie,SKU006,Ground Beef,meat,meat,4,7.99,31.96,false
2026-05-22T18:00:00,1003,Davie,SKU007,Italian Bread,bakery,bakery,2,3.99,7.98,false
2026-05-22T18:00:00,1003,Davie,SKU008,Croissants,bakery,bakery,1,4.99,4.99,false
2026-05-22T18:00:00,1003,Davie,SKU009,Sparkling Water,beverages,grocery,1,4.94,4.94,true
2026-05-22T18:00:00,1003,Davie,SKU010,Orange Juice,beverages,grocery,3,4.99,14.97,false
2026-05-22T18:00:00,1003,Davie,SKU011,Frozen Pizza,frozen,frozen,2,6.29,12.58,true
2026-05-22T18:00:00,1003,Davie,SKU012,Ice Cream,frozen,frozen,3,5.99,17.97,false
2026-05-22T18:00:00,1003,Davie,SKU013,Peanut Butter,grocery,grocery,1,3.49,3.49,false
2026-05-22T18:00:00,1003,Davie,SKU014,Pasta,grocery,grocery,1,1.89,1.89,false
2026-05-22T18:00:00,1003,Davie,SKU015,Paper Towels,household,grocery,1,12.99,12.99,false
2026-05-22T19:00:00,1001,Fort Lauderdale East,SKU001,Bananas,produce,produce,13,0.62,8.07,true
2026-05-22T19:00:00,1001,Fort Lauderdale East,SKU002,Avocados,produce,produce,2,1.49,2.98,false
2026-05-22T19:00:00,1001,Fort Lauderdale East,SKU003,Whole Milk,dairy,dairy,5,3.86,19.30,true
2026-05-22T19:00:00,1001,Fort Lauderdale East,SKU004,Greek Yogurt,dairy,dairy,2,1.39,2.78,false
2026-05-22T19:00:00,1001,Fort Lauderdale East,SKU005,Chicken Breast,meat,meat,2,8.49,16.98,false
2026-05-22T19:00:00,1001,Fort Lauderdale East,SKU006,Ground Beef,meat,meat,2,7.99,15.98,false
2026-05-22T19:00:00,1001,Fort Lauderdale East,SKU007,Italian Bread,bakery,bakery,1,3.99,3.99,false
2026-05-22T19:00:00,1001,Fort Lauderdale East,SKU008,Croissants,bakery,bakery,2,4.99,9.98,false
2026-05-22T19:00:00,1001,Fort Lauderdale East,SKU009,Sparkling Water,beverages,grocery,4,4.94,19.76,true
2026-05-22T19:00:00,1001,Fort Lauderdale East,SKU011,Frozen Pizza,frozen,frozen,3,6.29,18.87,true
2026-05-22T19:00:00,1001,Fort Lauderdale East,SKU012,Ice Cream,frozen,frozen,1,5.99,5.99,false
2026-05-22T19:00:00,1001,Fort Lauderdale East,SKU014,Pasta,grocery,grocery,3,1.89,5.67,false
2026-05-22T19:00:00,1002,Pembroke Pines,SKU001,Bananas,produce,produce,18,0.62,11.18,true
2026-05-22T19:00:00,1002,Pembroke Pines,SKU002,Avocados,produce,produce,4,1.49,5.96,false
2026-05-22T19:00:00,1002,Pembroke Pines,SKU003,Whole Milk,dairy,dairy,2,3.86,7.72,true
2026-05-22T19:00:00,1002,Pembroke Pines,SKU004,Greek Yogurt,dairy,dairy,2,1.39,2.78,false
2026-05-22T19:00:00,1002,Pembroke Pines,SKU005,Chicken Breast,meat,meat,1,8.49,8.49,false
2026-05-22T19:00:00,1002,Pembroke Pines,SKU008,Croissants,bakery,bakery,1,4.99,4.99,false
2026-05-22T19:00:00,1002,Pembroke Pines,SKU009,Sparkling Water,beverages,grocery,2,4.94,9.88,true
2026-05-22T19:00:00,1002,Pembroke Pines,SKU010,Orange Juice,beverages,grocery,2,4.99,9.98,false
2026-05-22T19:00:00,1002,Pembroke Pines,SKU011,Frozen Pizza,frozen,frozen,1,6.29,6.29,true
2026-05-22T19:00:00,1003,Davie,SKU001,Bananas,produce,produce,13,0.62,8.07,true
2026-05-22T19:00:00,1003,Davie,SKU002,Avocados,produce,produce,3,1.49,4.47,false
2026-05-22T19:00:00,1003,Davie,SKU003,Whole Milk,dairy,dairy,3,3.86,11.58,true
2026-05-22T19:00:00,1003,Davie,SKU004,Greek Yogurt,dairy,dairy,2,1.39,2.78,false
2026-05-22T19:00:00,1003,Davie,SKU005,Chicken Breast,meat,meat,1,8.49,8.49,false
2026-05-22T19:00:00,1003,Davie,SKU006,Ground Beef,meat,meat,1,7.99,7.99,false
2026-05-22T19:00:00,1003,Davie,SKU007,Italian Bread,bakery,bakery,2,3.99,7.98,false
2026-05-22T19:00:00,1003,Davie,SKU008,Croissants,bakery,bakery,1,4.99,4.99,false
2026-05-22T19:00:00,1003,Davie,SKU009,Sparkling Water,beverages,grocery,2,4.94,9.88,true
2026-05-22T19:00:00,1003,Davie,SKU011,Frozen Pizza,frozen,frozen,1,6.29,6.29,true
2026-05-22T19:00:00,1003,Davie,SKU012,Ice Cream,frozen,frozen,1,5.99,5.99,false
2026-05-22T19:00:00,1003,Davie,SKU013,Peanut Butter,grocery,grocery,1,3.49,3.49,false
2026-05-22T20:00:00,1001,Fort Lauderdale East,SKU001,Bananas,produce,produce,19,0.62,11.80,true
2026-05-22T20:00:00,1001,Fort Lauderdale East,SKU002,Avocados,produce,produce,3,1.49,4.47,false
2026-05-22T20:00:00,1001,Fort Lauderdale East,SKU003,Whole Milk,dairy,dairy,4,3.86,15.44,true
2026-05-22T20:00:00,1001,Fort Lauderdale East,SKU004,Greek Yogurt,dairy,dairy,3,1.39,4.17,false
2026-05-22T20:00:00,1001,Fort Lauderdale East,SKU005,Chicken Breast,meat,meat,2,8.49,16.98,false
2026-05-22T20:00:00,1001,Fort Lauderdale East,SKU006,Ground Beef,meat,meat,2,7.99,15.98,false
2026-05-22T20:00:00,1001,Fort Lauderdale East,SKU007,Italian Bread,bakery,bakery,2,3.99,7.98,false
2026-05-22T20:00:00,1001,Fort Lauderdale East,SKU008,Croissants,bakery,bakery,1,4.99,4.99,false
2026-05-22T20:00:00,1001,Fort Lauderdale East,SKU009,Sparkling Water,beverages,grocery,1,4.94,4.94,true
2026-05-22T20:00:00,1001,Fort Lauderdale East,SKU010,Orange Juice,beverages,grocery,1,4.99,4.99,false
2026-05-22T20:00:00,1001,Fort Lauderdale East,SKU011,Frozen Pizza,frozen,frozen,3,6.29,18.87,true
2026-05-22T20:00:00,1001,Fort Lauderdale East,SKU012,Ice Cream,frozen,frozen,1,5.99,5.99,false
2026-05-22T20:00:00,1001,Fort Lauderdale East,SKU013,Peanut Butter,grocery,grocery,1,3.49,3.49,false
2026-05-22T20:00:00,1001,Fort Lauderdale East,SKU015,Paper Towels,household,grocery,1,12.99,12.99,false
2026-05-22T20:00:00,1002,Pembroke Pines,SKU001,Bananas,produce,produce,10,0.62,6.21,true
2026-05-22T20:00:00,1002,Pembroke Pines,SKU002,Avocados,produce,produce,4,1.49,5.96,false
2026-05-22T20:00:00,1002,Pembroke Pines,SKU003,Whole Milk,dairy,dairy,3,3.86,11.58,true
2026-05-22T20:00:00,1002,Pembroke Pines,SKU004,Greek Yogurt,dairy,dairy,1,1.39,1.39,false
2026-05-22T20:00:00,1002,Pembroke Pines,SKU005,Chicken Breast,meat,meat,2,8.49,16.98,false
2026-05-22T20:00:00,1002,Pembroke Pines,SKU006,Ground Beef,meat,meat,2,7.99,15.98,false
2026-05-22T20:00:00,1002,Pembroke Pines,SKU007,Italian Bread,bakery,bakery,2,3.99,7.98,false
2026-05-22T20:00:00,1002,Pembroke Pines,SKU008,Croissants,bakery,bakery,2,4.99,9.98,false
2026-05-22T20:00:00,1002,Pembroke Pines,SKU009,Sparkling Water,beverages,grocery,1,4.94,4.94,true
2026-05-22T20:00:00,1002,Pembroke Pines,SKU010,Orange Juice,beverages,grocery,2,4.99,9.98,false
2026-05-22T20:00:00,1002,Pembroke Pines,SKU012,Ice Cream,frozen,frozen,2,5.99,11.98,false
2026-05-22T20:00:00,1002,Pembroke Pines,SKU013,Peanut Butter,grocery,grocery,1,3.49,3.49,false
2026-05-22T20:00:00,1002,Pembroke Pines,SKU014,Pasta,grocery,grocery,1,1.89,1.89,false
2026-05-22T20:00:00,1003,Davie,SKU001,Bananas,produce,produce,11,0.62,6.83,true
2026-05-22T20:00:00,1003,Davie,SKU002,Avocados,produce,produce,3,1.49,4.47,false
2026-05-22T20:00:00,1003,Davie,SKU003,Whole Milk,dairy,dairy,4,3.86,15.44,true
2026-05-22T20:00:00,1003,Davie,SKU004,Greek Yogurt,dairy,dairy,2,1.39,2.78,false
2026-05-22T20:00:00,1003,Davie,SKU005,Chicken Breast,meat,meat,2,8.49,16.98,false
2026-05-22T20:00:00,1003,Davie,SKU007,Italian Bread,bakery,bakery,2,3.99,7.98,false
2026-05-22T20:00:00,1003,Davie,SKU009,Sparkling Water,beverages,grocery,1,4.94,4.94,true
2026-05-22T20:00:00,1003,Davie,SKU010,Orange Juice,beverages,grocery,1,4.99,4.99,false
2026-05-22T20:00:00,1003,Davie,SKU012,Ice Cream,frozen,frozen,2,5.99,11.98,false
2026-05-22T20:00:00,1003,Davie,SKU013,Peanut Butter,grocery,grocery,2,3.49,6.98,false
2026-05-22T20:00:00,1003,Davie,SKU014,Pasta,grocery,grocery,1,1.89,1.89,false
2026-05-22T21:00:00,1001,Fort Lauderdale East,SKU001,Bananas,produce,produce,11,0.62,6.83,true
2026-05-22T21:00:00,1001,Fort Lauderdale East,SKU002,Avocados,produce,produce,3,1.49,4.47,false
2026-05-22T21:00:00,1001,Fort Lauderdale East,SKU003,Whole Milk,dairy,dairy,1,3.86,3.86,true
2026-05-22T21:00:00,1001,Fort Lauderdale East,SKU004,Greek Yogurt,dairy,dairy,2,1.39,2.78,false
2026-05-22T21:00:00,1001,Fort Lauderdale East,SKU005,Chicken Breast,meat,meat,3,8.49,25.47,false
2026-05-22T21:00:00,1001,Fort Lauderdale East,SKU006,Ground Beef,meat,meat,1,7.99,7.99,false
2026-05-22T21:00:00,1001,Fort Lauderdale East,SKU007,Italian Bread,bakery,bakery,1,3.99,3.99,false
2026-05-22T21:00:00,1001,Fort Lauderdale East,SKU008,Croissants,bakery,bakery,1,4.99,4.99,false
2026-05-22T21:00:00,1001,Fort Lauderdale East,SKU009,Sparkling Water,beverages,grocery,2,4.94,9.88,true
2026-05-22T21:00:00,1001,Fort Lauderdale East,SKU010,Orange Juice,beverages,grocery,3,4.99,14.97,false
2026-05-22T21:00:00,1001,Fort Lauderdale East,SKU011,Frozen Pizza,frozen,frozen,2,6.29,12.58,true
2026-05-22T21:00:00,1001,Fort Lauderdale East,SKU014,Pasta,grocery,grocery,1,1.89,1.89,false
2026-05-22T21:00:00,1001,Fort Lauderdale East,SKU015,Paper Towels,household,grocery,2,12.99,25.98,false
2026-05-22T21:00:00,1002,Pembroke Pines,SKU001,Bananas,produce,produce,12,0.62,7.45,true
2026-05-22T21:00:00,1002,Pembroke Pines,SKU002,Avocados,produce,produce,2,1.49,2.98,false
2026-05-22T21:00:00,1002,Pembroke Pines,SKU003,Whole Milk,dairy,dairy,3,3.86,11.58,true
2026-05-22T21:00:00,1002,Pembroke Pines,SKU005,Chicken Breast,meat,meat,2,8.49,16.98,false
2026-05-22T21:00:00,1002,Pembroke Pines,SKU009,Sparkling Water,beverages,grocery,1,4.94,4.94,true
2026-05-22T21:00:00,1002,Pembroke Pines,SKU010,Orange Juice,beverages,grocery,2,4.99,9.98,false
2026-05-22T21:00:00,1002,Pembroke Pines,SKU013,Peanut Butter,grocery,grocery,1,3.49,3.49,false
2026-05-22T21:00:00,1002,Pembroke Pines,SKU015,Paper Towels,household,grocery,1,12.99,12.99,false
2026-05-22T21:00:00,1003,Davie,SKU001,Bananas,produce,produce,16,0.62,9.94,true
2026-05-22T21:00:00,1003,Davie,SKU002,Avocados,produce,produce,3,1.49,4.47,false
2026-05-22T21:00:00,1003,Davie,SKU003,Whole Milk,dairy,dairy,2,3.86,7.72,true
2026-05-22T21:00:00,1003,Davie,SKU004,Greek Yogurt,dairy,dairy,2,1.39,2.78,false
2026-05-22T21:00:00,1003,Davie,SKU005,Chicken Breast,meat,meat,2,8.49,16.98,false
2026-05-22T21:00:00,1003,Davie,SKU006,Ground Beef,meat,meat,1,7.99,7.99,false
2026-05-22T21:00:00,1003,Davie,SKU008,Croissants,bakery,bakery,2,4.99,9.98,false
2026-05-22T21:00:00,1003,Davie,SKU009,Sparkling Water,beverages,grocery,1,4.94,4.94,true
2026-05-22T21:00:00,1003,Davie,SKU010,Orange Juice,beverages,grocery,1,4.99,4.99,false
2026-05-22T21:00:00,1003,Davie,SKU011,Frozen Pizza,frozen,frozen,1,6.29,6.29,true
2026-05-22T21:00:00,1003,Davie,SKU012,Ice Cream,frozen,frozen,2,5.99,11.98,false
2026-05-22T21:00:00,1003,Davie,SKU013,Peanut Butter,grocery,grocery,1,3.49,3.49,false
2026-05-22T21:00:00,1003,Davie,SKU015,Paper Towels,household,grocery,1,12.99,12.99,false
2026-05-23T06:00:00,1001,Fort Lauderdale East,SKU001,Bananas,produce,produce,23,0.62,14.28,true
2026-05-23T06:00:00,1001,Fort Lauderdale East,SKU002,Avocados,produce,produce,5,1.49,7.45,false
2026-05-23T06:00:00,1001,Fort Lauderdale East,SKU003,Whole Milk,dairy,dairy,5,3.86,19.30,true
2026-05-23T06:00:00,1001,Fort Lauderdale East,SKU004,Greek Yogurt,dairy,dairy,1,1.39,1.39,false
2026-05-23T06:00:00,1001,Fort Lauderdale East,SKU005,Chicken Breast,meat,meat,6,8.49,50.94,false
2026-05-23T06:00:00,1001,Fort Lauderdale East,SKU007,Italian Bread,bakery,bakery,2,3.99,7.98,false
2026-05-23T06:00:00,1001,Fort Lauderdale East,SKU009,Sparkling Water,beverages,grocery,4,4.94,19.76,true
2026-05-23T06:00:00,1001,Fort Lauderdale East,SKU010,Orange Juice,beverages,grocery,2,4.99,9.98,false
2026-05-23T06:00:00,1001,Fort Lauderdale East,SKU012,Ice Cream,frozen,frozen,1,5.99,5.99,false
2026-05-23T06:00:00,1001,Fort Lauderdale East,SKU013,Peanut Butter,grocery,grocery,1,3.49,3.49,false
2026-05-23T06:00:00,1002,Pembroke Pines,SKU001,Bananas,produce,produce,11,0.62,6.83,true
2026-05-23T06:00:00,1002,Pembroke Pines,SKU002,Avocados,produce,produce,3,1.49,4.47,false
2026-05-23T06:00:00,1002,Pembroke Pines,SKU003,Whole Milk,dairy,dairy,4,3.86,15.44,true
2026-05-23T06:00:00,1002,Pembroke Pines,SKU004,Greek Yogurt,dairy,dairy,2,1.39,2.78,false
2026-05-23T06:00:00,1002,Pembroke Pines,SKU005,Chicken Breast,meat,meat,3,8.49,25.47,false
2026-05-23T06:00:00,1002,Pembroke Pines,SKU006,Ground Beef,meat,meat,1,7.99,7.99,false
2026-05-23T06:00:00,1002,Pembroke Pines,SKU009,Sparkling Water,beverages,grocery,3,4.94,14.82,true
2026-05-23T06:00:00,1002,Pembroke Pines,SKU010,Orange Juice,beverages,grocery,1,4.99,4.99,false
2026-05-23T06:00:00,1002,Pembroke Pines,SKU011,Frozen Pizza,frozen,frozen,4,6.29,25.16,true
2026-05-23T06:00:00,1002,Pembroke Pines,SKU012,Ice Cream,frozen,frozen,1,5.99,5.99,false
2026-05-23T06:00:00,1003,Davie,SKU001,Bananas,produce,produce,9,0.62,5.59,true
2026-05-23T06:00:00,1003,Davie,SKU002,Avocados,produce,produce,5,1.49,7.45,false
2026-05-23T06:00:00,1003,Davie,SKU003,Whole Milk,dairy,dairy,3,3.86,11.58,true
2026-05-23T06:00:00,1003,Davie,SKU004,Greek Yogurt,dairy,dairy,3,1.39,4.17,false
2026-05-23T06:00:00,1003,Davie,SKU005,Chicken Breast,meat,meat,3,8.49,25.47,false
2026-05-23T06:00:00,1003,Davie,SKU006,Ground Beef,meat,meat,1,7.99,7.99,false
2026-05-23T06:00:00,1003,Davie,SKU007,Italian Bread,bakery,bakery,1,3.99,3.99,false
2026-05-23T06:00:00,1003,Davie,SKU008,Croissants,bakery,bakery,1,4.99,4.99,false
2026-05-23T06:00:00,1003,Davie,SKU009,Sparkling Water,beverages,grocery,2,4.94,9.88,true
2026-05-23T06:00:00,1003,Davie,SKU010,Orange Juice,beverages,grocery,2,4.99,9.98,false
2026-05-23T06:00:00,1003,Davie,SKU011,Frozen Pizza,frozen,frozen,1,6.29,6.29,true
2026-05-23T06:00:00,1003,Davie,SKU013,Peanut Butter,grocery,grocery,1,3.49,3.49,false
2026-05-23T07:00:00,1001,Fort Lauderdale East,SKU001,Bananas,produce,produce,12,0.62,7.45,true
2026-05-23T07:00:00,1001,Fort Lauderdale East,SKU002,Avocados,produce,produce,2,1.49,2.98,false
2026-05-23T07:00:00,1001,Fort Lauderdale East,SKU003,Whole Milk,dairy,dairy,5,3.86,19.30,true
2026-05-23T07:00:00,1001,Fort Lauderdale East,SKU004,Greek Yogurt,dairy,dairy,4,1.39,5.56,false
2026-05-23T07:00:00,1001,Fort Lauderdale East,SKU005,Chicken Breast,meat,meat,4,8.49,33.96,false
2026-05-23T07:00:00,1001,Fort Lauderdale East,SKU006,Ground Beef,meat,meat,1,7.99,7.99,false
2026-05-23T07:00:00,1001,Fort Lauderdale East,SKU007,Italian Bread,bakery,bakery,1,3.99,3.99,false
2026-05-23T07:00:00,1001,Fort Lauderdale East,SKU008,Croissants,bakery,bakery,2,4.99,9.98,false
2026-05-23T07:00:00,1001,Fort Lauderdale East,SKU009,Sparkling Water,beverages,grocery,3,4.94,14.82,true
2026-05-23T07:00:00,1001,Fort Lauderdale East,SKU010,Orange Juice,beverages,grocery,1,4.99,4.99,false
2026-05-23T07:00:00,1001,Fort Lauderdale East,SKU011,Frozen Pizza,frozen,frozen,1,6.29,6.29,true
2026-05-23T07:00:00,1001,Fort Lauderdale East,SKU012,Ice Cream,frozen,frozen,3,5.99,17.97,false
2026-05-23T07:00:00,1001,Fort Lauderdale East,SKU013,Peanut Butter,grocery,grocery,1,3.49,3.49,false
2026-05-23T07:00:00,1002,Pembroke Pines,SKU001,Bananas,produce,produce,15,0.62,9.31,true
2026-05-23T07:00:00,1002,Pembroke Pines,SKU002,Avocados,produce,produce,2,1.49,2.98,false
2026-05-23T07:00:00,1002,Pembroke Pines,SKU003,Whole Milk,dairy,dairy,4,3.86,15.44,true
2026-05-23T07:00:00,1002,Pembroke Pines,SKU004,Greek Yogurt,dairy,dairy,1,1.39,1.39,false
2026-05-23T07:00:00,1002,Pembroke Pines,SKU005,Chicken Breast,meat,meat,2,8.49,16.98,false
2026-05-23T07:00:00,1002,Pembroke Pines,SKU006,Ground Beef,meat,meat,3,7.99,23.97,false
2026-05-23T07:00:00,1002,Pembroke Pines,SKU007,Italian Bread,bakery,bakery,2,3.99,7.98,false
2026-05-23T07:00:00,1002,Pembroke Pines,SKU008,Croissants,bakery,bakery,1,4.99,4.99,false
2026-05-23T07:00:00,1002,Pembroke Pines,SKU009,Sparkling Water,beverages,grocery,1,4.94,4.94,true
2026-05-23T07:00:00,1002,Pembroke Pines,SKU010,Orange Juice,beverages,grocery,1,4.99,4.99,false
2026-05-23T07:00:00,1002,Pembroke Pines,SKU011,Frozen Pizza,frozen,frozen,2,6.29,12.58,true
2026-05-23T07:00:00,1002,Pembroke Pines,SKU013,Peanut Butter,grocery,grocery,2,3.49,6.98,false
2026-05-23T07:00:00,1003,Davie,SKU001,Bananas,produce,produce,19,0.62,11.80,true
2026-05-23T07:00:00,1003,Davie,SKU002,Avocados,produce,produce,1,1.49,1.49,false
2026-05-23T07:00:00,1003,Davie,SKU003,Whole Milk,dairy,dairy,5,3.86,19.30,true
2026-05-23T07:00:00,1003,Davie,SKU005,Chicken Breast,meat,meat,2,8.49,16.98,false
2026-05-23T07:00:00,1003,Davie,SKU006,Ground Beef,meat,meat,1,7.99,7.99,false
2026-05-23T07:00:00,1003,Davie,SKU007,Italian Bread,bakery,bakery,2,3.99,7.98,false
2026-05-23T07:00:00,1003,Davie,SKU010,Orange Juice,beverages,grocery,1,4.99,4.99,false
2026-05-23T07:00:00,1003,Davie,SKU011,Frozen Pizza,frozen,frozen,1,6.29,6.29,true
2026-05-23T08:00:00,1001,Fort Lauderdale East,SKU001,Bananas,produce,produce,11,0.62,6.83,true
2026-05-23T08:00:00,1001,Fort Lauderdale East,SKU002,Avocados,produce,produce,4,1.49,5.96,false
2026-05-23T08:00:00,1001,Fort Lauderdale East,SKU003,Whole Milk,dairy,dairy,5,3.86,19.30,true
2026-05-23T08:00:00,1001,Fort Lauderdale East,SKU004,Greek Yogurt,dairy,dairy,4,1.39,5.56,false
2026-05-23T08:00:00,1001,Fort Lauderdale East,SKU005,Chicken Breast,meat,meat,1,8.49,8.49,false
2026-05-23T08:00:00,1001,Fort Lauderdale East,SKU006,Ground Beef,meat,meat,1,7.99,7.99,false
2026-05-23T08:00:00,1001,Fort Lauderdale East,SKU007,Italian Bread,bakery,bakery,2,3.99,7.98,false
2026-05-23T08:00:00,1001,Fort Lauderdale East,SKU008,Croissants,bakery,bakery,1,4.99,4.99,false
2026-05-23T08:00:00,1001,Fort Lauderdale East,SKU009,Sparkling Water,beverages,grocery,2,4.94,9.88,true
2026-05-23T08:00:00,1001,Fort Lauderdale East,SKU011,Frozen Pizza,frozen,frozen,2,6.29,12.58,true
2026-05-23T08:00:00,1001,Fort Lauderdale East,SKU015,Paper Towels,household,grocery,1,12.99,12.99,false
2026-05-23T08:00:00,1002,Pembroke Pines,SKU001,Bananas,produce,produce,13,0.62,8.07,true
2026-05-23T08:00:00,1002,Pembroke Pines,SKU002,Avocados,produce,produce,4,1.49,5.96,false
2026-05-23T08:00:00,1002,Pembroke Pines,SKU003,Whole Milk,dairy,dairy,4,3.86,15.44,true
2026-05-23T08:00:00,1002,Pembroke Pines,SKU005,Chicken Breast,meat,meat,1,8.49,8.49,false
2026-05-23T08:00:00,1002,Pembroke Pines,SKU006,Ground Beef,meat,meat,2,7.99,15.98,false
2026-05-23T08:00:00,1002,Pembroke Pines,SKU007,Italian Bread,bakery,bakery,1,3.99,3.99,false
2026-05-23T08:00:00,1002,Pembroke Pines,SKU009,Sparkling Water,beverages,grocery,2,4.94,9.88,true
2026-05-23T08:00:00,1002,Pembroke Pines,SKU010,Orange Juice,beverages,grocery,1,4.99,4.99,false
2026-05-23T08:00:00,1002,Pembroke Pines,SKU012,Ice Cream,frozen,frozen,1,5.99,5.99,false
2026-05-23T08:00:00,1002,Pembroke Pines,SKU015,Paper Towels,household,grocery,1,12.99,12.99,false
2026-05-23T08:00:00,1003,Davie,SKU001,Bananas,produce,produce,10,0.62,6.21,true
2026-05-23T08:00:00,1003,Davie,SKU002,Avocados,produce,produce,4,1.49,5.96,false
2026-05-23T08:00:00,1003,Davie,SKU003,Whole Milk,dairy,dairy,3,3.86,11.58,true
2026-05-23T08:00:00,1003,Davie,SKU005,Chicken Breast,meat,meat,3,8.49,25.47,false
2026-05-23T08:00:00,1003,Davie,SKU007,Italian Bread,bakery,bakery,1,3.99,3.99,false
2026-05-23T08:00:00,1003,Davie,SKU008,Croissants,bakery,bakery,2,4.99,9.98,false
2026-05-23T08:00:00,1003,Davie,SKU009,Sparkling Water,beverages,grocery,2,4.94,9.88,true
2026-05-23T08:00:00,1003,Davie,SKU011,Frozen Pizza,frozen,frozen,2,6.29,12.58,true
2026-05-23T08:00:00,1003,Davie,SKU012,Ice Cream,frozen,frozen,1,5.99,5.99,false
2026-05-23T08:00:00,1003,Davie,SKU013,Peanut Butter,grocery,grocery,2,3.49,6.98,false
2026-05-23T08:00:00,1003,Davie,SKU014,Pasta,grocery,grocery,1,1.89,1.89,false
2026-05-23T08:00:00,1003,Davie,SKU015,Paper Towels,household,grocery,3,12.99,38.97,false
2026-05-23T09:00:00,1001,Fort Lauderdale East,SKU001,Bananas,produce,produce,8,0.62,4.97,true
2026-05-23T09:00:00,1001,Fort Lauderdale East,SKU002,Avocados,produce,produce,3,1.49,4.47,false
2026-05-23T09:00:00,1001,Fort Lauderdale East,SKU003,Whole Milk,dairy,dairy,3,3.86,11.58,true
2026-05-23T09:00:00,1001,Fort Lauderdale East,SKU004,Greek Yogurt,dairy,dairy,3,1.39,4.17,false
2026-05-23T09:00:00,1001,Fort Lauderdale East,SKU005,Chicken Breast,meat,meat,3,8.49,25.47,false
2026-05-23T09:00:00,1001,Fort Lauderdale East,SKU006,Ground Beef,meat,meat,2,7.99,15.98,false
2026-05-23T09:00:00,1001,Fort Lauderdale East,SKU007,Italian Bread,bakery,bakery,1,3.99,3.99,false
2026-05-23T09:00:00,1001,Fort Lauderdale East,SKU010,Orange Juice,beverages,grocery,3,4.99,14.97,false
2026-05-23T09:00:00,1001,Fort Lauderdale East,SKU011,Frozen Pizza,frozen,frozen,2,6.29,12.58,true
2026-05-23T09:00:00,1001,Fort Lauderdale East,SKU012,Ice Cream,frozen,frozen,1,5.99,5.99,false
2026-05-23T09:00:00,1001,Fort Lauderdale East,SKU013,Peanut Butter,grocery,grocery,2,3.49,6.98,false
2026-05-23T09:00:00,1001,Fort Lauderdale East,SKU014,Pasta,grocery,grocery,1,1.89,1.89,false
2026-05-23T09:00:00,1001,Fort Lauderdale East,SKU015,Paper Towels,household,grocery,1,12.99,12.99,false
2026-05-23T09:00:00,1002,Pembroke Pines,SKU001,Bananas,produce,produce,8,0.62,4.97,true
2026-05-23T09:00:00,1002,Pembroke Pines,SKU002,Avocados,produce,produce,2,1.49,2.98,false
2026-05-23T09:00:00,1002,Pembroke Pines,SKU003,Whole Milk,dairy,dairy,4,3.86,15.44,true
2026-05-23T09:00:00,1002,Pembroke Pines,SKU004,Greek Yogurt,dairy,dairy,2,1.39,2.78,false
2026-05-23T09:00:00,1002,Pembroke Pines,SKU005,Chicken Breast,meat,meat,3,8.49,25.47,false
2026-05-23T09:00:00,1002,Pembroke Pines,SKU007,Italian Bread,bakery,bakery,2,3.99,7.98,false
2026-05-23T09:00:00,1002,Pembroke Pines,SKU008,Croissants,bakery,bakery,3,4.99,14.97,false
2026-05-23T09:00:00,1002,Pembroke Pines,SKU009,Sparkling Water,beverages,grocery,3,4.94,14.82,true
2026-05-23T09:00:00,1002,Pembroke Pines,SKU010,Orange Juice,beverages,grocery,2,4.99,9.98,false
2026-05-23T09:00:00,1002,Pembroke Pines,SKU011,Frozen Pizza,frozen,frozen,1,6.29,6.29,true
2026-05-23T09:00:00,1002,Pembroke Pines,SKU012,Ice Cream,frozen,frozen,2,5.99,11.98,false
2026-05-23T09:00:00,1002,Pembroke Pines,SKU013,Peanut Butter,grocery,grocery,2,3.49,6.98,false
2026-05-23T09:00:00,1002,Pembroke Pines,SKU014,Pasta,grocery,grocery,1,1.89,1.89,false
2026-05-23T09:00:00,1002,Pembroke Pines,SKU015,Paper Towels,household,grocery,1,12.99,12.99,false
2026-05-23T09:00:00,1003,Davie,SKU001,Bananas,produce,produce,10,0.62,6.21,true
2026-05-23T09:00:00,1003,Davie,SKU002,Avocados,produce,produce,4,1.49,5.96,false
2026-05-23T09:00:00,1003,Davie,SKU003,Whole Milk,dairy,dairy,5,3.86,19.30,true
2026-05-23T09:00:00,1003,Davie,SKU004,Greek Yogurt,dairy,dairy,1,1.39,1.39,false
2026-05-23T09:00:00,1003,Davie,SKU005,Chicken Breast,meat,meat,3,8.49,25.47,false
2026-05-23T09:00:00,1003,Davie,SKU006,Ground Beef,meat,meat,1,7.99,7.99,false
2026-05-23T09:00:00,1003,Davie,SKU007,Italian Bread,bakery,bakery,1,3.99,3.99,false
2026-05-23T09:00:00,1003,Davie,SKU008,Croissants,bakery,bakery,1,4.99,4.99,false
2026-05-23T09:00:00,1003,Davie,SKU009,Sparkling Water,beverages,grocery,4,4.94,19.76,true
2026-05-23T09:00:00,1003,Davie,SKU010,Orange Juice,beverages,grocery,2,4.99,9.98,false
2026-05-23T09:00:00,1003,Davie,SKU011,Frozen Pizza,frozen,frozen,2,6.29,12.58,true
2026-05-23T09:00:00,1003,Davie,SKU013,Peanut Butter,grocery,grocery,1,3.49,3.49,false
2026-05-23T10:00:00,1001,Fort Lauderdale East,SKU001,Bananas,produce,produce,18,0.62,11.18,true
2026-05-23T10:00:00,1001,Fort Lauderdale East,SKU002,Avocados,produce,produce,3,1.49,4.47,false
2026-05-23T10:00:00,1001,Fort Lauderdale East,SKU003,Whole Milk,dairy,dairy,6,3.86,23.17,true
2026-05-23T10:00:00,1001,Fort Lauderdale East,SKU004,Greek Yogurt,dairy,dairy,2,1.39,2.78,false
2026-05-23T10:00:00,1001,Fort Lauderdale East,SKU005,Chicken Breast,meat,meat,2,8.49,16.98,false
2026-05-23T10:00:00,1001,Fort Lauderdale East,SKU006,Ground Beef,meat,meat,3,7.99,23.97,false
2026-05-23T10:00:00,1001,Fort Lauderdale East,SKU007,Italian Bread,bakery,bakery,1,3.99,3.99,false
2026-05-23T10:00:00,1001,Fort Lauderdale East,SKU009,Sparkling Water,beverages,grocery,3,4.94,14.82,true
2026-05-23T10:00:00,1001,Fort Lauderdale East,SKU010,Orange Juice,beverages,grocery,2,4.99,9.98,false
2026-05-23T10:00:00,1001,Fort Lauderdale East,SKU012,Ice Cream,frozen,frozen,1,5.99,5.99,false
2026-05-23T10:00:00,1001,Fort Lauderdale East,SKU014,Pasta,grocery,grocery,2,1.89,3.78,false
2026-05-23T10:00:00,1002,Pembroke Pines,SKU001,Bananas,produce,produce,11,0.62,6.83,true
2026-05-23T10:00:00,1002,Pembroke Pines,SKU002,Avocados,produce,produce,2,1.49,2.98,false
2026-05-23T10:00:00,1002,Pembroke Pines,SKU003,Whole Milk,dairy,dairy,3,3.86,11.58,true
2026-05-23T10:00:00,1002,Pembroke Pines,SKU004,Greek Yogurt,dairy,dairy,1,1.39,1.39,false
2026-05-23T10:00:00,1002,Pembroke Pines,SKU010,Orange Juice,beverages,grocery,1,4.99,4.99,false
2026-05-23T10:00:00,1002,Pembroke Pines,SKU011,Frozen Pizza,frozen,frozen,1,6.29,6.29,true
2026-05-23T10:00:00,1002,Pembroke Pines,SKU013,Peanut Butter,grocery,grocery,1,3.49,3.49,false
2026-05-23T10:00:00,1002,Pembroke Pines,SKU014,Pasta,grocery,grocery,1,1.89,1.89,false
2026-05-23T10:00:00,1003,Davie,SKU001,Bananas,produce,produce,12,0.62,7.45,true
2026-05-23T10:00:00,1003,Davie,SKU002,Avocados,produce,produce,5,1.49,7.45,false
2026-05-23T10:00:00,1003,Davie,SKU003,Whole Milk,dairy,dairy,4,3.86,15.44,true
2026-05-23T10:00:00,1003,Davie,SKU004,Greek Yogurt,dairy,dairy,2,1.39,2.78,false
2026-05-23T10:00:00,1003,Davie,SKU006,Ground Beef,meat,meat,1,7.99,7.99,false
2026-05-23T10:00:00,1003,Davie,SKU008,Croissants,bakery,bakery,1,4.99,4.99,false
2026-05-23T10:00:00,1003,Davie,SKU009,Sparkling Water,beverages,grocery,2,4.94,9.88,true
2026-05-23T10:00:00,1003,Davie,SKU010,Orange Juice,beverages,grocery,1,4.99,4.99,false
2026-05-23T10:00:00,1003,Davie,SKU011,Frozen Pizza,frozen,frozen,2,6.29,12.58,true
2026-05-23T10:00:00,1003,Davie,SKU013,Peanut Butter,grocery,grocery,1,3.49,3.49,false
2026-05-23T11:00:00,1001,Fort Lauderdale East,SKU001,Bananas,produce,produce,24,0.62,14.90,true
2026-05-23T11:00:00,1001,Fort Lauderdale East,SKU002,Avocados,produce,produce,6,1.49,8.94,false
2026-05-23T11:00:00,1001,Fort Lauderdale East,SKU003,Whole Milk,dairy,dairy,6,3.86,23.17,true
2026-05-23T11:00:00,1001,Fort Lauderdale East,SKU004,Greek Yogurt,dairy,dairy,5,1.39,6.95,false
2026-05-23T11:00:00,1001,Fort Lauderdale East,SKU005,Chicken Breast,meat,meat,3,8.49,25.47,false
2026-05-23T11:00:00,1001,Fort Lauderdale East,SKU006,Ground Beef,meat,meat,2,7.99,15.98,false
2026-05-23T11:00:00,1001,Fort Lauderdale East,SKU008,Croissants,bakery,bakery,4,4.99,19.96,false
2026-05-23T11:00:00,1001,Fort Lauderdale East,SKU009,Sparkling Water,beverages,grocery,3,4.94,14.82,true
2026-05-23T11:00:00,1001,Fort Lauderdale East,SKU010,Orange Juice,beverages,grocery,1,4.99,4.99,false
2026-05-23T11:00:00,1001,Fort Lauderdale East,SKU011,Frozen Pizza,frozen,frozen,4,6.29,25.16,true
2026-05-23T11:00:00,1001,Fort Lauderdale East,SKU012,Ice Cream,frozen,frozen,3,5.99,17.97,false
2026-05-23T11:00:00,1001,Fort Lauderdale East,SKU013,Peanut Butter,grocery,grocery,1,3.49,3.49,false
2026-05-23T11:00:00,1001,Fort Lauderdale East,SKU015,Paper Towels,household,grocery,1,12.99,12.99,false
2026-05-23T11:00:00,1002,Pembroke Pines,SKU001,Bananas,produce,produce,16,0.62,9.94,true
2026-05-23T11:00:00,1002,Pembroke Pines,SKU002,Avocados,produce,produce,3,1.49,4.47,false
2026-05-23T11:00:00,1002,Pembroke Pines,SKU003,Whole Milk,dairy,dairy,8,3.86,30.89,true
2026-05-23T11:00:00,1002,Pembroke Pines,SKU004,Greek Yogurt,dairy,dairy,1,1.39,1.39,false
2026-05-23T11:00:00,1002,Pembroke Pines,SKU005,Chicken Breast,meat,meat,3,8.49,25.47,false
2026-05-23T11:00:00,1002,Pembroke Pines,SKU006,Ground Beef,meat,meat,3,7.99,23.97,false
2026-05-23T11:00:00,1002,Pembroke Pines,SKU007,Italian Bread,bakery,bakery,5,3.99,19.95,false
2026-05-23T11:00:00,1002,Pembroke Pines,SKU008,Croissants,bakery,bakery,2,4.99,9.98,false
2026-05-23T11:00:00,1002,Pembroke Pines,SKU009,Sparkling Water,beverages,grocery,1,4.94,4.94,true
2026-05-23T11:00:00,1002,Pembroke Pines,SKU010,Orange Juice,beverages,grocery,1,4.99,4.99,false
2026-05-23T11:00:00,1002,Pembroke Pines,SKU011,Frozen Pizza,frozen,frozen,2,6.29,12.58,true
2026-05-23T11:00:00,1002,Pembroke Pines,SKU012,Ice Cream,frozen,frozen,2,5.99,11.98,false
2026-05-23T11:00:00,1002,Pembroke Pines,SKU013,Peanut Butter,grocery,grocery,2,3.49,6.98,false
2026-05-23T11:00:00,1003,Davie,SKU001,Bananas,produce,produce,24,0.62,14.90,true
2026-05-23T11:00:00,1003,Davie,SKU002,Avocados,produce,produce,7,1.49,10.43,false
2026-05-23T11:00:00,1003,Davie,SKU003,Whole Milk,dairy,dairy,9,3.86,34.75,true
2026-05-23T11:00:00,1003,Davie,SKU004,Greek Yogurt,dairy,dairy,3,1.39,4.17,false
2026-05-23T11:00:00,1003,Davie,SKU005,Chicken Breast,meat,meat,4,8.49,33.96,false
2026-05-23T11:00:00,1003,Davie,SKU006,Ground Beef,meat,meat,4,7.99,31.96,false
2026-05-23T11:00:00,1003,Davie,SKU007,Italian Bread,bakery,bakery,4,3.99,15.96,false
2026-05-23T11:00:00,1003,Davie,SKU008,Croissants,bakery,bakery,2,4.99,9.98,false
2026-05-23T11:00:00,1003,Davie,SKU009,Sparkling Water,beverages,grocery,4,4.94,19.76,true
2026-05-23T11:00:00,1003,Davie,SKU010,Orange Juice,beverages,grocery,1,4.99,4.99,false
2026-05-23T11:00:00,1003,Davie,SKU011,Frozen Pizza,frozen,frozen,1,6.29,6.29,true
2026-05-23T11:00:00,1003,Davie,SKU012,Ice Cream,frozen,frozen,2,5.99,11.98,false
2026-05-23T11:00:00,1003,Davie,SKU013,Peanut Butter,grocery,grocery,1,3.49,3.49,false
2026-05-23T11:00:00,1003,Davie,SKU014,Pasta,grocery,grocery,1,1.89,1.89,false
2026-05-23T12:00:00,1001,Fort Lauderdale East,SKU001,Bananas,produce,produce,19,0.62,11.80,true
2026-05-23T12:00:00,1001,Fort Lauderdale East,SKU002,Avocados,produce,produce,6,1.49,8.94,false
2026-05-23T12:00:00,1001,Fort Lauderdale East,SKU003,Whole Milk,dairy,dairy,5,3.86,19.30,true
2026-05-23T12:00:00,1001,Fort Lauderdale East,SKU004,Greek Yogurt,dairy,dairy,4,1.39,5.56,false
2026-05-23T12:00:00,1001,Fort Lauderdale East,SKU005,Chicken Breast,meat,meat,3,8.49,25.47,false
2026-05-23T12:00:00,1001,Fort Lauderdale East,SKU006,Ground Beef,meat,meat,3,7.99,23.97,false
2026-05-23T12:00:00,1001,Fort Lauderdale East,SKU007,Italian Bread,bakery,bakery,2,3.99,7.98,false
2026-05-23T12:00:00,1001,Fort Lauderdale East,SKU008,Croissants,bakery,bakery,3,4.99,14.97,false
2026-05-23T12:00:00,1001,Fort Lauderdale East,SKU009,Sparkling Water,beverages,grocery,5,4.94,24.71,true
2026-05-23T12:00:00,1001,Fort Lauderdale East,SKU010,Orange Juice,beverages,grocery,2,4.99,9.98,false
2026-05-23T12:00:00,1001,Fort Lauderdale East,SKU011,Frozen Pizza,frozen,frozen,4,6.29,25.16,true
2026-05-23T12:00:00,1001,Fort Lauderdale East,SKU012,Ice Cream,frozen,frozen,3,5.99,17.97,false
2026-05-23T12:00:00,1002,Pembroke Pines,SKU001,Bananas,produce,produce,23,0.62,14.28,true
2026-05-23T12:00:00,1002,Pembroke Pines,SKU002,Avocados,produce,produce,5,1.49,7.45,false
2026-05-23T12:00:00,1002,Pembroke Pines,SKU003,Whole Milk,dairy,dairy,7,3.86,27.03,true
2026-05-23T12:00:00,1002,Pembroke Pines,SKU004,Greek Yogurt,dairy,dairy,4,1.39,5.56,false
2026-05-23T12:00:00,1002,Pembroke Pines,SKU005,Chicken Breast,meat,meat,2,8.49,16.98,false
2026-05-23T12:00:00,1002,Pembroke Pines,SKU006,Ground Beef,meat,meat,2,7.99,15.98,false
2026-05-23T12:00:00,1002,Pembroke Pines,SKU007,Italian Bread,bakery,bakery,1,3.99,3.99,false
2026-05-23T12:00:00,1002,Pembroke Pines,SKU008,Croissants,bakery,bakery,2,4.99,9.98,false
2026-05-23T12:00:00,1002,Pembroke Pines,SKU009,Sparkling Water,beverages,grocery,3,4.94,14.82,true
2026-05-23T12:00:00,1002,Pembroke Pines,SKU010,Orange Juice,beverages,grocery,2,4.99,9.98,false
2026-05-23T12:00:00,1002,Pembroke Pines,SKU011,Frozen Pizza,frozen,frozen,1,6.29,6.29,true
2026-05-23T12:00:00,1002,Pembroke Pines,SKU012,Ice Cream,frozen,frozen,2,5.99,11.98,false
2026-05-23T12:00:00,1002,Pembroke Pines,SKU013,Peanut Butter,grocery,grocery,2,3.49,6.98,false
2026-05-23T12:00:00,1002,Pembroke Pines,SKU014,Pasta,grocery,grocery,3,1.89,5.67,false
2026-05-23T12:00:00,1002,Pembroke Pines,SKU015,Paper Towels,household,grocery,1,12.99,12.99,false
2026-05-23T12:00:00,1003,Davie,SKU001,Bananas,produce,produce,20,0.62,12.42,true
2026-05-23T12:00:00,1003,Davie,SKU002,Avocados,produce,produce,6,1.49,8.94,false
2026-05-23T12:00:00,1003,Davie,SKU003,Whole Milk,dairy,dairy,7,3.86,27.03,true
2026-05-23T12:00:00,1003,Davie,SKU004,Greek Yogurt,dairy,dairy,2,1.39,2.78,false
2026-05-23T12:00:00,1003,Davie,SKU005,Chicken Breast,meat,meat,4,8.49,33.96,false
2026-05-23T12:00:00,1003,Davie,SKU006,Ground Beef,meat,meat,4,7.99,31.96,false
2026-05-23T12:00:00,1003,Davie,SKU007,Italian Bread,bakery,bakery,5,3.99,19.95,false
2026-05-23T12:00:00,1003,Davie,SKU008,Croissants,bakery,bakery,2,4.99,9.98,false
2026-05-23T12:00:00,1003,Davie,SKU009,Sparkling Water,beverages,grocery,3,4.94,14.82,true
2026-05-23T12:00:00,1003,Davie,SKU010,Orange Juice,beverages,grocery,3,4.99,14.97,false
2026-05-23T12:00:00,1003,Davie,SKU011,Frozen Pizza,frozen,frozen,2,6.29,12.58,true
2026-05-23T12:00:00,1003,Davie,SKU012,Ice Cream,frozen,frozen,2,5.99,11.98,false
2026-05-23T12:00:00,1003,Davie,SKU013,Peanut Butter,grocery,grocery,1,3.49,3.49,false
2026-05-23T12:00:00,1003,Davie,SKU014,Pasta,grocery,grocery,1,1.89,1.89,false
2026-05-23T12:00:00,1003,Davie,SKU015,Paper Towels,household,grocery,2,12.99,25.98,false
2026-05-23T13:00:00,1001,Fort Lauderdale East,SKU001,Bananas,produce,produce,15,0.62,9.31,true
2026-05-23T13:00:00,1001,Fort Lauderdale East,SKU002,Avocados,produce,produce,4,1.49,5.96,false
2026-05-23T13:00:00,1001,Fort Lauderdale East,SKU003,Whole Milk,dairy,dairy,5,3.86,19.30,true
2026-05-23T13:00:00,1001,Fort Lauderdale East,SKU004,Greek Yogurt,dairy,dairy,2,1.39,2.78,false
2026-05-23T13:00:00,1001,Fort Lauderdale East,SKU005,Chicken Breast,meat,meat,2,8.49,16.98,false
2026-05-23T13:00:00,1001,Fort Lauderdale East,SKU006,Ground Beef,meat,meat,2,7.99,15.98,false
2026-05-23T13:00:00,1001,Fort Lauderdale East,SKU007,Italian Bread,bakery,bakery,1,3.99,3.99,false
2026-05-23T13:00:00,1001,Fort Lauderdale East,SKU008,Croissants,bakery,bakery,1,4.99,4.99,false
2026-05-23T13:00:00,1001,Fort Lauderdale East,SKU009,Sparkling Water,beverages,grocery,1,4.94,4.94,true
2026-05-23T13:00:00,1001,Fort Lauderdale East,SKU010,Orange Juice,beverages,grocery,2,4.99,9.98,false
2026-05-23T13:00:00,1001,Fort Lauderdale East,SKU012,Ice Cream,frozen,frozen,2,5.99,11.98,false
2026-05-23T13:00:00,1001,Fort Lauderdale East,SKU013,Peanut Butter,grocery,grocery,2,3.49,6.98,false
2026-05-23T13:00:00,1001,Fort Lauderdale East,SKU014,Pasta,grocery,grocery,1,1.89,1.89,false
2026-05-23T13:00:00,1002,Pembroke Pines,SKU001,Bananas,produce,produce,15,0.62,9.31,true
2026-05-23T13:00:00,1002,Pembroke Pines,SKU002,Avocados,produce,produce,1,1.49,1.49,false
2026-05-23T13:00:00,1002,Pembroke Pines,SKU003,Whole Milk,dairy,dairy,3,3.86,11.58,true
2026-05-23T13:00:00,1002,Pembroke Pines,SKU004,Greek Yogurt,dairy,dairy,2,1.39,2.78,false
2026-05-23T13:00:00,1002,Pembroke Pines,SKU005,Chicken Breast,meat,meat,2,8.49,16.98,false
2026-05-23T13:00:00,1002,Pembroke Pines,SKU006,Ground Beef,meat,meat,1,7.99,7.99,false
2026-05-23T13:00:00,1002,Pembroke Pines,SKU007,Italian Bread,bakery,bakery,1,3.99,3.99,false
2026-05-23T13:00:00,1002,Pembroke Pines,SKU008,Croissants,bakery,bakery,1,4.99,4.99,false
2026-05-23T13:00:00,1002,Pembroke Pines,SKU009,Sparkling Water,beverages,grocery,1,4.94,4.94,true
2026-05-23T13:00:00,1002,Pembroke Pines,SKU011,Frozen Pizza,frozen,frozen,2,6.29,12.58,true
2026-05-23T13:00:00,1002,Pembroke Pines,SKU012,Ice Cream,frozen,frozen,1,5.99,5.99,false
2026-05-23T13:00:00,1002,Pembroke Pines,SKU013,Peanut Butter,grocery,grocery,2,3.49,6.98,false
2026-05-23T13:00:00,1002,Pembroke Pines,SKU014,Pasta,grocery,grocery,1,1.89,1.89,false
2026-05-23T13:00:00,1002,Pembroke Pines,SKU015,Paper Towels,household,grocery,1,12.99,12.99,false
2026-05-23T13:00:00,1003,Davie,SKU001,Bananas,produce,produce,14,0.62,8.69,true
2026-05-23T13:00:00,1003,Davie,SKU002,Avocados,produce,produce,2,1.49,2.98,false
2026-05-23T13:00:00,1003,Davie,SKU003,Whole Milk,dairy,dairy,3,3.86,11.58,true
2026-05-23T13:00:00,1003,Davie,SKU004,Greek Yogurt,dairy,dairy,1,1.39,1.39,false
2026-05-23T13:00:00,1003,Davie,SKU005,Chicken Breast,meat,meat,5,8.49,42.45,false
2026-05-23T13:00:00,1003,Davie,SKU007,Italian Bread,bakery,bakery,1,3.99,3.99,false
2026-05-23T13:00:00,1003,Davie,SKU008,Croissants,bakery,bakery,1,4.99,4.99,false
2026-05-23T13:00:00,1003,Davie,SKU009,Sparkling Water,beverages,grocery,2,4.94,9.88,true
2026-05-23T13:00:00,1003,Davie,SKU010,Orange Juice,beverages,grocery,1,4.99,4.99,false
2026-05-23T14:00:00,1001,Fort Lauderdale East,SKU001,Bananas,produce,produce,12,0.62,7.45,true
2026-05-23T14:00:00,1001,Fort Lauderdale East,SKU002,Avocados,produce,produce,4,1.49,5.96,false
2026-05-23T14:00:00,1001,Fort Lauderdale East,SKU003,Whole Milk,dairy,dairy,4,3.86,15.44,true
2026-05-23T14:00:00,1001,Fort Lauderdale East,SKU004,Greek Yogurt,dairy,dairy,3,1.39,4.17,false
2026-05-23T14:00:00,1001,Fort Lauderdale East,SKU005,Chicken Breast,meat,meat,2,8.49,16.98,false
2026-05-23T14:00:00,1001,Fort Lauderdale East,SKU006,Ground Beef,meat,meat,2,7.99,15.98,false
2026-05-23T14:00:00,1001,Fort Lauderdale East,SKU007,Italian Bread,bakery,bakery,1,3.99,3.99,false
2026-05-23T14:00:00,1001,Fort Lauderdale East,SKU008,Croissants,bakery,bakery,2,4.99,9.98,false
2026-05-23T14:00:00,1001,Fort Lauderdale East,SKU009,Sparkling Water,beverages,grocery,2,4.94,9.88,true
2026-05-23T14:00:00,1001,Fort Lauderdale East,SKU010,Orange Juice,beverages,grocery,2,4.99,9.98,false
2026-05-23T14:00:00,1001,Fort Lauderdale East,SKU011,Frozen Pizza,frozen,frozen,2,6.29,12.58,true
2026-05-23T14:00:00,1001,Fort Lauderdale East,SKU012,Ice Cream,frozen,frozen,1,5.99,5.99,false
2026-05-23T14:00:00,1001,Fort Lauderdale East,SKU013,Peanut Butter,grocery,grocery,1,3.49,3.49,false
2026-05-23T14:00:00,1001,Fort Lauderdale East,SKU015,Paper Towels,household,grocery,2,12.99,25.98,false
2026-05-23T14:00:00,1002,Pembroke Pines,SKU001,Bananas,produce,produce,16,0.62,9.94,true
2026-05-23T14:00:00,1002,Pembroke Pines,SKU002,Avocados,produce,produce,4,1.49,5.96,false
2026-05-23T14:00:00,1002,Pembroke Pines,SKU003,Whole Milk,dairy,dairy,3,3.86,11.58,true
2026-05-23T14:00:00,1002,Pembroke Pines,SKU004,Greek Yogurt,dairy,dairy,1,1.39,1.39,false
2026-05-23T14:00:00,1002,Pembroke Pines,SKU005,Chicken Breast,meat,meat,1,8.49,8.49,false
2026-05-23T14:00:00,1002,Pembroke Pines,SKU006,Ground Beef,meat,meat,1,7.99,7.99,false
2026-05-23T14:00:00,1002,Pembroke Pines,SKU007,Italian Bread,bakery,bakery,2,3.99,7.98,false
2026-05-23T14:00:00,1002,Pembroke Pines,SKU009,Sparkling Water,beverages,grocery,3,4.94,14.82,true
2026-05-23T14:00:00,1002,Pembroke Pines,SKU010,Orange Juice,beverages,grocery,1,4.99,4.99,false
2026-05-23T14:00:00,1003,Davie,SKU001,Bananas,produce,produce,11,0.62,6.83,true
2026-05-23T14:00:00,1003,Davie,SKU002,Avocados,produce,produce,3,1.49,4.47,false
2026-05-23T14:00:00,1003,Davie,SKU003,Whole Milk,dairy,dairy,3,3.86,11.58,true
2026-05-23T14:00:00,1003,Davie,SKU004,Greek Yogurt,dairy,dairy,1,1.39,1.39,false
2026-05-23T14:00:00,1003,Davie,SKU005,Chicken Breast,meat,meat,3,8.49,25.47,false
2026-05-23T14:00:00,1003,Davie,SKU006,Ground Beef,meat,meat,3,7.99,23.97,false
2026-05-23T14:00:00,1003,Davie,SKU007,Italian Bread,bakery,bakery,1,3.99,3.99,false
2026-05-23T14:00:00,1003,Davie,SKU008,Croissants,bakery,bakery,2,4.99,9.98,false
2026-05-23T14:00:00,1003,Davie,SKU011,Frozen Pizza,frozen,frozen,3,6.29,18.87,true
2026-05-23T14:00:00,1003,Davie,SKU013,Peanut Butter,grocery,grocery,1,3.49,3.49,false
2026-05-23T15:00:00,1001,Fort Lauderdale East,SKU001,Bananas,produce,produce,14,0.62,8.69,true
2026-05-23T15:00:00,1001,Fort Lauderdale East,SKU002,Avocados,produce,produce,5,1.49,7.45,false
2026-05-23T15:00:00,1001,Fort Lauderdale East,SKU003,Whole Milk,dairy,dairy,3,3.86,11.58,true
2026-05-23T15:00:00,1001,Fort Lauderdale East,SKU004,Greek Yogurt,dairy,dairy,2,1.39,2.78,false
2026-05-23T15:00:00,1001,Fort Lauderdale East,SKU005,Chicken Breast,meat,meat,3,8.49,25.47,false
2026-05-23T15:00:00,1001,Fort Lauderdale East,SKU006,Ground Beef,meat,meat,1,7.99,7.99,false
2026-05-23T15:00:00,1001,Fort Lauderdale East,SKU007,Italian Bread,bakery,bakery,1,3.99,3.99,false
2026-05-23T15:00:00,1001,Fort Lauderdale East,SKU008,Croissants,bakery,bakery,1,4.99,4.99,false
2026-05-23T15:00:00,1001,Fort Lauderdale East,SKU009,Sparkling Water,beverages,grocery,2,4.94,9.88,true
2026-05-23T15:00:00,1001,Fort Lauderdale East,SKU010,Orange Juice,beverages,grocery,2,4.99,9.98,false
2026-05-23T15:00:00,1001,Fort Lauderdale East,SKU011,Frozen Pizza,frozen,frozen,1,6.29,6.29,true
2026-05-23T15:00:00,1001,Fort Lauderdale East,SKU012,Ice Cream,frozen,frozen,1,5.99,5.99,false
2026-05-23T15:00:00,1001,Fort Lauderdale East,SKU013,Peanut Butter,grocery,grocery,1,3.49,3.49,false
2026-05-23T15:00:00,1001,Fort Lauderdale East,SKU014,Pasta,grocery,grocery,1,1.89,1.89,false
2026-05-23T15:00:00,1002,Pembroke Pines,SKU001,Bananas,produce,produce,13,0.62,8.07,true
2026-05-23T15:00:00,1002,Pembroke Pines,SKU002,Avocados,produce,produce,2,1.49,2.98,false
2026-05-23T15:00:00,1002,Pembroke Pines,SKU003,Whole Milk,dairy,dairy,3,3.86,11.58,true
2026-05-23T15:00:00,1002,Pembroke Pines,SKU004,Greek Yogurt,dairy,dairy,2,1.39,2.78,false
2026-05-23T15:00:00,1002,Pembroke Pines,SKU005,Chicken Breast,meat,meat,1,8.49,8.49,false
2026-05-23T15:00:00,1002,Pembroke Pines,SKU006,Ground Beef,meat,meat,3,7.99,23.97,false
2026-05-23T15:00:00,1002,Pembroke Pines,SKU007,Italian Bread,bakery,bakery,2,3.99,7.98,false
2026-05-23T15:00:00,1002,Pembroke Pines,SKU009,Sparkling Water,beverages,grocery,2,4.94,9.88,true
2026-05-23T15:00:00,1002,Pembroke Pines,SKU010,Orange Juice,beverages,grocery,1,4.99,4.99,false
2026-05-23T15:00:00,1002,Pembroke Pines,SKU011,Frozen Pizza,frozen,frozen,2,6.29,12.58,true
2026-05-23T15:00:00,1002,Pembroke Pines,SKU012,Ice Cream,frozen,frozen,2,5.99,11.98,false
2026-05-23T15:00:00,1003,Davie,SKU001,Bananas,produce,produce,10,0.62,6.21,true
2026-05-23T15:00:00,1003,Davie,SKU002,Avocados,produce,produce,2,1.49,2.98,false
2026-05-23T15:00:00,1003,Davie,SKU003,Whole Milk,dairy,dairy,4,3.86,15.44,true
2026-05-23T15:00:00,1003,Davie,SKU004,Greek Yogurt,dairy,dairy,2,1.39,2.78,false
2026-05-23T15:00:00,1003,Davie,SKU005,Chicken Breast,meat,meat,1,8.49,8.49,false
2026-05-23T15:00:00,1003,Davie,SKU006,Ground Beef,meat,meat,1,7.99,7.99,false
2026-05-23T15:00:00,1003,Davie,SKU007,Italian Bread,bakery,bakery,2,3.99,7.98,false
2026-05-23T15:00:00,1003,Davie,SKU008,Croissants,bakery,bakery,1,4.99,4.99,false
2026-05-23T15:00:00,1003,Davie,SKU009,Sparkling Water,beverages,grocery,1,4.94,4.94,true
2026-05-23T15:00:00,1003,Davie,SKU010,Orange Juice,beverages,grocery,1,4.99,4.99,false
2026-05-23T15:00:00,1003,Davie,SKU011,Frozen Pizza,frozen,frozen,1,6.29,6.29,true
2026-05-23T15:00:00,1003,Davie,SKU013,Peanut Butter,grocery,grocery,1,3.49,3.49,false
2026-05-23T15:00:00,1003,Davie,SKU014,Pasta,grocery,grocery,1,1.89,1.89,false
2026-05-23T16:00:00,1001,Fort Lauderdale East,SKU001,Bananas,produce,produce,15,0.62,9.31,true
2026-05-23T16:00:00,1001,Fort Lauderdale East,SKU002,Avocados,produce,produce,4,1.49,5.96,false
2026-05-23T16:00:00,1001,Fort Lauderdale East,SKU003,Whole Milk,dairy,dairy,4,3.86,15.44,true
2026-05-23T16:00:00,1001,Fort Lauderdale East,SKU004,Greek Yogurt,dairy,dairy,3,1.39,4.17,false
2026-05-23T16:00:00,1001,Fort Lauderdale East,SKU005,Chicken Breast,meat,meat,4,8.49,33.96,false
2026-05-23T16:00:00,1001,Fort Lauderdale East,SKU006,Ground Beef,meat,meat,2,7.99,15.98,false
2026-05-23T16:00:00,1001,Fort Lauderdale East,SKU007,Italian Bread,bakery,bakery,2,3.99,7.98,false
2026-05-23T16:00:00,1001,Fort Lauderdale East,SKU008,Croissants,bakery,bakery,2,4.99,9.98,false
2026-05-23T16:00:00,1001,Fort Lauderdale East,SKU009,Sparkling Water,beverages,grocery,2,4.94,9.88,true
2026-05-23T16:00:00,1001,Fort Lauderdale East,SKU011,Frozen Pizza,frozen,frozen,2,6.29,12.58,true
2026-05-23T16:00:00,1001,Fort Lauderdale East,SKU013,Peanut Butter,grocery,grocery,3,3.49,10.47,false
2026-05-23T16:00:00,1001,Fort Lauderdale East,SKU014,Pasta,grocery,grocery,2,1.89,3.78,false
2026-05-23T16:00:00,1002,Pembroke Pines,SKU001,Bananas,produce,produce,13,0.62,8.07,true
2026-05-23T16:00:00,1002,Pembroke Pines,SKU002,Avocados,produce,produce,5,1.49,7.45,false
2026-05-23T16:00:00,1002,Pembroke Pines,SKU003,Whole Milk,dairy,dairy,3,3.86,11.58,true
2026-05-23T16:00:00,1002,Pembroke Pines,SKU004,Greek Yogurt,dairy,dairy,1,1.39,1.39,false
2026-05-23T16:00:00,1002,Pembroke Pines,SKU005,Chicken Breast,meat,meat,1,8.49,8.49,false
2026-05-23T16:00:00,1002,Pembroke Pines,SKU006,Ground Beef,meat,meat,1,7.99,7.99,false
2026-05-23T16:00:00,1002,Pembroke Pines,SKU007,Italian Bread,bakery,bakery,1,3.99,3.99,false
2026-05-23T16:00:00,1002,Pembroke Pines,SKU008,Croissants,bakery,bakery,1,4.99,4.99,false
2026-05-23T16:00:00,1002,Pembroke Pines,SKU009,Sparkling Water,beverages,grocery,2,4.94,9.88,true
2026-05-23T16:00:00,1002,Pembroke Pines,SKU011,Frozen Pizza,frozen,frozen,3,6.29,18.87,true
2026-05-23T16:00:00,1002,Pembroke Pines,SKU014,Pasta,grocery,grocery,1,1.89,1.89,false
2026-05-23T16:00:00,1003,Davie,SKU001,Bananas,produce,produce,15,0.62,9.31,true
2026-05-23T16:00:00,1003,Davie,SKU002,Avocados,produce,produce,2,1.49,2.98,false
2026-05-23T16:00:00,1003,Davie,SKU003,Whole Milk,dairy,dairy,3,3.86,11.58,true
2026-05-23T16:00:00,1003,Davie,SKU004,Greek Yogurt,dairy,dairy,1,1.39,1.39,false
2026-05-23T16:00:00,1003,Davie,SKU005,Chicken Breast,meat,meat,1,8.49,8.49,false
2026-05-23T16:00:00,1003,Davie,SKU006,Ground Beef,meat,meat,2,7.99,15.98,false
2026-05-23T16:00:00,1003,Davie,SKU007,Italian Bread,bakery,bakery,1,3.99,3.99,false
2026-05-23T16:00:00,1003,Davie,SKU008,Croissants,bakery,bakery,2,4.99,9.98,false
2026-05-23T16:00:00,1003,Davie,SKU009,Sparkling Water,beverages,grocery,2,4.94,9.88,true
2026-05-23T16:00:00,1003,Davie,SKU010,Orange Juice,beverages,grocery,2,4.99,9.98,false
2026-05-23T16:00:00,1003,Davie,SKU011,Frozen Pizza,frozen,frozen,2,6.29,12.58,true
2026-05-23T16:00:00,1003,Davie,SKU012,Ice Cream,frozen,frozen,2,5.99,11.98,false
2026-05-23T16:00:00,1003,Davie,SKU013,Peanut Butter,grocery,grocery,1,3.49,3.49,false
2026-05-23T17:00:00,1001,Fort Lauderdale East,SKU001,Bananas,produce,produce,11,0.62,6.83,true
2026-05-23T17:00:00,1001,Fort Lauderdale East,SKU002,Avocados,produce,produce,6,1.49,8.94,false
2026-05-23T17:00:00,1001,Fort Lauderdale East,SKU003,Whole Milk,dairy,dairy,5,3.86,19.30,true
2026-05-23T17:00:00,1001,Fort Lauderdale East,SKU004,Greek Yogurt,dairy,dairy,4,1.39,5.56,false
2026-05-23T17:00:00,1001,Fort Lauderdale East,SKU005,Chicken Breast,meat,meat,4,8.49,33.96,false
2026-05-23T17:00:00,1001,Fort Lauderdale East,SKU006,Ground Beef,meat,meat,1,7.99,7.99,false
2026-05-23T17:00:00,1001,Fort Lauderdale East,SKU007,Italian Bread,bakery,bakery,2,3.99,7.98,false
2026-05-23T17:00:00,1001,Fort Lauderdale East,SKU008,Croissants,bakery,bakery,2,4.99,9.98,false
2026-05-23T17:00:00,1001,Fort Lauderdale East,SKU009,Sparkling Water,beverages,grocery,3,4.94,14.82,true
2026-05-23T17:00:00,1001,Fort Lauderdale East,SKU010,Orange Juice,beverages,grocery,3,4.99,14.97,false
2026-05-23T17:00:00,1001,Fort Lauderdale East,SKU011,Frozen Pizza,frozen,frozen,1,6.29,6.29,true
2026-05-23T17:00:00,1001,Fort Lauderdale East,SKU012,Ice Cream,frozen,frozen,2,5.99,11.98,false
2026-05-23T17:00:00,1001,Fort Lauderdale East,SKU015,Paper Towels,household,grocery,1,12.99,12.99,false
2026-05-23T17:00:00,1002,Pembroke Pines,SKU001,Bananas,produce,produce,13,0.62,8.07,true
2026-05-23T17:00:00,1002,Pembroke Pines,SKU002,Avocados,produce,produce,4,1.49,5.96,false
2026-05-23T17:00:00,1002,Pembroke Pines,SKU003,Whole Milk,dairy,dairy,4,3.86,15.44,true
2026-05-23T17:00:00,1002,Pembroke Pines,SKU004,Greek Yogurt,dairy,dairy,2,1.39,2.78,false
2026-05-23T17:00:00,1002,Pembroke Pines,SKU005,Chicken Breast,meat,meat,2,8.49,16.98,false
2026-05-23T17:00:00,1002,Pembroke Pines,SKU006,Ground Beef,meat,meat,2,7.99,15.98,false
2026-05-23T17:00:00,1002,Pembroke Pines,SKU007,Italian Bread,bakery,bakery,4,3.99,15.96,false
2026-05-23T17:00:00,1002,Pembroke Pines,SKU008,Croissants,bakery,bakery,2,4.99,9.98,false
2026-05-23T17:00:00,1002,Pembroke Pines,SKU009,Sparkling Water,beverages,grocery,3,4.94,14.82,true
2026-05-23T17:00:00,1002,Pembroke Pines,SKU010,Orange Juice,beverages,grocery,3,4.99,14.97,false
2026-05-23T17:00:00,1002,Pembroke Pines,SKU011,Frozen Pizza,frozen,frozen,3,6.29,18.87,true
2026-05-23T17:00:00,1002,Pembroke Pines,SKU012,Ice Cream,frozen,frozen,2,5.99,11.98,false
2026-05-23T17:00:00,1002,Pembroke Pines,SKU013,Peanut Butter,grocery,grocery,1,3.49,3.49,false
2026-05-23T17:00:00,1002,Pembroke Pines,SKU014,Pasta,grocery,grocery,2,1.89,3.78,false
2026-05-23T17:00:00,1002,Pembroke Pines,SKU015,Paper Towels,household,grocery,2,12.99,25.98,false
2026-05-23T17:00:00,1003,Davie,SKU001,Bananas,produce,produce,23,0.62,14.28,true
2026-05-23T17:00:00,1003,Davie,SKU002,Avocados,produce,produce,7,1.49,10.43,false
2026-05-23T17:00:00,1003,Davie,SKU003,Whole Milk,dairy,dairy,7,3.86,27.03,true
2026-05-23T17:00:00,1003,Davie,SKU004,Greek Yogurt,dairy,dairy,4,1.39,5.56,false
2026-05-23T17:00:00,1003,Davie,SKU005,Chicken Breast,meat,meat,2,8.49,16.98,false
2026-05-23T17:00:00,1003,Davie,SKU006,Ground Beef,meat,meat,1,7.99,7.99,false
2026-05-23T17:00:00,1003,Davie,SKU007,Italian Bread,bakery,bakery,3,3.99,11.97,false
2026-05-23T17:00:00,1003,Davie,SKU009,Sparkling Water,beverages,grocery,2,4.94,9.88,true
2026-05-23T17:00:00,1003,Davie,SKU010,Orange Juice,beverages,grocery,3,4.99,14.97,false
2026-05-23T17:00:00,1003,Davie,SKU011,Frozen Pizza,frozen,frozen,1,6.29,6.29,true
2026-05-23T17:00:00,1003,Davie,SKU012,Ice Cream,frozen,frozen,2,5.99,11.98,false
2026-05-23T17:00:00,1003,Davie,SKU014,Pasta,grocery,grocery,1,1.89,1.89,false
2026-05-23T17:00:00,1003,Davie,SKU015,Paper Towels,household,grocery,1,12.99,12.99,false
2026-05-23T18:00:00,1001,Fort Lauderdale East,SKU001,Bananas,produce,produce,22,0.62,13.66,true
2026-05-23T18:00:00,1001,Fort Lauderdale East,SKU002,Avocados,produce,produce,6,1.49,8.94,false
2026-05-23T18:00:00,1001,Fort Lauderdale East,SKU003,Whole Milk,dairy,dairy,10,3.86,38.61,true
2026-05-23T18:00:00,1001,Fort Lauderdale East,SKU004,Greek Yogurt,dairy,dairy,5,1.39,6.95,false
2026-05-23T18:00:00,1001,Fort Lauderdale East,SKU005,Chicken Breast,meat,meat,2,8.49,16.98,false
2026-05-23T18:00:00,1001,Fort Lauderdale East,SKU006,Ground Beef,meat,meat,4,7.99,31.96,false
2026-05-23T18:00:00,1001,Fort Lauderdale East,SKU007,Italian Bread,bakery,bakery,2,3.99,7.98,false
2026-05-23T18:00:00,1001,Fort Lauderdale East,SKU008,Croissants,bakery,bakery,2,4.99,9.98,false
2026-05-23T18:00:00,1001,Fort Lauderdale East,SKU009,Sparkling Water,beverages,grocery,3,4.94,14.82,true
2026-05-23T18:00:00,1001,Fort Lauderdale East,SKU010,Orange Juice,beverages,grocery,3,4.99,14.97,false
2026-05-23T18:00:00,1001,Fort Lauderdale East,SKU011,Frozen Pizza,frozen,frozen,1,6.29,6.29,true
2026-05-23T18:00:00,1001,Fort Lauderdale East,SKU012,Ice Cream,frozen,frozen,2,5.99,11.98,false
2026-05-23T18:00:00,1001,Fort Lauderdale East,SKU013,Peanut Butter,grocery,grocery,2,3.49,6.98,false
2026-05-23T18:00:00,1001,Fort Lauderdale East,SKU014,Pasta,grocery,grocery,2,1.89,3.78,false
2026-05-23T18:00:00,1002,Pembroke Pines,SKU001,Bananas,produce,produce,24,0.62,14.90,true
2026-05-23T18:00:00,1002,Pembroke Pines,SKU002,Avocados,produce,produce,4,1.49,5.96,false
2026-05-23T18:00:00,1002,Pembroke Pines,SKU003,Whole Milk,dairy,dairy,8,3.86,30.89,true
2026-05-23T18:00:00,1002,Pembroke Pines,SKU004,Greek Yogurt,dairy,dairy,3,1.39,4.17,false
2026-05-23T18:00:00,1002,Pembroke Pines,SKU005,Chicken Breast,meat,meat,1,8.49,8.49,false
2026-05-23T18:00:00,1002,Pembroke Pines,SKU006,Ground Beef,meat,meat,3,7.99,23.97,false
2026-05-23T18:00:00,1002,Pembroke Pines,SKU007,Italian Bread,bakery,bakery,3,3.99,11.97,false
2026-05-23T18:00:00,1002,Pembroke Pines,SKU008,Croissants,bakery,bakery,1,4.99,4.99,false
2026-05-23T18:00:00,1002,Pembroke Pines,SKU009,Sparkling Water,beverages,grocery,2,4.94,9.88,true
2026-05-23T18:00:00,1002,Pembroke Pines,SKU010,Orange Juice,beverages,grocery,2,4.99,9.98,false
2026-05-23T18:00:00,1002,Pembroke Pines,SKU011,Frozen Pizza,frozen,frozen,1,6.29,6.29,true
2026-05-23T18:00:00,1002,Pembroke Pines,SKU012,Ice Cream,frozen,frozen,3,5.99,17.97,false
2026-05-23T18:00:00,1002,Pembroke Pines,SKU015,Paper Towels,household,grocery,2,12.99,25.98,false
2026-05-23T18:00:00,1003,Davie,SKU001,Bananas,produce,produce,22,0.62,13.66,true
2026-05-23T18:00:00,1003,Davie,SKU002,Avocados,produce,produce,6,1.49,8.94,false
2026-05-23T18:00:00,1003,Davie,SKU003,Whole Milk,dairy,dairy,8,3.86,30.89,true
2026-05-23T18:00:00,1003,Davie,SKU004,Greek Yogurt,dairy,dairy,3,1.39,4.17,false
2026-05-23T18:00:00,1003,Davie,SKU005,Chicken Breast,meat,meat,2,8.49,16.98,false
2026-05-23T18:00:00,1003,Davie,SKU006,Ground Beef,meat,meat,3,7.99,23.97,false
2026-05-23T18:00:00,1003,Davie,SKU007,Italian Bread,bakery,bakery,3,3.99,11.97,false
2026-05-23T18:00:00,1003,Davie,SKU008,Croissants,bakery,bakery,1,4.99,4.99,false
2026-05-23T18:00:00,1003,Davie,SKU009,Sparkling Water,beverages,grocery,2,4.94,9.88,true
2026-05-23T18:00:00,1003,Davie,SKU010,Orange Juice,beverages,grocery,3,4.99,14.97,false
2026-05-23T18:00:00,1003,Davie,SKU011,Frozen Pizza,frozen,frozen,3,6.29,18.87,true
2026-05-23T18:00:00,1003,Davie,SKU013,Peanut Butter,grocery,grocery,2,3.49,6.98,false
2026-05-23T19:00:00,1001,Fort Lauderdale East,SKU001,Bananas,produce,produce,10,0.62,6.21,true
2026-05-23T19:00:00,1001,Fort Lauderdale East,SKU002,Avocados,produce,produce,3,1.49,4.47,false
2026-05-23T19:00:00,1001,Fort Lauderdale East,SKU003,Whole Milk,dairy,dairy,3,3.86,11.58,true
2026-05-23T19:00:00,1001,Fort Lauderdale East,SKU004,Greek Yogurt,dairy,dairy,2,1.39,2.78,false
2026-05-23T19:00:00,1001,Fort Lauderdale East,SKU005,Chicken Breast,meat,meat,3,8.49,25.47,false
2026-05-23T19:00:00,1001,Fort Lauderdale East,SKU006,Ground Beef,meat,meat,2,7.99,15.98,false
2026-05-23T19:00:00,1001,Fort Lauderdale East,SKU007,Italian Bread,bakery,bakery,3,3.99,11.97,false
2026-05-23T19:00:00,1001,Fort Lauderdale East,SKU008,Croissants,bakery,bakery,2,4.99,9.98,false
2026-05-23T19:00:00,1001,Fort Lauderdale East,SKU009,Sparkling Water,beverages,grocery,2,4.94,9.88,true
2026-05-23T19:00:00,1001,Fort Lauderdale East,SKU010,Orange Juice,beverages,grocery,2,4.99,9.98,false
2026-05-23T19:00:00,1001,Fort Lauderdale East,SKU011,Frozen Pizza,frozen,frozen,2,6.29,12.58,true
2026-05-23T19:00:00,1001,Fort Lauderdale East,SKU012,Ice Cream,frozen,frozen,3,5.99,17.97,false
2026-05-23T19:00:00,1001,Fort Lauderdale East,SKU013,Peanut Butter,grocery,grocery,2,3.49,6.98,false
2026-05-23T19:00:00,1001,Fort Lauderdale East,SKU014,Pasta,grocery,grocery,2,1.89,3.78,false
2026-05-23T19:00:00,1001,Fort Lauderdale East,SKU015,Paper Towels,household,grocery,1,12.99,12.99,false
2026-05-23T19:00:00,1002,Pembroke Pines,SKU001,Bananas,produce,produce,17,0.62,10.56,true
2026-05-23T19:00:00,1002,Pembroke Pines,SKU002,Avocados,produce,produce,1,1.49,1.49,false
2026-05-23T19:00:00,1002,Pembroke Pines,SKU003,Whole Milk,dairy,dairy,5,3.86,19.30,true
2026-05-23T19:00:00,1002,Pembroke Pines,SKU004,Greek Yogurt,dairy,dairy,2,1.39,2.78,false
2026-05-23T19:00:00,1002,Pembroke Pines,SKU005,Chicken Breast,meat,meat,2,8.49,16.98,false
2026-05-23T19:00:00,1002,Pembroke Pines,SKU006,Ground Beef,meat,meat,1,7.99,7.99,false
2026-05-23T19:00:00,1002,Pembroke Pines,SKU007,Italian Bread,bakery,bakery,1,3.99,3.99,false
2026-05-23T19:00:00,1002,Pembroke Pines,SKU008,Croissants,bakery,bakery,1,4.99,4.99,false
2026-05-23T19:00:00,1002,Pembroke Pines,SKU009,Sparkling Water,beverages,grocery,3,4.94,14.82,true
2026-05-23T19:00:00,1002,Pembroke Pines,SKU011,Frozen Pizza,frozen,frozen,2,6.29,12.58,true
2026-05-23T19:00:00,1002,Pembroke Pines,SKU014,Pasta,grocery,grocery,1,1.89,1.89,false
2026-05-23T19:00:00,1003,Davie,SKU001,Bananas,produce,produce,11,0.62,6.83,true
2026-05-23T19:00:00,1003,Davie,SKU002,Avocados,produce,produce,2,1.49,2.98,false
2026-05-23T19:00:00,1003,Davie,SKU003,Whole Milk,dairy,dairy,4,3.86,15.44,true
2026-05-23T19:00:00,1003,Davie,SKU004,Greek Yogurt,dairy,dairy,2,1.39,2.78,false
2026-05-23T19:00:00,1003,Davie,SKU005,Chicken Breast,meat,meat,1,8.49,8.49,false
2026-05-23T19:00:00,1003,Davie,SKU006,Ground Beef,meat,meat,1,7.99,7.99,false
2026-05-23T19:00:00,1003,Davie,SKU007,Italian Bread,bakery,bakery,1,3.99,3.99,false
2026-05-23T19:00:00,1003,Davie,SKU008,Croissants,bakery,bakery,1,4.99,4.99,false
2026-05-23T19:00:00,1003,Davie,SKU009,Sparkling Water,beverages,grocery,1,4.94,4.94,true
2026-05-23T19:00:00,1003,Davie,SKU010,Orange Juice,beverages,grocery,2,4.99,9.98,false
2026-05-23T19:00:00,1003,Davie,SKU011,Frozen Pizza,frozen,frozen,1,6.29,6.29,true
2026-05-23T19:00:00,1003,Davie,SKU012,Ice Cream,frozen,frozen,4,5.99,23.96,false
2026-05-23T20:00:00,1001,Fort Lauderdale East,SKU001,Bananas,produce,produce,11,0.62,6.83,true
2026-05-23T20:00:00,1001,Fort Lauderdale East,SKU002,Avocados,produce,produce,4,1.49,5.96,false
2026-05-23T20:00:00,1001,Fort Lauderdale East,SKU003,Whole Milk,dairy,dairy,7,3.86,27.03,true
2026-05-23T20:00:00,1001,Fort Lauderdale East,SKU004,Greek Yogurt,dairy,dairy,2,1.39,2.78,false
2026-05-23T20:00:00,1001,Fort Lauderdale East,SKU005,Chicken Breast,meat,meat,2,8.49,16.98,false
2026-05-23T20:00:00,1001,Fort Lauderdale East,SKU006,Ground Beef,meat,meat,1,7.99,7.99,false
2026-05-23T20:00:00,1001,Fort Lauderdale East,SKU007,Italian Bread,bakery,bakery,2,3.99,7.98,false
2026-05-23T20:00:00,1001,Fort Lauderdale East,SKU008,Croissants,bakery,bakery,3,4.99,14.97,false
2026-05-23T20:00:00,1001,Fort Lauderdale East,SKU009,Sparkling Water,beverages,grocery,3,4.94,14.82,true
2026-05-23T20:00:00,1001,Fort Lauderdale East,SKU010,Orange Juice,beverages,grocery,1,4.99,4.99,false
2026-05-23T20:00:00,1001,Fort Lauderdale East,SKU011,Frozen Pizza,frozen,frozen,3,6.29,18.87,true
2026-05-23T20:00:00,1001,Fort Lauderdale East,SKU012,Ice Cream,frozen,frozen,2,5.99,11.98,false
2026-05-23T20:00:00,1001,Fort Lauderdale East,SKU013,Peanut Butter,grocery,grocery,1,3.49,3.49,false
2026-05-23T20:00:00,1002,Pembroke Pines,SKU001,Bananas,produce,produce,10,0.62,6.21,true
2026-05-23T20:00:00,1002,Pembroke Pines,SKU002,Avocados,produce,produce,4,1.49,5.96,false
2026-05-23T20:00:00,1002,Pembroke Pines,SKU003,Whole Milk,dairy,dairy,4,3.86,15.44,true
2026-05-23T20:00:00,1002,Pembroke Pines,SKU005,Chicken Breast,meat,meat,3,8.49,25.47,false
2026-05-23T20:00:00,1002,Pembroke Pines,SKU006,Ground Beef,meat,meat,2,7.99,15.98,false
2026-05-23T20:00:00,1002,Pembroke Pines,SKU007,Italian Bread,bakery,bakery,3,3.99,11.97,false
2026-05-23T20:00:00,1002,Pembroke Pines,SKU008,Croissants,bakery,bakery,1,4.99,4.99,false
2026-05-23T20:00:00,1002,Pembroke Pines,SKU009,Sparkling Water,beverages,grocery,2,4.94,9.88,true
2026-05-23T20:00:00,1002,Pembroke Pines,SKU010,Orange Juice,beverages,grocery,2,4.99,9.98,false
2026-05-23T20:00:00,1002,Pembroke Pines,SKU011,Frozen Pizza,frozen,frozen,2,6.29,12.58,true
2026-05-23T20:00:00,1002,Pembroke Pines,SKU012,Ice Cream,frozen,frozen,1,5.99,5.99,false
2026-05-23T20:00:00,1002,Pembroke Pines,SKU013,Peanut Butter,grocery,grocery,4,3.49,13.96,false
2026-05-23T20:00:00,1003,Davie,SKU001,Bananas,produce,produce,19,0.62,11.80,true
2026-05-23T20:00:00,1003,Davie,SKU002,Avocados,produce,produce,2,1.49,2.98,false
2026-05-23T20:00:00,1003,Davie,SKU003,Whole Milk,dairy,dairy,3,3.86,11.58,true
2026-05-23T20:00:00,1003,Davie,SKU004,Greek Yogurt,dairy,dairy,1,1.39,1.39,false
2026-05-23T20:00:00,1003,Davie,SKU005,Chicken Breast,meat,meat,2,8.49,16.98,false
2026-05-23T20:00:00,1003,Davie,SKU006,Ground Beef,meat,meat,2,7.99,15.98,false
2026-05-23T20:00:00,1003,Davie,SKU007,Italian Bread,bakery,bakery,2,3.99,7.98,false
2026-05-23T20:00:00,1003,Davie,SKU009,Sparkling Water,beverages,grocery,3,4.94,14.82,true
2026-05-23T20:00:00,1003,Davie,SKU010,Orange Juice,beverages,grocery,2,4.99,9.98,false
2026-05-23T20:00:00,1003,Davie,SKU011,Frozen Pizza,frozen,frozen,1,6.29,6.29,true
2026-05-23T20:00:00,1003,Davie,SKU012,Ice Cream,frozen,frozen,1,5.99,5.99,false
2026-05-23T20:00:00,1003,Davie,SKU013,Peanut Butter,grocery,grocery,1,3.49,3.49,false
2026-05-23T20:00:00,1003,Davie,SKU014,Pasta,grocery,grocery,1,1.89,1.89,false
2026-05-23T20:00:00,1003,Davie,SKU015,Paper Towels,household,grocery,1,12.99,12.99,false
2026-05-23T21:00:00,1001,Fort Lauderdale East,SKU001,Bananas,produce,produce,10,0.62,6.21,true
2026-05-23T21:00:00,1001,Fort Lauderdale East,SKU002,Avocados,produce,produce,3,1.49,4.47,false
2026-05-23T21:00:00,1001,Fort Lauderdale East,SKU003,Whole Milk,dairy,dairy,3,3.86,11.58,true
2026-05-23T21:00:00,1001,Fort Lauderdale East,SKU004,Greek Yogurt,dairy,dairy,3,1.39,4.17,false
2026-05-23T21:00:00,1001,Fort Lauderdale East,SKU005,Chicken Breast,meat,meat,3,8.49,25.47,false
2026-05-23T21:00:00,1001,Fort Lauderdale East,SKU006,Ground Beef,meat,meat,2,7.99,15.98,false
2026-05-23T21:00:00,1001,Fort Lauderdale East,SKU007,Italian Bread,bakery,bakery,2,3.99,7.98,false
2026-05-23T21:00:00,1001,Fort Lauderdale East,SKU009,Sparkling Water,beverages,grocery,3,4.94,14.82,true
2026-05-23T21:00:00,1001,Fort Lauderdale East,SKU010,Orange Juice,beverages,grocery,1,4.99,4.99,false
2026-05-23T21:00:00,1001,Fort Lauderdale East,SKU011,Frozen Pizza,frozen,frozen,2,6.29,12.58,true
2026-05-23T21:00:00,1001,Fort Lauderdale East,SKU012,Ice Cream,frozen,frozen,2,5.99,11.98,false
2026-05-23T21:00:00,1001,Fort Lauderdale East,SKU014,Pasta,grocery,grocery,2,1.89,3.78,false
2026-05-23T21:00:00,1002,Pembroke Pines,SKU001,Bananas,produce,produce,13,0.62,8.07,true
2026-05-23T21:00:00,1002,Pembroke Pines,SKU002,Avocados,produce,produce,4,1.49,5.96,false
2026-05-23T21:00:00,1002,Pembroke Pines,SKU003,Whole Milk,dairy,dairy,3,3.86,11.58,true
2026-05-23T21:00:00,1002,Pembroke Pines,SKU004,Greek Yogurt,dairy,dairy,3,1.39,4.17,false
2026-05-23T21:00:00,1002,Pembroke Pines,SKU005,Chicken Breast,meat,meat,2,8.49,16.98,false
2026-05-23T21:00:00,1002,Pembroke Pines,SKU006,Ground Beef,meat,meat,3,7.99,23.97,false
2026-05-23T21:00:00,1002,Pembroke Pines,SKU007,Italian Bread,bakery,bakery,1,3.99,3.99,false
2026-05-23T21:00:00,1002,Pembroke Pines,SKU008,Croissants,bakery,bakery,1,4.99,4.99,false
2026-05-23T21:00:00,1002,Pembroke Pines,SKU009,Sparkling Water,beverages,grocery,2,4.94,9.88,true
2026-05-23T21:00:00,1002,Pembroke Pines,SKU010,Orange Juice,beverages,grocery,1,4.99,4.99,false
2026-05-23T21:00:00,1002,Pembroke Pines,SKU012,Ice Cream,frozen,frozen,1,5.99,5.99,false
2026-05-23T21:00:00,1002,Pembroke Pines,SKU013,Peanut Butter,grocery,grocery,2,3.49,6.98,false
2026-05-23T21:00:00,1003,Davie,SKU001,Bananas,produce,produce,16,0.62,9.94,true
2026-05-23T21:00:00,1003,Davie,SKU002,Avocados,produce,produce,1,1.49,1.49,false
2026-05-23T21:00:00,1003,Davie,SKU003,Whole Milk,dairy,dairy,2,3.86,7.72,true
2026-05-23T21:00:00,1003,Davie,SKU004,Greek Yogurt,dairy,dairy,2,1.39,2.78,false
2026-05-23T21:00:00,1003,Davie,SKU005,Chicken Breast,meat,meat,2,8.49,16.98,false
2026-05-23T21:00:00,1003,Davie,SKU006,Ground Beef,meat,meat,2,7.99,15.98,false
2026-05-23T21:00:00,1003,Davie,SKU007,Italian Bread,bakery,bakery,1,3.99,3.99,false
2026-05-23T21:00:00,1003,Davie,SKU008,Croissants,bakery,bakery,1,4.99,4.99,false
2026-05-23T21:00:00,1003,Davie,SKU010,Orange Juice,beverages,grocery,2,4.99,9.98,false
2026-05-23T21:00:00,1003,Davie,SKU012,Ice Cream,frozen,frozen,1,5.99,5.99,false
2026-05-23T21:00:00,1003,Davie,SKU013,Peanut Butter,grocery,grocery,1,3.49,3.49,false
2026-05-24T06:00:00,1001,Fort Lauderdale East,SKU001,Bananas,produce,produce,18,0.62,11.18,true
2026-05-24T06:00:00,1001,Fort Lauderdale East,SKU002,Avocados,produce,produce,5,1.49,7.45,false
2026-05-24T06:00:00,1001,Fort Lauderdale East,SKU003,Whole Milk,dairy,dairy,3,3.86,11.58,true
2026-05-24T06:00:00,1001,Fort Lauderdale East,SKU004,Greek Yogurt,dairy,dairy,3,1.39,4.17,false
2026-05-24T06:00:00,1001,Fort Lauderdale East,SKU005,Chicken Breast,meat,meat,1,8.49,8.49,false
2026-05-24T06:00:00,1001,Fort Lauderdale East,SKU007,Italian Bread,bakery,bakery,3,3.99,11.97,false
2026-05-24T06:00:00,1001,Fort Lauderdale East,SKU008,Croissants,bakery,bakery,2,4.99,9.98,false
2026-05-24T06:00:00,1001,Fort Lauderdale East,SKU009,Sparkling Water,beverages,grocery,1,4.94,4.94,true
2026-05-24T06:00:00,1001,Fort Lauderdale East,SKU010,Orange Juice,beverages,grocery,2,4.99,9.98,false
2026-05-24T06:00:00,1001,Fort Lauderdale East,SKU011,Frozen Pizza,frozen,frozen,2,6.29,12.58,true
2026-05-24T06:00:00,1001,Fort Lauderdale East,SKU012,Ice Cream,frozen,frozen,1,5.99,5.99,false
2026-05-24T06:00:00,1001,Fort Lauderdale East,SKU013,Peanut Butter,grocery,grocery,3,3.49,10.47,false
2026-05-24T06:00:00,1001,Fort Lauderdale East,SKU014,Pasta,grocery,grocery,1,1.89,1.89,false
2026-05-24T06:00:00,1002,Pembroke Pines,SKU001,Bananas,produce,produce,12,0.62,7.45,true
2026-05-24T06:00:00,1002,Pembroke Pines,SKU002,Avocados,produce,produce,2,1.49,2.98,false
2026-05-24T06:00:00,1002,Pembroke Pines,SKU003,Whole Milk,dairy,dairy,4,3.86,15.44,true
2026-05-24T06:00:00,1002,Pembroke Pines,SKU004,Greek Yogurt,dairy,dairy,2,1.39,2.78,false
2026-05-24T06:00:00,1002,Pembroke Pines,SKU005,Chicken Breast,meat,meat,1,8.49,8.49,false
2026-05-24T06:00:00,1002,Pembroke Pines,SKU007,Italian Bread,bakery,bakery,3,3.99,11.97,false
2026-05-24T06:00:00,1002,Pembroke Pines,SKU008,Croissants,bakery,bakery,2,4.99,9.98,false
2026-05-24T06:00:00,1002,Pembroke Pines,SKU009,Sparkling Water,beverages,grocery,1,4.94,4.94,true
2026-05-24T06:00:00,1002,Pembroke Pines,SKU010,Orange Juice,beverages,grocery,2,4.99,9.98,false
2026-05-24T06:00:00,1002,Pembroke Pines,SKU011,Frozen Pizza,frozen,frozen,2,6.29,12.58,true
2026-05-24T06:00:00,1002,Pembroke Pines,SKU012,Ice Cream,frozen,frozen,2,5.99,11.98,false
2026-05-24T06:00:00,1002,Pembroke Pines,SKU014,Pasta,grocery,grocery,1,1.89,1.89,false
2026-05-24T06:00:00,1003,Davie,SKU001,Bananas,produce,produce,17,0.62,10.56,true
2026-05-24T06:00:00,1003,Davie,SKU002,Avocados,produce,produce,3,1.49,4.47,false
2026-05-24T06:00:00,1003,Davie,SKU003,Whole Milk,dairy,dairy,1,3.86,3.86,true
2026-05-24T06:00:00,1003,Davie,SKU004,Greek Yogurt,dairy,dairy,2,1.39,2.78,false
2026-05-24T06:00:00,1003,Davie,SKU006,Ground Beef,meat,meat,1,7.99,7.99,false
2026-05-24T06:00:00,1003,Davie,SKU007,Italian Bread,bakery,bakery,2,3.99,7.98,false
2026-05-24T06:00:00,1003,Davie,SKU008,Croissants,bakery,bakery,1,4.99,4.99,false
2026-05-24T06:00:00,1003,Davie,SKU012,Ice Cream,frozen,frozen,1,5.99,5.99,false
2026-05-24T06:00:00,1003,Davie,SKU013,Peanut Butter,grocery,grocery,2,3.49,6.98,false
2026-05-24T06:00:00,1003,Davie,SKU014,Pasta,grocery,grocery,1,1.89,1.89,false
2026-05-24T07:00:00,1001,Fort Lauderdale East,SKU001,Bananas,produce,produce,19,0.62,11.80,true
2026-05-24T07:00:00,1001,Fort Lauderdale East,SKU002,Avocados,produce,produce,2,1.49,2.98,false
2026-05-24T07:00:00,1001,Fort Lauderdale East,SKU003,Whole Milk,dairy,dairy,5,3.86,19.30,true
2026-05-24T07:00:00,1001,Fort Lauderdale East,SKU004,Greek Yogurt,dairy,dairy,2,1.39,2.78,false
2026-05-24T07:00:00,1001,Fort Lauderdale East,SKU005,Chicken Breast,meat,meat,2,8.49,16.98,false
2026-05-24T07:00:00,1001,Fort Lauderdale East,SKU006,Ground Beef,meat,meat,2,7.99,15.98,false
2026-05-24T07:00:00,1001,Fort Lauderdale East,SKU007,Italian Bread,bakery,bakery,1,3.99,3.99,false
2026-05-24T07:00:00,1001,Fort Lauderdale East,SKU008,Croissants,bakery,bakery,2,4.99,9.98,false
2026-05-24T07:00:00,1001,Fort Lauderdale East,SKU009,Sparkling Water,beverages,grocery,2,4.94,9.88,true
2026-05-24T07:00:00,1001,Fort Lauderdale East,SKU010,Orange Juice,beverages,grocery,4,4.99,19.96,false
2026-05-24T07:00:00,1001,Fort Lauderdale East,SKU011,Frozen Pizza,frozen,frozen,1,6.29,6.29,true
2026-05-24T07:00:00,1001,Fort Lauderdale East,SKU012,Ice Cream,frozen,frozen,2,5.99,11.98,false
2026-05-24T07:00:00,1001,Fort Lauderdale East,SKU013,Peanut Butter,grocery,grocery,1,3.49,3.49,false
2026-05-24T07:00:00,1001,Fort Lauderdale East,SKU015,Paper Towels,household,grocery,2,12.99,25.98,false
2026-05-24T07:00:00,1002,Pembroke Pines,SKU001,Bananas,produce,produce,10,0.62,6.21,true
2026-05-24T07:00:00,1002,Pembroke Pines,SKU002,Avocados,produce,produce,1,1.49,1.49,false
2026-05-24T07:00:00,1002,Pembroke Pines,SKU003,Whole Milk,dairy,dairy,5,3.86,19.30,true
2026-05-24T07:00:00,1002,Pembroke Pines,SKU004,Greek Yogurt,dairy,dairy,3,1.39,4.17,false
2026-05-24T07:00:00,1002,Pembroke Pines,SKU005,Chicken Breast,meat,meat,2,8.49,16.98,false
2026-05-24T07:00:00,1002,Pembroke Pines,SKU006,Ground Beef,meat,meat,1,7.99,7.99,false
2026-05-24T07:00:00,1002,Pembroke Pines,SKU007,Italian Bread,bakery,bakery,3,3.99,11.97,false
2026-05-24T07:00:00,1002,Pembroke Pines,SKU008,Croissants,bakery,bakery,2,4.99,9.98,false
2026-05-24T07:00:00,1002,Pembroke Pines,SKU009,Sparkling Water,beverages,grocery,1,4.94,4.94,true
2026-05-24T07:00:00,1002,Pembroke Pines,SKU010,Orange Juice,beverages,grocery,2,4.99,9.98,false
2026-05-24T07:00:00,1003,Davie,SKU001,Bananas,produce,produce,17,0.62,10.56,true
2026-05-24T07:00:00,1003,Davie,SKU002,Avocados,produce,produce,2,1.49,2.98,false
2026-05-24T07:00:00,1003,Davie,SKU003,Whole Milk,dairy,dairy,3,3.86,11.58,true
2026-05-24T07:00:00,1003,Davie,SKU004,Greek Yogurt,dairy,dairy,1,1.39,1.39,false
2026-05-24T07:00:00,1003,Davie,SKU005,Chicken Breast,meat,meat,3,8.49,25.47,false
2026-05-24T07:00:00,1003,Davie,SKU006,Ground Beef,meat,meat,1,7.99,7.99,false
2026-05-24T07:00:00,1003,Davie,SKU007,Italian Bread,bakery,bakery,2,3.99,7.98,false
2026-05-24T07:00:00,1003,Davie,SKU008,Croissants,bakery,bakery,1,4.99,4.99,false
2026-05-24T07:00:00,1003,Davie,SKU009,Sparkling Water,beverages,grocery,1,4.94,4.94,true
2026-05-24T07:00:00,1003,Davie,SKU011,Frozen Pizza,frozen,frozen,2,6.29,12.58,true
2026-05-24T07:00:00,1003,Davie,SKU012,Ice Cream,frozen,frozen,1,5.99,5.99,false
2026-05-24T07:00:00,1003,Davie,SKU013,Peanut Butter,grocery,grocery,1,3.49,3.49,false
2026-05-24T07:00:00,1003,Davie,SKU015,Paper Towels,household,grocery,1,12.99,12.99,false
2026-05-24T08:00:00,1001,Fort Lauderdale East,SKU001,Bananas,produce,produce,13,0.62,8.07,true
2026-05-24T08:00:00,1001,Fort Lauderdale East,SKU002,Avocados,produce,produce,6,1.49,8.94,false
2026-05-24T08:00:00,1001,Fort Lauderdale East,SKU003,Whole Milk,dairy,dairy,4,3.86,15.44,true
2026-05-24T08:00:00,1001,Fort Lauderdale East,SKU004,Greek Yogurt,dairy,dairy,2,1.39,2.78,false
2026-05-24T08:00:00,1001,Fort Lauderdale East,SKU005,Chicken Breast,meat,meat,3,8.49,25.47,false
2026-05-24T08:00:00,1001,Fort Lauderdale East,SKU006,Ground Beef,meat,meat,1,7.99,7.99,false
2026-05-24T08:00:00,1001,Fort Lauderdale East,SKU007,Italian Bread,bakery,bakery,3,3.99,11.97,false
2026-05-24T08:00:00,1001,Fort Lauderdale East,SKU008,Croissants,bakery,bakery,1,4.99,4.99,false
2026-05-24T08:00:00,1001,Fort Lauderdale East,SKU009,Sparkling Water,beverages,grocery,3,4.94,14.82,true
2026-05-24T08:00:00,1001,Fort Lauderdale East,SKU010,Orange Juice,beverages,grocery,2,4.99,9.98,false
2026-05-24T08:00:00,1001,Fort Lauderdale East,SKU011,Frozen Pizza,frozen,frozen,2,6.29,12.58,true
2026-05-24T08:00:00,1001,Fort Lauderdale East,SKU013,Peanut Butter,grocery,grocery,1,3.49,3.49,false
2026-05-24T08:00:00,1001,Fort Lauderdale East,SKU014,Pasta,grocery,grocery,1,1.89,1.89,false
2026-05-24T08:00:00,1002,Pembroke Pines,SKU001,Bananas,produce,produce,11,0.62,6.83,true
2026-05-24T08:00:00,1002,Pembroke Pines,SKU002,Avocados,produce,produce,4,1.49,5.96,false
2026-05-24T08:00:00,1002,Pembroke Pines,SKU003,Whole Milk,dairy,dairy,3,3.86,11.58,true
2026-05-24T08:00:00,1002,Pembroke Pines,SKU004,Greek Yogurt,dairy,dairy,3,1.39,4.17,false
2026-05-24T08:00:00,1002,Pembroke Pines,SKU005,Chicken Breast,meat,meat,1,8.49,8.49,false
2026-05-24T08:00:00,1002,Pembroke Pines,SKU006,Ground Beef,meat,meat,2,7.99,15.98,false
2026-05-24T08:00:00,1002,Pembroke Pines,SKU007,Italian Bread,bakery,bakery,1,3.99,3.99,false
2026-05-24T08:00:00,1002,Pembroke Pines,SKU008,Croissants,bakery,bakery,2,4.99,9.98,false
2026-05-24T08:00:00,1002,Pembroke Pines,SKU009,Sparkling Water,beverages,grocery,2,4.94,9.88,true
2026-05-24T08:00:00,1002,Pembroke Pines,SKU010,Orange Juice,beverages,grocery,2,4.99,9.98,false
2026-05-24T08:00:00,1002,Pembroke Pines,SKU011,Frozen Pizza,frozen,frozen,3,6.29,18.87,true
2026-05-24T08:00:00,1002,Pembroke Pines,SKU012,Ice Cream,frozen,frozen,2,5.99,11.98,false
2026-05-24T08:00:00,1002,Pembroke Pines,SKU013,Peanut Butter,grocery,grocery,1,3.49,3.49,false
2026-05-24T08:00:00,1002,Pembroke Pines,SKU015,Paper Towels,household,grocery,1,12.99,12.99,false
2026-05-24T08:00:00,1003,Davie,SKU001,Bananas,produce,produce,9,0.62,5.59,true
2026-05-24T08:00:00,1003,Davie,SKU002,Avocados,produce,produce,3,1.49,4.47,false
2026-05-24T08:00:00,1003,Davie,SKU003,Whole Milk,dairy,dairy,5,3.86,19.30,true
2026-05-24T08:00:00,1003,Davie,SKU004,Greek Yogurt,dairy,dairy,2,1.39,2.78,false
2026-05-24T08:00:00,1003,Davie,SKU005,Chicken Breast,meat,meat,3,8.49,25.47,false
2026-05-24T08:00:00,1003,Davie,SKU006,Ground Beef,meat,meat,1,7.99,7.99,false
2026-05-24T08:00:00,1003,Davie,SKU008,Croissants,bakery,bakery,1,4.99,4.99,false
2026-05-24T08:00:00,1003,Davie,SKU009,Sparkling Water,beverages,grocery,2,4.94,9.88,true
2026-05-24T08:00:00,1003,Davie,SKU010,Orange Juice,beverages,grocery,1,4.99,4.99,false
2026-05-24T08:00:00,1003,Davie,SKU011,Frozen Pizza,frozen,frozen,3,6.29,18.87,true
2026-05-24T08:00:00,1003,Davie,SKU012,Ice Cream,frozen,frozen,1,5.99,5.99,false
2026-05-24T08:00:00,1003,Davie,SKU014,Pasta,grocery,grocery,1,1.89,1.89,false
2026-05-24T09:00:00,1001,Fort Lauderdale East,SKU001,Bananas,produce,produce,21,0.62,13.04,true
2026-05-24T09:00:00,1001,Fort Lauderdale East,SKU002,Avocados,produce,produce,4,1.49,5.96,false
2026-05-24T09:00:00,1001,Fort Lauderdale East,SKU003,Whole Milk,dairy,dairy,3,3.86,11.58,true
2026-05-24T09:00:00,1001,Fort Lauderdale East,SKU004,Greek Yogurt,dairy,dairy,3,1.39,4.17,false
2026-05-24T09:00:00,1001,Fort Lauderdale East,SKU005,Chicken Breast,meat,meat,4,8.49,33.96,false
2026-05-24T09:00:00,1001,Fort Lauderdale East,SKU007,Italian Bread,bakery,bakery,3,3.99,11.97,false
2026-05-24T09:00:00,1001,Fort Lauderdale East,SKU008,Croissants,bakery,bakery,2,4.99,9.98,false
2026-05-24T09:00:00,1001,Fort Lauderdale East,SKU009,Sparkling Water,beverages,grocery,2,4.94,9.88,true
2026-05-24T09:00:00,1001,Fort Lauderdale East,SKU010,Orange Juice,beverages,grocery,2,4.99,9.98,false
2026-05-24T09:00:00,1001,Fort Lauderdale East,SKU011,Frozen Pizza,frozen,frozen,2,6.29,12.58,true
2026-05-24T09:00:00,1001,Fort Lauderdale East,SKU013,Peanut Butter,grocery,grocery,2,3.49,6.98,false
2026-05-24T09:00:00,1001,Fort Lauderdale East,SKU015,Paper Towels,household,grocery,2,12.99,25.98,false
2026-05-24T09:00:00,1002,Pembroke Pines,SKU001,Bananas,produce,produce,18,0.62,11.18,true
2026-05-24T09:00:00,1002,Pembroke Pines,SKU002,Avocados,produce,produce,2,1.49,2.98,false
2026-05-24T09:00:00,1002,Pembroke Pines,SKU003,Whole Milk,dairy,dairy,4,3.86,15.44,true
2026-05-24T09:00:00,1002,Pembroke Pines,SKU004,Greek Yogurt,dairy,dairy,3,1.39,4.17,false
2026-05-24T09:00:00,1002,Pembroke Pines,SKU005,Chicken Breast,meat,meat,1,8.49,8.49,false
2026-05-24T09:00:00,1002,Pembroke Pines,SKU006,Ground Beef,meat,meat,1,7.99,7.99,false
2026-05-24T09:00:00,1002,Pembroke Pines,SKU007,Italian Bread,bakery,bakery,1,3.99,3.99,false
2026-05-24T09:00:00,1002,Pembroke Pines,SKU008,Croissants,bakery,bakery,2,4.99,9.98,false
2026-05-24T09:00:00,1002,Pembroke Pines,SKU009,Sparkling Water,beverages,grocery,1,4.94,4.94,true
2026-05-24T09:00:00,1002,Pembroke Pines,SKU010,Orange Juice,beverages,grocery,1,4.99,4.99,false
2026-05-24T09:00:00,1002,Pembroke Pines,SKU011,Frozen Pizza,frozen,frozen,2,6.29,12.58,true
2026-05-24T09:00:00,1002,Pembroke Pines,SKU012,Ice Cream,frozen,frozen,1,5.99,5.99,false
2026-05-24T09:00:00,1003,Davie,SKU001,Bananas,produce,produce,9,0.62,5.59,true
2026-05-24T09:00:00,1003,Davie,SKU002,Avocados,produce,produce,1,1.49,1.49,false
2026-05-24T09:00:00,1003,Davie,SKU003,Whole Milk,dairy,dairy,3,3.86,11.58,true
2026-05-24T09:00:00,1003,Davie,SKU004,Greek Yogurt,dairy,dairy,2,1.39,2.78,false
2026-05-24T09:00:00,1003,Davie,SKU005,Chicken Breast,meat,meat,2,8.49,16.98,false
2026-05-24T09:00:00,1003,Davie,SKU006,Ground Beef,meat,meat,1,7.99,7.99,false
2026-05-24T09:00:00,1003,Davie,SKU007,Italian Bread,bakery,bakery,1,3.99,3.99,false
2026-05-24T09:00:00,1003,Davie,SKU011,Frozen Pizza,frozen,frozen,2,6.29,12.58,true
2026-05-24T09:00:00,1003,Davie,SKU013,Peanut Butter,grocery,grocery,1,3.49,3.49,false
2026-05-24T09:00:00,1003,Davie,SKU015,Paper Towels,household,grocery,3,12.99,38.97,false
2026-05-24T10:00:00,1001,Fort Lauderdale East,SKU001,Bananas,produce,produce,8,0.62,4.97,true
2026-05-24T10:00:00,1001,Fort Lauderdale East,SKU002,Avocados,produce,produce,4,1.49,5.96,false
2026-05-24T10:00:00,1001,Fort Lauderdale East,SKU003,Whole Milk,dairy,dairy,4,3.86,15.44,true
2026-05-24T10:00:00,1001,Fort Lauderdale East,SKU004,Greek Yogurt,dairy,dairy,2,1.39,2.78,false
2026-05-24T10:00:00,1001,Fort Lauderdale East,SKU005,Chicken Breast,meat,meat,2,8.49,16.98,false
2026-05-24T10:00:00,1001,Fort Lauderdale East,SKU006,Ground Beef,meat,meat,2,7.99,15.98,false
2026-05-24T10:00:00,1001,Fort Lauderdale East,SKU007,Italian Bread,bakery,bakery,1,3.99,3.99,false
2026-05-24T10:00:00,1001,Fort Lauderdale East,SKU008,Croissants,bakery,bakery,2,4.99,9.98,false
2026-05-24T10:00:00,1001,Fort Lauderdale East,SKU009,Sparkling Water,beverages,grocery,2,4.94,9.88,true
2026-05-24T10:00:00,1001,Fort Lauderdale East,SKU010,Orange Juice,beverages,grocery,3,4.99,14.97,false
2026-05-24T10:00:00,1001,Fort Lauderdale East,SKU011,Frozen Pizza,frozen,frozen,1,6.29,6.29,true
2026-05-24T10:00:00,1001,Fort Lauderdale East,SKU012,Ice Cream,frozen,frozen,2,5.99,11.98,false
2026-05-24T10:00:00,1001,Fort Lauderdale East,SKU013,Peanut Butter,grocery,grocery,1,3.49,3.49,false
2026-05-24T10:00:00,1001,Fort Lauderdale East,SKU015,Paper Towels,household,grocery,1,12.99,12.99,false
2026-05-24T10:00:00,1002,Pembroke Pines,SKU001,Bananas,produce,produce,13,0.62,8.07,true
2026-05-24T10:00:00,1002,Pembroke Pines,SKU002,Avocados,produce,produce,2,1.49,2.98,false
2026-05-24T10:00:00,1002,Pembroke Pines,SKU003,Whole Milk,dairy,dairy,5,3.86,19.30,true
2026-05-24T10:00:00,1002,Pembroke Pines,SKU004,Greek Yogurt,dairy,dairy,2,1.39,2.78,false
2026-05-24T10:00:00,1002,Pembroke Pines,SKU005,Chicken Breast,meat,meat,3,8.49,25.47,false
2026-05-24T10:00:00,1002,Pembroke Pines,SKU006,Ground Beef,meat,meat,1,7.99,7.99,false
2026-05-24T10:00:00,1002,Pembroke Pines,SKU007,Italian Bread,bakery,bakery,2,3.99,7.98,false
2026-05-24T10:00:00,1002,Pembroke Pines,SKU008,Croissants,bakery,bakery,2,4.99,9.98,false
2026-05-24T10:00:00,1002,Pembroke Pines,SKU009,Sparkling Water,beverages,grocery,2,4.94,9.88,true
2026-05-24T10:00:00,1002,Pembroke Pines,SKU011,Frozen Pizza,frozen,frozen,2,6.29,12.58,true
2026-05-24T10:00:00,1002,Pembroke Pines,SKU012,Ice Cream,frozen,frozen,1,5.99,5.99,false
2026-05-24T10:00:00,1002,Pembroke Pines,SKU013,Peanut Butter,grocery,grocery,3,3.49,10.47,false
2026-05-24T10:00:00,1002,Pembroke Pines,SKU014,Pasta,grocery,grocery,1,1.89,1.89,false
2026-05-24T10:00:00,1002,Pembroke Pines,SKU015,Paper Towels,household,grocery,1,12.99,12.99,false
2026-05-24T10:00:00,1003,Davie,SKU001,Bananas,produce,produce,11,0.62,6.83,true
2026-05-24T10:00:00,1003,Davie,SKU002,Avocados,produce,produce,3,1.49,4.47,false
2026-05-24T10:00:00,1003,Davie,SKU003,Whole Milk,dairy,dairy,4,3.86,15.44,true
2026-05-24T10:00:00,1003,Davie,SKU004,Greek Yogurt,dairy,dairy,1,1.39,1.39,false
2026-05-24T10:00:00,1003,Davie,SKU005,Chicken Breast,meat,meat,1,8.49,8.49,false
2026-05-24T10:00:00,1003,Davie,SKU006,Ground Beef,meat,meat,1,7.99,7.99,false
2026-05-24T10:00:00,1003,Davie,SKU007,Italian Bread,bakery,bakery,2,3.99,7.98,false
2026-05-24T10:00:00,1003,Davie,SKU008,Croissants,bakery,bakery,1,4.99,4.99,false
2026-05-24T10:00:00,1003,Davie,SKU009,Sparkling Water,beverages,grocery,3,4.94,14.82,true
2026-05-24T10:00:00,1003,Davie,SKU010,Orange Juice,beverages,grocery,1,4.99,4.99,false
2026-05-24T10:00:00,1003,Davie,SKU011,Frozen Pizza,frozen,frozen,2,6.29,12.58,true
2026-05-24T10:00:00,1003,Davie,SKU012,Ice Cream,frozen,frozen,1,5.99,5.99,false
2026-05-24T10:00:00,1003,Davie,SKU014,Pasta,grocery,grocery,1,1.89,1.89,false
2026-05-24T11:00:00,1001,Fort Lauderdale East,SKU001,Bananas,produce,produce,22,0.62,13.66,true
2026-05-24T11:00:00,1001,Fort Lauderdale East,SKU002,Avocados,produce,produce,4,1.49,5.96,false
2026-05-24T11:00:00,1001,Fort Lauderdale East,SKU003,Whole Milk,dairy,dairy,5,3.86,19.30,true
2026-05-24T11:00:00,1001,Fort Lauderdale East,SKU004,Greek Yogurt,dairy,dairy,2,1.39,2.78,false
2026-05-24T11:00:00,1001,Fort Lauderdale East,SKU005,Chicken Breast,meat,meat,3,8.49,25.47,false
2026-05-24T11:00:00,1001,Fort Lauderdale East,SKU006,Ground Beef,meat,meat,1,7.99,7.99,false
2026-05-24T11:00:00,1001,Fort Lauderdale East,SKU007,Italian Bread,bakery,bakery,4,3.99,15.96,false
2026-05-24T11:00:00,1001,Fort Lauderdale East,SKU008,Croissants,bakery,bakery,2,4.99,9.98,false
2026-05-24T11:00:00,1001,Fort Lauderdale East,SKU009,Sparkling Water,beverages,grocery,2,4.94,9.88,true
2026-05-24T11:00:00,1001,Fort Lauderdale East,SKU010,Orange Juice,beverages,grocery,2,4.99,9.98,false
2026-05-24T11:00:00,1001,Fort Lauderdale East,SKU011,Frozen Pizza,frozen,frozen,3,6.29,18.87,true
2026-05-24T11:00:00,1001,Fort Lauderdale East,SKU012,Ice Cream,frozen,frozen,1,5.99,5.99,false
2026-05-24T11:00:00,1001,Fort Lauderdale East,SKU013,Peanut Butter,grocery,grocery,1,3.49,3.49,false
2026-05-24T11:00:00,1001,Fort Lauderdale East,SKU014,Pasta,grocery,grocery,1,1.89,1.89,false
2026-05-24T11:00:00,1002,Pembroke Pines,SKU001,Bananas,produce,produce,11,0.62,6.83,true
2026-05-24T11:00:00,1002,Pembroke Pines,SKU002,Avocados,produce,produce,5,1.49,7.45,false
2026-05-24T11:00:00,1002,Pembroke Pines,SKU003,Whole Milk,dairy,dairy,5,3.86,19.30,true
2026-05-24T11:00:00,1002,Pembroke Pines,SKU004,Greek Yogurt,dairy,dairy,6,1.39,8.34,false
2026-05-24T11:00:00,1002,Pembroke Pines,SKU005,Chicken Breast,meat,meat,3,8.49,25.47,false
2026-05-24T11:00:00,1002,Pembroke Pines,SKU006,Ground Beef,meat,meat,2,7.99,15.98,false
2026-05-24T11:00:00,1002,Pembroke Pines,SKU007,Italian Bread,bakery,bakery,4,3.99,15.96,false
2026-05-24T11:00:00,1002,Pembroke Pines,SKU008,Croissants,bakery,bakery,2,4.99,9.98,false
2026-05-24T11:00:00,1002,Pembroke Pines,SKU009,Sparkling Water,beverages,grocery,3,4.94,14.82,true
2026-05-24T11:00:00,1002,Pembroke Pines,SKU010,Orange Juice,beverages,grocery,1,4.99,4.99,false
2026-05-24T11:00:00,1002,Pembroke Pines,SKU011,Frozen Pizza,frozen,frozen,4,6.29,25.16,true
2026-05-24T11:00:00,1002,Pembroke Pines,SKU012,Ice Cream,frozen,frozen,1,5.99,5.99,false
2026-05-24T11:00:00,1002,Pembroke Pines,SKU013,Peanut Butter,grocery,grocery,2,3.49,6.98,false
2026-05-24T11:00:00,1002,Pembroke Pines,SKU014,Pasta,grocery,grocery,2,1.89,3.78,false
2026-05-24T11:00:00,1003,Davie,SKU001,Bananas,produce,produce,19,0.62,11.80,true
2026-05-24T11:00:00,1003,Davie,SKU002,Avocados,produce,produce,5,1.49,7.45,false
2026-05-24T11:00:00,1003,Davie,SKU003,Whole Milk,dairy,dairy,7,3.86,27.03,true
2026-05-24T11:00:00,1003,Davie,SKU004,Greek Yogurt,dairy,dairy,2,1.39,2.78,false
2026-05-24T11:00:00,1003,Davie,SKU005,Chicken Breast,meat,meat,3,8.49,25.47,false
2026-05-24T11:00:00,1003,Davie,SKU006,Ground Beef,meat,meat,1,7.99,7.99,false
2026-05-24T11:00:00,1003,Davie,SKU007,Italian Bread,bakery,bakery,2,3.99,7.98,false
2026-05-24T11:00:00,1003,Davie,SKU008,Croissants,bakery,bakery,1,4.99,4.99,false
2026-05-24T11:00:00,1003,Davie,SKU009,Sparkling Water,beverages,grocery,4,4.94,19.76,true
2026-05-24T11:00:00,1003,Davie,SKU010,Orange Juice,beverages,grocery,4,4.99,19.96,false
2026-05-24T11:00:00,1003,Davie,SKU011,Frozen Pizza,frozen,frozen,5,6.29,31.46,true
2026-05-24T11:00:00,1003,Davie,SKU012,Ice Cream,frozen,frozen,1,5.99,5.99,false
2026-05-24T11:00:00,1003,Davie,SKU015,Paper Towels,household,grocery,2,12.99,25.98,false
2026-05-24T12:00:00,1001,Fort Lauderdale East,SKU001,Bananas,produce,produce,13,0.62,8.07,true
2026-05-24T12:00:00,1001,Fort Lauderdale East,SKU002,Avocados,produce,produce,5,1.49,7.45,false
2026-05-24T12:00:00,1001,Fort Lauderdale East,SKU003,Whole Milk,dairy,dairy,6,3.86,23.17,true
2026-05-24T12:00:00,1001,Fort Lauderdale East,SKU004,Greek Yogurt,dairy,dairy,5,1.39,6.95,false
2026-05-24T12:00:00,1001,Fort Lauderdale East,SKU005,Chicken Breast,meat,meat,2,8.49,16.98,false
2026-05-24T12:00:00,1001,Fort Lauderdale East,SKU006,Ground Beef,meat,meat,4,7.99,31.96,false
2026-05-24T12:00:00,1001,Fort Lauderdale East,SKU007,Italian Bread,bakery,bakery,4,3.99,15.96,false
2026-05-24T12:00:00,1001,Fort Lauderdale East,SKU008,Croissants,bakery,bakery,2,4.99,9.98,false
2026-05-24T12:00:00,1001,Fort Lauderdale East,SKU009,Sparkling Water,beverages,grocery,4,4.94,19.76,true
2026-05-24T12:00:00,1001,Fort Lauderdale East,SKU010,Orange Juice,beverages,grocery,1,4.99,4.99,false
2026-05-24T12:00:00,1001,Fort Lauderdale East,SKU011,Frozen Pizza,frozen,frozen,2,6.29,12.58,true
2026-05-24T12:00:00,1001,Fort Lauderdale East,SKU012,Ice Cream,frozen,frozen,1,5.99,5.99,false
2026-05-24T12:00:00,1001,Fort Lauderdale East,SKU014,Pasta,grocery,grocery,2,1.89,3.78,false
2026-05-24T12:00:00,1001,Fort Lauderdale East,SKU015,Paper Towels,household,grocery,1,12.99,12.99,false
2026-05-24T12:00:00,1002,Pembroke Pines,SKU001,Bananas,produce,produce,11,0.62,6.83,true
2026-05-24T12:00:00,1002,Pembroke Pines,SKU002,Avocados,produce,produce,3,1.49,4.47,false
2026-05-24T12:00:00,1002,Pembroke Pines,SKU003,Whole Milk,dairy,dairy,5,3.86,19.30,true
2026-05-24T12:00:00,1002,Pembroke Pines,SKU004,Greek Yogurt,dairy,dairy,3,1.39,4.17,false
2026-05-24T12:00:00,1002,Pembroke Pines,SKU005,Chicken Breast,meat,meat,3,8.49,25.47,false
2026-05-24T12:00:00,1002,Pembroke Pines,SKU006,Ground Beef,meat,meat,1,7.99,7.99,false
2026-05-24T12:00:00,1002,Pembroke Pines,SKU007,Italian Bread,bakery,bakery,2,3.99,7.98,false
2026-05-24T12:00:00,1002,Pembroke Pines,SKU008,Croissants,bakery,bakery,2,4.99,9.98,false
2026-05-24T12:00:00,1002,Pembroke Pines,SKU009,Sparkling Water,beverages,grocery,2,4.94,9.88,true
2026-05-24T12:00:00,1002,Pembroke Pines,SKU010,Orange Juice,beverages,grocery,2,4.99,9.98,false
2026-05-24T12:00:00,1002,Pembroke Pines,SKU011,Frozen Pizza,frozen,frozen,2,6.29,12.58,true
2026-05-24T12:00:00,1002,Pembroke Pines,SKU012,Ice Cream,frozen,frozen,2,5.99,11.98,false
2026-05-24T12:00:00,1002,Pembroke Pines,SKU013,Peanut Butter,grocery,grocery,1,3.49,3.49,false
2026-05-24T12:00:00,1002,Pembroke Pines,SKU014,Pasta,grocery,grocery,2,1.89,3.78,false
2026-05-24T12:00:00,1002,Pembroke Pines,SKU015,Paper Towels,household,grocery,1,12.99,12.99,false
2026-05-24T12:00:00,1003,Davie,SKU001,Bananas,produce,produce,24,0.62,14.90,true
2026-05-24T12:00:00,1003,Davie,SKU002,Avocados,produce,produce,6,1.49,8.94,false
2026-05-24T12:00:00,1003,Davie,SKU003,Whole Milk,dairy,dairy,4,3.86,15.44,true
2026-05-24T12:00:00,1003,Davie,SKU004,Greek Yogurt,dairy,dairy,4,1.39,5.56,false
2026-05-24T12:00:00,1003,Davie,SKU005,Chicken Breast,meat,meat,5,8.49,42.45,false
2026-05-24T12:00:00,1003,Davie,SKU006,Ground Beef,meat,meat,1,7.99,7.99,false
2026-05-24T12:00:00,1003,Davie,SKU007,Italian Bread,bakery,bakery,3,3.99,11.97,false
2026-05-24T12:00:00,1003,Davie,SKU008,Croissants,bakery,bakery,1,4.99,4.99,false
2026-05-24T12:00:00,1003,Davie,SKU009,Sparkling Water,beverages,grocery,3,4.94,14.82,true
2026-05-24T12:00:00,1003,Davie,SKU010,Orange Juice,beverages,grocery,3,4.99,14.97,false
2026-05-24T12:00:00,1003,Davie,SKU011,Frozen Pizza,frozen,frozen,1,6.29,6.29,true
2026-05-24T12:00:00,1003,Davie,SKU012,Ice Cream,frozen,frozen,3,5.99,17.97,false
2026-05-24T12:00:00,1003,Davie,SKU014,Pasta,grocery,grocery,1,1.89,1.89,false
2026-05-24T12:00:00,1003,Davie,SKU015,Paper Towels,household,grocery,1,12.99,12.99,false
2026-05-24T13:00:00,1001,Fort Lauderdale East,SKU001,Bananas,produce,produce,22,0.62,13.66,true
2026-05-24T13:00:00,1001,Fort Lauderdale East,SKU002,Avocados,produce,produce,3,1.49,4.47,false
2026-05-24T13:00:00,1001,Fort Lauderdale East,SKU003,Whole Milk,dairy,dairy,5,3.86,19.30,true
2026-05-24T13:00:00,1001,Fort Lauderdale East,SKU004,Greek Yogurt,dairy,dairy,2,1.39,2.78,false
2026-05-24T13:00:00,1001,Fort Lauderdale East,SKU006,Ground Beef,meat,meat,1,7.99,7.99,false
2026-05-24T13:00:00,1001,Fort Lauderdale East,SKU007,Italian Bread,bakery,bakery,1,3.99,3.99,false
2026-05-24T13:00:00,1001,Fort Lauderdale East,SKU008,Croissants,bakery,bakery,1,4.99,4.99,false
2026-05-24T13:00:00,1001,Fort Lauderdale East,SKU009,Sparkling Water,beverages,grocery,2,4.94,9.88,true
2026-05-24T13:00:00,1001,Fort Lauderdale East,SKU010,Orange Juice,beverages,grocery,2,4.99,9.98,false
2026-05-24T13:00:00,1001,Fort Lauderdale East,SKU011,Frozen Pizza,frozen,frozen,3,6.29,18.87,true
2026-05-24T13:00:00,1001,Fort Lauderdale East,SKU012,Ice Cream,frozen,frozen,1,5.99,5.99,false
2026-05-24T13:00:00,1001,Fort Lauderdale East,SKU013,Peanut Butter,grocery,grocery,3,3.49,10.47,false
2026-05-24T13:00:00,1001,Fort Lauderdale East,SKU015,Paper Towels,household,grocery,1,12.99,12.99,false
2026-05-24T13:00:00,1002,Pembroke Pines,SKU001,Bananas,produce,produce,15,0.62,9.31,true
2026-05-24T13:00:00,1002,Pembroke Pines,SKU002,Avocados,produce,produce,5,1.49,7.45,false
2026-05-24T13:00:00,1002,Pembroke Pines,SKU003,Whole Milk,dairy,dairy,4,3.86,15.44,true
2026-05-24T13:00:00,1002,Pembroke Pines,SKU004,Greek Yogurt,dairy,dairy,3,1.39,4.17,false
2026-05-24T13:00:00,1002,Pembroke Pines,SKU005,Chicken Breast,meat,meat,3,8.49,25.47,false
2026-05-24T13:00:00,1002,Pembroke Pines,SKU006,Ground Beef,meat,meat,1,7.99,7.99,false
2026-05-24T13:00:00,1002,Pembroke Pines,SKU007,Italian Bread,bakery,bakery,2,3.99,7.98,false
2026-05-24T13:00:00,1002,Pembroke Pines,SKU008,Croissants,bakery,bakery,2,4.99,9.98,false
2026-05-24T13:00:00,1002,Pembroke Pines,SKU009,Sparkling Water,beverages,grocery,1,4.94,4.94,true
2026-05-24T13:00:00,1002,Pembroke Pines,SKU011,Frozen Pizza,frozen,frozen,3,6.29,18.87,true
2026-05-24T13:00:00,1002,Pembroke Pines,SKU012,Ice Cream,frozen,frozen,1,5.99,5.99,false
2026-05-24T13:00:00,1002,Pembroke Pines,SKU013,Peanut Butter,grocery,grocery,2,3.49,6.98,false
2026-05-24T13:00:00,1003,Davie,SKU001,Bananas,produce,produce,16,0.62,9.94,true
2026-05-24T13:00:00,1003,Davie,SKU002,Avocados,produce,produce,3,1.49,4.47,false
2026-05-24T13:00:00,1003,Davie,SKU003,Whole Milk,dairy,dairy,3,3.86,11.58,true
2026-05-24T13:00:00,1003,Davie,SKU004,Greek Yogurt,dairy,dairy,1,1.39,1.39,false
2026-05-24T13:00:00,1003,Davie,SKU005,Chicken Breast,meat,meat,2,8.49,16.98,false
2026-05-24T13:00:00,1003,Davie,SKU006,Ground Beef,meat,meat,1,7.99,7.99,false
2026-05-24T13:00:00,1003,Davie,SKU007,Italian Bread,bakery,bakery,2,3.99,7.98,false
2026-05-24T13:00:00,1003,Davie,SKU009,Sparkling Water,beverages,grocery,1,4.94,4.94,true
2026-05-24T13:00:00,1003,Davie,SKU010,Orange Juice,beverages,grocery,1,4.99,4.99,false
2026-05-24T13:00:00,1003,Davie,SKU011,Frozen Pizza,frozen,frozen,1,6.29,6.29,true
2026-05-24T13:00:00,1003,Davie,SKU014,Pasta,grocery,grocery,1,1.89,1.89,false
2026-05-24T13:00:00,1003,Davie,SKU015,Paper Towels,household,grocery,2,12.99,25.98,false
2026-05-24T14:00:00,1001,Fort Lauderdale East,SKU001,Bananas,produce,produce,9,0.62,5.59,true
2026-05-24T14:00:00,1001,Fort Lauderdale East,SKU002,Avocados,produce,produce,3,1.49,4.47,false
2026-05-24T14:00:00,1001,Fort Lauderdale East,SKU003,Whole Milk,dairy,dairy,6,3.86,23.17,true
2026-05-24T14:00:00,1001,Fort Lauderdale East,SKU004,Greek Yogurt,dairy,dairy,3,1.39,4.17,false
2026-05-24T14:00:00,1001,Fort Lauderdale East,SKU005,Chicken Breast,meat,meat,2,8.49,16.98,false
2026-05-24T14:00:00,1001,Fort Lauderdale East,SKU006,Ground Beef,meat,meat,1,7.99,7.99,false
2026-05-24T14:00:00,1001,Fort Lauderdale East,SKU007,Italian Bread,bakery,bakery,2,3.99,7.98,false
2026-05-24T14:00:00,1001,Fort Lauderdale East,SKU008,Croissants,bakery,bakery,1,4.99,4.99,false
2026-05-24T14:00:00,1001,Fort Lauderdale East,SKU010,Orange Juice,beverages,grocery,1,4.99,4.99,false
2026-05-24T14:00:00,1001,Fort Lauderdale East,SKU012,Ice Cream,frozen,frozen,2,5.99,11.98,false
2026-05-24T14:00:00,1001,Fort Lauderdale East,SKU013,Peanut Butter,grocery,grocery,2,3.49,6.98,false
2026-05-24T14:00:00,1001,Fort Lauderdale East,SKU015,Paper Towels,household,grocery,1,12.99,12.99,false
2026-05-24T14:00:00,1002,Pembroke Pines,SKU001,Bananas,produce,produce,22,0.62,13.66,true
2026-05-24T14:00:00,1002,Pembroke Pines,SKU002,Avocados,produce,produce,2,1.49,2.98,false
2026-05-24T14:00:00,1002,Pembroke Pines,SKU003,Whole Milk,dairy,dairy,5,3.86,19.30,true
2026-05-24T14:00:00,1002,Pembroke Pines,SKU004,Greek Yogurt,dairy,dairy,2,1.39,2.78,false
2026-05-24T14:00:00,1002,Pembroke Pines,SKU005,Chicken Breast,meat,meat,2,8.49,16.98,false
2026-05-24T14:00:00,1002,Pembroke Pines,SKU007,Italian Bread,bakery,bakery,1,3.99,3.99,false
2026-05-24T14:00:00,1002,Pembroke Pines,SKU008,Croissants,bakery,bakery,1,4.99,4.99,false
2026-05-24T14:00:00,1002,Pembroke Pines,SKU010,Orange Juice,beverages,grocery,2,4.99,9.98,false
2026-05-24T14:00:00,1002,Pembroke Pines,SKU011,Frozen Pizza,frozen,frozen,1,6.29,6.29,true
2026-05-24T14:00:00,1002,Pembroke Pines,SKU012,Ice Cream,frozen,frozen,1,5.99,5.99,false
2026-05-24T14:00:00,1002,Pembroke Pines,SKU014,Pasta,grocery,grocery,4,1.89,7.56,false
2026-05-24T14:00:00,1003,Davie,SKU001,Bananas,produce,produce,10,0.62,6.21,true
2026-05-24T14:00:00,1003,Davie,SKU002,Avocados,produce,produce,4,1.49,5.96,false
2026-05-24T14:00:00,1003,Davie,SKU003,Whole Milk,dairy,dairy,7,3.86,27.03,true
2026-05-24T14:00:00,1003,Davie,SKU004,Greek Yogurt,dairy,dairy,1,1.39,1.39,false
2026-05-24T14:00:00,1003,Davie,SKU005,Chicken Breast,meat,meat,4,8.49,33.96,false
2026-05-24T14:00:00,1003,Davie,SKU006,Ground Beef,meat,meat,1,7.99,7.99,false
2026-05-24T14:00:00,1003,Davie,SKU007,Italian Bread,bakery,bakery,3,3.99,11.97,false
2026-05-24T14:00:00,1003,Davie,SKU008,Croissants,bakery,bakery,1,4.99,4.99,false
2026-05-24T14:00:00,1003,Davie,SKU009,Sparkling Water,beverages,grocery,4,4.94,19.76,true
2026-05-24T14:00:00,1003,Davie,SKU010,Orange Juice,beverages,grocery,3,4.99,14.97,false
2026-05-24T14:00:00,1003,Davie,SKU011,Frozen Pizza,frozen,frozen,1,6.29,6.29,true
2026-05-24T14:00:00,1003,Davie,SKU012,Ice Cream,frozen,frozen,4,5.99,23.96,false
2026-05-24T14:00:00,1003,Davie,SKU015,Paper Towels,household,grocery,2,12.99,25.98,false
2026-05-24T15:00:00,1001,Fort Lauderdale East,SKU001,Bananas,produce,produce,12,0.62,7.45,true
2026-05-24T15:00:00,1001,Fort Lauderdale East,SKU002,Avocados,produce,produce,3,1.49,4.47,false
2026-05-24T15:00:00,1001,Fort Lauderdale East,SKU003,Whole Milk,dairy,dairy,5,3.86,19.30,true
2026-05-24T15:00:00,1001,Fort Lauderdale East,SKU004,Greek Yogurt,dairy,dairy,3,1.39,4.17,false
2026-05-24T15:00:00,1001,Fort Lauderdale East,SKU005,Chicken Breast,meat,meat,2,8.49,16.98,false
2026-05-24T15:00:00,1001,Fort Lauderdale East,SKU006,Ground Beef,meat,meat,1,7.99,7.99,false
2026-05-24T15:00:00,1001,Fort Lauderdale East,SKU007,Italian Bread,bakery,bakery,2,3.99,7.98,false
2026-05-24T15:00:00,1001,Fort Lauderdale East,SKU008,Croissants,bakery,bakery,2,4.99,9.98,false
2026-05-24T15:00:00,1001,Fort Lauderdale East,SKU009,Sparkling Water,beverages,grocery,4,4.94,19.76,true
2026-05-24T15:00:00,1001,Fort Lauderdale East,SKU010,Orange Juice,beverages,grocery,2,4.99,9.98,false
2026-05-24T15:00:00,1001,Fort Lauderdale East,SKU012,Ice Cream,frozen,frozen,1,5.99,5.99,false
2026-05-24T15:00:00,1001,Fort Lauderdale East,SKU014,Pasta,grocery,grocery,2,1.89,3.78,false
2026-05-24T15:00:00,1002,Pembroke Pines,SKU001,Bananas,produce,produce,15,0.62,9.31,true
2026-05-24T15:00:00,1002,Pembroke Pines,SKU002,Avocados,produce,produce,2,1.49,2.98,false
2026-05-24T15:00:00,1002,Pembroke Pines,SKU003,Whole Milk,dairy,dairy,5,3.86,19.30,true
2026-05-24T15:00:00,1002,Pembroke Pines,SKU004,Greek Yogurt,dairy,dairy,3,1.39,4.17,false
2026-05-24T15:00:00,1002,Pembroke Pines,SKU005,Chicken Breast,meat,meat,2,8.49,16.98,false
2026-05-24T15:00:00,1002,Pembroke Pines,SKU006,Ground Beef,meat,meat,2,7.99,15.98,false
2026-05-24T15:00:00,1002,Pembroke Pines,SKU007,Italian Bread,bakery,bakery,1,3.99,3.99,false
2026-05-24T15:00:00,1002,Pembroke Pines,SKU008,Croissants,bakery,bakery,2,4.99,9.98,false
2026-05-24T15:00:00,1002,Pembroke Pines,SKU009,Sparkling Water,beverages,grocery,2,4.94,9.88,true
2026-05-24T15:00:00,1002,Pembroke Pines,SKU010,Orange Juice,beverages,grocery,2,4.99,9.98,false
2026-05-24T15:00:00,1002,Pembroke Pines,SKU011,Frozen Pizza,frozen,frozen,1,6.29,6.29,true
2026-05-24T15:00:00,1002,Pembroke Pines,SKU014,Pasta,grocery,grocery,2,1.89,3.78,false
2026-05-24T15:00:00,1002,Pembroke Pines,SKU015,Paper Towels,household,grocery,2,12.99,25.98,false
2026-05-24T15:00:00,1003,Davie,SKU001,Bananas,produce,produce,14,0.62,8.69,true
2026-05-24T15:00:00,1003,Davie,SKU002,Avocados,produce,produce,3,1.49,4.47,false
2026-05-24T15:00:00,1003,Davie,SKU003,Whole Milk,dairy,dairy,4,3.86,15.44,true
2026-05-24T15:00:00,1003,Davie,SKU004,Greek Yogurt,dairy,dairy,3,1.39,4.17,false
2026-05-24T15:00:00,1003,Davie,SKU005,Chicken Breast,meat,meat,2,8.49,16.98,false
2026-05-24T15:00:00,1003,Davie,SKU006,Ground Beef,meat,meat,1,7.99,7.99,false
2026-05-24T15:00:00,1003,Davie,SKU007,Italian Bread,bakery,bakery,2,3.99,7.98,false
2026-05-24T15:00:00,1003,Davie,SKU008,Croissants,bakery,bakery,2,4.99,9.98,false
2026-05-24T15:00:00,1003,Davie,SKU009,Sparkling Water,beverages,grocery,1,4.94,4.94,true
2026-05-24T15:00:00,1003,Davie,SKU010,Orange Juice,beverages,grocery,1,4.99,4.99,false
2026-05-24T15:00:00,1003,Davie,SKU011,Frozen Pizza,frozen,frozen,2,6.29,12.58,true
2026-05-24T15:00:00,1003,Davie,SKU012,Ice Cream,frozen,frozen,2,5.99,11.98,false
2026-05-24T16:00:00,1001,Fort Lauderdale East,SKU001,Bananas,produce,produce,16,0.62,9.94,true
2026-05-24T16:00:00,1001,Fort Lauderdale East,SKU002,Avocados,produce,produce,4,1.49,5.96,false
2026-05-24T16:00:00,1001,Fort Lauderdale East,SKU003,Whole Milk,dairy,dairy,4,3.86,15.44,true
2026-05-24T16:00:00,1001,Fort Lauderdale East,SKU004,Greek Yogurt,dairy,dairy,1,1.39,1.39,false
2026-05-24T16:00:00,1001,Fort Lauderdale East,SKU005,Chicken Breast,meat,meat,1,8.49,8.49,false
2026-05-24T16:00:00,1001,Fort Lauderdale East,SKU006,Ground Beef,meat,meat,2,7.99,15.98,false
2026-05-24T16:00:00,1001,Fort Lauderdale East,SKU007,Italian Bread,bakery,bakery,1,3.99,3.99,false
2026-05-24T16:00:00,1001,Fort Lauderdale East,SKU008,Croissants,bakery,bakery,1,4.99,4.99,false
2026-05-24T16:00:00,1001,Fort Lauderdale East,SKU009,Sparkling Water,beverages,grocery,2,4.94,9.88,true
2026-05-24T16:00:00,1001,Fort Lauderdale East,SKU010,Orange Juice,beverages,grocery,1,4.99,4.99,false
2026-05-24T16:00:00,1001,Fort Lauderdale East,SKU011,Frozen Pizza,frozen,frozen,2,6.29,12.58,true
2026-05-24T16:00:00,1001,Fort Lauderdale East,SKU012,Ice Cream,frozen,frozen,3,5.99,17.97,false
2026-05-24T16:00:00,1001,Fort Lauderdale East,SKU013,Peanut Butter,grocery,grocery,1,3.49,3.49,false
2026-05-24T16:00:00,1002,Pembroke Pines,SKU001,Bananas,produce,produce,15,0.62,9.31,true
2026-05-24T16:00:00,1002,Pembroke Pines,SKU002,Avocados,produce,produce,4,1.49,5.96,false
2026-05-24T16:00:00,1002,Pembroke Pines,SKU003,Whole Milk,dairy,dairy,5,3.86,19.30,true
2026-05-24T16:00:00,1002,Pembroke Pines,SKU004,Greek Yogurt,dairy,dairy,3,1.39,4.17,false
2026-05-24T16:00:00,1002,Pembroke Pines,SKU005,Chicken Breast,meat,meat,2,8.49,16.98,false
2026-05-24T16:00:00,1002,Pembroke Pines,SKU007,Italian Bread,bakery,bakery,2,3.99,7.98,false
2026-05-24T16:00:00,1002,Pembroke Pines,SKU008,Croissants,bakery,bakery,2,4.99,9.98,false
2026-05-24T16:00:00,1002,Pembroke Pines,SKU009,Sparkling Water,beverages,grocery,3,4.94,14.82,true
2026-05-24T16:00:00,1002,Pembroke Pines,SKU010,Orange Juice,beverages,grocery,1,4.99,4.99,false
2026-05-24T16:00:00,1002,Pembroke Pines,SKU011,Frozen Pizza,frozen,frozen,1,6.29,6.29,true
2026-05-24T16:00:00,1002,Pembroke Pines,SKU012,Ice Cream,frozen,frozen,1,5.99,5.99,false
2026-05-24T16:00:00,1002,Pembroke Pines,SKU013,Peanut Butter,grocery,grocery,2,3.49,6.98,false
2026-05-24T16:00:00,1002,Pembroke Pines,SKU014,Pasta,grocery,grocery,2,1.89,3.78,false
2026-05-24T16:00:00,1002,Pembroke Pines,SKU015,Paper Towels,household,grocery,1,12.99,12.99,false
2026-05-24T16:00:00,1003,Davie,SKU001,Bananas,produce,produce,15,0.62,9.31,true
2026-05-24T16:00:00,1003,Davie,SKU002,Avocados,produce,produce,2,1.49,2.98,false
2026-05-24T16:00:00,1003,Davie,SKU003,Whole Milk,dairy,dairy,3,3.86,11.58,true
2026-05-24T16:00:00,1003,Davie,SKU004,Greek Yogurt,dairy,dairy,2,1.39,2.78,false
2026-05-24T16:00:00,1003,Davie,SKU005,Chicken Breast,meat,meat,3,8.49,25.47,false
2026-05-24T16:00:00,1003,Davie,SKU006,Ground Beef,meat,meat,2,7.99,15.98,false
2026-05-24T16:00:00,1003,Davie,SKU007,Italian Bread,bakery,bakery,2,3.99,7.98,false
2026-05-24T16:00:00,1003,Davie,SKU010,Orange Juice,beverages,grocery,2,4.99,9.98,false
2026-05-24T16:00:00,1003,Davie,SKU011,Frozen Pizza,frozen,frozen,1,6.29,6.29,true
2026-05-24T16:00:00,1003,Davie,SKU013,Peanut Butter,grocery,grocery,2,3.49,6.98,false
2026-05-24T16:00:00,1003,Davie,SKU014,Pasta,grocery,grocery,1,1.89,1.89,false
2026-05-24T16:00:00,1003,Davie,SKU015,Paper Towels,household,grocery,3,12.99,38.97,false
2026-05-24T17:00:00,1001,Fort Lauderdale East,SKU001,Bananas,produce,produce,28,0.62,17.39,true
2026-05-24T17:00:00,1001,Fort Lauderdale East,SKU002,Avocados,produce,produce,6,1.49,8.94,false
2026-05-24T17:00:00,1001,Fort Lauderdale East,SKU003,Whole Milk,dairy,dairy,6,3.86,23.17,true
2026-05-24T17:00:00,1001,Fort Lauderdale East,SKU004,Greek Yogurt,dairy,dairy,4,1.39,5.56,false
2026-05-24T17:00:00,1001,Fort Lauderdale East,SKU005,Chicken Breast,meat,meat,3,8.49,25.47,false
2026-05-24T17:00:00,1001,Fort Lauderdale East,SKU006,Ground Beef,meat,meat,1,7.99,7.99,false
2026-05-24T17:00:00,1001,Fort Lauderdale East,SKU007,Italian Bread,bakery,bakery,4,3.99,15.96,false
2026-05-24T17:00:00,1001,Fort Lauderdale East,SKU008,Croissants,bakery,bakery,2,4.99,9.98,false
2026-05-24T17:00:00,1001,Fort Lauderdale East,SKU010,Orange Juice,beverages,grocery,2,4.99,9.98,false
2026-05-24T17:00:00,1001,Fort Lauderdale East,SKU011,Frozen Pizza,frozen,frozen,2,6.29,12.58,true
2026-05-24T17:00:00,1001,Fort Lauderdale East,SKU012,Ice Cream,frozen,frozen,3,5.99,17.97,false
2026-05-24T17:00:00,1001,Fort Lauderdale East,SKU013,Peanut Butter,grocery,grocery,1,3.49,3.49,false
2026-05-24T17:00:00,1001,Fort Lauderdale East,SKU014,Pasta,grocery,grocery,3,1.89,5.67,false
2026-05-24T17:00:00,1002,Pembroke Pines,SKU001,Bananas,produce,produce,14,0.62,8.69,true
2026-05-24T17:00:00,1002,Pembroke Pines,SKU002,Avocados,produce,produce,6,1.49,8.94,false
2026-05-24T17:00:00,1002,Pembroke Pines,SKU003,Whole Milk,dairy,dairy,5,3.86,19.30,true
2026-05-24T17:00:00,1002,Pembroke Pines,SKU004,Greek Yogurt,dairy,dairy,2,1.39,2.78,false
2026-05-24T17:00:00,1002,Pembroke Pines,SKU005,Chicken Breast,meat,meat,2,8.49,16.98,false
2026-05-24T17:00:00,1002,Pembroke Pines,SKU006,Ground Beef,meat,meat,2,7.99,15.98,false
2026-05-24T17:00:00,1002,Pembroke Pines,SKU007,Italian Bread,bakery,bakery,3,3.99,11.97,false
2026-05-24T17:00:00,1002,Pembroke Pines,SKU008,Croissants,bakery,bakery,3,4.99,14.97,false
2026-05-24T17:00:00,1002,Pembroke Pines,SKU009,Sparkling Water,beverages,grocery,1,4.94,4.94,true
2026-05-24T17:00:00,1002,Pembroke Pines,SKU010,Orange Juice,beverages,grocery,2,4.99,9.98,false
2026-05-24T17:00:00,1002,Pembroke Pines,SKU011,Frozen Pizza,frozen,frozen,2,6.29,12.58,true
2026-05-24T17:00:00,1002,Pembroke Pines,SKU012,Ice Cream,frozen,frozen,2,5.99,11.98,false
2026-05-24T17:00:00,1002,Pembroke Pines,SKU013,Peanut Butter,grocery,grocery,2,3.49,6.98,false
2026-05-24T17:00:00,1002,Pembroke Pines,SKU014,Pasta,grocery,grocery,1,1.89,1.89,false
2026-05-24T17:00:00,1003,Davie,SKU001,Bananas,produce,produce,14,0.62,8.69,true
2026-05-24T17:00:00,1003,Davie,SKU002,Avocados,produce,produce,2,1.49,2.98,false
2026-05-24T17:00:00,1003,Davie,SKU003,Whole Milk,dairy,dairy,5,3.86,19.30,true
2026-05-24T17:00:00,1003,Davie,SKU004,Greek Yogurt,dairy,dairy,3,1.39,4.17,false
2026-05-24T17:00:00,1003,Davie,SKU005,Chicken Breast,meat,meat,4,8.49,33.96,false
2026-05-24T17:00:00,1003,Davie,SKU006,Ground Beef,meat,meat,2,7.99,15.98,false
2026-05-24T17:00:00,1003,Davie,SKU007,Italian Bread,bakery,bakery,5,3.99,19.95,false
2026-05-24T17:00:00,1003,Davie,SKU008,Croissants,bakery,bakery,2,4.99,9.98,false
2026-05-24T17:00:00,1003,Davie,SKU009,Sparkling Water,beverages,grocery,2,4.94,9.88,true
2026-05-24T17:00:00,1003,Davie,SKU010,Orange Juice,beverages,grocery,2,4.99,9.98,false
2026-05-24T17:00:00,1003,Davie,SKU011,Frozen Pizza,frozen,frozen,1,6.29,6.29,true
2026-05-24T17:00:00,1003,Davie,SKU012,Ice Cream,frozen,frozen,2,5.99,11.98,false
2026-05-24T17:00:00,1003,Davie,SKU014,Pasta,grocery,grocery,2,1.89,3.78,false
2026-05-24T18:00:00,1001,Fort Lauderdale East,SKU001,Bananas,produce,produce,22,0.62,13.66,true
2026-05-24T18:00:00,1001,Fort Lauderdale East,SKU002,Avocados,produce,produce,5,1.49,7.45,false
2026-05-24T18:00:00,1001,Fort Lauderdale East,SKU003,Whole Milk,dairy,dairy,4,3.86,15.44,true
2026-05-24T18:00:00,1001,Fort Lauderdale East,SKU004,Greek Yogurt,dairy,dairy,3,1.39,4.17,false
2026-05-24T18:00:00,1001,Fort Lauderdale East,SKU005,Chicken Breast,meat,meat,5,8.49,42.45,false
2026-05-24T18:00:00,1001,Fort Lauderdale East,SKU006,Ground Beef,meat,meat,3,7.99,23.97,false
2026-05-24T18:00:00,1001,Fort Lauderdale East,SKU007,Italian Bread,bakery,bakery,2,3.99,7.98,false
2026-05-24T18:00:00,1001,Fort Lauderdale East,SKU008,Croissants,bakery,bakery,2,4.99,9.98,false
2026-05-24T18:00:00,1001,Fort Lauderdale East,SKU009,Sparkling Water,beverages,grocery,4,4.94,19.76,true
2026-05-24T18:00:00,1001,Fort Lauderdale East,SKU010,Orange Juice,beverages,grocery,4,4.99,19.96,false
2026-05-24T18:00:00,1001,Fort Lauderdale East,SKU011,Frozen Pizza,frozen,frozen,4,6.29,25.16,true
2026-05-24T18:00:00,1001,Fort Lauderdale East,SKU012,Ice Cream,frozen,frozen,2,5.99,11.98,false
2026-05-24T18:00:00,1001,Fort Lauderdale East,SKU013,Peanut Butter,grocery,grocery,1,3.49,3.49,false
2026-05-24T18:00:00,1001,Fort Lauderdale East,SKU014,Pasta,grocery,grocery,3,1.89,5.67,false
2026-05-24T18:00:00,1002,Pembroke Pines,SKU001,Bananas,produce,produce,15,0.62,9.31,true
2026-05-24T18:00:00,1002,Pembroke Pines,SKU002,Avocados,produce,produce,3,1.49,4.47,false
2026-05-24T18:00:00,1002,Pembroke Pines,SKU003,Whole Milk,dairy,dairy,5,3.86,19.30,true
2026-05-24T18:00:00,1002,Pembroke Pines,SKU004,Greek Yogurt,dairy,dairy,3,1.39,4.17,false
2026-05-24T18:00:00,1002,Pembroke Pines,SKU005,Chicken Breast,meat,meat,4,8.49,33.96,false
2026-05-24T18:00:00,1002,Pembroke Pines,SKU006,Ground Beef,meat,meat,3,7.99,23.97,false
2026-05-24T18:00:00,1002,Pembroke Pines,SKU007,Italian Bread,bakery,bakery,4,3.99,15.96,false
2026-05-24T18:00:00,1002,Pembroke Pines,SKU008,Croissants,bakery,bakery,2,4.99,9.98,false
2026-05-24T18:00:00,1002,Pembroke Pines,SKU009,Sparkling Water,beverages,grocery,4,4.94,19.76,true
2026-05-24T18:00:00,1002,Pembroke Pines,SKU010,Orange Juice,beverages,grocery,4,4.99,19.96,false
2026-05-24T18:00:00,1002,Pembroke Pines,SKU011,Frozen Pizza,frozen,frozen,3,6.29,18.87,true
2026-05-24T18:00:00,1002,Pembroke Pines,SKU012,Ice Cream,frozen,frozen,3,5.99,17.97,false
2026-05-24T18:00:00,1003,Davie,SKU001,Bananas,produce,produce,6,0.62,3.73,true
2026-05-24T18:00:00,1003,Davie,SKU002,Avocados,produce,produce,5,1.49,7.45,false
2026-05-24T18:00:00,1003,Davie,SKU003,Whole Milk,dairy,dairy,8,3.86,30.89,true
2026-05-24T18:00:00,1003,Davie,SKU004,Greek Yogurt,dairy,dairy,3,1.39,4.17,false
2026-05-24T18:00:00,1003,Davie,SKU005,Chicken Breast,meat,meat,3,8.49,25.47,false
2026-05-24T18:00:00,1003,Davie,SKU006,Ground Beef,meat,meat,2,7.99,15.98,false
2026-05-24T18:00:00,1003,Davie,SKU007,Italian Bread,bakery,bakery,2,3.99,7.98,false
2026-05-24T18:00:00,1003,Davie,SKU008,Croissants,bakery,bakery,2,4.99,9.98,false
2026-05-24T18:00:00,1003,Davie,SKU009,Sparkling Water,beverages,grocery,2,4.94,9.88,true
2026-05-24T18:00:00,1003,Davie,SKU010,Orange Juice,beverages,grocery,3,4.99,14.97,false
2026-05-24T18:00:00,1003,Davie,SKU012,Ice Cream,frozen,frozen,2,5.99,11.98,false
2026-05-24T18:00:00,1003,Davie,SKU013,Peanut Butter,grocery,grocery,1,3.49,3.49,false
2026-05-24T18:00:00,1003,Davie,SKU014,Pasta,grocery,grocery,3,1.89,5.67,false
2026-05-24T18:00:00,1003,Davie,SKU015,Paper Towels,household,grocery,1,12.99,12.99,false
2026-05-24T19:00:00,1001,Fort Lauderdale East,SKU001,Bananas,produce,produce,7,0.62,4.35,true
2026-05-24T19:00:00,1001,Fort Lauderdale East,SKU002,Avocados,produce,produce,1,1.49,1.49,false
2026-05-24T19:00:00,1001,Fort Lauderdale East,SKU003,Whole Milk,dairy,dairy,3,3.86,11.58,true
2026-05-24T19:00:00,1001,Fort Lauderdale East,SKU004,Greek Yogurt,dairy,dairy,2,1.39,2.78,false
2026-05-24T19:00:00,1001,Fort Lauderdale East,SKU005,Chicken Breast,meat,meat,2,8.49,16.98,false
2026-05-24T19:00:00,1001,Fort Lauderdale East,SKU006,Ground Beef,meat,meat,2,7.99,15.98,false
2026-05-24T19:00:00,1001,Fort Lauderdale East,SKU007,Italian Bread,bakery,bakery,3,3.99,11.97,false
2026-05-24T19:00:00,1001,Fort Lauderdale East,SKU010,Orange Juice,beverages,grocery,2,4.99,9.98,false
2026-05-24T19:00:00,1001,Fort Lauderdale East,SKU011,Frozen Pizza,frozen,frozen,1,6.29,6.29,true
2026-05-24T19:00:00,1001,Fort Lauderdale East,SKU012,Ice Cream,frozen,frozen,1,5.99,5.99,false
2026-05-24T19:00:00,1001,Fort Lauderdale East,SKU014,Pasta,grocery,grocery,1,1.89,1.89,false
2026-05-24T19:00:00,1001,Fort Lauderdale East,SKU015,Paper Towels,household,grocery,2,12.99,25.98,false
2026-05-24T19:00:00,1002,Pembroke Pines,SKU001,Bananas,produce,produce,8,0.62,4.97,true
2026-05-24T19:00:00,1002,Pembroke Pines,SKU002,Avocados,produce,produce,2,1.49,2.98,false
2026-05-24T19:00:00,1002,Pembroke Pines,SKU003,Whole Milk,dairy,dairy,5,3.86,19.30,true
2026-05-24T19:00:00,1002,Pembroke Pines,SKU004,Greek Yogurt,dairy,dairy,4,1.39,5.56,false
2026-05-24T19:00:00,1002,Pembroke Pines,SKU005,Chicken Breast,meat,meat,2,8.49,16.98,false
2026-05-24T19:00:00,1002,Pembroke Pines,SKU008,Croissants,bakery,bakery,1,4.99,4.99,false
2026-05-24T19:00:00,1002,Pembroke Pines,SKU009,Sparkling Water,beverages,grocery,1,4.94,4.94,true
2026-05-24T19:00:00,1002,Pembroke Pines,SKU010,Orange Juice,beverages,grocery,3,4.99,14.97,false
2026-05-24T19:00:00,1002,Pembroke Pines,SKU011,Frozen Pizza,frozen,frozen,4,6.29,25.16,true
2026-05-24T19:00:00,1002,Pembroke Pines,SKU012,Ice Cream,frozen,frozen,1,5.99,5.99,false
2026-05-24T19:00:00,1002,Pembroke Pines,SKU013,Peanut Butter,grocery,grocery,1,3.49,3.49,false
2026-05-24T19:00:00,1002,Pembroke Pines,SKU015,Paper Towels,household,grocery,1,12.99,12.99,false
2026-05-24T19:00:00,1003,Davie,SKU001,Bananas,produce,produce,13,0.62,8.07,true
2026-05-24T19:00:00,1003,Davie,SKU002,Avocados,produce,produce,3,1.49,4.47,false
2026-05-24T19:00:00,1003,Davie,SKU003,Whole Milk,dairy,dairy,5,3.86,19.30,true
2026-05-24T19:00:00,1003,Davie,SKU004,Greek Yogurt,dairy,dairy,3,1.39,4.17,false
2026-05-24T19:00:00,1003,Davie,SKU005,Chicken Breast,meat,meat,4,8.49,33.96,false
2026-05-24T19:00:00,1003,Davie,SKU007,Italian Bread,bakery,bakery,1,3.99,3.99,false
2026-05-24T19:00:00,1003,Davie,SKU009,Sparkling Water,beverages,grocery,3,4.94,14.82,true
2026-05-24T19:00:00,1003,Davie,SKU010,Orange Juice,beverages,grocery,1,4.99,4.99,false
2026-05-24T19:00:00,1003,Davie,SKU011,Frozen Pizza,frozen,frozen,2,6.29,12.58,true
2026-05-24T19:00:00,1003,Davie,SKU013,Peanut Butter,grocery,grocery,1,3.49,3.49,false
2026-05-24T19:00:00,1003,Davie,SKU014,Pasta,grocery,grocery,3,1.89,5.67,false
2026-05-24T19:00:00,1003,Davie,SKU015,Paper Towels,household,grocery,2,12.99,25.98,false
2026-05-24T20:00:00,1001,Fort Lauderdale East,SKU001,Bananas,produce,produce,7,0.62,4.35,true
2026-05-24T20:00:00,1001,Fort Lauderdale East,SKU002,Avocados,produce,produce,4,1.49,5.96,false
2026-05-24T20:00:00,1001,Fort Lauderdale East,SKU003,Whole Milk,dairy,dairy,5,3.86,19.30,true
2026-05-24T20:00:00,1001,Fort Lauderdale East,SKU004,Greek Yogurt,dairy,dairy,2,1.39,2.78,false
2026-05-24T20:00:00,1001,Fort Lauderdale East,SKU005,Chicken Breast,meat,meat,1,8.49,8.49,false
2026-05-24T20:00:00,1001,Fort Lauderdale East,SKU006,Ground Beef,meat,meat,2,7.99,15.98,false
2026-05-24T20:00:00,1001,Fort Lauderdale East,SKU007,Italian Bread,bakery,bakery,2,3.99,7.98,false
2026-05-24T20:00:00,1001,Fort Lauderdale East,SKU008,Croissants,bakery,bakery,2,4.99,9.98,false
2026-05-24T20:00:00,1001,Fort Lauderdale East,SKU009,Sparkling Water,beverages,grocery,2,4.94,9.88,true
2026-05-24T20:00:00,1001,Fort Lauderdale East,SKU010,Orange Juice,beverages,grocery,4,4.99,19.96,false
2026-05-24T20:00:00,1001,Fort Lauderdale East,SKU011,Frozen Pizza,frozen,frozen,1,6.29,6.29,true
2026-05-24T20:00:00,1001,Fort Lauderdale East,SKU013,Peanut Butter,grocery,grocery,1,3.49,3.49,false
2026-05-24T20:00:00,1001,Fort Lauderdale East,SKU014,Pasta,grocery,grocery,1,1.89,1.89,false
2026-05-24T20:00:00,1002,Pembroke Pines,SKU001,Bananas,produce,produce,18,0.62,11.18,true
2026-05-24T20:00:00,1002,Pembroke Pines,SKU002,Avocados,produce,produce,2,1.49,2.98,false
2026-05-24T20:00:00,1002,Pembroke Pines,SKU003,Whole Milk,dairy,dairy,4,3.86,15.44,true
2026-05-24T20:00:00,1002,Pembroke Pines,SKU004,Greek Yogurt,dairy,dairy,2,1.39,2.78,false
2026-05-24T20:00:00,1002,Pembroke Pines,SKU005,Chicken Breast,meat,meat,1,8.49,8.49,false
2026-05-24T20:00:00,1002,Pembroke Pines,SKU006,Ground Beef,meat,meat,3,7.99,23.97,false
2026-05-24T20:00:00,1002,Pembroke Pines,SKU009,Sparkling Water,beverages,grocery,1,4.94,4.94,true
2026-05-24T20:00:00,1002,Pembroke Pines,SKU010,Orange Juice,beverages,grocery,2,4.99,9.98,false
2026-05-24T20:00:00,1002,Pembroke Pines,SKU011,Frozen Pizza,frozen,frozen,3,6.29,18.87,true
2026-05-24T20:00:00,1002,Pembroke Pines,SKU012,Ice Cream,frozen,frozen,2,5.99,11.98,false
2026-05-24T20:00:00,1002,Pembroke Pines,SKU013,Peanut Butter,grocery,grocery,2,3.49,6.98,false
2026-05-24T20:00:00,1003,Davie,SKU001,Bananas,produce,produce,8,0.62,4.97,true
2026-05-24T20:00:00,1003,Davie,SKU002,Avocados,produce,produce,3,1.49,4.47,false
2026-05-24T20:00:00,1003,Davie,SKU003,Whole Milk,dairy,dairy,4,3.86,15.44,true
2026-05-24T20:00:00,1003,Davie,SKU004,Greek Yogurt,dairy,dairy,2,1.39,2.78,false
2026-05-24T20:00:00,1003,Davie,SKU005,Chicken Breast,meat,meat,3,8.49,25.47,false
2026-05-24T20:00:00,1003,Davie,SKU007,Italian Bread,bakery,bakery,1,3.99,3.99,false
2026-05-24T20:00:00,1003,Davie,SKU010,Orange Juice,beverages,grocery,2,4.99,9.98,false
2026-05-24T20:00:00,1003,Davie,SKU011,Frozen Pizza,frozen,frozen,2,6.29,12.58,true
2026-05-24T20:00:00,1003,Davie,SKU012,Ice Cream,frozen,frozen,2,5.99,11.98,false
2026-05-24T20:00:00,1003,Davie,SKU013,Peanut Butter,grocery,grocery,2,3.49,6.98,false
2026-05-24T20:00:00,1003,Davie,SKU014,Pasta,grocery,grocery,1,1.89,1.89,false
2026-05-24T21:00:00,1001,Fort Lauderdale East,SKU001,Bananas,produce,produce,18,0.62,11.18,true
2026-05-24T21:00:00,1001,Fort Lauderdale East,SKU002,Avocados,produce,produce,3,1.49,4.47,false
2026-05-24T21:00:00,1001,Fort Lauderdale East,SKU003,Whole Milk,dairy,dairy,3,3.86,11.58,true
2026-05-24T21:00:00,1001,Fort Lauderdale East,SKU004,Greek Yogurt,dairy,dairy,1,1.39,1.39,false
2026-05-24T21:00:00,1001,Fort Lauderdale East,SKU005,Chicken Breast,meat,meat,2,8.49,16.98,false
2026-05-24T21:00:00,1001,Fort Lauderdale East,SKU006,Ground Beef,meat,meat,3,7.99,23.97,false
2026-05-24T21:00:00,1001,Fort Lauderdale East,SKU007,Italian Bread,bakery,bakery,2,3.99,7.98,false
2026-05-24T21:00:00,1001,Fort Lauderdale East,SKU008,Croissants,bakery,bakery,2,4.99,9.98,false
2026-05-24T21:00:00,1001,Fort Lauderdale East,SKU009,Sparkling Water,beverages,grocery,2,4.94,9.88,true
2026-05-24T21:00:00,1001,Fort Lauderdale East,SKU010,Orange Juice,beverages,grocery,1,4.99,4.99,false
2026-05-24T21:00:00,1001,Fort Lauderdale East,SKU011,Frozen Pizza,frozen,frozen,4,6.29,25.16,true
2026-05-24T21:00:00,1001,Fort Lauderdale East,SKU012,Ice Cream,frozen,frozen,3,5.99,17.97,false
2026-05-24T21:00:00,1001,Fort Lauderdale East,SKU013,Peanut Butter,grocery,grocery,1,3.49,3.49,false
2026-05-24T21:00:00,1002,Pembroke Pines,SKU001,Bananas,produce,produce,15,0.62,9.31,true
2026-05-24T21:00:00,1002,Pembroke Pines,SKU002,Avocados,produce,produce,3,1.49,4.47,false
2026-05-24T21:00:00,1002,Pembroke Pines,SKU003,Whole Milk,dairy,dairy,4,3.86,15.44,true
2026-05-24T21:00:00,1002,Pembroke Pines,SKU004,Greek Yogurt,dairy,dairy,2,1.39,2.78,false
2026-05-24T21:00:00,1002,Pembroke Pines,SKU005,Chicken Breast,meat,meat,2,8.49,16.98,false
2026-05-24T21:00:00,1002,Pembroke Pines,SKU006,Ground Beef,meat,meat,3,7.99,23.97,false
2026-05-24T21:00:00,1002,Pembroke Pines,SKU007,Italian Bread,bakery,bakery,2,3.99,7.98,false
2026-05-24T21:00:00,1002,Pembroke Pines,SKU009,Sparkling Water,beverages,grocery,1,4.94,4.94,true
2026-05-24T21:00:00,1002,Pembroke Pines,SKU010,Orange Juice,beverages,grocery,2,4.99,9.98,false
2026-05-24T21:00:00,1002,Pembroke Pines,SKU012,Ice Cream,frozen,frozen,2,5.99,11.98,false
2026-05-24T21:00:00,1002,Pembroke Pines,SKU013,Peanut Butter,grocery,grocery,1,3.49,3.49,false
2026-05-24T21:00:00,1002,Pembroke Pines,SKU014,Pasta,grocery,grocery,1,1.89,1.89,false
2026-05-24T21:00:00,1003,Davie,SKU001,Bananas,produce,produce,7,0.62,4.35,true
2026-05-24T21:00:00,1003,Davie,SKU002,Avocados,produce,produce,2,1.49,2.98,false
2026-05-24T21:00:00,1003,Davie,SKU003,Whole Milk,dairy,dairy,2,3.86,7.72,true
2026-05-24T21:00:00,1003,Davie,SKU004,Greek Yogurt,dairy,dairy,2,1.39,2.78,false
2026-05-24T21:00:00,1003,Davie,SKU005,Chicken Breast,meat,meat,1,8.49,8.49,false
2026-05-24T21:00:00,1003,Davie,SKU006,Ground Beef,meat,meat,1,7.99,7.99,false
2026-05-24T21:00:00,1003,Davie,SKU007,Italian Bread,bakery,bakery,3,3.99,11.97,false
2026-05-24T21:00:00,1003,Davie,SKU008,Croissants,bakery,bakery,1,4.99,4.99,false
2026-05-24T21:00:00,1003,Davie,SKU009,Sparkling Water,beverages,grocery,2,4.94,9.88,true
2026-05-24T21:00:00,1003,Davie,SKU010,Orange Juice,beverages,grocery,2,4.99,9.98,false
2026-05-24T21:00:00,1003,Davie,SKU011,Frozen Pizza,frozen,frozen,2,6.29,12.58,true
2026-05-24T21:00:00,1003,Davie,SKU013,Peanut Butter,grocery,grocery,1,3.49,3.49,false
2026-05-25T06:00:00,1001,Fort Lauderdale East,SKU001,Bananas,produce,produce,13,0.69,8.97,false
2026-05-25T06:00:00,1001,Fort Lauderdale East,SKU002,Avocados,produce,produce,4,1.49,5.96,false
2026-05-25T06:00:00,1001,Fort Lauderdale East,SKU003,Whole Milk,dairy,dairy,4,4.29,17.16,false
2026-05-25T06:00:00,1001,Fort Lauderdale East,SKU004,Greek Yogurt,dairy,dairy,2,1.39,2.78,false
2026-05-25T06:00:00,1001,Fort Lauderdale East,SKU005,Chicken Breast,meat,meat,3,8.49,25.47,false
2026-05-25T06:00:00,1001,Fort Lauderdale East,SKU007,Italian Bread,bakery,bakery,2,3.99,7.98,false
2026-05-25T06:00:00,1001,Fort Lauderdale East,SKU008,Croissants,bakery,bakery,1,4.99,4.99,false
2026-05-25T06:00:00,1001,Fort Lauderdale East,SKU009,Sparkling Water,beverages,grocery,3,5.49,16.47,false
2026-05-25T06:00:00,1001,Fort Lauderdale East,SKU010,Orange Juice,beverages,grocery,3,4.99,14.97,false
2026-05-25T06:00:00,1001,Fort Lauderdale East,SKU011,Frozen Pizza,frozen,frozen,2,6.99,13.98,false
2026-05-25T06:00:00,1001,Fort Lauderdale East,SKU013,Peanut Butter,grocery,grocery,3,3.49,10.47,false
2026-05-25T06:00:00,1001,Fort Lauderdale East,SKU014,Pasta,grocery,grocery,1,1.89,1.89,false
2026-05-25T06:00:00,1002,Pembroke Pines,SKU001,Bananas,produce,produce,14,0.69,9.66,false
2026-05-25T06:00:00,1002,Pembroke Pines,SKU002,Avocados,produce,produce,2,1.49,2.98,false
2026-05-25T06:00:00,1002,Pembroke Pines,SKU003,Whole Milk,dairy,dairy,2,4.29,8.58,false
2026-05-25T06:00:00,1002,Pembroke Pines,SKU004,Greek Yogurt,dairy,dairy,2,1.39,2.78,false
2026-05-25T06:00:00,1002,Pembroke Pines,SKU005,Chicken Breast,meat,meat,1,8.49,8.49,false
2026-05-25T06:00:00,1002,Pembroke Pines,SKU006,Ground Beef,meat,meat,2,7.99,15.98,false
2026-05-25T06:00:00,1002,Pembroke Pines,SKU007,Italian Bread,bakery,bakery,2,3.99,7.98,false
2026-05-25T06:00:00,1002,Pembroke Pines,SKU008,Croissants,bakery,bakery,1,4.99,4.99,false
2026-05-25T06:00:00,1002,Pembroke Pines,SKU009,Sparkling Water,beverages,grocery,3,5.49,16.47,false
2026-05-25T06:00:00,1002,Pembroke Pines,SKU011,Frozen Pizza,frozen,frozen,2,6.99,13.98,false
2026-05-25T06:00:00,1002,Pembroke Pines,SKU013,Peanut Butter,grocery,grocery,2,3.49,6.98,false
2026-05-25T06:00:00,1002,Pembroke Pines,SKU014,Pasta,grocery,grocery,2,1.89,3.78,false
2026-05-25T06:00:00,1002,Pembroke Pines,SKU015,Paper Towels,household,grocery,2,12.99,25.98,false
2026-05-25T06:00:00,1003,Davie,SKU001,Bananas,produce,produce,8,0.69,5.52,false
2026-05-25T06:00:00,1003,Davie,SKU002,Avocados,produce,produce,2,1.49,2.98,false
2026-05-25T06:00:00,1003,Davie,SKU003,Whole Milk,dairy,dairy,3,4.29,12.87,false
2026-05-25T06:00:00,1003,Davie,SKU004,Greek Yogurt,dairy,dairy,2,1.39,2.78,false
2026-05-25T06:00:00,1003,Davie,SKU006,Ground Beef,meat,meat,2,7.99,15.98,false
2026-05-25T06:00:00,1003,Davie,SKU007,Italian Bread,bakery,bakery,1,3.99,3.99,false
2026-05-25T06:00:00,1003,Davie,SKU008,Croissants,bakery,bakery,2,4.99,9.98,false
2026-05-25T06:00:00,1003,Davie,SKU009,Sparkling Water,beverages,grocery,2,5.49,10.98,false
2026-05-25T06:00:00,1003,Davie,SKU010,Orange Juice,beverages,grocery,1,4.99,4.99,false
2026-05-25T06:00:00,1003,Davie,SKU011,Frozen Pizza,frozen,frozen,1,6.99,6.99,false
2026-05-25T06:00:00,1003,Davie,SKU012,Ice Cream,frozen,frozen,1,5.99,5.99,false
2026-05-25T06:00:00,1003,Davie,SKU014,Pasta,grocery,grocery,4,1.89,7.56,false
2026-05-25T07:00:00,1001,Fort Lauderdale East,SKU001,Bananas,produce,produce,10,0.69,6.90,false
2026-05-25T07:00:00,1001,Fort Lauderdale East,SKU002,Avocados,produce,produce,4,1.49,5.96,false
2026-05-25T07:00:00,1001,Fort Lauderdale East,SKU003,Whole Milk,dairy,dairy,2,4.29,8.58,false
2026-05-25T07:00:00,1001,Fort Lauderdale East,SKU004,Greek Yogurt,dairy,dairy,2,1.39,2.78,false
2026-05-25T07:00:00,1001,Fort Lauderdale East,SKU005,Chicken Breast,meat,meat,1,8.49,8.49,false
2026-05-25T07:00:00,1001,Fort Lauderdale East,SKU006,Ground Beef,meat,meat,3,7.99,23.97,false
2026-05-25T07:00:00,1001,Fort Lauderdale East,SKU007,Italian Bread,bakery,bakery,3,3.99,11.97,false
2026-05-25T07:00:00,1001,Fort Lauderdale East,SKU008,Croissants,bakery,bakery,2,4.99,9.98,false
2026-05-25T07:00:00,1001,Fort Lauderdale East,SKU010,Orange Juice,beverages,grocery,2,4.99,9.98,false
2026-05-25T07:00:00,1001,Fort Lauderdale East,SKU011,Frozen Pizza,frozen,frozen,1,6.99,6.99,false
2026-05-25T07:00:00,1001,Fort Lauderdale East,SKU012,Ice Cream,frozen,frozen,1,5.99,5.99,false
2026-05-25T07:00:00,1001,Fort Lauderdale East,SKU014,Pasta,grocery,grocery,1,1.89,1.89,false
2026-05-25T07:00:00,1002,Pembroke Pines,SKU001,Bananas,produce,produce,9,0.69,6.21,false
2026-05-25T07:00:00,1002,Pembroke Pines,SKU002,Avocados,produce,produce,3,1.49,4.47,false
2026-05-25T07:00:00,1002,Pembroke Pines,SKU003,Whole Milk,dairy,dairy,2,4.29,8.58,false
2026-05-25T07:00:00,1002,Pembroke Pines,SKU004,Greek Yogurt,dairy,dairy,3,1.39,4.17,false
2026-05-25T07:00:00,1002,Pembroke Pines,SKU005,Chicken Breast,meat,meat,2,8.49,16.98,false
2026-05-25T07:00:00,1002,Pembroke Pines,SKU006,Ground Beef,meat,meat,2,7.99,15.98,false
2026-05-25T07:00:00,1002,Pembroke Pines,SKU007,Italian Bread,bakery,bakery,2,3.99,7.98,false
2026-05-25T07:00:00,1002,Pembroke Pines,SKU008,Croissants,bakery,bakery,2,4.99,9.98,false
2026-05-25T07:00:00,1002,Pembroke Pines,SKU010,Orange Juice,beverages,grocery,1,4.99,4.99,false
2026-05-25T07:00:00,1002,Pembroke Pines,SKU011,Frozen Pizza,frozen,frozen,2,6.99,13.98,false
2026-05-25T07:00:00,1002,Pembroke Pines,SKU012,Ice Cream,frozen,frozen,1,5.99,5.99,false
2026-05-25T07:00:00,1002,Pembroke Pines,SKU013,Peanut Butter,grocery,grocery,2,3.49,6.98,false
2026-05-25T07:00:00,1002,Pembroke Pines,SKU014,Pasta,grocery,grocery,1,1.89,1.89,false
2026-05-25T07:00:00,1003,Davie,SKU001,Bananas,produce,produce,11,0.69,7.59,false
2026-05-25T07:00:00,1003,Davie,SKU002,Avocados,produce,produce,3,1.49,4.47,false
2026-05-25T07:00:00,1003,Davie,SKU003,Whole Milk,dairy,dairy,4,4.29,17.16,false
2026-05-25T07:00:00,1003,Davie,SKU004,Greek Yogurt,dairy,dairy,4,1.39,5.56,false
2026-05-25T07:00:00,1003,Davie,SKU005,Chicken Breast,meat,meat,3,8.49,25.47,false
2026-05-25T07:00:00,1003,Davie,SKU006,Ground Beef,meat,meat,4,7.99,31.96,false
2026-05-25T07:00:00,1003,Davie,SKU009,Sparkling Water,beverages,grocery,1,5.49,5.49,false
2026-05-25T07:00:00,1003,Davie,SKU010,Orange Juice,beverages,grocery,1,4.99,4.99,false
2026-05-25T07:00:00,1003,Davie,SKU011,Frozen Pizza,frozen,frozen,1,6.99,6.99,false
2026-05-25T07:00:00,1003,Davie,SKU013,Peanut Butter,grocery,grocery,2,3.49,6.98,false
2026-05-25T07:00:00,1003,Davie,SKU014,Pasta,grocery,grocery,2,1.89,3.78,false
2026-05-25T07:00:00,1003,Davie,SKU015,Paper Towels,household,grocery,1,12.99,12.99,false
2026-05-25T08:00:00,1001,Fort Lauderdale East,SKU001,Bananas,produce,produce,7,0.69,4.83,false
2026-05-25T08:00:00,1001,Fort Lauderdale East,SKU002,Avocados,produce,produce,4,1.49,5.96,false
2026-05-25T08:00:00,1001,Fort Lauderdale East,SKU003,Whole Milk,dairy,dairy,4,4.29,17.16,false
2026-05-25T08:00:00,1001,Fort Lauderdale East,SKU004,Greek Yogurt,dairy,dairy,3,1.39,4.17,false
2026-05-25T08:00:00,1001,Fort Lauderdale East,SKU005,Chicken Breast,meat,meat,2,8.49,16.98,false
2026-05-25T08:00:00,1001,Fort Lauderdale East,SKU006,Ground Beef,meat,meat,3,7.99,23.97,false
2026-05-25T08:00:00,1001,Fort Lauderdale East,SKU007,Italian Bread,bakery,bakery,1,3.99,3.99,false
2026-05-25T08:00:00,1001,Fort Lauderdale East,SKU008,Croissants,bakery,bakery,1,4.99,4.99,false
2026-05-25T08:00:00,1001,Fort Lauderdale East,SKU009,Sparkling Water,beverages,grocery,2,5.49,10.98,false
2026-05-25T08:00:00,1001,Fort Lauderdale East,SKU010,Orange Juice,beverages,grocery,2,4.99,9.98,false
2026-05-25T08:00:00,1001,Fort Lauderdale East,SKU011,Frozen Pizza,frozen,frozen,2,6.99,13.98,false
2026-05-25T08:00:00,1001,Fort Lauderdale East,SKU012,Ice Cream,frozen,frozen,1,5.99,5.99,false
2026-05-25T08:00:00,1002,Pembroke Pines,SKU001,Bananas,produce,produce,11,0.69,7.59,false
2026-05-25T08:00:00,1002,Pembroke Pines,SKU002,Avocados,produce,produce,4,1.49,5.96,false
2026-05-25T08:00:00,1002,Pembroke Pines,SKU003,Whole Milk,dairy,dairy,1,4.29,4.29,false
2026-05-25T08:00:00,1002,Pembroke Pines,SKU004,Greek Yogurt,dairy,dairy,3,1.39,4.17,false
2026-05-25T08:00:00,1002,Pembroke Pines,SKU005,Chicken Breast,meat,meat,2,8.49,16.98,false
2026-05-25T08:00:00,1002,Pembroke Pines,SKU007,Italian Bread,bakery,bakery,4,3.99,15.96,false
2026-05-25T08:00:00,1002,Pembroke Pines,SKU008,Croissants,bakery,bakery,1,4.99,4.99,false
2026-05-25T08:00:00,1002,Pembroke Pines,SKU009,Sparkling Water,beverages,grocery,2,5.49,10.98,false
2026-05-25T08:00:00,1002,Pembroke Pines,SKU010,Orange Juice,beverages,grocery,4,4.99,19.96,false
2026-05-25T08:00:00,1002,Pembroke Pines,SKU013,Peanut Butter,grocery,grocery,2,3.49,6.98,false
2026-05-25T08:00:00,1003,Davie,SKU001,Bananas,produce,produce,9,0.69,6.21,false
2026-05-25T08:00:00,1003,Davie,SKU002,Avocados,produce,produce,4,1.49,5.96,false
2026-05-25T08:00:00,1003,Davie,SKU003,Whole Milk,dairy,dairy,3,4.29,12.87,false
2026-05-25T08:00:00,1003,Davie,SKU004,Greek Yogurt,dairy,dairy,1,1.39,1.39,false
2026-05-25T08:00:00,1003,Davie,SKU005,Chicken Breast,meat,meat,3,8.49,25.47,false
2026-05-25T08:00:00,1003,Davie,SKU006,Ground Beef,meat,meat,2,7.99,15.98,false
2026-05-25T08:00:00,1003,Davie,SKU007,Italian Bread,bakery,bakery,1,3.99,3.99,false
2026-05-25T08:00:00,1003,Davie,SKU009,Sparkling Water,beverages,grocery,1,5.49,5.49,false
2026-05-25T08:00:00,1003,Davie,SKU011,Frozen Pizza,frozen,frozen,2,6.99,13.98,false
2026-05-25T08:00:00,1003,Davie,SKU012,Ice Cream,frozen,frozen,1,5.99,5.99,false
2026-05-25T09:00:00,1001,Fort Lauderdale East,SKU001,Bananas,produce,produce,14,0.69,9.66,false
2026-05-25T09:00:00,1001,Fort Lauderdale East,SKU002,Avocados,produce,produce,4,1.49,5.96,false
2026-05-25T09:00:00,1001,Fort Lauderdale East,SKU003,Whole Milk,dairy,dairy,1,4.29,4.29,false
2026-05-25T09:00:00,1001,Fort Lauderdale East,SKU004,Greek Yogurt,dairy,dairy,1,1.39,1.39,false
2026-05-25T09:00:00,1001,Fort Lauderdale East,SKU005,Chicken Breast,meat,meat,3,8.49,25.47,false
2026-05-25T09:00:00,1001,Fort Lauderdale East,SKU006,Ground Beef,meat,meat,1,7.99,7.99,false
2026-05-25T09:00:00,1001,Fort Lauderdale East,SKU007,Italian Bread,bakery,bakery,1,3.99,3.99,false
2026-05-25T09:00:00,1001,Fort Lauderdale East,SKU010,Orange Juice,beverages,grocery,2,4.99,9.98,false
2026-05-25T09:00:00,1001,Fort Lauderdale East,SKU011,Frozen Pizza,frozen,frozen,1,6.99,6.99,false
2026-05-25T09:00:00,1001,Fort Lauderdale East,SKU012,Ice Cream,frozen,frozen,2,5.99,11.98,false
2026-05-25T09:00:00,1001,Fort Lauderdale East,SKU013,Peanut Butter,grocery,grocery,1,3.49,3.49,false
2026-05-25T09:00:00,1001,Fort Lauderdale East,SKU015,Paper Towels,household,grocery,1,12.99,12.99,false
2026-05-25T09:00:00,1002,Pembroke Pines,SKU001,Bananas,produce,produce,12,0.69,8.28,false
2026-05-25T09:00:00,1002,Pembroke Pines,SKU002,Avocados,produce,produce,2,1.49,2.98,false
2026-05-25T09:00:00,1002,Pembroke Pines,SKU003,Whole Milk,dairy,dairy,1,4.29,4.29,false
2026-05-25T09:00:00,1002,Pembroke Pines,SKU004,Greek Yogurt,dairy,dairy,2,1.39,2.78,false
2026-05-25T09:00:00,1002,Pembroke Pines,SKU006,Ground Beef,meat,meat,3,7.99,23.97,false
2026-05-25T09:00:00,1002,Pembroke Pines,SKU008,Croissants,bakery,bakery,1,4.99,4.99,false
2026-05-25T09:00:00,1002,Pembroke Pines,SKU009,Sparkling Water,beverages,grocery,3,5.49,16.47,false
2026-05-25T09:00:00,1002,Pembroke Pines,SKU010,Orange Juice,beverages,grocery,2,4.99,9.98,false
2026-05-25T09:00:00,1002,Pembroke Pines,SKU015,Paper Towels,household,grocery,2,12.99,25.98,false
2026-05-25T09:00:00,1003,Davie,SKU001,Bananas,produce,produce,9,0.69,6.21,false
2026-05-25T09:00:00,1003,Davie,SKU002,Avocados,produce,produce,2,1.49,2.98,false
2026-05-25T09:00:00,1003,Davie,SKU003,Whole Milk,dairy,dairy,4,4.29,17.16,false
2026-05-25T09:00:00,1003,Davie,SKU004,Greek Yogurt,dairy,dairy,3,1.39,4.17,false
2026-05-25T09:00:00,1003,Davie,SKU005,Chicken Breast,meat,meat,2,8.49,16.98,false
2026-05-25T09:00:00,1003,Davie,SKU006,Ground Beef,meat,meat,2,7.99,15.98,false
2026-05-25T09:00:00,1003,Davie,SKU007,Italian Bread,bakery,bakery,2,3.99,7.98,false
2026-05-25T09:00:00,1003,Davie,SKU009,Sparkling Water,beverages,grocery,1,5.49,5.49,false
2026-05-25T09:00:00,1003,Davie,SKU013,Peanut Butter,grocery,grocery,1,3.49,3.49,false
2026-05-25T09:00:00,1003,Davie,SKU014,Pasta,grocery,grocery,1,1.89,1.89,false
2026-05-25T10:00:00,1001,Fort Lauderdale East,SKU001,Bananas,produce,produce,8,0.69,5.52,false
2026-05-25T10:00:00,1001,Fort Lauderdale East,SKU002,Avocados,produce,produce,3,1.49,4.47,false
2026-05-25T10:00:00,1001,Fort Lauderdale East,SKU003,Whole Milk,dairy,dairy,3,4.29,12.87,false
2026-05-25T10:00:00,1001,Fort Lauderdale East,SKU004,Greek Yogurt,dairy,dairy,2,1.39,2.78,false
2026-05-25T10:00:00,1001,Fort Lauderdale East,SKU006,Ground Beef,meat,meat,3,7.99,23.97,false
2026-05-25T10:00:00,1001,Fort Lauderdale East,SKU007,Italian Bread,bakery,bakery,4,3.99,15.96,false
2026-05-25T10:00:00,1001,Fort Lauderdale East,SKU008,Croissants,bakery,bakery,3,4.99,14.97,false
2026-05-25T10:00:00,1001,Fort Lauderdale East,SKU009,Sparkling Water,beverages,grocery,2,5.49,10.98,false
2026-05-25T10:00:00,1001,Fort Lauderdale East,SKU010,Orange Juice,beverages,grocery,2,4.99,9.98,false
2026-05-25T10:00:00,1001,Fort Lauderdale East,SKU012,Ice Cream,frozen,frozen,1,5.99,5.99,false
2026-05-25T10:00:00,1001,Fort Lauderdale East,SKU014,Pasta,grocery,grocery,1,1.89,1.89,false
2026-05-25T10:00:00,1002,Pembroke Pines,SKU001,Bananas,produce,produce,10,0.69,6.90,false
2026-05-25T10:00:00,1002,Pembroke Pines,SKU002,Avocados,produce,produce,3,1.49,4.47,false
2026-05-25T10:00:00,1002,Pembroke Pines,SKU003,Whole Milk,dairy,dairy,3,4.29,12.87,false
2026-05-25T10:00:00,1002,Pembroke Pines,SKU004,Greek Yogurt,dairy,dairy,2,1.39,2.78,false
2026-05-25T10:00:00,1002,Pembroke Pines,SKU005,Chicken Breast,meat,meat,1,8.49,8.49,false
2026-05-25T10:00:00,1002,Pembroke Pines,SKU006,Ground Beef,meat,meat,2,7.99,15.98,false
2026-05-25T10:00:00,1002,Pembroke Pines,SKU008,Croissants,bakery,bakery,1,4.99,4.99,false
2026-05-25T10:00:00,1002,Pembroke Pines,SKU009,Sparkling Water,beverages,grocery,1,5.49,5.49,false
2026-05-25T10:00:00,1002,Pembroke Pines,SKU010,Orange Juice,beverages,grocery,2,4.99,9.98,false
2026-05-25T10:00:00,1002,Pembroke Pines,SKU011,Frozen Pizza,frozen,frozen,1,6.99,6.99,false
2026-05-25T10:00:00,1002,Pembroke Pines,SKU012,Ice Cream,frozen,frozen,1,5.99,5.99,false
2026-05-25T10:00:00,1002,Pembroke Pines,SKU013,Peanut Butter,grocery,grocery,1,3.49,3.49,false
2026-05-25T10:00:00,1003,Davie,SKU001,Bananas,produce,produce,9,0.69,6.21,false
2026-05-25T10:00:00,1003,Davie,SKU002,Avocados,produce,produce,4,1.49,5.96,false
2026-05-25T10:00:00,1003,Davie,SKU003,Whole Milk,dairy,dairy,3,4.29,12.87,false
2026-05-25T10:00:00,1003,Davie,SKU004,Greek Yogurt,dairy,dairy,3,1.39,4.17,false
2026-05-25T10:00:00,1003,Davie,SKU005,Chicken Breast,meat,meat,2,8.49,16.98,false
2026-05-25T10:00:00,1003,Davie,SKU006,Ground Beef,meat,meat,2,7.99,15.98,false
2026-05-25T10:00:00,1003,Davie,SKU007,Italian Bread,bakery,bakery,1,3.99,3.99,false
2026-05-25T10:00:00,1003,Davie,SKU008,Croissants,bakery,bakery,1,4.99,4.99,false
2026-05-25T10:00:00,1003,Davie,SKU010,Orange Juice,beverages,grocery,1,4.99,4.99,false
2026-05-25T10:00:00,1003,Davie,SKU011,Frozen Pizza,frozen,frozen,1,6.99,6.99,false
2026-05-25T10:00:00,1003,Davie,SKU013,Peanut Butter,grocery,grocery,1,3.49,3.49,false
2026-05-25T10:00:00,1003,Davie,SKU015,Paper Towels,household,grocery,1,12.99,12.99,false
2026-05-25T11:00:00,1001,Fort Lauderdale East,SKU001,Bananas,produce,produce,15,0.69,10.35,false
2026-05-25T11:00:00,1001,Fort Lauderdale East,SKU002,Avocados,produce,produce,6,1.49,8.94,false
2026-05-25T11:00:00,1001,Fort Lauderdale East,SKU003,Whole Milk,dairy,dairy,4,4.29,17.16,false
2026-05-25T11:00:00,1001,Fort Lauderdale East,SKU004,Greek Yogurt,dairy,dairy,3,1.39,4.17,false
2026-05-25T11:00:00,1001,Fort Lauderdale East,SKU005,Chicken Breast,meat,meat,4,8.49,33.96,false
2026-05-25T11:00:00,1001,Fort Lauderdale East,SKU006,Ground Beef,meat,meat,2,7.99,15.98,false
2026-05-25T11:00:00,1001,Fort Lauderdale East,SKU007,Italian Bread,bakery,bakery,5,3.99,19.95,false
2026-05-25T11:00:00,1001,Fort Lauderdale East,SKU008,Croissants,bakery,bakery,1,4.99,4.99,false
2026-05-25T11:00:00,1001,Fort Lauderdale East,SKU009,Sparkling Water,beverages,grocery,2,5.49,10.98,false
2026-05-25T11:00:00,1001,Fort Lauderdale East,SKU010,Orange Juice,beverages,grocery,1,4.99,4.99,false
2026-05-25T11:00:00,1001,Fort Lauderdale East,SKU011,Frozen Pizza,frozen,frozen,1,6.99,6.99,false
2026-05-25T11:00:00,1001,Fort Lauderdale East,SKU012,Ice Cream,frozen,frozen,1,5.99,5.99,false
2026-05-25T11:00:00,1001,Fort Lauderdale East,SKU013,Peanut Butter,grocery,grocery,1,3.49,3.49,false
2026-05-25T11:00:00,1001,Fort Lauderdale East,SKU014,Pasta,grocery,grocery,2,1.89,3.78,false
2026-05-25T11:00:00,1002,Pembroke Pines,SKU001,Bananas,produce,produce,15,0.69,10.35,false
2026-05-25T11:00:00,1002,Pembroke Pines,SKU002,Avocados,produce,produce,3,1.49,4.47,false
2026-05-25T11:00:00,1002,Pembroke Pines,SKU003,Whole Milk,dairy,dairy,3,4.29,12.87,false
2026-05-25T11:00:00,1002,Pembroke Pines,SKU004,Greek Yogurt,dairy,dairy,4,1.39,5.56,false
2026-05-25T11:00:00,1002,Pembroke Pines,SKU005,Chicken Breast,meat,meat,3,8.49,25.47,false
2026-05-25T11:00:00,1002,Pembroke Pines,SKU006,Ground Beef,meat,meat,3,7.99,23.97,false
2026-05-25T11:00:00,1002,Pembroke Pines,SKU007,Italian Bread,bakery,bakery,3,3.99,11.97,false
2026-05-25T11:00:00,1002,Pembroke Pines,SKU008,Croissants,bakery,bakery,2,4.99,9.98,false
2026-05-25T11:00:00,1002,Pembroke Pines,SKU009,Sparkling Water,beverages,grocery,2,5.49,10.98,false
2026-05-25T11:00:00,1002,Pembroke Pines,SKU010,Orange Juice,beverages,grocery,4,4.99,19.96,false
2026-05-25T11:00:00,1002,Pembroke Pines,SKU012,Ice Cream,frozen,frozen,1,5.99,5.99,false
2026-05-25T11:00:00,1002,Pembroke Pines,SKU013,Peanut Butter,grocery,grocery,2,3.49,6.98,false
2026-05-25T11:00:00,1002,Pembroke Pines,SKU014,Pasta,grocery,grocery,2,1.89,3.78,false
2026-05-25T11:00:00,1002,Pembroke Pines,SKU015,Paper Towels,household,grocery,1,12.99,12.99,false
2026-05-25T11:00:00,1003,Davie,SKU001,Bananas,produce,produce,18,0.69,12.42,false
2026-05-25T11:00:00,1003,Davie,SKU002,Avocados,produce,produce,4,1.49,5.96,false
2026-05-25T11:00:00,1003,Davie,SKU003,Whole Milk,dairy,dairy,2,4.29,8.58,false
2026-05-25T11:00:00,1003,Davie,SKU004,Greek Yogurt,dairy,dairy,4,1.39,5.56,false
2026-05-25T11:00:00,1003,Davie,SKU005,Chicken Breast,meat,meat,3,8.49,25.47,false
2026-05-25T11:00:00,1003,Davie,SKU006,Ground Beef,meat,meat,2,7.99,15.98,false
2026-05-25T11:00:00,1003,Davie,SKU007,Italian Bread,bakery,bakery,3,3.99,11.97,false
2026-05-25T11:00:00,1003,Davie,SKU008,Croissants,bakery,bakery,1,4.99,4.99,false
2026-05-25T11:00:00,1003,Davie,SKU009,Sparkling Water,beverages,grocery,3,5.49,16.47,false
2026-05-25T11:00:00,1003,Davie,SKU010,Orange Juice,beverages,grocery,3,4.99,14.97,false
2026-05-25T11:00:00,1003,Davie,SKU011,Frozen Pizza,frozen,frozen,2,6.99,13.98,false
2026-05-25T11:00:00,1003,Davie,SKU012,Ice Cream,frozen,frozen,2,5.99,11.98,false
2026-05-25T11:00:00,1003,Davie,SKU013,Peanut Butter,grocery,grocery,1,3.49,3.49,false
2026-05-25T11:00:00,1003,Davie,SKU014,Pasta,grocery,grocery,2,1.89,3.78,false
2026-05-25T12:00:00,1001,Fort Lauderdale East,SKU001,Bananas,produce,produce,10,0.69,6.90,false
2026-05-25T12:00:00,1001,Fort Lauderdale East,SKU002,Avocados,produce,produce,5,1.49,7.45,false
2026-05-25T12:00:00,1001,Fort Lauderdale East,SKU003,Whole Milk,dairy,dairy,4,4.29,17.16,false
2026-05-25T12:00:00,1001,Fort Lauderdale East,SKU004,Greek Yogurt,dairy,dairy,3,1.39,4.17,false
2026-05-25T12:00:00,1001,Fort Lauderdale East,SKU005,Chicken Breast,meat,meat,4,8.49,33.96,false
2026-05-25T12:00:00,1001,Fort Lauderdale East,SKU006,Ground Beef,meat,meat,2,7.99,15.98,false
2026-05-25T12:00:00,1001,Fort Lauderdale East,SKU007,Italian Bread,bakery,bakery,3,3.99,11.97,false
2026-05-25T12:00:00,1001,Fort Lauderdale East,SKU008,Croissants,bakery,bakery,2,4.99,9.98,false
2026-05-25T12:00:00,1001,Fort Lauderdale East,SKU009,Sparkling Water,beverages,grocery,2,5.49,10.98,false
2026-05-25T12:00:00,1001,Fort Lauderdale East,SKU010,Orange Juice,beverages,grocery,2,4.99,9.98,false
2026-05-25T12:00:00,1001,Fort Lauderdale East,SKU011,Frozen Pizza,frozen,frozen,1,6.99,6.99,false
2026-05-25T12:00:00,1001,Fort Lauderdale East,SKU012,Ice Cream,frozen,frozen,3,5.99,17.97,false
2026-05-25T12:00:00,1001,Fort Lauderdale East,SKU013,Peanut Butter,grocery,grocery,2,3.49,6.98,false
2026-05-25T12:00:00,1001,Fort Lauderdale East,SKU014,Pasta,grocery,grocery,2,1.89,3.78,false
2026-05-25T12:00:00,1002,Pembroke Pines,SKU001,Bananas,produce,produce,7,0.69,4.83,false
2026-05-25T12:00:00,1002,Pembroke Pines,SKU002,Avocados,produce,produce,4,1.49,5.96,false
2026-05-25T12:00:00,1002,Pembroke Pines,SKU003,Whole Milk,dairy,dairy,4,4.29,17.16,false
2026-05-25T12:00:00,1002,Pembroke Pines,SKU004,Greek Yogurt,dairy,dairy,4,1.39,5.56,false
2026-05-25T12:00:00,1002,Pembroke Pines,SKU005,Chicken Breast,meat,meat,4,8.49,33.96,false
2026-05-25T12:00:00,1002,Pembroke Pines,SKU006,Ground Beef,meat,meat,3,7.99,23.97,false
2026-05-25T12:00:00,1002,Pembroke Pines,SKU007,Italian Bread,bakery,bakery,2,3.99,7.98,false
2026-05-25T12:00:00,1002,Pembroke Pines,SKU008,Croissants,bakery,bakery,2,4.99,9.98,false
2026-05-25T12:00:00,1002,Pembroke Pines,SKU009,Sparkling Water,beverages,grocery,2,5.49,10.98,false
2026-05-25T12:00:00,1002,Pembroke Pines,SKU010,Orange Juice,beverages,grocery,2,4.99,9.98,false
2026-05-25T12:00:00,1002,Pembroke Pines,SKU012,Ice Cream,frozen,frozen,2,5.99,11.98,false
2026-05-25T12:00:00,1002,Pembroke Pines,SKU013,Peanut Butter,grocery,grocery,1,3.49,3.49,false
2026-05-25T12:00:00,1002,Pembroke Pines,SKU014,Pasta,grocery,grocery,2,1.89,3.78,false
2026-05-25T12:00:00,1003,Davie,SKU001,Bananas,produce,produce,9,0.69,6.21,false
2026-05-25T12:00:00,1003,Davie,SKU002,Avocados,produce,produce,9,1.49,13.41,false
2026-05-25T12:00:00,1003,Davie,SKU003,Whole Milk,dairy,dairy,3,4.29,12.87,false
2026-05-25T12:00:00,1003,Davie,SKU004,Greek Yogurt,dairy,dairy,3,1.39,4.17,false
2026-05-25T12:00:00,1003,Davie,SKU005,Chicken Breast,meat,meat,3,8.49,25.47,false
2026-05-25T12:00:00,1003,Davie,SKU006,Ground Beef,meat,meat,1,7.99,7.99,false
2026-05-25T12:00:00,1003,Davie,SKU007,Italian Bread,bakery,bakery,4,3.99,15.96,false
2026-05-25T12:00:00,1003,Davie,SKU008,Croissants,bakery,bakery,2,4.99,9.98,false
2026-05-25T12:00:00,1003,Davie,SKU009,Sparkling Water,beverages,grocery,2,5.49,10.98,false
2026-05-25T12:00:00,1003,Davie,SKU010,Orange Juice,beverages,grocery,4,4.99,19.96,false
2026-05-25T12:00:00,1003,Davie,SKU011,Frozen Pizza,frozen,frozen,1,6.99,6.99,false
2026-05-25T12:00:00,1003,Davie,SKU012,Ice Cream,frozen,frozen,1,5.99,5.99,false
2026-05-25T12:00:00,1003,Davie,SKU013,Peanut Butter,grocery,grocery,1,3.49,3.49,false
2026-05-25T12:00:00,1003,Davie,SKU015,Paper Towels,household,grocery,1,12.99,12.99,false
2026-05-25T13:00:00,1001,Fort Lauderdale East,SKU001,Bananas,produce,produce,11,0.69,7.59,false
2026-05-25T13:00:00,1001,Fort Lauderdale East,SKU002,Avocados,produce,produce,4,1.49,5.96,false
2026-05-25T13:00:00,1001,Fort Lauderdale East,SKU003,Whole Milk,dairy,dairy,4,4.29,17.16,false
2026-05-25T13:00:00,1001,Fort Lauderdale East,SKU004,Greek Yogurt,dairy,dairy,3,1.39,4.17,false
2026-05-25T13:00:00,1001,Fort Lauderdale East,SKU005,Chicken Breast,meat,meat,2,8.49,16.98,false
2026-05-25T13:00:00,1001,Fort Lauderdale East,SKU006,Ground Beef,meat,meat,1,7.99,7.99,false
2026-05-25T13:00:00,1001,Fort Lauderdale East,SKU007,Italian Bread,bakery,bakery,3,3.99,11.97,false
2026-05-25T13:00:00,1001,Fort Lauderdale East,SKU009,Sparkling Water,beverages,grocery,3,5.49,16.47,false
2026-05-25T13:00:00,1001,Fort Lauderdale East,SKU010,Orange Juice,beverages,grocery,1,4.99,4.99,false
2026-05-25T13:00:00,1001,Fort Lauderdale East,SKU011,Frozen Pizza,frozen,frozen,2,6.99,13.98,false
2026-05-25T13:00:00,1001,Fort Lauderdale East,SKU012,Ice Cream,frozen,frozen,3,5.99,17.97,false
2026-05-25T13:00:00,1002,Pembroke Pines,SKU001,Bananas,produce,produce,13,0.69,8.97,false
2026-05-25T13:00:00,1002,Pembroke Pines,SKU002,Avocados,produce,produce,3,1.49,4.47,false
2026-05-25T13:00:00,1002,Pembroke Pines,SKU003,Whole Milk,dairy,dairy,5,4.29,21.45,false
2026-05-25T13:00:00,1002,Pembroke Pines,SKU005,Chicken Breast,meat,meat,2,8.49,16.98,false
2026-05-25T13:00:00,1002,Pembroke Pines,SKU006,Ground Beef,meat,meat,1,7.99,7.99,false
2026-05-25T13:00:00,1002,Pembroke Pines,SKU007,Italian Bread,bakery,bakery,2,3.99,7.98,false
2026-05-25T13:00:00,1002,Pembroke Pines,SKU009,Sparkling Water,beverages,grocery,1,5.49,5.49,false
2026-05-25T13:00:00,1002,Pembroke Pines,SKU011,Frozen Pizza,frozen,frozen,1,6.99,6.99,false
2026-05-25T13:00:00,1002,Pembroke Pines,SKU014,Pasta,grocery,grocery,1,1.89,1.89,false
2026-05-25T13:00:00,1003,Davie,SKU001,Bananas,produce,produce,11,0.69,7.59,false
2026-05-25T13:00:00,1003,Davie,SKU002,Avocados,produce,produce,2,1.49,2.98,false
2026-05-25T13:00:00,1003,Davie,SKU003,Whole Milk,dairy,dairy,3,4.29,12.87,false
2026-05-25T13:00:00,1003,Davie,SKU004,Greek Yogurt,dairy,dairy,2,1.39,2.78,false
2026-05-25T13:00:00,1003,Davie,SKU005,Chicken Breast,meat,meat,2,8.49,16.98,false
2026-05-25T13:00:00,1003,Davie,SKU006,Ground Beef,meat,meat,1,7.99,7.99,false
2026-05-25T13:00:00,1003,Davie,SKU007,Italian Bread,bakery,bakery,2,3.99,7.98,false
2026-05-25T13:00:00,1003,Davie,SKU008,Croissants,bakery,bakery,2,4.99,9.98,false
2026-05-25T13:00:00,1003,Davie,SKU009,Sparkling Water,beverages,grocery,1,5.49,5.49,false
2026-05-25T13:00:00,1003,Davie,SKU010,Orange Juice,beverages,grocery,2,4.99,9.98,false
2026-05-25T13:00:00,1003,Davie,SKU012,Ice Cream,frozen,frozen,3,5.99,17.97,false
2026-05-25T13:00:00,1003,Davie,SKU013,Peanut Butter,grocery,grocery,1,3.49,3.49,false
2026-05-25T14:00:00,1001,Fort Lauderdale East,SKU001,Bananas,produce,produce,6,0.69,4.14,false
2026-05-25T14:00:00,1001,Fort Lauderdale East,SKU002,Avocados,produce,produce,4,1.49,5.96,false
2026-05-25T14:00:00,1001,Fort Lauderdale East,SKU003,Whole Milk,dairy,dairy,3,4.29,12.87,false
2026-05-25T14:00:00,1001,Fort Lauderdale East,SKU004,Greek Yogurt,dairy,dairy,3,1.39,4.17,false
2026-05-25T14:00:00,1001,Fort Lauderdale East,SKU005,Chicken Breast,meat,meat,1,8.49,8.49,false
2026-05-25T14:00:00,1001,Fort Lauderdale East,SKU006,Ground Beef,meat,meat,2,7.99,15.98,false
2026-05-25T14:00:00,1001,Fort Lauderdale East,SKU007,Italian Bread,bakery,bakery,1,3.99,3.99,false
2026-05-25T14:00:00,1001,Fort Lauderdale East,SKU008,Croissants,bakery,bakery,1,4.99,4.99,false
2026-05-25T14:00:00,1001,Fort Lauderdale East,SKU009,Sparkling Water,beverages,grocery,1,5.49,5.49,false
2026-05-25T14:00:00,1001,Fort Lauderdale East,SKU010,Orange Juice,beverages,grocery,3,4.99,14.97,false
2026-05-25T14:00:00,1001,Fort Lauderdale East,SKU012,Ice Cream,frozen,frozen,2,5.99,11.98,false
2026-05-25T14:00:00,1002,Pembroke Pines,SKU001,Bananas,produce,produce,12,0.69,8.28,false
2026-05-25T14:00:00,1002,Pembroke Pines,SKU002,Avocados,produce,produce,4,1.49,5.96,false
2026-05-25T14:00:00,1002,Pembroke Pines,SKU003,Whole Milk,dairy,dairy,3,4.29,12.87,false
2026-05-25T14:00:00,1002,Pembroke Pines,SKU004,Greek Yogurt,dairy,dairy,2,1.39,2.78,false
2026-05-25T14:00:00,1002,Pembroke Pines,SKU005,Chicken Breast,meat,meat,1,8.49,8.49,false
2026-05-25T14:00:00,1002,Pembroke Pines,SKU006,Ground Beef,meat,meat,3,7.99,23.97,false
2026-05-25T14:00:00,1002,Pembroke Pines,SKU007,Italian Bread,bakery,bakery,3,3.99,11.97,false
2026-05-25T14:00:00,1002,Pembroke Pines,SKU008,Croissants,bakery,bakery,1,4.99,4.99,false
2026-05-25T14:00:00,1002,Pembroke Pines,SKU009,Sparkling Water,beverages,grocery,1,5.49,5.49,false
2026-05-25T14:00:00,1002,Pembroke Pines,SKU010,Orange Juice,beverages,grocery,2,4.99,9.98,false
2026-05-25T14:00:00,1002,Pembroke Pines,SKU011,Frozen Pizza,frozen,frozen,1,6.99,6.99,false
2026-05-25T14:00:00,1002,Pembroke Pines,SKU012,Ice Cream,frozen,frozen,1,5.99,5.99,false
2026-05-25T14:00:00,1003,Davie,SKU001,Bananas,produce,produce,11,0.69,7.59,false
2026-05-25T14:00:00,1003,Davie,SKU002,Avocados,produce,produce,3,1.49,4.47,false
2026-05-25T14:00:00,1003,Davie,SKU003,Whole Milk,dairy,dairy,2,4.29,8.58,false
2026-05-25T14:00:00,1003,Davie,SKU004,Greek Yogurt,dairy,dairy,1,1.39,1.39,false
2026-05-25T14:00:00,1003,Davie,SKU006,Ground Beef,meat,meat,3,7.99,23.97,false
2026-05-25T14:00:00,1003,Davie,SKU007,Italian Bread,bakery,bakery,2,3.99,7.98,false
2026-05-25T14:00:00,1003,Davie,SKU008,Croissants,bakery,bakery,2,4.99,9.98,false
2026-05-25T14:00:00,1003,Davie,SKU009,Sparkling Water,beverages,grocery,1,5.49,5.49,false
2026-05-25T14:00:00,1003,Davie,SKU010,Orange Juice,beverages,grocery,3,4.99,14.97,false
2026-05-25T14:00:00,1003,Davie,SKU011,Frozen Pizza,frozen,frozen,1,6.99,6.99,false
2026-05-25T14:00:00,1003,Davie,SKU012,Ice Cream,frozen,frozen,2,5.99,11.98,false
2026-05-25T14:00:00,1003,Davie,SKU013,Peanut Butter,grocery,grocery,1,3.49,3.49,false
2026-05-25T14:00:00,1003,Davie,SKU014,Pasta,grocery,grocery,1,1.89,1.89,false
2026-05-25T15:00:00,1001,Fort Lauderdale East,SKU001,Bananas,produce,produce,10,0.69,6.90,false
2026-05-25T15:00:00,1001,Fort Lauderdale East,SKU002,Avocados,produce,produce,4,1.49,5.96,false
2026-05-25T15:00:00,1001,Fort Lauderdale East,SKU003,Whole Milk,dairy,dairy,4,4.29,17.16,false
2026-05-25T15:00:00,1001,Fort Lauderdale East,SKU004,Greek Yogurt,dairy,dairy,4,1.39,5.56,false
2026-05-25T15:00:00,1001,Fort Lauderdale East,SKU005,Chicken Breast,meat,meat,2,8.49,16.98,false
2026-05-25T15:00:00,1001,Fort Lauderdale East,SKU006,Ground Beef,meat,meat,3,7.99,23.97,false
2026-05-25T15:00:00,1001,Fort Lauderdale East,SKU008,Croissants,bakery,bakery,1,4.99,4.99,false
2026-05-25T15:00:00,1001,Fort Lauderdale East,SKU009,Sparkling Water,beverages,grocery,2,5.49,10.98,false
2026-05-25T15:00:00,1001,Fort Lauderdale East,SKU010,Orange Juice,beverages,grocery,2,4.99,9.98,false
2026-05-25T15:00:00,1001,Fort Lauderdale East,SKU011,Frozen Pizza,frozen,frozen,1,6.99,6.99,false
2026-05-25T15:00:00,1001,Fort Lauderdale East,SKU012,Ice Cream,frozen,frozen,1,5.99,5.99,false
2026-05-25T15:00:00,1001,Fort Lauderdale East,SKU015,Paper Towels,household,grocery,2,12.99,25.98,false
2026-05-25T15:00:00,1002,Pembroke Pines,SKU001,Bananas,produce,produce,12,0.69,8.28,false
2026-05-25T15:00:00,1002,Pembroke Pines,SKU002,Avocados,produce,produce,4,1.49,5.96,false
2026-05-25T15:00:00,1002,Pembroke Pines,SKU003,Whole Milk,dairy,dairy,3,4.29,12.87,false
2026-05-25T15:00:00,1002,Pembroke Pines,SKU004,Greek Yogurt,dairy,dairy,1,1.39,1.39,false
2026-05-25T15:00:00,1002,Pembroke Pines,SKU005,Chicken Breast,meat,meat,2,8.49,16.98,false
2026-05-25T15:00:00,1002,Pembroke Pines,SKU006,Ground Beef,meat,meat,1,7.99,7.99,false
2026-05-25T15:00:00,1002,Pembroke Pines,SKU007,Italian Bread,bakery,bakery,2,3.99,7.98,false
2026-05-25T15:00:00,1002,Pembroke Pines,SKU008,Croissants,bakery,bakery,1,4.99,4.99,false
2026-05-25T15:00:00,1002,Pembroke Pines,SKU011,Frozen Pizza,frozen,frozen,1,6.99,6.99,false
2026-05-25T15:00:00,1002,Pembroke Pines,SKU013,Peanut Butter,grocery,grocery,1,3.49,3.49,false
2026-05-25T15:00:00,1002,Pembroke Pines,SKU014,Pasta,grocery,grocery,1,1.89,1.89,false
2026-05-25T15:00:00,1003,Davie,SKU001,Bananas,produce,produce,5,0.69,3.45,false
2026-05-25T15:00:00,1003,Davie,SKU002,Avocados,produce,produce,3,1.49,4.47,false
2026-05-25T15:00:00,1003,Davie,SKU003,Whole Milk,dairy,dairy,3,4.29,12.87,false
2026-05-25T15:00:00,1003,Davie,SKU004,Greek Yogurt,dairy,dairy,2,1.39,2.78,false
2026-05-25T15:00:00,1003,Davie,SKU005,Chicken Breast,meat,meat,1,8.49,8.49,false
2026-05-25T15:00:00,1003,Davie,SKU007,Italian Bread,bakery,bakery,3,3.99,11.97,false
2026-05-25T15:00:00,1003,Davie,SKU008,Croissants,bakery,bakery,1,4.99,4.99,false
2026-05-25T15:00:00,1003,Davie,SKU009,Sparkling Water,beverages,grocery,2,5.49,10.98,false
2026-05-25T15:00:00,1003,Davie,SKU010,Orange Juice,beverages,grocery,1,4.99,4.99,false
2026-05-25T15:00:00,1003,Davie,SKU011,Frozen Pizza,frozen,frozen,1,6.99,6.99,false
2026-05-25T16:00:00,1001,Fort Lauderdale East,SKU001,Bananas,produce,produce,8,0.69,5.52,false
2026-05-25T16:00:00,1001,Fort Lauderdale East,SKU002,Avocados,produce,produce,2,1.49,2.98,false
2026-05-25T16:00:00,1001,Fort Lauderdale East,SKU003,Whole Milk,dairy,dairy,2,4.29,8.58,false
2026-05-25T16:00:00,1001,Fort Lauderdale East,SKU004,Greek Yogurt,dairy,dairy,2,1.39,2.78,false
2026-05-25T16:00:00,1001,Fort Lauderdale East,SKU005,Chicken Breast,meat,meat,1,8.49,8.49,false
2026-05-25T16:00:00,1001,Fort Lauderdale East,SKU006,Ground Beef,meat,meat,2,7.99,15.98,false
2026-05-25T16:00:00,1001,Fort Lauderdale East,SKU007,Italian Bread,bakery,bakery,2,3.99,7.98,false
2026-05-25T16:00:00,1001,Fort Lauderdale East,SKU009,Sparkling Water,beverages,grocery,3,5.49,16.47,false
2026-05-25T16:00:00,1001,Fort Lauderdale East,SKU010,Orange Juice,beverages,grocery,2,4.99,9.98,false
2026-05-25T16:00:00,1001,Fort Lauderdale East,SKU011,Frozen Pizza,frozen,frozen,2,6.99,13.98,false
2026-05-25T16:00:00,1001,Fort Lauderdale East,SKU012,Ice Cream,frozen,frozen,1,5.99,5.99,false
2026-05-25T16:00:00,1001,Fort Lauderdale East,SKU013,Peanut Butter,grocery,grocery,2,3.49,6.98,false
2026-05-25T16:00:00,1001,Fort Lauderdale East,SKU014,Pasta,grocery,grocery,1,1.89,1.89,false
2026-05-25T16:00:00,1002,Pembroke Pines,SKU001,Bananas,produce,produce,7,0.69,4.83,false
2026-05-25T16:00:00,1002,Pembroke Pines,SKU002,Avocados,produce,produce,6,1.49,8.94,false
2026-05-25T16:00:00,1002,Pembroke Pines,SKU003,Whole Milk,dairy,dairy,2,4.29,8.58,false
2026-05-25T16:00:00,1002,Pembroke Pines,SKU004,Greek Yogurt,dairy,dairy,3,1.39,4.17,false
2026-05-25T16:00:00,1002,Pembroke Pines,SKU005,Chicken Breast,meat,meat,2,8.49,16.98,false
2026-05-25T16:00:00,1002,Pembroke Pines,SKU006,Ground Beef,meat,meat,2,7.99,15.98,false
2026-05-25T16:00:00,1002,Pembroke Pines,SKU007,Italian Bread,bakery,bakery,1,3.99,3.99,false
2026-05-25T16:00:00,1002,Pembroke Pines,SKU009,Sparkling Water,beverages,grocery,2,5.49,10.98,false
2026-05-25T16:00:00,1002,Pembroke Pines,SKU010,Orange Juice,beverages,grocery,1,4.99,4.99,false
2026-05-25T16:00:00,1002,Pembroke Pines,SKU012,Ice Cream,frozen,frozen,1,5.99,5.99,false
2026-05-25T16:00:00,1002,Pembroke Pines,SKU014,Pasta,grocery,grocery,1,1.89,1.89,false
2026-05-25T16:00:00,1003,Davie,SKU001,Bananas,produce,produce,10,0.69,6.90,false
2026-05-25T16:00:00,1003,Davie,SKU002,Avocados,produce,produce,3,1.49,4.47,false
2026-05-25T16:00:00,1003,Davie,SKU003,Whole Milk,dairy,dairy,3,4.29,12.87,false
2026-05-25T16:00:00,1003,Davie,SKU004,Greek Yogurt,dairy,dairy,1,1.39,1.39,false
2026-05-25T16:00:00,1003,Davie,SKU005,Chicken Breast,meat,meat,1,8.49,8.49,false
2026-05-25T16:00:00,1003,Davie,SKU006,Ground Beef,meat,meat,1,7.99,7.99,false
2026-05-25T16:00:00,1003,Davie,SKU008,Croissants,bakery,bakery,2,4.99,9.98,false
2026-05-25T16:00:00,1003,Davie,SKU009,Sparkling Water,beverages,grocery,2,5.49,10.98,false
2026-05-25T16:00:00,1003,Davie,SKU010,Orange Juice,beverages,grocery,2,4.99,9.98,false
2026-05-25T16:00:00,1003,Davie,SKU014,Pasta,grocery,grocery,2,1.89,3.78,false
2026-05-25T16:00:00,1003,Davie,SKU015,Paper Towels,household,grocery,1,12.99,12.99,false
2026-05-25T17:00:00,1001,Fort Lauderdale East,SKU001,Bananas,produce,produce,21,0.69,14.49,false
2026-05-25T17:00:00,1001,Fort Lauderdale East,SKU002,Avocados,produce,produce,4,1.49,5.96,false
2026-05-25T17:00:00,1001,Fort Lauderdale East,SKU003,Whole Milk,dairy,dairy,4,4.29,17.16,false
2026-05-25T17:00:00,1001,Fort Lauderdale East,SKU004,Greek Yogurt,dairy,dairy,2,1.39,2.78,false
2026-05-25T17:00:00,1001,Fort Lauderdale East,SKU005,Chicken Breast,meat,meat,2,8.49,16.98,false
2026-05-25T17:00:00,1001,Fort Lauderdale East,SKU006,Ground Beef,meat,meat,2,7.99,15.98,false
2026-05-25T17:00:00,1001,Fort Lauderdale East,SKU007,Italian Bread,bakery,bakery,3,3.99,11.97,false
2026-05-25T17:00:00,1001,Fort Lauderdale East,SKU008,Croissants,bakery,bakery,1,4.99,4.99,false
2026-05-25T17:00:00,1001,Fort Lauderdale East,SKU009,Sparkling Water,beverages,grocery,1,5.49,5.49,false
2026-05-25T17:00:00,1001,Fort Lauderdale East,SKU010,Orange Juice,beverages,grocery,3,4.99,14.97,false
2026-05-25T17:00:00,1001,Fort Lauderdale East,SKU011,Frozen Pizza,frozen,frozen,1,6.99,6.99,false
2026-05-25T17:00:00,1001,Fort Lauderdale East,SKU012,Ice Cream,frozen,frozen,3,5.99,17.97,false
2026-05-25T17:00:00,1001,Fort Lauderdale East,SKU013,Peanut Butter,grocery,grocery,2,3.49,6.98,false
2026-05-25T17:00:00,1001,Fort Lauderdale East,SKU015,Paper Towels,household,grocery,1,12.99,12.99,false
2026-05-25T17:00:00,1002,Pembroke Pines,SKU001,Bananas,produce,produce,11,0.69,7.59,false
2026-05-25T17:00:00,1002,Pembroke Pines,SKU002,Avocados,produce,produce,7,1.49,10.43,false
2026-05-25T17:00:00,1002,Pembroke Pines,SKU003,Whole Milk,dairy,dairy,4,4.29,17.16,false
2026-05-25T17:00:00,1002,Pembroke Pines,SKU004,Greek Yogurt,dairy,dairy,3,1.39,4.17,false
2026-05-25T17:00:00,1002,Pembroke Pines,SKU005,Chicken Breast,meat,meat,2,8.49,16.98,false
2026-05-25T17:00:00,1002,Pembroke Pines,SKU006,Ground Beef,meat,meat,1,7.99,7.99,false
2026-05-25T17:00:00,1002,Pembroke Pines,SKU007,Italian Bread,bakery,bakery,4,3.99,15.96,false
2026-05-25T17:00:00,1002,Pembroke Pines,SKU008,Croissants,bakery,bakery,4,4.99,19.96,false
2026-05-25T17:00:00,1002,Pembroke Pines,SKU010,Orange Juice,beverages,grocery,2,4.99,9.98,false
2026-05-25T17:00:00,1002,Pembroke Pines,SKU011,Frozen Pizza,frozen,frozen,1,6.99,6.99,false
2026-05-25T17:00:00,1002,Pembroke Pines,SKU012,Ice Cream,frozen,frozen,1,5.99,5.99,false
2026-05-25T17:00:00,1002,Pembroke Pines,SKU013,Peanut Butter,grocery,grocery,2,3.49,6.98,false
2026-05-25T17:00:00,1002,Pembroke Pines,SKU014,Pasta,grocery,grocery,2,1.89,3.78,false
2026-05-25T17:00:00,1003,Davie,SKU001,Bananas,produce,produce,20,0.69,13.80,false
2026-05-25T17:00:00,1003,Davie,SKU002,Avocados,produce,produce,5,1.49,7.45,false
2026-05-25T17:00:00,1003,Davie,SKU003,Whole Milk,dairy,dairy,4,4.29,17.16,false
2026-05-25T17:00:00,1003,Davie,SKU004,Greek Yogurt,dairy,dairy,3,1.39,4.17,false
2026-05-25T17:00:00,1003,Davie,SKU005,Chicken Breast,meat,meat,2,8.49,16.98,false
2026-05-25T17:00:00,1003,Davie,SKU006,Ground Beef,meat,meat,4,7.99,31.96,false
2026-05-25T17:00:00,1003,Davie,SKU007,Italian Bread,bakery,bakery,3,3.99,11.97,false
2026-05-25T17:00:00,1003,Davie,SKU008,Croissants,bakery,bakery,1,4.99,4.99,false
2026-05-25T17:00:00,1003,Davie,SKU009,Sparkling Water,beverages,grocery,2,5.49,10.98,false
2026-05-25T17:00:00,1003,Davie,SKU010,Orange Juice,beverages,grocery,1,4.99,4.99,false
2026-05-25T17:00:00,1003,Davie,SKU011,Frozen Pizza,frozen,frozen,2,6.99,13.98,false
2026-05-25T17:00:00,1003,Davie,SKU013,Peanut Butter,grocery,grocery,1,3.49,3.49,false
2026-05-25T17:00:00,1003,Davie,SKU014,Pasta,grocery,grocery,1,1.89,1.89,false
2026-05-25T17:00:00,1003,Davie,SKU015,Paper Towels,household,grocery,1,12.99,12.99,false
2026-05-25T18:00:00,1001,Fort Lauderdale East,SKU001,Bananas,produce,produce,18,0.69,12.42,false
2026-05-25T18:00:00,1001,Fort Lauderdale East,SKU002,Avocados,produce,produce,6,1.49,8.94,false
2026-05-25T18:00:00,1001,Fort Lauderdale East,SKU003,Whole Milk,dairy,dairy,4,4.29,17.16,false
2026-05-25T18:00:00,1001,Fort Lauderdale East,SKU004,Greek Yogurt,dairy,dairy,3,1.39,4.17,false
2026-05-25T18:00:00,1001,Fort Lauderdale East,SKU005,Chicken Breast,meat,meat,3,8.49,25.47,false
2026-05-25T18:00:00,1001,Fort Lauderdale East,SKU006,Ground Beef,meat,meat,3,7.99,23.97,false
2026-05-25T18:00:00,1001,Fort Lauderdale East,SKU007,Italian Bread,bakery,bakery,3,3.99,11.97,false
2026-05-25T18:00:00,1001,Fort Lauderdale East,SKU008,Croissants,bakery,bakery,1,4.99,4.99,false
2026-05-25T18:00:00,1001,Fort Lauderdale East,SKU009,Sparkling Water,beverages,grocery,1,5.49,5.49,false
2026-05-25T18:00:00,1001,Fort Lauderdale East,SKU010,Orange Juice,beverages,grocery,3,4.99,14.97,false
2026-05-25T18:00:00,1001,Fort Lauderdale East,SKU011,Frozen Pizza,frozen,frozen,3,6.99,20.97,false
2026-05-25T18:00:00,1001,Fort Lauderdale East,SKU012,Ice Cream,frozen,frozen,4,5.99,23.96,false
2026-05-25T18:00:00,1001,Fort Lauderdale East,SKU013,Peanut Butter,grocery,grocery,2,3.49,6.98,false
2026-05-25T18:00:00,1001,Fort Lauderdale East,SKU015,Paper Towels,household,grocery,2,12.99,25.98,false
2026-05-25T18:00:00,1002,Pembroke Pines,SKU001,Bananas,produce,produce,10,0.69,6.90,false
2026-05-25T18:00:00,1002,Pembroke Pines,SKU002,Avocados,produce,produce,4,1.49,5.96,false
2026-05-25T18:00:00,1002,Pembroke Pines,SKU003,Whole Milk,dairy,dairy,4,4.29,17.16,false
2026-05-25T18:00:00,1002,Pembroke Pines,SKU004,Greek Yogurt,dairy,dairy,2,1.39,2.78,false
2026-05-25T18:00:00,1002,Pembroke Pines,SKU005,Chicken Breast,meat,meat,4,8.49,33.96,false
2026-05-25T18:00:00,1002,Pembroke Pines,SKU006,Ground Beef,meat,meat,2,7.99,15.98,false
2026-05-25T18:00:00,1002,Pembroke Pines,SKU007,Italian Bread,bakery,bakery,3,3.99,11.97,false
2026-05-25T18:00:00,1002,Pembroke Pines,SKU008,Croissants,bakery,bakery,1,4.99,4.99,false
2026-05-25T18:00:00,1002,Pembroke Pines,SKU009,Sparkling Water,beverages,grocery,3,5.49,16.47,false
2026-05-25T18:00:00,1002,Pembroke Pines,SKU010,Orange Juice,beverages,grocery,3,4.99,14.97,false
2026-05-25T18:00:00,1002,Pembroke Pines,SKU011,Frozen Pizza,frozen,frozen,1,6.99,6.99,false
2026-05-25T18:00:00,1002,Pembroke Pines,SKU012,Ice Cream,frozen,frozen,2,5.99,11.98,false
2026-05-25T18:00:00,1002,Pembroke Pines,SKU014,Pasta,grocery,grocery,1,1.89,1.89,false
2026-05-25T18:00:00,1003,Davie,SKU001,Bananas,produce,produce,10,0.69,6.90,false
2026-05-25T18:00:00,1003,Davie,SKU002,Avocados,produce,produce,5,1.49,7.45,false
2026-05-25T18:00:00,1003,Davie,SKU003,Whole Milk,dairy,dairy,4,4.29,17.16,false
2026-05-25T18:00:00,1003,Davie,SKU004,Greek Yogurt,dairy,dairy,2,1.39,2.78,false
2026-05-25T18:00:00,1003,Davie,SKU005,Chicken Breast,meat,meat,3,8.49,25.47,false
2026-05-25T18:00:00,1003,Davie,SKU006,Ground Beef,meat,meat,2,7.99,15.98,false
2026-05-25T18:00:00,1003,Davie,SKU007,Italian Bread,bakery,bakery,3,3.99,11.97,false
2026-05-25T18:00:00,1003,Davie,SKU008,Croissants,bakery,bakery,3,4.99,14.97,false
2026-05-25T18:00:00,1003,Davie,SKU009,Sparkling Water,beverages,grocery,1,5.49,5.49,false
2026-05-25T18:00:00,1003,Davie,SKU010,Orange Juice,beverages,grocery,3,4.99,14.97,false
2026-05-25T18:00:00,1003,Davie,SKU012,Ice Cream,frozen,frozen,2,5.99,11.98,false
2026-05-25T18:00:00,1003,Davie,SKU014,Pasta,grocery,grocery,1,1.89,1.89,false
2026-05-25T18:00:00,1003,Davie,SKU015,Paper Towels,household,grocery,1,12.99,12.99,false
2026-05-25T19:00:00,1001,Fort Lauderdale East,SKU001,Bananas,produce,produce,15,0.69,10.35,false
2026-05-25T19:00:00,1001,Fort Lauderdale East,SKU002,Avocados,produce,produce,4,1.49,5.96,false
2026-05-25T19:00:00,1001,Fort Lauderdale East,SKU003,Whole Milk,dairy,dairy,2,4.29,8.58,false
2026-05-25T19:00:00,1001,Fort Lauderdale East,SKU004,Greek Yogurt,dairy,dairy,3,1.39,4.17,false
2026-05-25T19:00:00,1001,Fort Lauderdale East,SKU005,Chicken Breast,meat,meat,2,8.49,16.98,false
2026-05-25T19:00:00,1001,Fort Lauderdale East,SKU006,Ground Beef,meat,meat,2,7.99,15.98,false
2026-05-25T19:00:00,1001,Fort Lauderdale East,SKU007,Italian Bread,bakery,bakery,3,3.99,11.97,false
2026-05-25T19:00:00,1001,Fort Lauderdale East,SKU008,Croissants,bakery,bakery,2,4.99,9.98,false
2026-05-25T19:00:00,1001,Fort Lauderdale East,SKU010,Orange Juice,beverages,grocery,2,4.99,9.98,false
2026-05-25T19:00:00,1001,Fort Lauderdale East,SKU011,Frozen Pizza,frozen,frozen,1,6.99,6.99,false
2026-05-25T19:00:00,1001,Fort Lauderdale East,SKU014,Pasta,grocery,grocery,1,1.89,1.89,false
2026-05-25T19:00:00,1002,Pembroke Pines,SKU001,Bananas,produce,produce,7,0.69,4.83,false
2026-05-25T19:00:00,1002,Pembroke Pines,SKU002,Avocados,produce,produce,3,1.49,4.47,false
2026-05-25T19:00:00,1002,Pembroke Pines,SKU003,Whole Milk,dairy,dairy,2,4.29,8.58,false
2026-05-25T19:00:00,1002,Pembroke Pines,SKU004,Greek Yogurt,dairy,dairy,2,1.39,2.78,false
2026-05-25T19:00:00,1002,Pembroke Pines,SKU005,Chicken Breast,meat,meat,3,8.49,25.47,false
2026-05-25T19:00:00,1002,Pembroke Pines,SKU006,Ground Beef,meat,meat,1,7.99,7.99,false
2026-05-25T19:00:00,1002,Pembroke Pines,SKU007,Italian Bread,bakery,bakery,4,3.99,15.96,false
2026-05-25T19:00:00,1002,Pembroke Pines,SKU008,Croissants,bakery,bakery,2,4.99,9.98,false
2026-05-25T19:00:00,1002,Pembroke Pines,SKU009,Sparkling Water,beverages,grocery,2,5.49,10.98,false
2026-05-25T19:00:00,1002,Pembroke Pines,SKU010,Orange Juice,beverages,grocery,1,4.99,4.99,false
2026-05-25T19:00:00,1002,Pembroke Pines,SKU013,Peanut Butter,grocery,grocery,1,3.49,3.49,false
2026-05-25T19:00:00,1002,Pembroke Pines,SKU014,Pasta,grocery,grocery,1,1.89,1.89,false
2026-05-25T19:00:00,1002,Pembroke Pines,SKU015,Paper Towels,household,grocery,1,12.99,12.99,false
2026-05-25T19:00:00,1003,Davie,SKU001,Bananas,produce,produce,10,0.69,6.90,false
2026-05-25T19:00:00,1003,Davie,SKU002,Avocados,produce,produce,3,1.49,4.47,false
2026-05-25T19:00:00,1003,Davie,SKU003,Whole Milk,dairy,dairy,2,4.29,8.58,false
2026-05-25T19:00:00,1003,Davie,SKU004,Greek Yogurt,dairy,dairy,1,1.39,1.39,false
2026-05-25T19:00:00,1003,Davie,SKU005,Chicken Breast,meat,meat,1,8.49,8.49,false
2026-05-25T19:00:00,1003,Davie,SKU006,Ground Beef,meat,meat,2,7.99,15.98,false
2026-05-25T19:00:00,1003,Davie,SKU007,Italian Bread,bakery,bakery,1,3.99,3.99,false
2026-05-25T19:00:00,1003,Davie,SKU008,Croissants,bakery,bakery,1,4.99,4.99,false
2026-05-25T19:00:00,1003,Davie,SKU009,Sparkling Water,beverages,grocery,2,5.49,10.98,false
2026-05-25T19:00:00,1003,Davie,SKU010,Orange Juice,beverages,grocery,2,4.99,9.98,false
2026-05-25T19:00:00,1003,Davie,SKU012,Ice Cream,frozen,frozen,1,5.99,5.99,false
2026-05-25T19:00:00,1003,Davie,SKU014,Pasta,grocery,grocery,1,1.89,1.89,false
2026-05-25T19:00:00,1003,Davie,SKU015,Paper Towels,household,grocery,1,12.99,12.99,false
2026-05-25T20:00:00,1001,Fort Lauderdale East,SKU001,Bananas,produce,produce,11,0.69,7.59,false
2026-05-25T20:00:00,1001,Fort Lauderdale East,SKU002,Avocados,produce,produce,5,1.49,7.45,false
2026-05-25T20:00:00,1001,Fort Lauderdale East,SKU003,Whole Milk,dairy,dairy,2,4.29,8.58,false
2026-05-25T20:00:00,1001,Fort Lauderdale East,SKU004,Greek Yogurt,dairy,dairy,2,1.39,2.78,false
2026-05-25T20:00:00,1001,Fort Lauderdale East,SKU005,Chicken Breast,meat,meat,3,8.49,25.47,false
2026-05-25T20:00:00,1001,Fort Lauderdale East,SKU006,Ground Beef,meat,meat,3,7.99,23.97,false
2026-05-25T20:00:00,1001,Fort Lauderdale East,SKU007,Italian Bread,bakery,bakery,1,3.99,3.99,false
2026-05-25T20:00:00,1001,Fort Lauderdale East,SKU008,Croissants,bakery,bakery,2,4.99,9.98,false
2026-05-25T20:00:00,1001,Fort Lauderdale East,SKU009,Sparkling Water,beverages,grocery,2,5.49,10.98,false
2026-05-25T20:00:00,1001,Fort Lauderdale East,SKU010,Orange Juice,beverages,grocery,1,4.99,4.99,false
2026-05-25T20:00:00,1001,Fort Lauderdale East,SKU011,Frozen Pizza,frozen,frozen,1,6.99,6.99,false
2026-05-25T20:00:00,1001,Fort Lauderdale East,SKU012,Ice Cream,frozen,frozen,2,5.99,11.98,false
2026-05-25T20:00:00,1001,Fort Lauderdale East,SKU013,Peanut Butter,grocery,grocery,1,3.49,3.49,false
2026-05-25T20:00:00,1001,Fort Lauderdale East,SKU014,Pasta,grocery,grocery,1,1.89,1.89,false
2026-05-25T20:00:00,1002,Pembroke Pines,SKU001,Bananas,produce,produce,5,0.69,3.45,false
2026-05-25T20:00:00,1002,Pembroke Pines,SKU002,Avocados,produce,produce,3,1.49,4.47,false
2026-05-25T20:00:00,1002,Pembroke Pines,SKU003,Whole Milk,dairy,dairy,2,4.29,8.58,false
2026-05-25T20:00:00,1002,Pembroke Pines,SKU004,Greek Yogurt,dairy,dairy,2,1.39,2.78,false
2026-05-25T20:00:00,1002,Pembroke Pines,SKU005,Chicken Breast,meat,meat,1,8.49,8.49,false
2026-05-25T20:00:00,1002,Pembroke Pines,SKU006,Ground Beef,meat,meat,2,7.99,15.98,false
2026-05-25T20:00:00,1002,Pembroke Pines,SKU007,Italian Bread,bakery,bakery,2,3.99,7.98,false
2026-05-25T20:00:00,1002,Pembroke Pines,SKU009,Sparkling Water,beverages,grocery,2,5.49,10.98,false
2026-05-25T20:00:00,1002,Pembroke Pines,SKU010,Orange Juice,beverages,grocery,1,4.99,4.99,false
2026-05-25T20:00:00,1002,Pembroke Pines,SKU012,Ice Cream,frozen,frozen,1,5.99,5.99,false
2026-05-25T20:00:00,1002,Pembroke Pines,SKU013,Peanut Butter,grocery,grocery,1,3.49,3.49,false
2026-05-25T20:00:00,1002,Pembroke Pines,SKU015,Paper Towels,household,grocery,1,12.99,12.99,false
2026-05-25T20:00:00,1003,Davie,SKU001,Bananas,produce,produce,9,0.69,6.21,false
2026-05-25T20:00:00,1003,Davie,SKU002,Avocados,produce,produce,2,1.49,2.98,false
2026-05-25T20:00:00,1003,Davie,SKU003,Whole Milk,dairy,dairy,1,4.29,4.29,false
2026-05-25T20:00:00,1003,Davie,SKU004,Greek Yogurt,dairy,dairy,2,1.39,2.78,false
2026-05-25T20:00:00,1003,Davie,SKU005,Chicken Breast,meat,meat,2,8.49,16.98,false
2026-05-25T20:00:00,1003,Davie,SKU006,Ground Beef,meat,meat,2,7.99,15.98,false
2026-05-25T20:00:00,1003,Davie,SKU007,Italian Bread,bakery,bakery,3,3.99,11.97,false
2026-05-25T20:00:00,1003,Davie,SKU009,Sparkling Water,beverages,grocery,2,5.49,10.98,false
2026-05-25T20:00:00,1003,Davie,SKU010,Orange Juice,beverages,grocery,3,4.99,14.97,false
2026-05-25T20:00:00,1003,Davie,SKU012,Ice Cream,frozen,frozen,2,5.99,11.98,false
2026-05-25T21:00:00,1001,Fort Lauderdale East,SKU001,Bananas,produce,produce,15,0.69,10.35,false
2026-05-25T21:00:00,1001,Fort Lauderdale East,SKU002,Avocados,produce,produce,4,1.49,5.96,false
2026-05-25T21:00:00,1001,Fort Lauderdale East,SKU003,Whole Milk,dairy,dairy,3,4.29,12.87,false
2026-05-25T21:00:00,1001,Fort Lauderdale East,SKU004,Greek Yogurt,dairy,dairy,3,1.39,4.17,false
2026-05-25T21:00:00,1001,Fort Lauderdale East,SKU005,Chicken Breast,meat,meat,1,8.49,8.49,false
2026-05-25T21:00:00,1001,Fort Lauderdale East,SKU006,Ground Beef,meat,meat,3,7.99,23.97,false
2026-05-25T21:00:00,1001,Fort Lauderdale East,SKU007,Italian Bread,bakery,bakery,3,3.99,11.97,false
2026-05-25T21:00:00,1001,Fort Lauderdale East,SKU008,Croissants,bakery,bakery,2,4.99,9.98,false
2026-05-25T21:00:00,1001,Fort Lauderdale East,SKU010,Orange Juice,beverages,grocery,3,4.99,14.97,false
2026-05-25T21:00:00,1001,Fort Lauderdale East,SKU011,Frozen Pizza,frozen,frozen,1,6.99,6.99,false
2026-05-25T21:00:00,1001,Fort Lauderdale East,SKU012,Ice Cream,frozen,frozen,2,5.99,11.98,false
2026-05-25T21:00:00,1001,Fort Lauderdale East,SKU013,Peanut Butter,grocery,grocery,2,3.49,6.98,false
2026-05-25T21:00:00,1001,Fort Lauderdale East,SKU014,Pasta,grocery,grocery,1,1.89,1.89,false
2026-05-25T21:00:00,1002,Pembroke Pines,SKU001,Bananas,produce,produce,12,0.69,8.28,false
2026-05-25T21:00:00,1002,Pembroke Pines,SKU002,Avocados,produce,produce,3,1.49,4.47,false
2026-05-25T21:00:00,1002,Pembroke Pines,SKU003,Whole Milk,dairy,dairy,3,4.29,12.87,false
2026-05-25T21:00:00,1002,Pembroke Pines,SKU004,Greek Yogurt,dairy,dairy,3,1.39,4.17,false
2026-05-25T21:00:00,1002,Pembroke Pines,SKU005,Chicken Breast,meat,meat,2,8.49,16.98,false
2026-05-25T21:00:00,1002,Pembroke Pines,SKU006,Ground Beef,meat,meat,2,7.99,15.98,false
2026-05-25T21:00:00,1002,Pembroke Pines,SKU007,Italian Bread,bakery,bakery,2,3.99,7.98,false
2026-05-25T21:00:00,1002,Pembroke Pines,SKU008,Croissants,bakery,bakery,1,4.99,4.99,false
2026-05-25T21:00:00,1002,Pembroke Pines,SKU009,Sparkling Water,beverages,grocery,1,5.49,5.49,false
2026-05-25T21:00:00,1002,Pembroke Pines,SKU010,Orange Juice,beverages,grocery,1,4.99,4.99,false
2026-05-25T21:00:00,1002,Pembroke Pines,SKU012,Ice Cream,frozen,frozen,2,5.99,11.98,false
2026-05-25T21:00:00,1003,Davie,SKU001,Bananas,produce,produce,10,0.69,6.90,false
2026-05-25T21:00:00,1003,Davie,SKU002,Avocados,produce,produce,4,1.49,5.96,false
2026-05-25T21:00:00,1003,Davie,SKU003,Whole Milk,dairy,dairy,5,4.29,21.45,false
2026-05-25T21:00:00,1003,Davie,SKU004,Greek Yogurt,dairy,dairy,1,1.39,1.39,false
2026-05-25T21:00:00,1003,Davie,SKU005,Chicken Breast,meat,meat,2,8.49,16.98,false
2026-05-25T21:00:00,1003,Davie,SKU006,Ground Beef,meat,meat,2,7.99,15.98,false
2026-05-25T21:00:00,1003,Davie,SKU008,Croissants,bakery,bakery,3,4.99,14.97,false
2026-05-25T21:00:00,1003,Davie,SKU009,Sparkling Water,beverages,grocery,1,5.49,5.49,false
2026-05-25T21:00:00,1003,Davie,SKU010,Orange Juice,beverages,grocery,1,4.99,4.99,false
2026-05-25T21:00:00,1003,Davie,SKU011,Frozen Pizza,frozen,frozen,2,6.99,13.98,false
2026-05-25T21:00:00,1003,Davie,SKU013,Peanut Butter,grocery,grocery,1,3.49,3.49,false
2026-05-26T06:00:00,1001,Fort Lauderdale East,SKU001,Bananas,produce,produce,11,0.69,7.59,false
2026-05-26T06:00:00,1001,Fort Lauderdale East,SKU002,Avocados,produce,produce,4,1.49,5.96,false
2026-05-26T06:00:00,1001,Fort Lauderdale East,SKU003,Whole Milk,dairy,dairy,3,4.29,12.87,false
2026-05-26T06:00:00,1001,Fort Lauderdale East,SKU004,Greek Yogurt,dairy,dairy,4,1.39,5.56,false
2026-05-26T06:00:00,1001,Fort Lauderdale East,SKU005,Chicken Breast,meat,meat,2,8.49,16.98,false
2026-05-26T06:00:00,1001,Fort Lauderdale East,SKU006,Ground Beef,meat,meat,1,7.99,7.99,false
2026-05-26T06:00:00,1001,Fort Lauderdale East,SKU007,Italian Bread,bakery,bakery,3,3.99,11.97,false
2026-05-26T06:00:00,1001,Fort Lauderdale East,SKU008,Croissants,bakery,bakery,1,4.99,4.99,false
2026-05-26T06:00:00,1001,Fort Lauderdale East,SKU009,Sparkling Water,beverages,grocery,2,5.49,10.98,false
2026-05-26T06:00:00,1001,Fort Lauderdale East,SKU011,Frozen Pizza,frozen,frozen,1,6.99,6.99,false
2026-05-26T06:00:00,1001,Fort Lauderdale East,SKU012,Ice Cream,frozen,frozen,1,5.99,5.99,false
2026-05-26T06:00:00,1001,Fort Lauderdale East,SKU015,Paper Towels,household,grocery,1,12.99,12.99,false
2026-05-26T06:00:00,1002,Pembroke Pines,SKU001,Bananas,produce,produce,4,0.69,2.76,false
2026-05-26T06:00:00,1002,Pembroke Pines,SKU002,Avocados,produce,produce,6,1.49,8.94,false
2026-05-26T06:00:00,1002,Pembroke Pines,SKU003,Whole Milk,dairy,dairy,4,4.29,17.16,false
2026-05-26T06:00:00,1002,Pembroke Pines,SKU004,Greek Yogurt,dairy,dairy,2,1.39,2.78,false
2026-05-26T06:00:00,1002,Pembroke Pines,SKU005,Chicken Breast,meat,meat,4,8.49,33.96,false
2026-05-26T06:00:00,1002,Pembroke Pines,SKU006,Ground Beef,meat,meat,2,7.99,15.98,false
2026-05-26T06:00:00,1002,Pembroke Pines,SKU007,Italian Bread,bakery,bakery,1,3.99,3.99,false
2026-05-26T06:00:00,1002,Pembroke Pines,SKU008,Croissants,bakery,bakery,2,4.99,9.98,false
2026-05-26T06:00:00,1002,Pembroke Pines,SKU010,Orange Juice,beverages,grocery,2,4.99,9.98,false
2026-05-26T06:00:00,1002,Pembroke Pines,SKU011,Frozen Pizza,frozen,frozen,2,6.99,13.98,false
2026-05-26T06:00:00,1002,Pembroke Pines,SKU012,Ice Cream,frozen,frozen,1,5.99,5.99,false
2026-05-26T06:00:00,1002,Pembroke Pines,SKU014,Pasta,grocery,grocery,1,1.89,1.89,false
2026-05-26T06:00:00,1003,Davie,SKU001,Bananas,produce,produce,7,0.69,4.83,false
2026-05-26T06:00:00,1003,Davie,SKU002,Avocados,produce,produce,1,1.49,1.49,false
2026-05-26T06:00:00,1003,Davie,SKU003,Whole Milk,dairy,dairy,1,4.29,4.29,false
2026-05-26T06:00:00,1003,Davie,SKU004,Greek Yogurt,dairy,dairy,2,1.39,2.78,false
2026-05-26T06:00:00,1003,Davie,SKU005,Chicken Breast,meat,meat,3,8.49,25.47,false
2026-05-26T06:00:00,1003,Davie,SKU006,Ground Beef,meat,meat,4,7.99,31.96,false
2026-05-26T06:00:00,1003,Davie,SKU007,Italian Bread,bakery,bakery,3,3.99,11.97,false
2026-05-26T06:00:00,1003,Davie,SKU009,Sparkling Water,beverages,grocery,1,5.49,5.49,false
2026-05-26T06:00:00,1003,Davie,SKU010,Orange Juice,beverages,grocery,2,4.99,9.98,false
2026-05-26T06:00:00,1003,Davie,SKU011,Frozen Pizza,frozen,frozen,1,6.99,6.99,false
2026-05-26T06:00:00,1003,Davie,SKU012,Ice Cream,frozen,frozen,1,5.99,5.99,false
2026-05-26T06:00:00,1003,Davie,SKU013,Peanut Butter,grocery,grocery,1,3.49,3.49,false
2026-05-26T06:00:00,1003,Davie,SKU014,Pasta,grocery,grocery,2,1.89,3.78,false
2026-05-26T06:00:00,1003,Davie,SKU015,Paper Towels,household,grocery,2,12.99,25.98,false
2026-05-26T07:00:00,1001,Fort Lauderdale East,SKU001,Bananas,produce,produce,10,0.69,6.90,false
2026-05-26T07:00:00,1001,Fort Lauderdale East,SKU002,Avocados,produce,produce,4,1.49,5.96,false
2026-05-26T07:00:00,1001,Fort Lauderdale East,SKU003,Whole Milk,dairy,dairy,3,4.29,12.87,false
2026-05-26T07:00:00,1001,Fort Lauderdale East,SKU004,Greek Yogurt,dairy,dairy,2,1.39,2.78,false
2026-05-26T07:00:00,1001,Fort Lauderdale East,SKU006,Ground Beef,meat,meat,2,7.99,15.98,false
2026-05-26T07:00:00,1001,Fort Lauderdale East,SKU007,Italian Bread,bakery,bakery,1,3.99,3.99,false
2026-05-26T07:00:00,1001,Fort Lauderdale East,SKU008,Croissants,bakery,bakery,2,4.99,9.98,false
2026-05-26T07:00:00,1001,Fort Lauderdale East,SKU009,Sparkling Water,beverages,grocery,1,5.49,5.49,false
2026-05-26T07:00:00,1001,Fort Lauderdale East,SKU010,Orange Juice,beverages,grocery,3,4.99,14.97,false
2026-05-26T07:00:00,1001,Fort Lauderdale East,SKU012,Ice Cream,frozen,frozen,2,5.99,11.98,false
2026-05-26T07:00:00,1001,Fort Lauderdale East,SKU014,Pasta,grocery,grocery,2,1.89,3.78,false
2026-05-26T07:00:00,1002,Pembroke Pines,SKU001,Bananas,produce,produce,11,0.69,7.59,false
2026-05-26T07:00:00,1002,Pembroke Pines,SKU002,Avocados,produce,produce,3,1.49,4.47,false
2026-05-26T07:00:00,1002,Pembroke Pines,SKU003,Whole Milk,dairy,dairy,3,4.29,12.87,false
2026-05-26T07:00:00,1002,Pembroke Pines,SKU004,Greek Yogurt,dairy,dairy,3,1.39,4.17,false
2026-05-26T07:00:00,1002,Pembroke Pines,SKU005,Chicken Breast,meat,meat,2,8.49,16.98,false
2026-05-26T07:00:00,1002,Pembroke Pines,SKU006,Ground Beef,meat,meat,2,7.99,15.98,false
2026-05-26T07:00:00,1002,Pembroke Pines,SKU007,Italian Bread,bakery,bakery,3,3.99,11.97,false
2026-05-26T07:00:00,1002,Pembroke Pines,SKU009,Sparkling Water,beverages,grocery,3,5.49,16.47,false
2026-05-26T07:00:00,1002,Pembroke Pines,SKU010,Orange Juice,beverages,grocery,1,4.99,4.99,false
2026-05-26T07:00:00,1002,Pembroke Pines,SKU011,Frozen Pizza,frozen,frozen,2,6.99,13.98,false
2026-05-26T07:00:00,1002,Pembroke Pines,SKU012,Ice Cream,frozen,frozen,3,5.99,17.97,false
2026-05-26T07:00:00,1003,Davie,SKU001,Bananas,produce,produce,7,0.69,4.83,false
2026-05-26T07:00:00,1003,Davie,SKU002,Avocados,produce,produce,3,1.49,4.47,false
2026-05-26T07:00:00,1003,Davie,SKU003,Whole Milk,dairy,dairy,2,4.29,8.58,false
2026-05-26T07:00:00,1003,Davie,SKU004,Greek Yogurt,dairy,dairy,1,1.39,1.39,false
2026-05-26T07:00:00,1003,Davie,SKU005,Chicken Breast,meat,meat,3,8.49,25.47,false
2026-05-26T07:00:00,1003,Davie,SKU006,Ground Beef,meat,meat,3,7.99,23.97,false
2026-05-26T07:00:00,1003,Davie,SKU007,Italian Bread,bakery,bakery,3,3.99,11.97,false
2026-05-26T07:00:00,1003,Davie,SKU008,Croissants,bakery,bakery,3,4.99,14.97,false
2026-05-26T07:00:00,1003,Davie,SKU011,Frozen Pizza,frozen,frozen,3,6.99,20.97,false
2026-05-26T07:00:00,1003,Davie,SKU012,Ice Cream,frozen,frozen,1,5.99,5.99,false
2026-05-26T07:00:00,1003,Davie,SKU013,Peanut Butter,grocery,grocery,1,3.49,3.49,false
2026-05-26T08:00:00,1001,Fort Lauderdale East,SKU001,Bananas,produce,produce,12,0.69,8.28,false
2026-05-26T08:00:00,1001,Fort Lauderdale East,SKU002,Avocados,produce,produce,3,1.49,4.47,false
2026-05-26T08:00:00,1001,Fort Lauderdale East,SKU003,Whole Milk,dairy,dairy,1,4.29,4.29,false
2026-05-26T08:00:00,1001,Fort Lauderdale East,SKU004,Greek Yogurt,dairy,dairy,1,1.39,1.39,false
2026-05-26T08:00:00,1001,Fort Lauderdale East,SKU005,Chicken Breast,meat,meat,3,8.49,25.47,false
2026-05-26T08:00:00,1001,Fort Lauderdale East,SKU006,Ground Beef,meat,meat,3,7.99,23.97,false
2026-05-26T08:00:00,1001,Fort Lauderdale East,SKU007,Italian Bread,bakery,bakery,2,3.99,7.98,false
2026-05-26T08:00:00,1001,Fort Lauderdale East,SKU008,Croissants,bakery,bakery,4,4.99,19.96,false
2026-05-26T08:00:00,1001,Fort Lauderdale East,SKU009,Sparkling Water,beverages,grocery,2,5.49,10.98,false
2026-05-26T08:00:00,1001,Fort Lauderdale East,SKU010,Orange Juice,beverages,grocery,3,4.99,14.97,false
2026-05-26T08:00:00,1001,Fort Lauderdale East,SKU011,Frozen Pizza,frozen,frozen,2,6.99,13.98,false
2026-05-26T08:00:00,1001,Fort Lauderdale East,SKU012,Ice Cream,frozen,frozen,2,5.99,11.98,false
2026-05-26T08:00:00,1002,Pembroke Pines,SKU001,Bananas,produce,produce,10,0.69,6.90,false
2026-05-26T08:00:00,1002,Pembroke Pines,SKU002,Avocados,produce,produce,3,1.49,4.47,false
2026-05-26T08:00:00,1002,Pembroke Pines,SKU003,Whole Milk,dairy,dairy,3,4.29,12.87,false
2026-05-26T08:00:00,1002,Pembroke Pines,SKU004,Greek Yogurt,dairy,dairy,2,1.39,2.78,false
2026-05-26T08:00:00,1002,Pembroke Pines,SKU005,Chicken Breast,meat,meat,2,8.49,16.98,false
2026-05-26T08:00:00,1002,Pembroke Pines,SKU006,Ground Beef,meat,meat,2,7.99,15.98,false
2026-05-26T08:00:00,1002,Pembroke Pines,SKU007,Italian Bread,bakery,bakery,2,3.99,7.98,false
2026-05-26T08:00:00,1002,Pembroke Pines,SKU008,Croissants,bakery,bakery,1,4.99,4.99,false
2026-05-26T08:00:00,1002,Pembroke Pines,SKU010,Orange Juice,beverages,grocery,2,4.99,9.98,false
2026-05-26T08:00:00,1002,Pembroke Pines,SKU013,Peanut Butter,grocery,grocery,2,3.49,6.98,false
2026-05-26T08:00:00,1002,Pembroke Pines,SKU014,Pasta,grocery,grocery,1,1.89,1.89,false
2026-05-26T08:00:00,1002,Pembroke Pines,SKU015,Paper Towels,household,grocery,1,12.99,12.99,false
2026-05-26T08:00:00,1003,Davie,SKU001,Bananas,produce,produce,11,0.69,7.59,false
2026-05-26T08:00:00,1003,Davie,SKU002,Avocados,produce,produce,2,1.49,2.98,false
2026-05-26T08:00:00,1003,Davie,SKU003,Whole Milk,dairy,dairy,2,4.29,8.58,false
2026-05-26T08:00:00,1003,Davie,SKU004,Greek Yogurt,dairy,dairy,1,1.39,1.39,false
2026-05-26T08:00:00,1003,Davie,SKU005,Chicken Breast,meat,meat,4,8.49,33.96,false
2026-05-26T08:00:00,1003,Davie,SKU006,Ground Beef,meat,meat,2,7.99,15.98,false
2026-05-26T08:00:00,1003,Davie,SKU007,Italian Bread,bakery,bakery,1,3.99,3.99,false
2026-05-26T08:00:00,1003,Davie,SKU008,Croissants,bakery,bakery,2,4.99,9.98,false
2026-05-26T08:00:00,1003,Davie,SKU009,Sparkling Water,beverages,grocery,1,5.49,5.49,false
2026-05-26T08:00:00,1003,Davie,SKU010,Orange Juice,beverages,grocery,1,4.99,4.99,false
2026-05-26T08:00:00,1003,Davie,SKU011,Frozen Pizza,frozen,frozen,1,6.99,6.99,false
2026-05-26T08:00:00,1003,Davie,SKU012,Ice Cream,frozen,frozen,2,5.99,11.98,false
2026-05-26T08:00:00,1003,Davie,SKU013,Peanut Butter,grocery,grocery,1,3.49,3.49,false
2026-05-26T09:00:00,1001,Fort Lauderdale East,SKU001,Bananas,produce,produce,9,0.69,6.21,false
2026-05-26T09:00:00,1001,Fort Lauderdale East,SKU002,Avocados,produce,produce,2,1.49,2.98,false
2026-05-26T09:00:00,1001,Fort Lauderdale East,SKU003,Whole Milk,dairy,dairy,2,4.29,8.58,false
2026-05-26T09:00:00,1001,Fort Lauderdale East,SKU004,Greek Yogurt,dairy,dairy,2,1.39,2.78,false
2026-05-26T09:00:00,1001,Fort Lauderdale East,SKU005,Chicken Breast,meat,meat,2,8.49,16.98,false
2026-05-26T09:00:00,1001,Fort Lauderdale East,SKU006,Ground Beef,meat,meat,2,7.99,15.98,false
2026-05-26T09:00:00,1001,Fort Lauderdale East,SKU007,Italian Bread,bakery,bakery,2,3.99,7.98,false
2026-05-26T09:00:00,1001,Fort Lauderdale East,SKU008,Croissants,bakery,bakery,2,4.99,9.98,false
2026-05-26T09:00:00,1001,Fort Lauderdale East,SKU009,Sparkling Water,beverages,grocery,1,5.49,5.49,false
2026-05-26T09:00:00,1001,Fort Lauderdale East,SKU010,Orange Juice,beverages,grocery,2,4.99,9.98,false
2026-05-26T09:00:00,1001,Fort Lauderdale East,SKU011,Frozen Pizza,frozen,frozen,1,6.99,6.99,false
2026-05-26T09:00:00,1001,Fort Lauderdale East,SKU012,Ice Cream,frozen,frozen,2,5.99,11.98,false
2026-05-26T09:00:00,1001,Fort Lauderdale East,SKU013,Peanut Butter,grocery,grocery,2,3.49,6.98,false
2026-05-26T09:00:00,1002,Pembroke Pines,SKU001,Bananas,produce,produce,9,0.69,6.21,false
2026-05-26T09:00:00,1002,Pembroke Pines,SKU002,Avocados,produce,produce,4,1.49,5.96,false
2026-05-26T09:00:00,1002,Pembroke Pines,SKU003,Whole Milk,dairy,dairy,3,4.29,12.87,false
2026-05-26T09:00:00,1002,Pembroke Pines,SKU004,Greek Yogurt,dairy,dairy,2,1.39,2.78,false
2026-05-26T09:00:00,1002,Pembroke Pines,SKU006,Ground Beef,meat,meat,1,7.99,7.99,false
2026-05-26T09:00:00,1002,Pembroke Pines,SKU007,Italian Bread,bakery,bakery,2,3.99,7.98,false
2026-05-26T09:00:00,1002,Pembroke Pines,SKU008,Croissants,bakery,bakery,2,4.99,9.98,false
2026-05-26T09:00:00,1002,Pembroke Pines,SKU010,Orange Juice,beverages,grocery,2,4.99,9.98,false
2026-05-26T09:00:00,1002,Pembroke Pines,SKU013,Peanut Butter,grocery,grocery,1,3.49,3.49,false
2026-05-26T09:00:00,1002,Pembroke Pines,SKU014,Pasta,grocery,grocery,1,1.89,1.89,false
2026-05-26T09:00:00,1002,Pembroke Pines,SKU015,Paper Towels,household,grocery,1,12.99,12.99,false
2026-05-26T09:00:00,1003,Davie,SKU001,Bananas,produce,produce,11,0.69,7.59,false
2026-05-26T09:00:00,1003,Davie,SKU002,Avocados,produce,produce,5,1.49,7.45,false
2026-05-26T09:00:00,1003,Davie,SKU003,Whole Milk,dairy,dairy,4,4.29,17.16,false
2026-05-26T09:00:00,1003,Davie,SKU004,Greek Yogurt,dairy,dairy,2,1.39,2.78,false
2026-05-26T09:00:00,1003,Davie,SKU005,Chicken Breast,meat,meat,3,8.49,25.47,false
2026-05-26T09:00:00,1003,Davie,SKU007,Italian Bread,bakery,bakery,2,3.99,7.98,false
2026-05-26T09:00:00,1003,Davie,SKU008,Croissants,bakery,bakery,2,4.99,9.98,false
2026-05-26T09:00:00,1003,Davie,SKU009,Sparkling Water,beverages,grocery,2,5.49,10.98,false
2026-05-26T09:00:00,1003,Davie,SKU010,Orange Juice,beverages,grocery,2,4.99,9.98,false
2026-05-26T09:00:00,1003,Davie,SKU011,Frozen Pizza,frozen,frozen,3,6.99,20.97,false
2026-05-26T09:00:00,1003,Davie,SKU013,Peanut Butter,grocery,grocery,1,3.49,3.49,false
2026-05-26T09:00:00,1003,Davie,SKU015,Paper Towels,household,grocery,1,12.99,12.99,false
2026-05-26T10:00:00,1001,Fort Lauderdale East,SKU001,Bananas,produce,produce,10,0.69,6.90,false
2026-05-26T10:00:00,1001,Fort Lauderdale East,SKU002,Avocados,produce,produce,4,1.49,5.96,false
2026-05-26T10:00:00,1001,Fort Lauderdale East,SKU003,Whole Milk,dairy,dairy,4,4.29,17.16,false
2026-05-26T10:00:00,1001,Fort Lauderdale East,SKU004,Greek Yogurt,dairy,dairy,3,1.39,4.17,false
2026-05-26T10:00:00,1001,Fort Lauderdale East,SKU005,Chicken Breast,meat,meat,2,8.49,16.98,false
2026-05-26T10:00:00,1001,Fort Lauderdale East,SKU006,Ground Beef,meat,meat,1,7.99,7.99,false
2026-05-26T10:00:00,1001,Fort Lauderdale East,SKU007,Italian Bread,bakery,bakery,1,3.99,3.99,false
2026-05-26T10:00:00,1001,Fort Lauderdale East,SKU008,Croissants,bakery,bakery,2,4.99,9.98,false
2026-05-26T10:00:00,1001,Fort Lauderdale East,SKU009,Sparkling Water,beverages,grocery,3,5.49,16.47,false
2026-05-26T10:00:00,1001,Fort Lauderdale East,SKU010,Orange Juice,beverages,grocery,1,4.99,4.99,false
2026-05-26T10:00:00,1001,Fort Lauderdale East,SKU013,Peanut Butter,grocery,grocery,1,3.49,3.49,false
2026-05-26T10:00:00,1002,Pembroke Pines,SKU001,Bananas,produce,produce,8,0.69,5.52,false
2026-05-26T10:00:00,1002,Pembroke Pines,SKU002,Avocados,produce,produce,1,1.49,1.49,false
2026-05-26T10:00:00,1002,Pembroke Pines,SKU003,Whole Milk,dairy,dairy,3,4.29,12.87,false
2026-05-26T10:00:00,1002,Pembroke Pines,SKU004,Greek Yogurt,dairy,dairy,2,1.39,2.78,false
2026-05-26T10:00:00,1002,Pembroke Pines,SKU005,Chicken Breast,meat,meat,2,8.49,16.98,false
2026-05-26T10:00:00,1002,Pembroke Pines,SKU006,Ground Beef,meat,meat,3,7.99,23.97,false
2026-05-26T10:00:00,1002,Pembroke Pines,SKU007,Italian Bread,bakery,bakery,1,3.99,3.99,false
2026-05-26T10:00:00,1002,Pembroke Pines,SKU009,Sparkling Water,beverages,grocery,1,5.49,5.49,false
2026-05-26T10:00:00,1002,Pembroke Pines,SKU010,Orange Juice,beverages,grocery,2,4.99,9.98,false
2026-05-26T10:00:00,1002,Pembroke Pines,SKU014,Pasta,grocery,grocery,1,1.89,1.89,false
2026-05-26T10:00:00,1003,Davie,SKU001,Bananas,produce,produce,15,0.69,10.35,false
2026-05-26T10:00:00,1003,Davie,SKU002,Avocados,produce,produce,3,1.49,4.47,false
2026-05-26T10:00:00,1003,Davie,SKU003,Whole Milk,dairy,dairy,3,4.29,12.87,false
2026-05-26T10:00:00,1003,Davie,SKU004,Greek Yogurt,dairy,dairy,2,1.39,2.78,false
2026-05-26T10:00:00,1003,Davie,SKU006,Ground Beef,meat,meat,3,7.99,23.97,false
2026-05-26T10:00:00,1003,Davie,SKU008,Croissants,bakery,bakery,2,4.99,9.98,false
2026-05-26T10:00:00,1003,Davie,SKU011,Frozen Pizza,frozen,frozen,1,6.99,6.99,false
2026-05-26T10:00:00,1003,Davie,SKU012,Ice Cream,frozen,frozen,3,5.99,17.97,false
2026-05-26T10:00:00,1003,Davie,SKU013,Peanut Butter,grocery,grocery,1,3.49,3.49,false
2026-05-26T11:00:00,1001,Fort Lauderdale East,SKU001,Bananas,produce,produce,17,0.69,11.73,false
2026-05-26T11:00:00,1001,Fort Lauderdale East,SKU002,Avocados,produce,produce,5,1.49,7.45,false
2026-05-26T11:00:00,1001,Fort Lauderdale East,SKU003,Whole Milk,dairy,dairy,5,4.29,21.45,false
2026-05-26T11:00:00,1001,Fort Lauderdale East,SKU004,Greek Yogurt,dairy,dairy,2,1.39,2.78,false
2026-05-26T11:00:00,1001,Fort Lauderdale East,SKU005,Chicken Breast,meat,meat,4,8.49,33.96,false
2026-05-26T11:00:00,1001,Fort Lauderdale East,SKU006,Ground Beef,meat,meat,3,7.99,23.97,false
2026-05-26T11:00:00,1001,Fort Lauderdale East,SKU007,Italian Bread,bakery,bakery,2,3.99,7.98,false
2026-05-26T11:00:00,1001,Fort Lauderdale East,SKU008,Croissants,bakery,bakery,1,4.99,4.99,false
2026-05-26T11:00:00,1001,Fort Lauderdale East,SKU009,Sparkling Water,beverages,grocery,2,5.49,10.98,false
2026-05-26T11:00:00,1001,Fort Lauderdale East,SKU010,Orange Juice,beverages,grocery,2,4.99,9.98,false
2026-05-26T11:00:00,1001,Fort Lauderdale East,SKU011,Frozen Pizza,frozen,frozen,2,6.99,13.98,false
2026-05-26T11:00:00,1001,Fort Lauderdale East,SKU014,Pasta,grocery,grocery,3,1.89,5.67,false
2026-05-26T11:00:00,1002,Pembroke Pines,SKU001,Bananas,produce,produce,12,0.69,8.28,false
2026-05-26T11:00:00,1002,Pembroke Pines,SKU002,Avocados,produce,produce,4,1.49,5.96,false
2026-05-26T11:00:00,1002,Pembroke Pines,SKU003,Whole Milk,dairy,dairy,4,4.29,17.16,false
2026-05-26T11:00:00,1002,Pembroke Pines,SKU004,Greek Yogurt,dairy,dairy,4,1.39,5.56,false
2026-05-26T11:00:00,1002,Pembroke Pines,SKU005,Chicken Breast,meat,meat,2,8.49,16.98,false
2026-05-26T11:00:00,1002,Pembroke Pines,SKU006,Ground Beef,meat,meat,3,7.99,23.97,false
2026-05-26T11:00:00,1002,Pembroke Pines,SKU007,Italian Bread,bakery,bakery,2,3.99,7.98,false
2026-05-26T11:00:00,1002,Pembroke Pines,SKU008,Croissants,bakery,bakery,2,4.99,9.98,false
2026-05-26T11:00:00,1002,Pembroke Pines,SKU009,Sparkling Water,beverages,grocery,2,5.49,10.98,false
2026-05-26T11:00:00,1002,Pembroke Pines,SKU010,Orange Juice,beverages,grocery,2,4.99,9.98,false
2026-05-26T11:00:00,1002,Pembroke Pines,SKU011,Frozen Pizza,frozen,frozen,1,6.99,6.99,false
2026-05-26T11:00:00,1002,Pembroke Pines,SKU012,Ice Cream,frozen,frozen,2,5.99,11.98,false
2026-05-26T11:00:00,1002,Pembroke Pines,SKU015,Paper Towels,household,grocery,2,12.99,25.98,false
2026-05-26T11:00:00,1003,Davie,SKU001,Bananas,produce,produce,15,0.69,10.35,false
2026-05-26T11:00:00,1003,Davie,SKU002,Avocados,produce,produce,4,1.49,5.96,false
2026-05-26T11:00:00,1003,Davie,SKU003,Whole Milk,dairy,dairy,5,4.29,21.45,false
2026-05-26T11:00:00,1003,Davie,SKU004,Greek Yogurt,dairy,dairy,3,1.39,4.17,false
2026-05-26T11:00:00,1003,Davie,SKU005,Chicken Breast,meat,meat,1,8.49,8.49,false
2026-05-26T11:00:00,1003,Davie,SKU006,Ground Beef,meat,meat,3,7.99,23.97,false
2026-05-26T11:00:00,1003,Davie,SKU007,Italian Bread,bakery,bakery,2,3.99,7.98,false
2026-05-26T11:00:00,1003,Davie,SKU008,Croissants,bakery,bakery,2,4.99,9.98,false
2026-05-26T11:00:00,1003,Davie,SKU009,Sparkling Water,beverages,grocery,1,5.49,5.49,false
2026-05-26T11:00:00,1003,Davie,SKU010,Orange Juice,beverages,grocery,2,4.99,9.98,false
2026-05-26T11:00:00,1003,Davie,SKU011,Frozen Pizza,frozen,frozen,2,6.99,13.98,false
2026-05-26T11:00:00,1003,Davie,SKU012,Ice Cream,frozen,frozen,1,5.99,5.99,false
2026-05-26T11:00:00,1003,Davie,SKU013,Peanut Butter,grocery,grocery,1,3.49,3.49,false
2026-05-26T11:00:00,1003,Davie,SKU014,Pasta,grocery,grocery,1,1.89,1.89,false
2026-05-26T12:00:00,1001,Fort Lauderdale East,SKU001,Bananas,produce,produce,19,0.69,13.11,false
2026-05-26T12:00:00,1001,Fort Lauderdale East,SKU002,Avocados,produce,produce,5,1.49,7.45,false
2026-05-26T12:00:00,1001,Fort Lauderdale East,SKU003,Whole Milk,dairy,dairy,5,4.29,21.45,false
2026-05-26T12:00:00,1001,Fort Lauderdale East,SKU004,Greek Yogurt,dairy,dairy,3,1.39,4.17,false
2026-05-26T12:00:00,1001,Fort Lauderdale East,SKU005,Chicken Breast,meat,meat,2,8.49,16.98,false
2026-05-26T12:00:00,1001,Fort Lauderdale East,SKU006,Ground Beef,meat,meat,3,7.99,23.97,false
2026-05-26T12:00:00,1001,Fort Lauderdale East,SKU007,Italian Bread,bakery,bakery,3,3.99,11.97,false
2026-05-26T12:00:00,1001,Fort Lauderdale East,SKU008,Croissants,bakery,bakery,3,4.99,14.97,false
2026-05-26T12:00:00,1001,Fort Lauderdale East,SKU009,Sparkling Water,beverages,grocery,3,5.49,16.47,false
2026-05-26T12:00:00,1001,Fort Lauderdale East,SKU010,Orange Juice,beverages,grocery,1,4.99,4.99,false
2026-05-26T12:00:00,1001,Fort Lauderdale East,SKU011,Frozen Pizza,frozen,frozen,2,6.99,13.98,false
2026-05-26T12:00:00,1001,Fort Lauderdale East,SKU013,Peanut Butter,grocery,grocery,2,3.49,6.98,false
2026-05-26T12:00:00,1001,Fort Lauderdale East,SKU015,Paper Towels,household,grocery,1,12.99,12.99,false
2026-05-26T12:00:00,1002,Pembroke Pines,SKU001,Bananas,produce,produce,16,0.69,11.04,false
2026-05-26T12:00:00,1002,Pembroke Pines,SKU002,Avocados,produce,produce,4,1.49,5.96,false
2026-05-26T12:00:00,1002,Pembroke Pines,SKU003,Whole Milk,dairy,dairy,4,4.29,17.16,false
2026-05-26T12:00:00,1002,Pembroke Pines,SKU004,Greek Yogurt,dairy,dairy,4,1.39,5.56,false
2026-05-26T12:00:00,1002,Pembroke Pines,SKU005,Chicken Breast,meat,meat,1,8.49,8.49,false
2026-05-26T12:00:00,1002,Pembroke Pines,SKU006,Ground Beef,meat,meat,3,7.99,23.97,false
2026-05-26T12:00:00,1002,Pembroke Pines,SKU007,Italian Bread,bakery,bakery,3,3.99,11.97,false
2026-05-26T12:00:00,1002,Pembroke Pines,SKU008,Croissants,bakery,bakery,3,4.99,14.97,false
2026-05-26T12:00:00,1002,Pembroke Pines,SKU010,Orange Juice,beverages,grocery,2,4.99,9.98,false
2026-05-26T12:00:00,1002,Pembroke Pines,SKU011,Frozen Pizza,frozen,frozen,2,6.99,13.98,false
2026-05-26T12:00:00,1002,Pembroke Pines,SKU012,Ice Cream,frozen,frozen,3,5.99,17.97,false
2026-05-26T12:00:00,1002,Pembroke Pines,SKU014,Pasta,grocery,grocery,1,1.89,1.89,false
2026-05-26T12:00:00,1002,Pembroke Pines,SKU015,Paper Towels,household,grocery,2,12.99,25.98,false
2026-05-26T12:00:00,1003,Davie,SKU001,Bananas,produce,produce,8,0.69,5.52,false
2026-05-26T12:00:00,1003,Davie,SKU002,Avocados,produce,produce,5,1.49,7.45,false
2026-05-26T12:00:00,1003,Davie,SKU003,Whole Milk,dairy,dairy,4,4.29,17.16,false
2026-05-26T12:00:00,1003,Davie,SKU004,Greek Yogurt,dairy,dairy,3,1.39,4.17,false
2026-05-26T12:00:00,1003,Davie,SKU005,Chicken Breast,meat,meat,2,8.49,16.98,false
2026-05-26T12:00:00,1003,Davie,SKU006,Ground Beef,meat,meat,3,7.99,23.97,false
2026-05-26T12:00:00,1003,Davie,SKU007,Italian Bread,bakery,bakery,4,3.99,15.96,false
2026-05-26T12:00:00,1003,Davie,SKU008,Croissants,bakery,bakery,4,4.99,19.96,false
2026-05-26T12:00:00,1003,Davie,SKU009,Sparkling Water,beverages,grocery,1,5.49,5.49,false
2026-05-26T12:00:00,1003,Davie,SKU010,Orange Juice,beverages,grocery,2,4.99,9.98,false
2026-05-26T12:00:00,1003,Davie,SKU011,Frozen Pizza,frozen,frozen,2,6.99,13.98,false
2026-05-26T12:00:00,1003,Davie,SKU012,Ice Cream,frozen,frozen,3,5.99,17.97,false
2026-05-26T12:00:00,1003,Davie,SKU013,Peanut Butter,grocery,grocery,1,3.49,3.49,false
2026-05-26T13:00:00,1001,Fort Lauderdale East,SKU001,Bananas,produce,produce,12,0.69,8.28,false
2026-05-26T13:00:00,1001,Fort Lauderdale East,SKU002,Avocados,produce,produce,4,1.49,5.96,false
2026-05-26T13:00:00,1001,Fort Lauderdale East,SKU003,Whole Milk,dairy,dairy,4,4.29,17.16,false
2026-05-26T13:00:00,1001,Fort Lauderdale East,SKU004,Greek Yogurt,dairy,dairy,4,1.39,5.56,false
2026-05-26T13:00:00,1001,Fort Lauderdale East,SKU005,Chicken Breast,meat,meat,2,8.49,16.98,false
2026-05-26T13:00:00,1001,Fort Lauderdale East,SKU006,Ground Beef,meat,meat,1,7.99,7.99,false
2026-05-26T13:00:00,1001,Fort Lauderdale East,SKU007,Italian Bread,bakery,bakery,1,3.99,3.99,false
2026-05-26T13:00:00,1001,Fort Lauderdale East,SKU008,Croissants,bakery,bakery,1,4.99,4.99,false
2026-05-26T13:00:00,1001,Fort Lauderdale East,SKU009,Sparkling Water,beverages,grocery,2,5.49,10.98,false
2026-05-26T13:00:00,1001,Fort Lauderdale East,SKU010,Orange Juice,beverages,grocery,3,4.99,14.97,false
2026-05-26T13:00:00,1001,Fort Lauderdale East,SKU011,Frozen Pizza,frozen,frozen,1,6.99,6.99,false
2026-05-26T13:00:00,1001,Fort Lauderdale East,SKU012,Ice Cream,frozen,frozen,1,5.99,5.99,false
2026-05-26T13:00:00,1001,Fort Lauderdale East,SKU013,Peanut Butter,grocery,grocery,1,3.49,3.49,false
2026-05-26T13:00:00,1001,Fort Lauderdale East,SKU014,Pasta,grocery,grocery,2,1.89,3.78,false
2026-05-26T13:00:00,1002,Pembroke Pines,SKU001,Bananas,produce,produce,9,0.69,6.21,false
2026-05-26T13:00:00,1002,Pembroke Pines,SKU002,Avocados,produce,produce,3,1.49,4.47,false
2026-05-26T13:00:00,1002,Pembroke Pines,SKU003,Whole Milk,dairy,dairy,3,4.29,12.87,false
2026-05-26T13:00:00,1002,Pembroke Pines,SKU004,Greek Yogurt,dairy,dairy,4,1.39,5.56,false
2026-05-26T13:00:00,1002,Pembroke Pines,SKU005,Chicken Breast,meat,meat,1,8.49,8.49,false
2026-05-26T13:00:00,1002,Pembroke Pines,SKU006,Ground Beef,meat,meat,4,7.99,31.96,false
2026-05-26T13:00:00,1002,Pembroke Pines,SKU007,Italian Bread,bakery,bakery,1,3.99,3.99,false
2026-05-26T13:00:00,1002,Pembroke Pines,SKU010,Orange Juice,beverages,grocery,2,4.99,9.98,false
2026-05-26T13:00:00,1002,Pembroke Pines,SKU011,Frozen Pizza,frozen,frozen,1,6.99,6.99,false
2026-05-26T13:00:00,1002,Pembroke Pines,SKU012,Ice Cream,frozen,frozen,2,5.99,11.98,false
2026-05-26T13:00:00,1003,Davie,SKU001,Bananas,produce,produce,10,0.69,6.90,false
2026-05-26T13:00:00,1003,Davie,SKU002,Avocados,produce,produce,2,1.49,2.98,false
2026-05-26T13:00:00,1003,Davie,SKU003,Whole Milk,dairy,dairy,2,4.29,8.58,false
2026-05-26T13:00:00,1003,Davie,SKU004,Greek Yogurt,dairy,dairy,3,1.39,4.17,false
2026-05-26T13:00:00,1003,Davie,SKU005,Chicken Breast,meat,meat,1,8.49,8.49,false
2026-05-26T13:00:00,1003,Davie,SKU006,Ground Beef,meat,meat,1,7.99,7.99,false
2026-05-26T13:00:00,1003,Davie,SKU007,Italian Bread,bakery,bakery,1,3.99,3.99,false
2026-05-26T13:00:00,1003,Davie,SKU008,Croissants,bakery,bakery,1,4.99,4.99,false
2026-05-26T13:00:00,1003,Davie,SKU009,Sparkling Water,beverages,grocery,2,5.49,10.98,false
2026-05-26T13:00:00,1003,Davie,SKU010,Orange Juice,beverages,grocery,4,4.99,19.96,false
2026-05-26T13:00:00,1003,Davie,SKU011,Frozen Pizza,frozen,frozen,2,6.99,13.98,false
2026-05-26T13:00:00,1003,Davie,SKU015,Paper Towels,household,grocery,2,12.99,25.98,false
2026-05-26T14:00:00,1001,Fort Lauderdale East,SKU001,Bananas,produce,produce,12,0.69,8.28,false
2026-05-26T14:00:00,1001,Fort Lauderdale East,SKU002,Avocados,produce,produce,3,1.49,4.47,false
2026-05-26T14:00:00,1001,Fort Lauderdale East,SKU003,Whole Milk,dairy,dairy,4,4.29,17.16,false
2026-05-26T14:00:00,1001,Fort Lauderdale East,SKU004,Greek Yogurt,dairy,dairy,4,1.39,5.56,false
2026-05-26T14:00:00,1001,Fort Lauderdale East,SKU005,Chicken Breast,meat,meat,4,8.49,33.96,false
2026-05-26T14:00:00,1001,Fort Lauderdale East,SKU006,Ground Beef,meat,meat,1,7.99,7.99,false
2026-05-26T14:00:00,1001,Fort Lauderdale East,SKU007,Italian Bread,bakery,bakery,2,3.99,7.98,false
2026-05-26T14:00:00,1001,Fort Lauderdale East,SKU011,Frozen Pizza,frozen,frozen,1,6.99,6.99,false
2026-05-26T14:00:00,1001,Fort Lauderdale East,SKU013,Peanut Butter,grocery,grocery,2,3.49,6.98,false
2026-05-26T14:00:00,1001,Fort Lauderdale East,SKU014,Pasta,grocery,grocery,1,1.89,1.89,false
2026-05-26T14:00:00,1002,Pembroke Pines,SKU001,Bananas,produce,produce,10,0.69,6.90,false
2026-05-26T14:00:00,1002,Pembroke Pines,SKU002,Avocados,produce,produce,5,1.49,7.45,false
2026-05-26T14:00:00,1002,Pembroke Pines,SKU003,Whole Milk,dairy,dairy,3,4.29,12.87,false
2026-05-26T14:00:00,1002,Pembroke Pines,SKU004,Greek Yogurt,dairy,dairy,1,1.39,1.39,false
2026-05-26T14:00:00,1002,Pembroke Pines,SKU005,Chicken Breast,meat,meat,2,8.49,16.98,false
2026-05-26T14:00:00,1002,Pembroke Pines,SKU006,Ground Beef,meat,meat,1,7.99,7.99,false
2026-05-26T14:00:00,1002,Pembroke Pines,SKU007,Italian Bread,bakery,bakery,1,3.99,3.99,false
2026-05-26T14:00:00,1002,Pembroke Pines,SKU009,Sparkling Water,beverages,grocery,1,5.49,5.49,false
2026-05-26T14:00:00,1002,Pembroke Pines,SKU010,Orange Juice,beverages,grocery,3,4.99,14.97,false
2026-05-26T14:00:00,1002,Pembroke Pines,SKU013,Peanut Butter,grocery,grocery,1,3.49,3.49,false
2026-05-26T14:00:00,1002,Pembroke Pines,SKU014,Pasta,grocery,grocery,2,1.89,3.78,false
2026-05-26T14:00:00,1003,Davie,SKU001,Bananas,produce,produce,9,0.69,6.21,false
2026-05-26T14:00:00,1003,Davie,SKU002,Avocados,produce,produce,4,1.49,5.96,false
2026-05-26T14:00:00,1003,Davie,SKU003,Whole Milk,dairy,dairy,3,4.29,12.87,false
2026-05-26T14:00:00,1003,Davie,SKU004,Greek Yogurt,dairy,dairy,3,1.39,4.17,false
2026-05-26T14:00:00,1003,Davie,SKU005,Chicken Breast,meat,meat,2,8.49,16.98,false
2026-05-26T14:00:00,1003,Davie,SKU007,Italian Bread,bakery,bakery,2,3.99,7.98,false
2026-05-26T14:00:00,1003,Davie,SKU008,Croissants,bakery,bakery,2,4.99,9.98,false
2026-05-26T14:00:00,1003,Davie,SKU009,Sparkling Water,beverages,grocery,1,5.49,5.49,false
2026-05-26T14:00:00,1003,Davie,SKU010,Orange Juice,beverages,grocery,2,4.99,9.98,false
2026-05-26T14:00:00,1003,Davie,SKU012,Ice Cream,frozen,frozen,2,5.99,11.98,false
2026-05-26T14:00:00,1003,Davie,SKU014,Pasta,grocery,grocery,2,1.89,3.78,false
2026-05-26T15:00:00,1001,Fort Lauderdale East,SKU001,Bananas,produce,produce,12,0.69,8.28,false
2026-05-26T15:00:00,1001,Fort Lauderdale East,SKU002,Avocados,produce,produce,3,1.49,4.47,false
2026-05-26T15:00:00,1001,Fort Lauderdale East,SKU003,Whole Milk,dairy,dairy,5,4.29,21.45,false
2026-05-26T15:00:00,1001,Fort Lauderdale East,SKU005,Chicken Breast,meat,meat,2,8.49,16.98,false
2026-05-26T15:00:00,1001,Fort Lauderdale East,SKU007,Italian Bread,bakery,bakery,1,3.99,3.99,false
2026-05-26T15:00:00,1001,Fort Lauderdale East,SKU008,Croissants,bakery,bakery,3,4.99,14.97,false
2026-05-26T15:00:00,1001,Fort Lauderdale East,SKU009,Sparkling Water,beverages,grocery,2,5.49,10.98,false
2026-05-26T15:00:00,1001,Fort Lauderdale East,SKU011,Frozen Pizza,frozen,frozen,1,6.99,6.99,false
2026-05-26T15:00:00,1001,Fort Lauderdale East,SKU013,Peanut Butter,grocery,grocery,1,3.49,3.49,false
2026-05-26T15:00:00,1001,Fort Lauderdale East,SKU014,Pasta,grocery,grocery,3,1.89,5.67,false
2026-05-26T15:00:00,1001,Fort Lauderdale East,SKU015,Paper Towels,household,grocery,1,12.99,12.99,false
2026-05-26T15:00:00,1002,Pembroke Pines,SKU001,Bananas,produce,produce,10,0.69,6.90,false
2026-05-26T15:00:00,1002,Pembroke Pines,SKU002,Avocados,produce,produce,4,1.49,5.96,false
2026-05-26T15:00:00,1002,Pembroke Pines,SKU003,Whole Milk,dairy,dairy,1,4.29,4.29,false
2026-05-26T15:00:00,1002,Pembroke Pines,SKU004,Greek Yogurt,dairy,dairy,3,1.39,4.17,false
2026-05-26T15:00:00,1002,Pembroke Pines,SKU005,Chicken Breast,meat,meat,3,8.49,25.47,false
2026-05-26T15:00:00,1002,Pembroke Pines,SKU006,Ground Beef,meat,meat,1,7.99,7.99,false
2026-05-26T15:00:00,1002,Pembroke Pines,SKU007,Italian Bread,bakery,bakery,1,3.99,3.99,false
2026-05-26T15:00:00,1002,Pembroke Pines,SKU008,Croissants,bakery,bakery,2,4.99,9.98,false
2026-05-26T15:00:00,1002,Pembroke Pines,SKU009,Sparkling Water,beverages,grocery,1,5.49,5.49,false
2026-05-26T15:00:00,1002,Pembroke Pines,SKU013,Peanut Butter,grocery,grocery,1,3.49,3.49,false
2026-05-26T15:00:00,1002,Pembroke Pines,SKU014,Pasta,grocery,grocery,1,1.89,1.89,false
2026-05-26T15:00:00,1003,Davie,SKU001,Bananas,produce,produce,13,0.69,8.97,false
2026-05-26T15:00:00,1003,Davie,SKU002,Avocados,produce,produce,4,1.49,5.96,false
2026-05-26T15:00:00,1003,Davie,SKU003,Whole Milk,dairy,dairy,4,4.29,17.16,false
2026-05-26T15:00:00,1003,Davie,SKU005,Chicken Breast,meat,meat,2,8.49,16.98,false
2026-05-26T15:00:00,1003,Davie,SKU006,Ground Beef,meat,meat,3,7.99,23.97,false
2026-05-26T15:00:00,1003,Davie,SKU007,Italian Bread,bakery,bakery,2,3.99,7.98,false
2026-05-26T15:00:00,1003,Davie,SKU010,Orange Juice,beverages,grocery,2,4.99,9.98,false
2026-05-26T15:00:00,1003,Davie,SKU011,Frozen Pizza,frozen,frozen,1,6.99,6.99,false
2026-05-26T15:00:00,1003,Davie,SKU012,Ice Cream,frozen,frozen,1,5.99,5.99,false
2026-05-26T15:00:00,1003,Davie,SKU013,Peanut Butter,grocery,grocery,1,3.49,3.49,false
2026-05-26T16:00:00,1001,Fort Lauderdale East,SKU001,Bananas,produce,produce,8,0.69,5.52,false
2026-05-26T16:00:00,1001,Fort Lauderdale East,SKU002,Avocados,produce,produce,5,1.49,7.45,false
2026-05-26T16:00:00,1001,Fort Lauderdale East,SKU003,Whole Milk,dairy,dairy,3,4.29,12.87,false
2026-05-26T16:00:00,1001,Fort Lauderdale East,SKU004,Greek Yogurt,dairy,dairy,4,1.39,5.56,false
2026-05-26T16:00:00,1001,Fort Lauderdale East,SKU005,Chicken Breast,meat,meat,2,8.49,16.98,false
2026-05-26T16:00:00,1001,Fort Lauderdale East,SKU006,Ground Beef,meat,meat,1,7.99,7.99,false
2026-05-26T16:00:00,1001,Fort Lauderdale East,SKU007,Italian Bread,bakery,bakery,2,3.99,7.98,false
2026-05-26T16:00:00,1001,Fort Lauderdale East,SKU009,Sparkling Water,beverages,grocery,2,5.49,10.98,false
2026-05-26T16:00:00,1001,Fort Lauderdale East,SKU010,Orange Juice,beverages,grocery,2,4.99,9.98,false
2026-05-26T16:00:00,1001,Fort Lauderdale East,SKU012,Ice Cream,frozen,frozen,1,5.99,5.99,false
2026-05-26T16:00:00,1001,Fort Lauderdale East,SKU013,Peanut Butter,grocery,grocery,1,3.49,3.49,false
2026-05-26T16:00:00,1002,Pembroke Pines,SKU001,Bananas,produce,produce,13,0.69,8.97,false
2026-05-26T16:00:00,1002,Pembroke Pines,SKU002,Avocados,produce,produce,2,1.49,2.98,false
2026-05-26T16:00:00,1002,Pembroke Pines,SKU003,Whole Milk,dairy,dairy,2,4.29,8.58,false
2026-05-26T16:00:00,1002,Pembroke Pines,SKU004,Greek Yogurt,dairy,dairy,5,1.39,6.95,false
2026-05-26T16:00:00,1002,Pembroke Pines,SKU007,Italian Bread,bakery,bakery,3,3.99,11.97,false
2026-05-26T16:00:00,1002,Pembroke Pines,SKU008,Croissants,bakery,bakery,1,4.99,4.99,false
2026-05-26T16:00:00,1002,Pembroke Pines,SKU009,Sparkling Water,beverages,grocery,2,5.49,10.98,false
2026-05-26T16:00:00,1002,Pembroke Pines,SKU010,Orange Juice,beverages,grocery,3,4.99,14.97,false
2026-05-26T16:00:00,1002,Pembroke Pines,SKU013,Peanut Butter,grocery,grocery,1,3.49,3.49,false
2026-05-26T16:00:00,1002,Pembroke Pines,SKU014,Pasta,grocery,grocery,1,1.89,1.89,false
2026-05-26T16:00:00,1003,Davie,SKU001,Bananas,produce,produce,9,0.69,6.21,false
2026-05-26T16:00:00,1003,Davie,SKU002,Avocados,produce,produce,2,1.49,2.98,false
2026-05-26T16:00:00,1003,Davie,SKU003,Whole Milk,dairy,dairy,3,4.29,12.87,false
2026-05-26T16:00:00,1003,Davie,SKU004,Greek Yogurt,dairy,dairy,3,1.39,4.17,false
2026-05-26T16:00:00,1003,Davie,SKU005,Chicken Breast,meat,meat,2,8.49,16.98,false
2026-05-26T16:00:00,1003,Davie,SKU006,Ground Beef,meat,meat,1,7.99,7.99,false
2026-05-26T16:00:00,1003,Davie,SKU007,Italian Bread,bakery,bakery,2,3.99,7.98,false
2026-05-26T16:00:00,1003,Davie,SKU009,Sparkling Water,beverages,grocery,1,5.49,5.49,false
2026-05-26T16:00:00,1003,Davie,SKU010,Orange Juice,beverages,grocery,1,4.99,4.99,false
2026-05-26T16:00:00,1003,Davie,SKU011,Frozen Pizza,frozen,frozen,2,6.99,13.98,false
2026-05-26T16:00:00,1003,Davie,SKU012,Ice Cream,frozen,frozen,1,5.99,5.99,false
2026-05-26T16:00:00,1003,Davie,SKU013,Peanut Butter,grocery,grocery,1,3.49,3.49,false
2026-05-26T17:00:00,1001,Fort Lauderdale East,SKU001,Bananas,produce,produce,11,0.69,7.59,false
2026-05-26T17:00:00,1001,Fort Lauderdale East,SKU002,Avocados,produce,produce,4,1.49,5.96,false
2026-05-26T17:00:00,1001,Fort Lauderdale East,SKU003,Whole Milk,dairy,dairy,5,4.29,21.45,false
2026-05-26T17:00:00,1001,Fort Lauderdale East,SKU004,Greek Yogurt,dairy,dairy,3,1.39,4.17,false
2026-05-26T17:00:00,1001,Fort Lauderdale East,SKU005,Chicken Breast,meat,meat,3,8.49,25.47,false
2026-05-26T17:00:00,1001,Fort Lauderdale East,SKU006,Ground Beef,meat,meat,2,7.99,15.98,false
2026-05-26T17:00:00,1001,Fort Lauderdale East,SKU007,Italian Bread,bakery,bakery,2,3.99,7.98,false
2026-05-26T17:00:00,1001,Fort Lauderdale East,SKU008,Croissants,bakery,bakery,1,4.99,4.99,false
2026-05-26T17:00:00,1001,Fort Lauderdale East,SKU009,Sparkling Water,beverages,grocery,3,5.49,16.47,false
2026-05-26T17:00:00,1001,Fort Lauderdale East,SKU010,Orange Juice,beverages,grocery,2,4.99,9.98,false
2026-05-26T17:00:00,1001,Fort Lauderdale East,SKU011,Frozen Pizza,frozen,frozen,1,6.99,6.99,false
2026-05-26T17:00:00,1001,Fort Lauderdale East,SKU012,Ice Cream,frozen,frozen,1,5.99,5.99,false
2026-05-26T17:00:00,1001,Fort Lauderdale East,SKU013,Peanut Butter,grocery,grocery,1,3.49,3.49,false
2026-05-26T17:00:00,1001,Fort Lauderdale East,SKU014,Pasta,grocery,grocery,1,1.89,1.89,false
2026-05-26T17:00:00,1002,Pembroke Pines,SKU001,Bananas,produce,produce,13,0.69,8.97,false
2026-05-26T17:00:00,1002,Pembroke Pines,SKU002,Avocados,produce,produce,4,1.49,5.96,false
2026-05-26T17:00:00,1002,Pembroke Pines,SKU003,Whole Milk,dairy,dairy,4,4.29,17.16,false
2026-05-26T17:00:00,1002,Pembroke Pines,SKU004,Greek Yogurt,dairy,dairy,3,1.39,4.17,false
2026-05-26T17:00:00,1002,Pembroke Pines,SKU005,Chicken Breast,meat,meat,3,8.49,25.47,false
2026-05-26T17:00:00,1002,Pembroke Pines,SKU006,Ground Beef,meat,meat,3,7.99,23.97,false
2026-05-26T17:00:00,1002,Pembroke Pines,SKU007,Italian Bread,bakery,bakery,3,3.99,11.97,false
2026-05-26T17:00:00,1002,Pembroke Pines,SKU008,Croissants,bakery,bakery,3,4.99,14.97,false
2026-05-26T17:00:00,1002,Pembroke Pines,SKU009,Sparkling Water,beverages,grocery,2,5.49,10.98,false
2026-05-26T17:00:00,1002,Pembroke Pines,SKU010,Orange Juice,beverages,grocery,4,4.99,19.96,false
2026-05-26T17:00:00,1002,Pembroke Pines,SKU011,Frozen Pizza,frozen,frozen,1,6.99,6.99,false
2026-05-26T17:00:00,1002,Pembroke Pines,SKU012,Ice Cream,frozen,frozen,2,5.99,11.98,false
2026-05-26T17:00:00,1002,Pembroke Pines,SKU013,Peanut Butter,grocery,grocery,1,3.49,3.49,false
2026-05-26T17:00:00,1002,Pembroke Pines,SKU014,Pasta,grocery,grocery,1,1.89,1.89,false
2026-05-26T17:00:00,1002,Pembroke Pines,SKU015,Paper Towels,household,grocery,1,12.99,12.99,false
2026-05-26T17:00:00,1003,Davie,SKU001,Bananas,produce,produce,12,0.69,8.28,false
2026-05-26T17:00:00,1003,Davie,SKU002,Avocados,produce,produce,7,1.49,10.43,false
2026-05-26T17:00:00,1003,Davie,SKU003,Whole Milk,dairy,dairy,4,4.29,17.16,false
2026-05-26T17:00:00,1003,Davie,SKU004,Greek Yogurt,dairy,dairy,5,1.39,6.95,false
2026-05-26T17:00:00,1003,Davie,SKU005,Chicken Breast,meat,meat,2,8.49,16.98,false
2026-05-26T17:00:00,1003,Davie,SKU006,Ground Beef,meat,meat,2,7.99,15.98,false
2026-05-26T17:00:00,1003,Davie,SKU007,Italian Bread,bakery,bakery,2,3.99,7.98,false
2026-05-26T17:00:00,1003,Davie,SKU008,Croissants,bakery,bakery,3,4.99,14.97,false
2026-05-26T17:00:00,1003,Davie,SKU009,Sparkling Water,beverages,grocery,2,5.49,10.98,false
2026-05-26T17:00:00,1003,Davie,SKU010,Orange Juice,beverages,grocery,2,4.99,9.98,false
2026-05-26T17:00:00,1003,Davie,SKU011,Frozen Pizza,frozen,frozen,1,6.99,6.99,false
2026-05-26T17:00:00,1003,Davie,SKU012,Ice Cream,frozen,frozen,1,5.99,5.99,false
2026-05-26T17:00:00,1003,Davie,SKU013,Peanut Butter,grocery,grocery,2,3.49,6.98,false
2026-05-26T17:00:00,1003,Davie,SKU014,Pasta,grocery,grocery,2,1.89,3.78,false
2026-05-26T18:00:00,1001,Fort Lauderdale East,SKU001,Bananas,produce,produce,13,0.69,8.97,false
2026-05-26T18:00:00,1001,Fort Lauderdale East,SKU002,Avocados,produce,produce,5,1.49,7.45,false
2026-05-26T18:00:00,1001,Fort Lauderdale East,SKU003,Whole Milk,dairy,dairy,5,4.29,21.45,false
2026-05-26T18:00:00,1001,Fort Lauderdale East,SKU004,Greek Yogurt,dairy,dairy,4,1.39,5.56,false
2026-05-26T18:00:00,1001,Fort Lauderdale East,SKU005,Chicken Breast,meat,meat,3,8.49,25.47,false
2026-05-26T18:00:00,1001,Fort Lauderdale East,SKU006,Ground Beef,meat,meat,4,7.99,31.96,false
2026-05-26T18:00:00,1001,Fort Lauderdale East,SKU007,Italian Bread,bakery,bakery,2,3.99,7.98,false
2026-05-26T18:00:00,1001,Fort Lauderdale East,SKU008,Croissants,bakery,bakery,3,4.99,14.97,false
2026-05-26T18:00:00,1001,Fort Lauderdale East,SKU009,Sparkling Water,beverages,grocery,3,5.49,16.47,false
2026-05-26T18:00:00,1001,Fort Lauderdale East,SKU010,Orange Juice,beverages,grocery,3,4.99,14.97,false
2026-05-26T18:00:00,1001,Fort Lauderdale East,SKU011,Frozen Pizza,frozen,frozen,3,6.99,20.97,false
2026-05-26T18:00:00,1001,Fort Lauderdale East,SKU012,Ice Cream,frozen,frozen,2,5.99,11.98,false
2026-05-26T18:00:00,1001,Fort Lauderdale East,SKU013,Peanut Butter,grocery,grocery,1,3.49,3.49,false
2026-05-26T18:00:00,1001,Fort Lauderdale East,SKU014,Pasta,grocery,grocery,1,1.89,1.89,false
2026-05-26T18:00:00,1002,Pembroke Pines,SKU001,Bananas,produce,produce,16,0.69,11.04,false
2026-05-26T18:00:00,1002,Pembroke Pines,SKU002,Avocados,produce,produce,3,1.49,4.47,false
2026-05-26T18:00:00,1002,Pembroke Pines,SKU003,Whole Milk,dairy,dairy,2,4.29,8.58,false
2026-05-26T18:00:00,1002,Pembroke Pines,SKU004,Greek Yogurt,dairy,dairy,5,1.39,6.95,false
2026-05-26T18:00:00,1002,Pembroke Pines,SKU005,Chicken Breast,meat,meat,4,8.49,33.96,false
2026-05-26T18:00:00,1002,Pembroke Pines,SKU006,Ground Beef,meat,meat,3,7.99,23.97,false
2026-05-26T18:00:00,1002,Pembroke Pines,SKU007,Italian Bread,bakery,bakery,4,3.99,15.96,false
2026-05-26T18:00:00,1002,Pembroke Pines,SKU008,Croissants,bakery,bakery,2,4.99,9.98,false
2026-05-26T18:00:00,1002,Pembroke Pines,SKU009,Sparkling Water,beverages,grocery,2,5.49,10.98,false
2026-05-26T18:00:00,1002,Pembroke Pines,SKU010,Orange Juice,beverages,grocery,1,4.99,4.99,false
2026-05-26T18:00:00,1002,Pembroke Pines,SKU011,Frozen Pizza,frozen,frozen,3,6.99,20.97,false
2026-05-26T18:00:00,1002,Pembroke Pines,SKU012,Ice Cream,frozen,frozen,2,5.99,11.98,false
2026-05-26T18:00:00,1002,Pembroke Pines,SKU014,Pasta,grocery,grocery,1,1.89,1.89,false
2026-05-26T18:00:00,1003,Davie,SKU001,Bananas,produce,produce,13,0.69,8.97,false
2026-05-26T18:00:00,1003,Davie,SKU002,Avocados,produce,produce,4,1.49,5.96,false
2026-05-26T18:00:00,1003,Davie,SKU003,Whole Milk,dairy,dairy,5,4.29,21.45,false
2026-05-26T18:00:00,1003,Davie,SKU004,Greek Yogurt,dairy,dairy,3,1.39,4.17,false
2026-05-26T18:00:00,1003,Davie,SKU005,Chicken Breast,meat,meat,2,8.49,16.98,false
2026-05-26T18:00:00,1003,Davie,SKU006,Ground Beef,meat,meat,3,7.99,23.97,false
2026-05-26T18:00:00,1003,Davie,SKU007,Italian Bread,bakery,bakery,3,3.99,11.97,false
2026-05-26T18:00:00,1003,Davie,SKU009,Sparkling Water,beverages,grocery,2,5.49,10.98,false
2026-05-26T18:00:00,1003,Davie,SKU010,Orange Juice,beverages,grocery,3,4.99,14.97,false
2026-05-26T18:00:00,1003,Davie,SKU011,Frozen Pizza,frozen,frozen,1,6.99,6.99,false
2026-05-26T18:00:00,1003,Davie,SKU012,Ice Cream,frozen,frozen,2,5.99,11.98,false
2026-05-26T18:00:00,1003,Davie,SKU015,Paper Towels,household,grocery,1,12.99,12.99,false
2026-05-26T19:00:00,1001,Fort Lauderdale East,SKU001,Bananas,produce,produce,10,0.69,6.90,false
2026-05-26T19:00:00,1001,Fort Lauderdale East,SKU002,Avocados,produce,produce,4,1.49,5.96,false
2026-05-26T19:00:00,1001,Fort Lauderdale East,SKU003,Whole Milk,dairy,dairy,3,4.29,12.87,false
2026-05-26T19:00:00,1001,Fort Lauderdale East,SKU004,Greek Yogurt,dairy,dairy,2,1.39,2.78,false
2026-05-26T19:00:00,1001,Fort Lauderdale East,SKU005,Chicken Breast,meat,meat,2,8.49,16.98,false
2026-05-26T19:00:00,1001,Fort Lauderdale East,SKU006,Ground Beef,meat,meat,2,7.99,15.98,false
2026-05-26T19:00:00,1001,Fort Lauderdale East,SKU007,Italian Bread,bakery,bakery,3,3.99,11.97,false
2026-05-26T19:00:00,1001,Fort Lauderdale East,SKU008,Croissants,bakery,bakery,1,4.99,4.99,false
2026-05-26T19:00:00,1001,Fort Lauderdale East,SKU010,Orange Juice,beverages,grocery,2,4.99,9.98,false
2026-05-26T19:00:00,1002,Pembroke Pines,SKU001,Bananas,produce,produce,5,0.69,3.45,false
2026-05-26T19:00:00,1002,Pembroke Pines,SKU002,Avocados,produce,produce,3,1.49,4.47,false
2026-05-26T19:00:00,1002,Pembroke Pines,SKU003,Whole Milk,dairy,dairy,4,4.29,17.16,false
2026-05-26T19:00:00,1002,Pembroke Pines,SKU004,Greek Yogurt,dairy,dairy,3,1.39,4.17,false
2026-05-26T19:00:00,1002,Pembroke Pines,SKU005,Chicken Breast,meat,meat,2,8.49,16.98,false
2026-05-26T19:00:00,1002,Pembroke Pines,SKU006,Ground Beef,meat,meat,2,7.99,15.98,false
2026-05-26T19:00:00,1002,Pembroke Pines,SKU007,Italian Bread,bakery,bakery,1,3.99,3.99,false
2026-05-26T19:00:00,1002,Pembroke Pines,SKU009,Sparkling Water,beverages,grocery,2,5.49,10.98,false
2026-05-26T19:00:00,1002,Pembroke Pines,SKU011,Frozen Pizza,frozen,frozen,1,6.99,6.99,false
2026-05-26T19:00:00,1002,Pembroke Pines,SKU012,Ice Cream,frozen,frozen,1,5.99,5.99,false
2026-05-26T19:00:00,1002,Pembroke Pines,SKU015,Paper Towels,household,grocery,1,12.99,12.99,false
2026-05-26T19:00:00,1003,Davie,SKU001,Bananas,produce,produce,5,0.69,3.45,false
2026-05-26T19:00:00,1003,Davie,SKU002,Avocados,produce,produce,3,1.49,4.47,false
2026-05-26T19:00:00,1003,Davie,SKU003,Whole Milk,dairy,dairy,2,4.29,8.58,false
2026-05-26T19:00:00,1003,Davie,SKU004,Greek Yogurt,dairy,dairy,1,1.39,1.39,false
2026-05-26T19:00:00,1003,Davie,SKU005,Chicken Breast,meat,meat,2,8.49,16.98,false
2026-05-26T19:00:00,1003,Davie,SKU006,Ground Beef,meat,meat,2,7.99,15.98,false
2026-05-26T19:00:00,1003,Davie,SKU007,Italian Bread,bakery,bakery,2,3.99,7.98,false
2026-05-26T19:00:00,1003,Davie,SKU008,Croissants,bakery,bakery,1,4.99,4.99,false
2026-05-26T19:00:00,1003,Davie,SKU009,Sparkling Water,beverages,grocery,3,5.49,16.47,false
2026-05-26T19:00:00,1003,Davie,SKU010,Orange Juice,beverages,grocery,1,4.99,4.99,false
2026-05-26T19:00:00,1003,Davie,SKU011,Frozen Pizza,frozen,frozen,1,6.99,6.99,false
2026-05-26T19:00:00,1003,Davie,SKU013,Peanut Butter,grocery,grocery,1,3.49,3.49,false
2026-05-26T19:00:00,1003,Davie,SKU015,Paper Towels,household,grocery,1,12.99,12.99,false
2026-05-26T20:00:00,1001,Fort Lauderdale East,SKU001,Bananas,produce,produce,9,0.69,6.21,false
2026-05-26T20:00:00,1001,Fort Lauderdale East,SKU002,Avocados,produce,produce,4,1.49,5.96,false
2026-05-26T20:00:00,1001,Fort Lauderdale East,SKU003,Whole Milk,dairy,dairy,1,4.29,4.29,false
2026-05-26T20:00:00,1001,Fort Lauderdale East,SKU004,Greek Yogurt,dairy,dairy,2,1.39,2.78,false
2026-05-26T20:00:00,1001,Fort Lauderdale East,SKU005,Chicken Breast,meat,meat,3,8.49,25.47,false
2026-05-26T20:00:00,1001,Fort Lauderdale East,SKU006,Ground Beef,meat,meat,2,7.99,15.98,false
2026-05-26T20:00:00,1001,Fort Lauderdale East,SKU007,Italian Bread,bakery,bakery,2,3.99,7.98,false
2026-05-26T20:00:00,1001,Fort Lauderdale East,SKU008,Croissants,bakery,bakery,1,4.99,4.99,false
2026-05-26T20:00:00,1001,Fort Lauderdale East,SKU009,Sparkling Water,beverages,grocery,2,5.49,10.98,false
2026-05-26T20:00:00,1001,Fort Lauderdale East,SKU010,Orange Juice,beverages,grocery,2,4.99,9.98,false
2026-05-26T20:00:00,1001,Fort Lauderdale East,SKU014,Pasta,grocery,grocery,1,1.89,1.89,false
2026-05-26T20:00:00,1002,Pembroke Pines,SKU001,Bananas,produce,produce,4,0.69,2.76,false
2026-05-26T20:00:00,1002,Pembroke Pines,SKU002,Avocados,produce,produce,3,1.49,4.47,false
2026-05-26T20:00:00,1002,Pembroke Pines,SKU003,Whole Milk,dairy,dairy,3,4.29,12.87,false
2026-05-26T20:00:00,1002,Pembroke Pines,SKU004,Greek Yogurt,dairy,dairy,2,1.39,2.78,false
2026-05-26T20:00:00,1002,Pembroke Pines,SKU005,Chicken Breast,meat,meat,3,8.49,25.47,false
2026-05-26T20:00:00,1002,Pembroke Pines,SKU007,Italian Bread,bakery,bakery,1,3.99,3.99,false
2026-05-26T20:00:00,1002,Pembroke Pines,SKU009,Sparkling Water,beverages,grocery,1,5.49,5.49,false
2026-05-26T20:00:00,1002,Pembroke Pines,SKU010,Orange Juice,beverages,grocery,1,4.99,4.99,false
2026-05-26T20:00:00,1002,Pembroke Pines,SKU012,Ice Cream,frozen,frozen,1,5.99,5.99,false
2026-05-26T20:00:00,1002,Pembroke Pines,SKU015,Paper Towels,household,grocery,2,12.99,25.98,false
2026-05-26T20:00:00,1003,Davie,SKU001,Bananas,produce,produce,11,0.69,7.59,false
2026-05-26T20:00:00,1003,Davie,SKU002,Avocados,produce,produce,3,1.49,4.47,false
2026-05-26T20:00:00,1003,Davie,SKU003,Whole Milk,dairy,dairy,1,4.29,4.29,false
2026-05-26T20:00:00,1003,Davie,SKU004,Greek Yogurt,dairy,dairy,2,1.39,2.78,false
2026-05-26T20:00:00,1003,Davie,SKU005,Chicken Breast,meat,meat,2,8.49,16.98,false
2026-05-26T20:00:00,1003,Davie,SKU006,Ground Beef,meat,meat,2,7.99,15.98,false
2026-05-26T20:00:00,1003,Davie,SKU007,Italian Bread,bakery,bakery,3,3.99,11.97,false
2026-05-26T20:00:00,1003,Davie,SKU008,Croissants,bakery,bakery,2,4.99,9.98,false
2026-05-26T20:00:00,1003,Davie,SKU009,Sparkling Water,beverages,grocery,1,5.49,5.49,false
2026-05-26T20:00:00,1003,Davie,SKU010,Orange Juice,beverages,grocery,1,4.99,4.99,false
2026-05-26T20:00:00,1003,Davie,SKU013,Peanut Butter,grocery,grocery,2,3.49,6.98,false
2026-05-26T21:00:00,1001,Fort Lauderdale East,SKU001,Bananas,produce,produce,11,0.69,7.59,false
2026-05-26T21:00:00,1001,Fort Lauderdale East,SKU002,Avocados,produce,produce,3,1.49,4.47,false
2026-05-26T21:00:00,1001,Fort Lauderdale East,SKU003,Whole Milk,dairy,dairy,2,4.29,8.58,false
2026-05-26T21:00:00,1001,Fort Lauderdale East,SKU005,Chicken Breast,meat,meat,3,8.49,25.47,false
2026-05-26T21:00:00,1001,Fort Lauderdale East,SKU006,Ground Beef,meat,meat,2,7.99,15.98,false
2026-05-26T21:00:00,1001,Fort Lauderdale East,SKU007,Italian Bread,bakery,bakery,1,3.99,3.99,false
2026-05-26T21:00:00,1001,Fort Lauderdale East,SKU008,Croissants,bakery,bakery,1,4.99,4.99,false
2026-05-26T21:00:00,1001,Fort Lauderdale East,SKU012,Ice Cream,frozen,frozen,2,5.99,11.98,false
2026-05-26T21:00:00,1001,Fort Lauderdale East,SKU013,Peanut Butter,grocery,grocery,2,3.49,6.98,false
2026-05-26T21:00:00,1002,Pembroke Pines,SKU001,Bananas,produce,produce,13,0.69,8.97,false
2026-05-26T21:00:00,1002,Pembroke Pines,SKU002,Avocados,produce,produce,2,1.49,2.98,false
2026-05-26T21:00:00,1002,Pembroke Pines,SKU003,Whole Milk,dairy,dairy,1,4.29,4.29,false
2026-05-26T21:00:00,1002,Pembroke Pines,SKU004,Greek Yogurt,dairy,dairy,2,1.39,2.78,false
2026-05-26T21:00:00,1002,Pembroke Pines,SKU005,Chicken Breast,meat,meat,2,8.49,16.98,false
2026-05-26T21:00:00,1002,Pembroke Pines,SKU006,Ground Beef,meat,meat,1,7.99,7.99,false
2026-05-26T21:00:00,1002,Pembroke Pines,SKU009,Sparkling Water,beverages,grocery,2,5.49,10.98,false
2026-05-26T21:00:00,1002,Pembroke Pines,SKU010,Orange Juice,beverages,grocery,2,4.99,9.98,false
2026-05-26T21:00:00,1002,Pembroke Pines,SKU014,Pasta,grocery,grocery,1,1.89,1.89,false
2026-05-26T21:00:00,1002,Pembroke Pines,SKU015,Paper Towels,household,grocery,2,12.99,25.98,false
2026-05-26T21:00:00,1003,Davie,SKU001,Bananas,produce,produce,8,0.69,5.52,false
2026-05-26T21:00:00,1003,Davie,SKU002,Avocados,produce,produce,3,1.49,4.47,false
2026-05-26T21:00:00,1003,Davie,SKU003,Whole Milk,dairy,dairy,2,4.29,8.58,false
2026-05-26T21:00:00,1003,Davie,SKU004,Greek Yogurt,dairy,dairy,5,1.39,6.95,false
2026-05-26T21:00:00,1003,Davie,SKU005,Chicken Breast,meat,meat,1,8.49,8.49,false
2026-05-26T21:00:00,1003,Davie,SKU006,Ground Beef,meat,meat,1,7.99,7.99,false
2026-05-26T21:00:00,1003,Davie,SKU007,Italian Bread,bakery,bakery,2,3.99,7.98,false
2026-05-26T21:00:00,1003,Davie,SKU009,Sparkling Water,beverages,grocery,2,5.49,10.98,false
2026-05-26T21:00:00,1003,Davie,SKU010,Orange Juice,beverages,grocery,1,4.99,4.99,false
2026-05-27T06:00:00,1001,Fort Lauderdale East,SKU001,Bananas,produce,produce,9,0.69,6.21,false
2026-05-27T06:00:00,1001,Fort Lauderdale East,SKU002,Avocados,produce,produce,3,1.49,4.47,false
2026-05-27T06:00:00,1001,Fort Lauderdale East,SKU003,Whole Milk,dairy,dairy,2,4.29,8.58,false
2026-05-27T06:00:00,1001,Fort Lauderdale East,SKU004,Greek Yogurt,dairy,dairy,2,1.39,2.78,false
2026-05-27T06:00:00,1001,Fort Lauderdale East,SKU005,Chicken Breast,meat,meat,1,8.49,8.49,false
2026-05-27T06:00:00,1001,Fort Lauderdale East,SKU006,Ground Beef,meat,meat,3,7.99,23.97,false
2026-05-27T06:00:00,1001,Fort Lauderdale East,SKU007,Italian Bread,bakery,bakery,3,3.99,11.97,false
2026-05-27T06:00:00,1001,Fort Lauderdale East,SKU008,Croissants,bakery,bakery,1,4.99,4.99,false
2026-05-27T06:00:00,1001,Fort Lauderdale East,SKU009,Sparkling Water,beverages,grocery,2,5.49,10.98,false
2026-05-27T06:00:00,1001,Fort Lauderdale East,SKU010,Orange Juice,beverages,grocery,1,4.99,4.99,false
2026-05-27T06:00:00,1001,Fort Lauderdale East,SKU011,Frozen Pizza,frozen,frozen,1,6.99,6.99,false
2026-05-27T06:00:00,1001,Fort Lauderdale East,SKU013,Peanut Butter,grocery,grocery,1,3.49,3.49,false
2026-05-27T06:00:00,1001,Fort Lauderdale East,SKU014,Pasta,grocery,grocery,1,1.89,1.89,false
2026-05-27T06:00:00,1002,Pembroke Pines,SKU001,Bananas,produce,produce,9,0.69,6.21,false
2026-05-27T06:00:00,1002,Pembroke Pines,SKU002,Avocados,produce,produce,3,1.49,4.47,false
2026-05-27T06:00:00,1002,Pembroke Pines,SKU003,Whole Milk,dairy,dairy,2,4.29,8.58,false
2026-05-27T06:00:00,1002,Pembroke Pines,SKU004,Greek Yogurt,dairy,dairy,2,1.39,2.78,false
2026-05-27T06:00:00,1002,Pembroke Pines,SKU006,Ground Beef,meat,meat,1,7.99,7.99,false
2026-05-27T06:00:00,1002,Pembroke Pines,SKU007,Italian Bread,bakery,bakery,4,3.99,15.96,false
2026-05-27T06:00:00,1002,Pembroke Pines,SKU008,Croissants,bakery,bakery,1,4.99,4.99,false
2026-05-27T06:00:00,1002,Pembroke Pines,SKU010,Orange Juice,beverages,grocery,2,4.99,9.98,false
2026-05-27T06:00:00,1002,Pembroke Pines,SKU011,Frozen Pizza,frozen,frozen,1,6.99,6.99,false
2026-05-27T06:00:00,1002,Pembroke Pines,SKU012,Ice Cream,frozen,frozen,1,5.99,5.99,false
2026-05-27T06:00:00,1002,Pembroke Pines,SKU014,Pasta,grocery,grocery,1,1.89,1.89,false
2026-05-27T06:00:00,1003,Davie,SKU001,Bananas,produce,produce,9,0.69,6.21,false
2026-05-27T06:00:00,1003,Davie,SKU002,Avocados,produce,produce,4,1.49,5.96,false
2026-05-27T06:00:00,1003,Davie,SKU003,Whole Milk,dairy,dairy,3,4.29,12.87,false
2026-05-27T06:00:00,1003,Davie,SKU004,Greek Yogurt,dairy,dairy,1,1.39,1.39,false
2026-05-27T06:00:00,1003,Davie,SKU005,Chicken Breast,meat,meat,1,8.49,8.49,false
2026-05-27T06:00:00,1003,Davie,SKU006,Ground Beef,meat,meat,3,7.99,23.97,false
2026-05-27T06:00:00,1003,Davie,SKU007,Italian Bread,bakery,bakery,3,3.99,11.97,false
2026-05-27T06:00:00,1003,Davie,SKU008,Croissants,bakery,bakery,1,4.99,4.99,false
2026-05-27T06:00:00,1003,Davie,SKU009,Sparkling Water,beverages,grocery,3,5.49,16.47,false
2026-05-27T06:00:00,1003,Davie,SKU010,Orange Juice,beverages,grocery,3,4.99,14.97,false
2026-05-27T06:00:00,1003,Davie,SKU011,Frozen Pizza,frozen,frozen,1,6.99,6.99,false
2026-05-27T06:00:00,1003,Davie,SKU013,Peanut Butter,grocery,grocery,1,3.49,3.49,false
2026-05-27T07:00:00,1001,Fort Lauderdale East,SKU001,Bananas,produce,produce,14,0.69,9.66,false
2026-05-27T07:00:00,1001,Fort Lauderdale East,SKU002,Avocados,produce,produce,4,1.49,5.96,false
2026-05-27T07:00:00,1001,Fort Lauderdale East,SKU003,Whole Milk,dairy,dairy,2,4.29,8.58,false
2026-05-27T07:00:00,1001,Fort Lauderdale East,SKU004,Greek Yogurt,dairy,dairy,1,1.39,1.39,false
2026-05-27T07:00:00,1001,Fort Lauderdale East,SKU007,Italian Bread,bakery,bakery,4,3.99,15.96,false
2026-05-27T07:00:00,1001,Fort Lauderdale East,SKU008,Croissants,bakery,bakery,2,4.99,9.98,false
2026-05-27T07:00:00,1001,Fort Lauderdale East,SKU009,Sparkling Water,beverages,grocery,1,5.49,5.49,false
2026-05-27T07:00:00,1001,Fort Lauderdale East,SKU010,Orange Juice,beverages,grocery,1,4.99,4.99,false
2026-05-27T07:00:00,1001,Fort Lauderdale East,SKU011,Frozen Pizza,frozen,frozen,1,6.99,6.99,false
2026-05-27T07:00:00,1001,Fort Lauderdale East,SKU012,Ice Cream,frozen,frozen,1,5.99,5.99,false
2026-05-27T07:00:00,1001,Fort Lauderdale East,SKU013,Peanut Butter,grocery,grocery,2,3.49,6.98,false
2026-05-27T07:00:00,1001,Fort Lauderdale East,SKU014,Pasta,grocery,grocery,1,1.89,1.89,false
2026-05-27T07:00:00,1002,Pembroke Pines,SKU001,Bananas,produce,produce,11,0.69,7.59,false
2026-05-27T07:00:00,1002,Pembroke Pines,SKU002,Avocados,produce,produce,1,1.49,1.49,false
2026-05-27T07:00:00,1002,Pembroke Pines,SKU003,Whole Milk,dairy,dairy,2,4.29,8.58,false
2026-05-27T07:00:00,1002,Pembroke Pines,SKU004,Greek Yogurt,dairy,dairy,1,1.39,1.39,false
2026-05-27T07:00:00,1002,Pembroke Pines,SKU005,Chicken Breast,meat,meat,2,8.49,16.98,false
2026-05-27T07:00:00,1002,Pembroke Pines,SKU009,Sparkling Water,beverages,grocery,2,5.49,10.98,false
2026-05-27T07:00:00,1002,Pembroke Pines,SKU010,Orange Juice,beverages,grocery,1,4.99,4.99,false
2026-05-27T07:00:00,1002,Pembroke Pines,SKU011,Frozen Pizza,frozen,frozen,1,6.99,6.99,false
2026-05-27T07:00:00,1002,Pembroke Pines,SKU012,Ice Cream,frozen,frozen,2,5.99,11.98,false
2026-05-27T07:00:00,1002,Pembroke Pines,SKU013,Peanut Butter,grocery,grocery,1,3.49,3.49,false
2026-05-27T07:00:00,1002,Pembroke Pines,SKU014,Pasta,grocery,grocery,1,1.89,1.89,false
2026-05-27T07:00:00,1003,Davie,SKU001,Bananas,produce,produce,9,0.69,6.21,false
2026-05-27T07:00:00,1003,Davie,SKU002,Avocados,produce,produce,2,1.49,2.98,false
2026-05-27T07:00:00,1003,Davie,SKU003,Whole Milk,dairy,dairy,3,4.29,12.87,false
2026-05-27T07:00:00,1003,Davie,SKU004,Greek Yogurt,dairy,dairy,3,1.39,4.17,false
2026-05-27T07:00:00,1003,Davie,SKU005,Chicken Breast,meat,meat,3,8.49,25.47,false
2026-05-27T07:00:00,1003,Davie,SKU006,Ground Beef,meat,meat,1,7.99,7.99,false
2026-05-27T07:00:00,1003,Davie,SKU007,Italian Bread,bakery,bakery,3,3.99,11.97,false
2026-05-27T07:00:00,1003,Davie,SKU008,Croissants,bakery,bakery,1,4.99,4.99,false
2026-05-27T07:00:00,1003,Davie,SKU009,Sparkling Water,beverages,grocery,1,5.49,5.49,false
2026-05-27T07:00:00,1003,Davie,SKU010,Orange Juice,beverages,grocery,2,4.99,9.98,false
2026-05-27T07:00:00,1003,Davie,SKU011,Frozen Pizza,frozen,frozen,1,6.99,6.99,false
2026-05-27T07:00:00,1003,Davie,SKU012,Ice Cream,frozen,frozen,3,5.99,17.97,false
2026-05-27T07:00:00,1003,Davie,SKU013,Peanut Butter,grocery,grocery,1,3.49,3.49,false
2026-05-27T08:00:00,1001,Fort Lauderdale East,SKU001,Bananas,produce,produce,7,0.69,4.83,false
2026-05-27T08:00:00,1001,Fort Lauderdale East,SKU002,Avocados,produce,produce,4,1.49,5.96,false
2026-05-27T08:00:00,1001,Fort Lauderdale East,SKU003,Whole Milk,dairy,dairy,2,4.29,8.58,false
2026-05-27T08:00:00,1001,Fort Lauderdale East,SKU004,Greek Yogurt,dairy,dairy,4,1.39,5.56,false
2026-05-27T08:00:00,1001,Fort Lauderdale East,SKU005,Chicken Breast,meat,meat,2,8.49,16.98,false
2026-05-27T08:00:00,1001,Fort Lauderdale East,SKU006,Ground Beef,meat,meat,2,7.99,15.98,false
2026-05-27T08:00:00,1001,Fort Lauderdale East,SKU007,Italian Bread,bakery,bakery,2,3.99,7.98,false
2026-05-27T08:00:00,1001,Fort Lauderdale East,SKU008,Croissants,bakery,bakery,2,4.99,9.98,false
2026-05-27T08:00:00,1001,Fort Lauderdale East,SKU010,Orange Juice,beverages,grocery,1,4.99,4.99,false
2026-05-27T08:00:00,1001,Fort Lauderdale East,SKU012,Ice Cream,frozen,frozen,1,5.99,5.99,false
2026-05-27T08:00:00,1001,Fort Lauderdale East,SKU013,Peanut Butter,grocery,grocery,1,3.49,3.49,false
2026-05-27T08:00:00,1001,Fort Lauderdale East,SKU014,Pasta,grocery,grocery,1,1.89,1.89,false
2026-05-27T08:00:00,1002,Pembroke Pines,SKU001,Bananas,produce,produce,11,0.69,7.59,false
2026-05-27T08:00:00,1002,Pembroke Pines,SKU002,Avocados,produce,produce,3,1.49,4.47,false
2026-05-27T08:00:00,1002,Pembroke Pines,SKU003,Whole Milk,dairy,dairy,4,4.29,17.16,false
2026-05-27T08:00:00,1002,Pembroke Pines,SKU005,Chicken Breast,meat,meat,1,8.49,8.49,false
2026-05-27T08:00:00,1002,Pembroke Pines,SKU006,Ground Beef,meat,meat,3,7.99,23.97,false
2026-05-27T08:00:00,1002,Pembroke Pines,SKU008,Croissants,bakery,bakery,3,4.99,14.97,false
2026-05-27T08:00:00,1002,Pembroke Pines,SKU009,Sparkling Water,beverages,grocery,1,5.49,5.49,false
2026-05-27T08:00:00,1002,Pembroke Pines,SKU011,Frozen Pizza,frozen,frozen,1,6.99,6.99,false
2026-05-27T08:00:00,1002,Pembroke Pines,SKU014,Pasta,grocery,grocery,2,1.89,3.78,false
2026-05-27T08:00:00,1003,Davie,SKU001,Bananas,produce,produce,7,0.69,4.83,false
2026-05-27T08:00:00,1003,Davie,SKU002,Avocados,produce,produce,5,1.49,7.45,false
2026-05-27T08:00:00,1003,Davie,SKU003,Whole Milk,dairy,dairy,3,4.29,12.87,false
2026-05-27T08:00:00,1003,Davie,SKU004,Greek Yogurt,dairy,dairy,2,1.39,2.78,false
2026-05-27T08:00:00,1003,Davie,SKU005,Chicken Breast,meat,meat,1,8.49,8.49,false
2026-05-27T08:00:00,1003,Davie,SKU006,Ground Beef,meat,meat,1,7.99,7.99,false
2026-05-27T08:00:00,1003,Davie,SKU007,Italian Bread,bakery,bakery,3,3.99,11.97,false
2026-05-27T08:00:00,1003,Davie,SKU010,Orange Juice,beverages,grocery,3,4.99,14.97,false
2026-05-27T08:00:00,1003,Davie,SKU012,Ice Cream,frozen,frozen,1,5.99,5.99,false
2026-05-27T08:00:00,1003,Davie,SKU013,Peanut Butter,grocery,grocery,1,3.49,3.49,false
2026-05-27T09:00:00,1001,Fort Lauderdale East,SKU001,Bananas,produce,produce,9,0.69,6.21,false
2026-05-27T09:00:00,1001,Fort Lauderdale East,SKU002,Avocados,produce,produce,5,1.49,7.45,false
2026-05-27T09:00:00,1001,Fort Lauderdale East,SKU003,Whole Milk,dairy,dairy,5,4.29,21.45,false
2026-05-27T09:00:00,1001,Fort Lauderdale East,SKU004,Greek Yogurt,dairy,dairy,2,1.39,2.78,false
2026-05-27T09:00:00,1001,Fort Lauderdale East,SKU005,Chicken Breast,meat,meat,2,8.49,16.98,false
2026-05-27T09:00:00,1001,Fort Lauderdale East,SKU006,Ground Beef,meat,meat,3,7.99,23.97,false
2026-05-27T09:00:00,1001,Fort Lauderdale East,SKU007,Italian Bread,bakery,bakery,2,3.99,7.98,false
2026-05-27T09:00:00,1001,Fort Lauderdale East,SKU008,Croissants,bakery,bakery,1,4.99,4.99,false
2026-05-27T09:00:00,1001,Fort Lauderdale East,SKU010,Orange Juice,beverages,grocery,1,4.99,4.99,false
2026-05-27T09:00:00,1001,Fort Lauderdale East,SKU011,Frozen Pizza,frozen,frozen,1,6.99,6.99,false
2026-05-27T09:00:00,1001,Fort Lauderdale East,SKU014,Pasta,grocery,grocery,2,1.89,3.78,false
2026-05-27T09:00:00,1002,Pembroke Pines,SKU001,Bananas,produce,produce,6,0.69,4.14,false
2026-05-27T09:00:00,1002,Pembroke Pines,SKU002,Avocados,produce,produce,1,1.49,1.49,false
2026-05-27T09:00:00,1002,Pembroke Pines,SKU003,Whole Milk,dairy,dairy,3,4.29,12.87,false
2026-05-27T09:00:00,1002,Pembroke Pines,SKU004,Greek Yogurt,dairy,dairy,1,1.39,1.39,false
2026-05-27T09:00:00,1002,Pembroke Pines,SKU005,Chicken Breast,meat,meat,1,8.49,8.49,false
2026-05-27T09:00:00,1002,Pembroke Pines,SKU006,Ground Beef,meat,meat,2,7.99,15.98,false
2026-05-27T09:00:00,1002,Pembroke Pines,SKU007,Italian Bread,bakery,bakery,2,3.99,7.98,false
2026-05-27T09:00:00,1002,Pembroke Pines,SKU008,Croissants,bakery,bakery,1,4.99,4.99,false
2026-05-27T09:00:00,1002,Pembroke Pines,SKU009,Sparkling Water,beverages,grocery,1,5.49,5.49,false
2026-05-27T09:00:00,1002,Pembroke Pines,SKU012,Ice Cream,frozen,frozen,1,5.99,5.99,false
2026-05-27T09:00:00,1002,Pembroke Pines,SKU013,Peanut Butter,grocery,grocery,1,3.49,3.49,false
2026-05-27T09:00:00,1002,Pembroke Pines,SKU014,Pasta,grocery,grocery,2,1.89,3.78,false
2026-05-27T09:00:00,1003,Davie,SKU001,Bananas,produce,produce,7,0.69,4.83,false
2026-05-27T09:00:00,1003,Davie,SKU002,Avocados,produce,produce,5,1.49,7.45,false
2026-05-27T09:00:00,1003,Davie,SKU003,Whole Milk,dairy,dairy,3,4.29,12.87,false
2026-05-27T09:00:00,1003,Davie,SKU004,Greek Yogurt,dairy,dairy,1,1.39,1.39,false
2026-05-27T09:00:00,1003,Davie,SKU005,Chicken Breast,meat,meat,2,8.49,16.98,false
2026-05-27T09:00:00,1003,Davie,SKU007,Italian Bread,bakery,bakery,1,3.99,3.99,false
2026-05-27T09:00:00,1003,Davie,SKU010,Orange Juice,beverages,grocery,3,4.99,14.97,false
2026-05-27T09:00:00,1003,Davie,SKU011,Frozen Pizza,frozen,frozen,2,6.99,13.98,false
2026-05-27T09:00:00,1003,Davie,SKU012,Ice Cream,frozen,frozen,2,5.99,11.98,false
2026-05-27T09:00:00,1003,Davie,SKU013,Peanut Butter,grocery,grocery,2,3.49,6.98,false
2026-05-27T09:00:00,1003,Davie,SKU015,Paper Towels,household,grocery,1,12.99,12.99,false
2026-05-27T10:00:00,1001,Fort Lauderdale East,SKU001,Bananas,produce,produce,10,0.69,6.90,false
2026-05-27T10:00:00,1001,Fort Lauderdale East,SKU002,Avocados,produce,produce,2,1.49,2.98,false
2026-05-27T10:00:00,1001,Fort Lauderdale East,SKU003,Whole Milk,dairy,dairy,2,4.29,8.58,false
2026-05-27T10:00:00,1001,Fort Lauderdale East,SKU004,Greek Yogurt,dairy,dairy,3,1.39,4.17,false
2026-05-27T10:00:00,1001,Fort Lauderdale East,SKU005,Chicken Breast,meat,meat,1,8.49,8.49,false
2026-05-27T10:00:00,1001,Fort Lauderdale East,SKU006,Ground Beef,meat,meat,2,7.99,15.98,false
2026-05-27T10:00:00,1001,Fort Lauderdale East,SKU007,Italian Bread,bakery,bakery,3,3.99,11.97,false
2026-05-27T10:00:00,1001,Fort Lauderdale East,SKU008,Croissants,bakery,bakery,2,4.99,9.98,false
2026-05-27T10:00:00,1001,Fort Lauderdale East,SKU009,Sparkling Water,beverages,grocery,2,5.49,10.98,false
2026-05-27T10:00:00,1001,Fort Lauderdale East,SKU011,Frozen Pizza,frozen,frozen,1,6.99,6.99,false
2026-05-27T10:00:00,1001,Fort Lauderdale East,SKU012,Ice Cream,frozen,frozen,1,5.99,5.99,false
2026-05-27T10:00:00,1001,Fort Lauderdale East,SKU015,Paper Towels,household,grocery,1,12.99,12.99,false
2026-05-27T10:00:00,1002,Pembroke Pines,SKU001,Bananas,produce,produce,5,0.69,3.45,false
2026-05-27T10:00:00,1002,Pembroke Pines,SKU002,Avocados,produce,produce,1,1.49,1.49,false
2026-05-27T10:00:00,1002,Pembroke Pines,SKU003,Whole Milk,dairy,dairy,4,4.29,17.16,false
2026-05-27T10:00:00,1002,Pembroke Pines,SKU004,Greek Yogurt,dairy,dairy,1,1.39,1.39,false
2026-05-27T10:00:00,1002,Pembroke Pines,SKU005,Chicken Breast,meat,meat,1,8.49,8.49,false
2026-05-27T10:00:00,1002,Pembroke Pines,SKU006,Ground Beef,meat,meat,2,7.99,15.98,false
2026-05-27T10:00:00,1002,Pembroke Pines,SKU007,Italian Bread,bakery,bakery,2,3.99,7.98,false
2026-05-27T10:00:00,1002,Pembroke Pines,SKU010,Orange Juice,beverages,grocery,2,4.99,9.98,false
2026-05-27T10:00:00,1002,Pembroke Pines,SKU012,Ice Cream,frozen,frozen,1,5.99,5.99,false
2026-05-27T10:00:00,1002,Pembroke Pines,SKU015,Paper Towels,household,grocery,1,12.99,12.99,false
2026-05-27T10:00:00,1003,Davie,SKU001,Bananas,produce,produce,7,0.69,4.83,false
2026-05-27T10:00:00,1003,Davie,SKU002,Avocados,produce,produce,2,1.49,2.98,false
2026-05-27T10:00:00,1003,Davie,SKU003,Whole Milk,dairy,dairy,3,4.29,12.87,false
2026-05-27T10:00:00,1003,Davie,SKU004,Greek Yogurt,dairy,dairy,3,1.39,4.17,false
2026-05-27T10:00:00,1003,Davie,SKU005,Chicken Breast,meat,meat,2,8.49,16.98,false
2026-05-27T10:00:00,1003,Davie,SKU006,Ground Beef,meat,meat,1,7.99,7.99,false
2026-05-27T10:00:00,1003,Davie,SKU007,Italian Bread,bakery,bakery,2,3.99,7.98,false
2026-05-27T10:00:00,1003,Davie,SKU008,Croissants,bakery,bakery,3,4.99,14.97,false
2026-05-27T10:00:00,1003,Davie,SKU009,Sparkling Water,beverages,grocery,2,5.49,10.98,false
2026-05-27T10:00:00,1003,Davie,SKU011,Frozen Pizza,frozen,frozen,4,6.99,27.96,false
2026-05-27T10:00:00,1003,Davie,SKU014,Pasta,grocery,grocery,1,1.89,1.89,false
2026-05-27T11:00:00,1001,Fort Lauderdale East,SKU001,Bananas,produce,produce,16,0.69,11.04,false
2026-05-27T11:00:00,1001,Fort Lauderdale East,SKU002,Avocados,produce,produce,7,1.49,10.43,false
2026-05-27T11:00:00,1001,Fort Lauderdale East,SKU003,Whole Milk,dairy,dairy,5,4.29,21.45,false
2026-05-27T11:00:00,1001,Fort Lauderdale East,SKU004,Greek Yogurt,dairy,dairy,3,1.39,4.17,false
2026-05-27T11:00:00,1001,Fort Lauderdale East,SKU005,Chicken Breast,meat,meat,3,8.49,25.47,false
2026-05-27T11:00:00,1001,Fort Lauderdale East,SKU006,Ground Beef,meat,meat,4,7.99,31.96,false
2026-05-27T11:00:00,1001,Fort Lauderdale East,SKU007,Italian Bread,bakery,bakery,4,3.99,15.96,false
2026-05-27T11:00:00,1001,Fort Lauderdale East,SKU008,Croissants,bakery,bakery,3,4.99,14.97,false
2026-05-27T11:00:00,1001,Fort Lauderdale East,SKU009,Sparkling Water,beverages,grocery,3,5.49,16.47,false
2026-05-27T11:00:00,1001,Fort Lauderdale East,SKU010,Orange Juice,beverages,grocery,3,4.99,14.97,false
2026-05-27T11:00:00,1001,Fort Lauderdale East,SKU011,Frozen Pizza,frozen,frozen,1,6.99,6.99,false
2026-05-27T11:00:00,1001,Fort Lauderdale East,SKU013,Peanut Butter,grocery,grocery,2,3.49,6.98,false
2026-05-27T11:00:00,1001,Fort Lauderdale East,SKU014,Pasta,grocery,grocery,1,1.89,1.89,false
2026-05-27T11:00:00,1001,Fort Lauderdale East,SKU015,Paper Towels,household,grocery,2,12.99,25.98,false
2026-05-27T11:00:00,1002,Pembroke Pines,SKU001,Bananas,produce,produce,10,0.69,6.90,false
2026-05-27T11:00:00,1002,Pembroke Pines,SKU002,Avocados,produce,produce,4,1.49,5.96,false
2026-05-27T11:00:00,1002,Pembroke Pines,SKU003,Whole Milk,dairy,dairy,3,4.29,12.87,false
2026-05-27T11:00:00,1002,Pembroke Pines,SKU004,Greek Yogurt,dairy,dairy,4,1.39,5.56,false
2026-05-27T11:00:00,1002,Pembroke Pines,SKU005,Chicken Breast,meat,meat,4,8.49,33.96,false
2026-05-27T11:00:00,1002,Pembroke Pines,SKU006,Ground Beef,meat,meat,2,7.99,15.98,false
2026-05-27T11:00:00,1002,Pembroke Pines,SKU007,Italian Bread,bakery,bakery,3,3.99,11.97,false
2026-05-27T11:00:00,1002,Pembroke Pines,SKU008,Croissants,bakery,bakery,3,4.99,14.97,false
2026-05-27T11:00:00,1002,Pembroke Pines,SKU010,Orange Juice,beverages,grocery,3,4.99,14.97,false
2026-05-27T11:00:00,1002,Pembroke Pines,SKU011,Frozen Pizza,frozen,frozen,2,6.99,13.98,false
2026-05-27T11:00:00,1002,Pembroke Pines,SKU012,Ice Cream,frozen,frozen,3,5.99,17.97,false
2026-05-27T11:00:00,1002,Pembroke Pines,SKU013,Peanut Butter,grocery,grocery,2,3.49,6.98,false
2026-05-27T11:00:00,1003,Davie,SKU001,Bananas,produce,produce,15,0.69,10.35,false
2026-05-27T11:00:00,1003,Davie,SKU002,Avocados,produce,produce,4,1.49,5.96,false
2026-05-27T11:00:00,1003,Davie,SKU003,Whole Milk,dairy,dairy,4,4.29,17.16,false
2026-05-27T11:00:00,1003,Davie,SKU004,Greek Yogurt,dairy,dairy,2,1.39,2.78,false
2026-05-27T11:00:00,1003,Davie,SKU005,Chicken Breast,meat,meat,2,8.49,16.98,false
2026-05-27T11:00:00,1003,Davie,SKU006,Ground Beef,meat,meat,3,7.99,23.97,false
2026-05-27T11:00:00,1003,Davie,SKU007,Italian Bread,bakery,bakery,2,3.99,7.98,false
2026-05-27T11:00:00,1003,Davie,SKU008,Croissants,bakery,bakery,1,4.99,4.99,false
2026-05-27T11:00:00,1003,Davie,SKU009,Sparkling Water,beverages,grocery,2,5.49,10.98,false
2026-05-27T11:00:00,1003,Davie,SKU010,Orange Juice,beverages,grocery,2,4.99,9.98,false
2026-05-27T11:00:00,1003,Davie,SKU011,Frozen Pizza,frozen,frozen,1,6.99,6.99,false
2026-05-27T11:00:00,1003,Davie,SKU012,Ice Cream,frozen,frozen,2,5.99,11.98,false
2026-05-27T11:00:00,1003,Davie,SKU013,Peanut Butter,grocery,grocery,1,3.49,3.49,false
2026-05-27T11:00:00,1003,Davie,SKU014,Pasta,grocery,grocery,1,1.89,1.89,false
2026-05-27T12:00:00,1001,Fort Lauderdale East,SKU001,Bananas,produce,produce,11,0.69,7.59,false
2026-05-27T12:00:00,1001,Fort Lauderdale East,SKU002,Avocados,produce,produce,5,1.49,7.45,false
2026-05-27T12:00:00,1001,Fort Lauderdale East,SKU003,Whole Milk,dairy,dairy,2,4.29,8.58,false
2026-05-27T12:00:00,1001,Fort Lauderdale East,SKU004,Greek Yogurt,dairy,dairy,2,1.39,2.78,false
2026-05-27T12:00:00,1001,Fort Lauderdale East,SKU005,Chicken Breast,meat,meat,2,8.49,16.98,false
2026-05-27T12:00:00,1001,Fort Lauderdale East,SKU006,Ground Beef,meat,meat,2,7.99,15.98,false
2026-05-27T12:00:00,1001,Fort Lauderdale East,SKU007,Italian Bread,bakery,bakery,4,3.99,15.96,false
2026-05-27T12:00:00,1001,Fort Lauderdale East,SKU008,Croissants,bakery,bakery,2,4.99,9.98,false
2026-05-27T12:00:00,1001,Fort Lauderdale East,SKU009,Sparkling Water,beverages,grocery,2,5.49,10.98,false
2026-05-27T12:00:00,1001,Fort Lauderdale East,SKU010,Orange Juice,beverages,grocery,1,4.99,4.99,false
2026-05-27T12:00:00,1001,Fort Lauderdale East,SKU011,Frozen Pizza,frozen,frozen,2,6.99,13.98,false
2026-05-27T12:00:00,1001,Fort Lauderdale East,SKU012,Ice Cream,frozen,frozen,3,5.99,17.97,false
2026-05-27T12:00:00,1001,Fort Lauderdale East,SKU013,Peanut Butter,grocery,grocery,1,3.49,3.49,false
2026-05-27T12:00:00,1002,Pembroke Pines,SKU001,Bananas,produce,produce,14,0.69,9.66,false
2026-05-27T12:00:00,1002,Pembroke Pines,SKU002,Avocados,produce,produce,3,1.49,4.47,false
2026-05-27T12:00:00,1002,Pembroke Pines,SKU003,Whole Milk,dairy,dairy,5,4.29,21.45,false
2026-05-27T12:00:00,1002,Pembroke Pines,SKU004,Greek Yogurt,dairy,dairy,2,1.39,2.78,false
2026-05-27T12:00:00,1002,Pembroke Pines,SKU005,Chicken Breast,meat,meat,1,8.49,8.49,false
2026-05-27T12:00:00,1002,Pembroke Pines,SKU006,Ground Beef,meat,meat,3,7.99,23.97,false
2026-05-27T12:00:00,1002,Pembroke Pines,SKU007,Italian Bread,bakery,bakery,1,3.99,3.99,false
2026-05-27T12:00:00,1002,Pembroke Pines,SKU008,Croissants,bakery,bakery,2,4.99,9.98,false
2026-05-27T12:00:00,1002,Pembroke Pines,SKU009,Sparkling Water,beverages,grocery,3,5.49,16.47,false
2026-05-27T12:00:00,1002,Pembroke Pines,SKU010,Orange Juice,beverages,grocery,2,4.99,9.98,false
2026-05-27T12:00:00,1002,Pembroke Pines,SKU011,Frozen Pizza,frozen,frozen,2,6.99,13.98,false
2026-05-27T12:00:00,1002,Pembroke Pines,SKU012,Ice Cream,frozen,frozen,3,5.99,17.97,false
2026-05-27T12:00:00,1002,Pembroke Pines,SKU013,Peanut Butter,grocery,grocery,1,3.49,3.49,false
2026-05-27T12:00:00,1002,Pembroke Pines,SKU014,Pasta,grocery,grocery,3,1.89,5.67,false
2026-05-27T12:00:00,1003,Davie,SKU001,Bananas,produce,produce,10,0.69,6.90,false
2026-05-27T12:00:00,1003,Davie,SKU002,Avocados,produce,produce,5,1.49,7.45,false
2026-05-27T12:00:00,1003,Davie,SKU003,Whole Milk,dairy,dairy,4,4.29,17.16,false
2026-05-27T12:00:00,1003,Davie,SKU004,Greek Yogurt,dairy,dairy,4,1.39,5.56,false
2026-05-27T12:00:00,1003,Davie,SKU005,Chicken Breast,meat,meat,4,8.49,33.96,false
2026-05-27T12:00:00,1003,Davie,SKU006,Ground Beef,meat,meat,3,7.99,23.97,false
2026-05-27T12:00:00,1003,Davie,SKU007,Italian Bread,bakery,bakery,3,3.99,11.97,false
2026-05-27T12:00:00,1003,Davie,SKU008,Croissants,bakery,bakery,2,4.99,9.98,false
2026-05-27T12:00:00,1003,Davie,SKU009,Sparkling Water,beverages,grocery,3,5.49,16.47,false
2026-05-27T12:00:00,1003,Davie,SKU010,Orange Juice,beverages,grocery,2,4.99,9.98,false
2026-05-27T12:00:00,1003,Davie,SKU012,Ice Cream,frozen,frozen,2,5.99,11.98,false
2026-05-27T12:00:00,1003,Davie,SKU013,Peanut Butter,grocery,grocery,4,3.49,13.96,false
2026-05-27T12:00:00,1003,Davie,SKU014,Pasta,grocery,grocery,2,1.89,3.78,false
2026-05-27T13:00:00,1001,Fort Lauderdale East,SKU001,Bananas,produce,produce,14,0.69,9.66,false
2026-05-27T13:00:00,1001,Fort Lauderdale East,SKU002,Avocados,produce,produce,2,1.49,2.98,false
2026-05-27T13:00:00,1001,Fort Lauderdale East,SKU003,Whole Milk,dairy,dairy,3,4.29,12.87,false
2026-05-27T13:00:00,1001,Fort Lauderdale East,SKU004,Greek Yogurt,dairy,dairy,3,1.39,4.17,false
2026-05-27T13:00:00,1001,Fort Lauderdale East,SKU005,Chicken Breast,meat,meat,1,8.49,8.49,false
2026-05-27T13:00:00,1001,Fort Lauderdale East,SKU006,Ground Beef,meat,meat,1,7.99,7.99,false
2026-05-27T13:00:00,1001,Fort Lauderdale East,SKU007,Italian Bread,bakery,bakery,2,3.99,7.98,false
2026-05-27T13:00:00,1001,Fort Lauderdale East,SKU008,Croissants,bakery,bakery,1,4.99,4.99,false
2026-05-27T13:00:00,1001,Fort Lauderdale East,SKU013,Peanut Butter,grocery,grocery,1,3.49,3.49,false
2026-05-27T13:00:00,1001,Fort Lauderdale East,SKU014,Pasta,grocery,grocery,2,1.89,3.78,false
2026-05-27T13:00:00,1002,Pembroke Pines,SKU001,Bananas,produce,produce,6,0.69,4.14,false
2026-05-27T13:00:00,1002,Pembroke Pines,SKU002,Avocados,produce,produce,5,1.49,7.45,false
2026-05-27T13:00:00,1002,Pembroke Pines,SKU003,Whole Milk,dairy,dairy,1,4.29,4.29,false
2026-05-27T13:00:00,1002,Pembroke Pines,SKU004,Greek Yogurt,dairy,dairy,2,1.39,2.78,false
2026-05-27T13:00:00,1002,Pembroke Pines,SKU005,Chicken Breast,meat,meat,1,8.49,8.49,false
2026-05-27T13:00:00,1002,Pembroke Pines,SKU006,Ground Beef,meat,meat,1,7.99,7.99,false
2026-05-27T13:00:00,1002,Pembroke Pines,SKU007,Italian Bread,bakery,bakery,2,3.99,7.98,false
2026-05-27T13:00:00,1002,Pembroke Pines,SKU008,Croissants,bakery,bakery,1,4.99,4.99,false
2026-05-27T13:00:00,1002,Pembroke Pines,SKU009,Sparkling Water,beverages,grocery,2,5.49,10.98,false
2026-05-27T13:00:00,1002,Pembroke Pines,SKU010,Orange Juice,beverages,grocery,2,4.99,9.98,false
2026-05-27T13:00:00,1002,Pembroke Pines,SKU011,Frozen Pizza,frozen,frozen,1,6.99,6.99,false
2026-05-27T13:00:00,1002,Pembroke Pines,SKU012,Ice Cream,frozen,frozen,1,5.99,5.99,false
2026-05-27T13:00:00,1002,Pembroke Pines,SKU014,Pasta,grocery,grocery,2,1.89,3.78,false
2026-05-27T13:00:00,1002,Pembroke Pines,SKU015,Paper Towels,household,grocery,1,12.99,12.99,false
2026-05-27T13:00:00,1003,Davie,SKU001,Bananas,produce,produce,10,0.69,6.90,false
2026-05-27T13:00:00,1003,Davie,SKU002,Avocados,produce,produce,4,1.49,5.96,false
2026-05-27T13:00:00,1003,Davie,SKU003,Whole Milk,dairy,dairy,1,4.29,4.29,false
2026-05-27T13:00:00,1003,Davie,SKU004,Greek Yogurt,dairy,dairy,1,1.39,1.39,false
2026-05-27T13:00:00,1003,Davie,SKU005,Chicken Breast,meat,meat,2,8.49,16.98,false
2026-05-27T13:00:00,1003,Davie,SKU006,Ground Beef,meat,meat,2,7.99,15.98,false
2026-05-27T13:00:00,1003,Davie,SKU007,Italian Bread,bakery,bakery,2,3.99,7.98,false
2026-05-27T13:00:00,1003,Davie,SKU008,Croissants,bakery,bakery,1,4.99,4.99,false
2026-05-27T13:00:00,1003,Davie,SKU009,Sparkling Water,beverages,grocery,1,5.49,5.49,false
2026-05-27T13:00:00,1003,Davie,SKU010,Orange Juice,beverages,grocery,3,4.99,14.97,false
2026-05-27T13:00:00,1003,Davie,SKU011,Frozen Pizza,frozen,frozen,1,6.99,6.99,false
2026-05-27T13:00:00,1003,Davie,SKU012,Ice Cream,frozen,frozen,2,5.99,11.98,false
2026-05-27T13:00:00,1003,Davie,SKU013,Peanut Butter,grocery,grocery,2,3.49,6.98,false
2026-05-27T13:00:00,1003,Davie,SKU014,Pasta,grocery,grocery,2,1.89,3.78,false
2026-05-27T14:00:00,1001,Fort Lauderdale East,SKU001,Bananas,produce,produce,12,0.69,8.28,false
2026-05-27T14:00:00,1001,Fort Lauderdale East,SKU002,Avocados,produce,produce,4,1.49,5.96,false
2026-05-27T14:00:00,1001,Fort Lauderdale East,SKU003,Whole Milk,dairy,dairy,4,4.29,17.16,false
2026-05-27T14:00:00,1001,Fort Lauderdale East,SKU004,Greek Yogurt,dairy,dairy,5,1.39,6.95,false
2026-05-27T14:00:00,1001,Fort Lauderdale East,SKU005,Chicken Breast,meat,meat,1,8.49,8.49,false
2026-05-27T14:00:00,1001,Fort Lauderdale East,SKU006,Ground Beef,meat,meat,1,7.99,7.99,false
2026-05-27T14:00:00,1001,Fort Lauderdale East,SKU007,Italian Bread,bakery,bakery,3,3.99,11.97,false
2026-05-27T14:00:00,1001,Fort Lauderdale East,SKU008,Croissants,bakery,bakery,1,4.99,4.99,false
2026-05-27T14:00:00,1001,Fort Lauderdale East,SKU009,Sparkling Water,beverages,grocery,1,5.49,5.49,false
2026-05-27T14:00:00,1001,Fort Lauderdale East,SKU010,Orange Juice,beverages,grocery,1,4.99,4.99,false
2026-05-27T14:00:00,1001,Fort Lauderdale East,SKU011,Frozen Pizza,frozen,frozen,2,6.99,13.98,false
2026-05-27T14:00:00,1001,Fort Lauderdale East,SKU012,Ice Cream,frozen,frozen,2,5.99,11.98,false
2026-05-27T14:00:00,1001,Fort Lauderdale East,SKU013,Peanut Butter,grocery,grocery,3,3.49,10.47,false
2026-05-27T14:00:00,1001,Fort Lauderdale East,SKU014,Pasta,grocery,grocery,1,1.89,1.89,false
2026-05-27T14:00:00,1001,Fort Lauderdale East,SKU015,Paper Towels,household,grocery,1,12.99,12.99,false
2026-05-27T14:00:00,1002,Pembroke Pines,SKU001,Bananas,produce,produce,13,0.69,8.97,false
2026-05-27T14:00:00,1002,Pembroke Pines,SKU002,Avocados,produce,produce,2,1.49,2.98,false
2026-05-27T14:00:00,1002,Pembroke Pines,SKU003,Whole Milk,dairy,dairy,2,4.29,8.58,false
2026-05-27T14:00:00,1002,Pembroke Pines,SKU004,Greek Yogurt,dairy,dairy,2,1.39,2.78,false
2026-05-27T14:00:00,1002,Pembroke Pines,SKU005,Chicken Breast,meat,meat,1,8.49,8.49,false
2026-05-27T14:00:00,1002,Pembroke Pines,SKU006,Ground Beef,meat,meat,1,7.99,7.99,false
2026-05-27T14:00:00,1002,Pembroke Pines,SKU007,Italian Bread,bakery,bakery,1,3.99,3.99,false
2026-05-27T14:00:00,1002,Pembroke Pines,SKU008,Croissants,bakery,bakery,1,4.99,4.99,false
2026-05-27T14:00:00,1002,Pembroke Pines,SKU011,Frozen Pizza,frozen,frozen,1,6.99,6.99,false
2026-05-27T14:00:00,1002,Pembroke Pines,SKU012,Ice Cream,frozen,frozen,1,5.99,5.99,false
2026-05-27T14:00:00,1002,Pembroke Pines,SKU013,Peanut Butter,grocery,grocery,2,3.49,6.98,false
2026-05-27T14:00:00,1002,Pembroke Pines,SKU014,Pasta,grocery,grocery,1,1.89,1.89,false
2026-05-27T14:00:00,1002,Pembroke Pines,SKU015,Paper Towels,household,grocery,1,12.99,12.99,false
2026-05-27T14:00:00,1003,Davie,SKU001,Bananas,produce,produce,11,0.69,7.59,false
2026-05-27T14:00:00,1003,Davie,SKU002,Avocados,produce,produce,2,1.49,2.98,false
2026-05-27T14:00:00,1003,Davie,SKU003,Whole Milk,dairy,dairy,2,4.29,8.58,false
2026-05-27T14:00:00,1003,Davie,SKU004,Greek Yogurt,dairy,dairy,2,1.39,2.78,false
2026-05-27T14:00:00,1003,Davie,SKU005,Chicken Breast,meat,meat,3,8.49,25.47,false
2026-05-27T14:00:00,1003,Davie,SKU006,Ground Beef,meat,meat,2,7.99,15.98,false
2026-05-27T14:00:00,1003,Davie,SKU007,Italian Bread,bakery,bakery,1,3.99,3.99,false
2026-05-27T14:00:00,1003,Davie,SKU008,Croissants,bakery,bakery,1,4.99,4.99,false
2026-05-27T14:00:00,1003,Davie,SKU009,Sparkling Water,beverages,grocery,1,5.49,5.49,false
2026-05-27T14:00:00,1003,Davie,SKU011,Frozen Pizza,frozen,frozen,2,6.99,13.98,false
2026-05-27T14:00:00,1003,Davie,SKU012,Ice Cream,frozen,frozen,2,5.99,11.98,false
2026-05-27T14:00:00,1003,Davie,SKU013,Peanut Butter,grocery,grocery,2,3.49,6.98,false
2026-05-27T14:00:00,1003,Davie,SKU014,Pasta,grocery,grocery,2,1.89,3.78,false
2026-05-27T14:00:00,1003,Davie,SKU015,Paper Towels,household,grocery,1,12.99,12.99,false
2026-05-27T15:00:00,1001,Fort Lauderdale East,SKU001,Bananas,produce,produce,5,0.69,3.45,false
2026-05-27T15:00:00,1001,Fort Lauderdale East,SKU002,Avocados,produce,produce,4,1.49,5.96,false
2026-05-27T15:00:00,1001,Fort Lauderdale East,SKU003,Whole Milk,dairy,dairy,1,4.29,4.29,false
2026-05-27T15:00:00,1001,Fort Lauderdale East,SKU004,Greek Yogurt,dairy,dairy,1,1.39,1.39,false
2026-05-27T15:00:00,1001,Fort Lauderdale East,SKU005,Chicken Breast,meat,meat,2,8.49,16.98,false
2026-05-27T15:00:00,1001,Fort Lauderdale East,SKU006,Ground Beef,meat,meat,3,7.99,23.97,false
2026-05-27T15:00:00,1001,Fort Lauderdale East,SKU007,Italian Bread,bakery,bakery,2,3.99,7.98,false
2026-05-27T15:00:00,1001,Fort Lauderdale East,SKU008,Croissants,bakery,bakery,1,4.99,4.99,false
2026-05-27T15:00:00,1001,Fort Lauderdale East,SKU009,Sparkling Water,beverages,grocery,3,5.49,16.47,false
2026-05-27T15:00:00,1001,Fort Lauderdale East,SKU010,Orange Juice,beverages,grocery,2,4.99,9.98,false
2026-05-27T15:00:00,1001,Fort Lauderdale East,SKU014,Pasta,grocery,grocery,1,1.89,1.89,false
2026-05-27T15:00:00,1002,Pembroke Pines,SKU001,Bananas,produce,produce,10,0.69,6.90,false
2026-05-27T15:00:00,1002,Pembroke Pines,SKU002,Avocados,produce,produce,3,1.49,4.47,false
2026-05-27T15:00:00,1002,Pembroke Pines,SKU003,Whole Milk,dairy,dairy,2,4.29,8.58,false
2026-05-27T15:00:00,1002,Pembroke Pines,SKU004,Greek Yogurt,dairy,dairy,2,1.39,2.78,false
2026-05-27T15:00:00,1002,Pembroke Pines,SKU005,Chicken Breast,meat,meat,2,8.49,16.98,false
2026-05-27T15:00:00,1002,Pembroke Pines,SKU006,Ground Beef,meat,meat,1,7.99,7.99,false
2026-05-27T15:00:00,1002,Pembroke Pines,SKU007,Italian Bread,bakery,bakery,2,3.99,7.98,false
2026-05-27T15:00:00,1002,Pembroke Pines,SKU009,Sparkling Water,beverages,grocery,2,5.49,10.98,false
2026-05-27T15:00:00,1002,Pembroke Pines,SKU010,Orange Juice,beverages,grocery,3,4.99,14.97,false
2026-05-27T15:00:00,1002,Pembroke Pines,SKU011,Frozen Pizza,frozen,frozen,1,6.99,6.99,false
2026-05-27T15:00:00,1002,Pembroke Pines,SKU013,Peanut Butter,grocery,grocery,1,3.49,3.49,false
2026-05-27T15:00:00,1002,Pembroke Pines,SKU014,Pasta,grocery,grocery,1,1.89,1.89,false
2026-05-27T15:00:00,1003,Davie,SKU001,Bananas,produce,produce,6,0.69,4.14,false
2026-05-27T15:00:00,1003,Davie,SKU002,Avocados,produce,produce,3,1.49,4.47,false
2026-05-27T15:00:00,1003,Davie,SKU003,Whole Milk,dairy,dairy,3,4.29,12.87,false
2026-05-27T15:00:00,1003,Davie,SKU004,Greek Yogurt,dairy,dairy,3,1.39,4.17,false
2026-05-27T15:00:00,1003,Davie,SKU005,Chicken Breast,meat,meat,3,8.49,25.47,false
2026-05-27T15:00:00,1003,Davie,SKU006,Ground Beef,meat,meat,1,7.99,7.99,false
2026-05-27T15:00:00,1003,Davie,SKU007,Italian Bread,bakery,bakery,4,3.99,15.96,false
2026-05-27T15:00:00,1003,Davie,SKU009,Sparkling Water,beverages,grocery,2,5.49,10.98,false
2026-05-27T15:00:00,1003,Davie,SKU010,Orange Juice,beverages,grocery,1,4.99,4.99,false
2026-05-27T15:00:00,1003,Davie,SKU011,Frozen Pizza,frozen,frozen,2,6.99,13.98,false
2026-05-27T15:00:00,1003,Davie,SKU012,Ice Cream,frozen,frozen,1,5.99,5.99,false
2026-05-27T15:00:00,1003,Davie,SKU014,Pasta,grocery,grocery,1,1.89,1.89,false
2026-05-27T16:00:00,1001,Fort Lauderdale East,SKU001,Bananas,produce,produce,8,0.69,5.52,false
2026-05-27T16:00:00,1001,Fort Lauderdale East,SKU002,Avocados,produce,produce,4,1.49,5.96,false
2026-05-27T16:00:00,1001,Fort Lauderdale East,SKU003,Whole Milk,dairy,dairy,3,4.29,12.87,false
2026-05-27T16:00:00,1001,Fort Lauderdale East,SKU004,Greek Yogurt,dairy,dairy,3,1.39,4.17,false
2026-05-27T16:00:00,1001,Fort Lauderdale East,SKU005,Chicken Breast,meat,meat,1,8.49,8.49,false
2026-05-27T16:00:00,1001,Fort Lauderdale East,SKU006,Ground Beef,meat,meat,3,7.99,23.97,false
2026-05-27T16:00:00,1001,Fort Lauderdale East,SKU007,Italian Bread,bakery,bakery,2,3.99,7.98,false
2026-05-27T16:00:00,1001,Fort Lauderdale East,SKU012,Ice Cream,frozen,frozen,1,5.99,5.99,false
2026-05-27T16:00:00,1001,Fort Lauderdale East,SKU013,Peanut Butter,grocery,grocery,1,3.49,3.49,false
2026-05-27T16:00:00,1001,Fort Lauderdale East,SKU014,Pasta,grocery,grocery,1,1.89,1.89,false
2026-05-27T16:00:00,1002,Pembroke Pines,SKU001,Bananas,produce,produce,10,0.69,6.90,false
2026-05-27T16:00:00,1002,Pembroke Pines,SKU002,Avocados,produce,produce,2,1.49,2.98,false
2026-05-27T16:00:00,1002,Pembroke Pines,SKU003,Whole Milk,dairy,dairy,2,4.29,8.58,false
2026-05-27T16:00:00,1002,Pembroke Pines,SKU004,Greek Yogurt,dairy,dairy,2,1.39,2.78,false
2026-05-27T16:00:00,1002,Pembroke Pines,SKU005,Chicken Breast,meat,meat,1,8.49,8.49,false
2026-05-27T16:00:00,1002,Pembroke Pines,SKU006,Ground Beef,meat,meat,2,7.99,15.98,false
2026-05-27T16:00:00,1002,Pembroke Pines,SKU007,Italian Bread,bakery,bakery,2,3.99,7.98,false
2026-05-27T16:00:00,1002,Pembroke Pines,SKU008,Croissants,bakery,bakery,2,4.99,9.98,false
2026-05-27T16:00:00,1002,Pembroke Pines,SKU009,Sparkling Water,beverages,grocery,1,5.49,5.49,false
2026-05-27T16:00:00,1002,Pembroke Pines,SKU010,Orange Juice,beverages,grocery,2,4.99,9.98,false
2026-05-27T16:00:00,1002,Pembroke Pines,SKU012,Ice Cream,frozen,frozen,2,5.99,11.98,false
2026-05-27T16:00:00,1002,Pembroke Pines,SKU013,Peanut Butter,grocery,grocery,1,3.49,3.49,false
2026-05-27T16:00:00,1002,Pembroke Pines,SKU014,Pasta,grocery,grocery,1,1.89,1.89,false
2026-05-27T16:00:00,1003,Davie,SKU001,Bananas,produce,produce,4,0.69,2.76,false
2026-05-27T16:00:00,1003,Davie,SKU002,Avocados,produce,produce,5,1.49,7.45,false
2026-05-27T16:00:00,1003,Davie,SKU003,Whole Milk,dairy,dairy,2,4.29,8.58,false
2026-05-27T16:00:00,1003,Davie,SKU004,Greek Yogurt,dairy,dairy,1,1.39,1.39,false
2026-05-27T16:00:00,1003,Davie,SKU005,Chicken Breast,meat,meat,2,8.49,16.98,false
2026-05-27T16:00:00,1003,Davie,SKU007,Italian Bread,bakery,bakery,3,3.99,11.97,false
2026-05-27T16:00:00,1003,Davie,SKU011,Frozen Pizza,frozen,frozen,1,6.99,6.99,false
2026-05-27T16:00:00,1003,Davie,SKU012,Ice Cream,frozen,frozen,2,5.99,11.98,false
2026-05-27T16:00:00,1003,Davie,SKU013,Peanut Butter,grocery,grocery,1,3.49,3.49,false
2026-05-27T16:00:00,1003,Davie,SKU015,Paper Towels,household,grocery,1,12.99,12.99,false
2026-05-27T17:00:00,1001,Fort Lauderdale East,SKU001,Bananas,produce,produce,16,0.69,11.04,false
2026-05-27T17:00:00,1001,Fort Lauderdale East,SKU002,Avocados,produce,produce,4,1.49,5.96,false
2026-05-27T17:00:00,1001,Fort Lauderdale East,SKU003,Whole Milk,dairy,dairy,4,4.29,17.16,false
2026-05-27T17:00:00,1001,Fort Lauderdale East,SKU004,Greek Yogurt,dairy,dairy,4,1.39,5.56,false
2026-05-27T17:00:00,1001,Fort Lauderdale East,SKU005,Chicken Breast,meat,meat,3,8.49,25.47,false
2026-05-27T17:00:00,1001,Fort Lauderdale East,SKU006,Ground Beef,meat,meat,3,7.99,23.97,false
2026-05-27T17:00:00,1001,Fort Lauderdale East,SKU007,Italian Bread,bakery,bakery,3,3.99,11.97,false
2026-05-27T17:00:00,1001,Fort Lauderdale East,SKU008,Croissants,bakery,bakery,4,4.99,19.96,false
2026-05-27T17:00:00,1001,Fort Lauderdale East,SKU009,Sparkling Water,beverages,grocery,5,5.49,27.45,false
2026-05-27T17:00:00,1001,Fort Lauderdale East,SKU010,Orange Juice,beverages,grocery,3,4.99,14.97,false
2026-05-27T17:00:00,1001,Fort Lauderdale East,SKU011,Frozen Pizza,frozen,frozen,1,6.99,6.99,false
2026-05-27T17:00:00,1001,Fort Lauderdale East,SKU012,Ice Cream,frozen,frozen,1,5.99,5.99,false
2026-05-27T17:00:00,1001,Fort Lauderdale East,SKU013,Peanut Butter,grocery,grocery,2,3.49,6.98,false
2026-05-27T17:00:00,1002,Pembroke Pines,SKU001,Bananas,produce,produce,14,0.69,9.66,false
2026-05-27T17:00:00,1002,Pembroke Pines,SKU002,Avocados,produce,produce,5,1.49,7.45,false
2026-05-27T17:00:00,1002,Pembroke Pines,SKU003,Whole Milk,dairy,dairy,3,4.29,12.87,false
2026-05-27T17:00:00,1002,Pembroke Pines,SKU004,Greek Yogurt,dairy,dairy,5,1.39,6.95,false
2026-05-27T17:00:00,1002,Pembroke Pines,SKU005,Chicken Breast,meat,meat,4,8.49,33.96,false
2026-05-27T17:00:00,1002,Pembroke Pines,SKU006,Ground Beef,meat,meat,2,7.99,15.98,false
2026-05-27T17:00:00,1002,Pembroke Pines,SKU007,Italian Bread,bakery,bakery,3,3.99,11.97,false
2026-05-27T17:00:00,1002,Pembroke Pines,SKU008,Croissants,bakery,bakery,2,4.99,9.98,false
2026-05-27T17:00:00,1002,Pembroke Pines,SKU009,Sparkling Water,beverages,grocery,1,5.49,5.49,false
2026-05-27T17:00:00,1002,Pembroke Pines,SKU010,Orange Juice,beverages,grocery,2,4.99,9.98,false
2026-05-27T17:00:00,1002,Pembroke Pines,SKU011,Frozen Pizza,frozen,frozen,3,6.99,20.97,false
2026-05-27T17:00:00,1002,Pembroke Pines,SKU012,Ice Cream,frozen,frozen,1,5.99,5.99,false
2026-05-27T17:00:00,1002,Pembroke Pines,SKU013,Peanut Butter,grocery,grocery,1,3.49,3.49,false
2026-05-27T17:00:00,1002,Pembroke Pines,SKU014,Pasta,grocery,grocery,2,1.89,3.78,false
2026-05-27T17:00:00,1002,Pembroke Pines,SKU015,Paper Towels,household,grocery,1,12.99,12.99,false
2026-05-27T17:00:00,1003,Davie,SKU001,Bananas,produce,produce,14,0.69,9.66,false
2026-05-27T17:00:00,1003,Davie,SKU002,Avocados,produce,produce,4,1.49,5.96,false
2026-05-27T17:00:00,1003,Davie,SKU003,Whole Milk,dairy,dairy,6,4.29,25.74,false
2026-05-27T17:00:00,1003,Davie,SKU004,Greek Yogurt,dairy,dairy,4,1.39,5.56,false
2026-05-27T17:00:00,1003,Davie,SKU005,Chicken Breast,meat,meat,1,8.49,8.49,false
2026-05-27T17:00:00,1003,Davie,SKU006,Ground Beef,meat,meat,4,7.99,31.96,false
2026-05-27T17:00:00,1003,Davie,SKU007,Italian Bread,bakery,bakery,1,3.99,3.99,false
2026-05-27T17:00:00,1003,Davie,SKU009,Sparkling Water,beverages,grocery,1,5.49,5.49,false
2026-05-27T17:00:00,1003,Davie,SKU010,Orange Juice,beverages,grocery,3,4.99,14.97,false
2026-05-27T17:00:00,1003,Davie,SKU011,Frozen Pizza,frozen,frozen,1,6.99,6.99,false
2026-05-27T17:00:00,1003,Davie,SKU012,Ice Cream,frozen,frozen,2,5.99,11.98,false
2026-05-27T17:00:00,1003,Davie,SKU014,Pasta,grocery,grocery,2,1.89,3.78,false
2026-05-27T18:00:00,1001,Fort Lauderdale East,SKU001,Bananas,produce,produce,10,0.69,6.90,false
2026-05-27T18:00:00,1001,Fort Lauderdale East,SKU002,Avocados,produce,produce,6,1.49,8.94,false
2026-05-27T18:00:00,1001,Fort Lauderdale East,SKU003,Whole Milk,dairy,dairy,5,4.29,21.45,false
2026-05-27T18:00:00,1001,Fort Lauderdale East,SKU004,Greek Yogurt,dairy,dairy,4,1.39,5.56,false
2026-05-27T18:00:00,1001,Fort Lauderdale East,SKU005,Chicken Breast,meat,meat,5,8.49,42.45,false
2026-05-27T18:00:00,1001,Fort Lauderdale East,SKU006,Ground Beef,meat,meat,3,7.99,23.97,false
2026-05-27T18:00:00,1001,Fort Lauderdale East,SKU007,Italian Bread,bakery,bakery,4,3.99,15.96,false
2026-05-27T18:00:00,1001,Fort Lauderdale East,SKU008,Croissants,bakery,bakery,2,4.99,9.98,false
2026-05-27T18:00:00,1001,Fort Lauderdale East,SKU009,Sparkling Water,beverages,grocery,2,5.49,10.98,false
2026-05-27T18:00:00,1001,Fort Lauderdale East,SKU010,Orange Juice,beverages,grocery,3,4.99,14.97,false
2026-05-27T18:00:00,1001,Fort Lauderdale East,SKU011,Frozen Pizza,frozen,frozen,3,6.99,20.97,false
2026-05-27T18:00:00,1001,Fort Lauderdale East,SKU012,Ice Cream,frozen,frozen,1,5.99,5.99,false
2026-05-27T18:00:00,1001,Fort Lauderdale East,SKU013,Peanut Butter,grocery,grocery,3,3.49,10.47,false
2026-05-27T18:00:00,1001,Fort Lauderdale East,SKU014,Pasta,grocery,grocery,1,1.89,1.89,false
2026-05-27T18:00:00,1001,Fort Lauderdale East,SKU015,Paper Towels,household,grocery,1,12.99,12.99,false
2026-05-27T18:00:00,1002,Pembroke Pines,SKU001,Bananas,produce,produce,15,0.69,10.35,false
2026-05-27T18:00:00,1002,Pembroke Pines,SKU002,Avocados,produce,produce,4,1.49,5.96,false
2026-05-27T18:00:00,1002,Pembroke Pines,SKU003,Whole Milk,dairy,dairy,2,4.29,8.58,false
2026-05-27T18:00:00,1002,Pembroke Pines,SKU004,Greek Yogurt,dairy,dairy,5,1.39,6.95,false
2026-05-27T18:00:00,1002,Pembroke Pines,SKU005,Chicken Breast,meat,meat,4,8.49,33.96,false
2026-05-27T18:00:00,1002,Pembroke Pines,SKU006,Ground Beef,meat,meat,1,7.99,7.99,false
2026-05-27T18:00:00,1002,Pembroke Pines,SKU007,Italian Bread,bakery,bakery,3,3.99,11.97,false
2026-05-27T18:00:00,1002,Pembroke Pines,SKU008,Croissants,bakery,bakery,2,4.99,9.98,false
2026-05-27T18:00:00,1002,Pembroke Pines,SKU009,Sparkling Water,beverages,grocery,1,5.49,5.49,false
2026-05-27T18:00:00,1002,Pembroke Pines,SKU010,Orange Juice,beverages,grocery,4,4.99,19.96,false
2026-05-27T18:00:00,1002,Pembroke Pines,SKU011,Frozen Pizza,frozen,frozen,1,6.99,6.99,false
2026-05-27T18:00:00,1002,Pembroke Pines,SKU012,Ice Cream,frozen,frozen,2,5.99,11.98,false
2026-05-27T18:00:00,1002,Pembroke Pines,SKU013,Peanut Butter,grocery,grocery,1,3.49,3.49,false
2026-05-27T18:00:00,1002,Pembroke Pines,SKU014,Pasta,grocery,grocery,2,1.89,3.78,false
2026-05-27T18:00:00,1002,Pembroke Pines,SKU015,Paper Towels,household,grocery,2,12.99,25.98,false
2026-05-27T18:00:00,1003,Davie,SKU001,Bananas,produce,produce,15,0.69,10.35,false
2026-05-27T18:00:00,1003,Davie,SKU002,Avocados,produce,produce,4,1.49,5.96,false
2026-05-27T18:00:00,1003,Davie,SKU003,Whole Milk,dairy,dairy,4,4.29,17.16,false
2026-05-27T18:00:00,1003,Davie,SKU004,Greek Yogurt,dairy,dairy,4,1.39,5.56,false
2026-05-27T18:00:00,1003,Davie,SKU005,Chicken Breast,meat,meat,2,8.49,16.98,false
2026-05-27T18:00:00,1003,Davie,SKU006,Ground Beef,meat,meat,2,7.99,15.98,false
2026-05-27T18:00:00,1003,Davie,SKU007,Italian Bread,bakery,bakery,4,3.99,15.96,false
2026-05-27T18:00:00,1003,Davie,SKU008,Croissants,bakery,bakery,3,4.99,14.97,false
2026-05-27T18:00:00,1003,Davie,SKU009,Sparkling Water,beverages,grocery,1,5.49,5.49,false
2026-05-27T18:00:00,1003,Davie,SKU010,Orange Juice,beverages,grocery,1,4.99,4.99,false
2026-05-27T18:00:00,1003,Davie,SKU013,Peanut Butter,grocery,grocery,1,3.49,3.49,false
2026-05-27T18:00:00,1003,Davie,SKU014,Pasta,grocery,grocery,1,1.89,1.89,false
2026-05-27T19:00:00,1001,Fort Lauderdale East,SKU001,Bananas,produce,produce,10,0.69,6.90,false
2026-05-27T19:00:00,1001,Fort Lauderdale East,SKU002,Avocados,produce,produce,1,1.49,1.49,false
2026-05-27T19:00:00,1001,Fort Lauderdale East,SKU003,Whole Milk,dairy,dairy,3,4.29,12.87,false
2026-05-27T19:00:00,1001,Fort Lauderdale East,SKU004,Greek Yogurt,dairy,dairy,4,1.39,5.56,false
2026-05-27T19:00:00,1001,Fort Lauderdale East,SKU005,Chicken Breast,meat,meat,1,8.49,8.49,false
2026-05-27T19:00:00,1001,Fort Lauderdale East,SKU007,Italian Bread,bakery,bakery,2,3.99,7.98,false
2026-05-27T19:00:00,1001,Fort Lauderdale East,SKU008,Croissants,bakery,bakery,2,4.99,9.98,false
2026-05-27T19:00:00,1001,Fort Lauderdale East,SKU009,Sparkling Water,beverages,grocery,1,5.49,5.49,false
2026-05-27T19:00:00,1001,Fort Lauderdale East,SKU010,Orange Juice,beverages,grocery,2,4.99,9.98,false
2026-05-27T19:00:00,1001,Fort Lauderdale East,SKU011,Frozen Pizza,frozen,frozen,2,6.99,13.98,false
2026-05-27T19:00:00,1001,Fort Lauderdale East,SKU012,Ice Cream,frozen,frozen,3,5.99,17.97,false
2026-05-27T19:00:00,1001,Fort Lauderdale East,SKU013,Peanut Butter,grocery,grocery,1,3.49,3.49,false
2026-05-27T19:00:00,1002,Pembroke Pines,SKU001,Bananas,produce,produce,7,0.69,4.83,false
2026-05-27T19:00:00,1002,Pembroke Pines,SKU002,Avocados,produce,produce,3,1.49,4.47,false
2026-05-27T19:00:00,1002,Pembroke Pines,SKU003,Whole Milk,dairy,dairy,2,4.29,8.58,false
2026-05-27T19:00:00,1002,Pembroke Pines,SKU004,Greek Yogurt,dairy,dairy,1,1.39,1.39,false
2026-05-27T19:00:00,1002,Pembroke Pines,SKU005,Chicken Breast,meat,meat,3,8.49,25.47,false
2026-05-27T19:00:00,1002,Pembroke Pines,SKU006,Ground Beef,meat,meat,1,7.99,7.99,false
2026-05-27T19:00:00,1002,Pembroke Pines,SKU008,Croissants,bakery,bakery,1,4.99,4.99,false
2026-05-27T19:00:00,1002,Pembroke Pines,SKU009,Sparkling Water,beverages,grocery,2,5.49,10.98,false
2026-05-27T19:00:00,1002,Pembroke Pines,SKU010,Orange Juice,beverages,grocery,1,4.99,4.99,false
2026-05-27T19:00:00,1003,Davie,SKU001,Bananas,produce,produce,8,0.69,5.52,false
2026-05-27T19:00:00,1003,Davie,SKU002,Avocados,produce,produce,2,1.49,2.98,false
2026-05-27T19:00:00,1003,Davie,SKU003,Whole Milk,dairy,dairy,3,4.29,12.87,false
2026-05-27T19:00:00,1003,Davie,SKU004,Greek Yogurt,dairy,dairy,1,1.39,1.39,false
2026-05-27T19:00:00,1003,Davie,SKU005,Chicken Breast,meat,meat,3,8.49,25.47,false
2026-05-27T19:00:00,1003,Davie,SKU006,Ground Beef,meat,meat,2,7.99,15.98,false
2026-05-27T19:00:00,1003,Davie,SKU007,Italian Bread,bakery,bakery,3,3.99,11.97,false
2026-05-27T19:00:00,1003,Davie,SKU009,Sparkling Water,beverages,grocery,3,5.49,16.47,false
2026-05-27T19:00:00,1003,Davie,SKU010,Orange Juice,beverages,grocery,1,4.99,4.99,false
2026-05-27T19:00:00,1003,Davie,SKU011,Frozen Pizza,frozen,frozen,1,6.99,6.99,false
2026-05-27T19:00:00,1003,Davie,SKU012,Ice Cream,frozen,frozen,2,5.99,11.98,false
2026-05-27T19:00:00,1003,Davie,SKU013,Peanut Butter,grocery,grocery,2,3.49,6.98,false
2026-05-27T19:00:00,1003,Davie,SKU014,Pasta,grocery,grocery,1,1.89,1.89,false
2026-05-27T19:00:00,1003,Davie,SKU015,Paper Towels,household,grocery,1,12.99,12.99,false
2026-05-27T20:00:00,1001,Fort Lauderdale East,SKU001,Bananas,produce,produce,10,0.69,6.90,false
2026-05-27T20:00:00,1001,Fort Lauderdale East,SKU002,Avocados,produce,produce,4,1.49,5.96,false
2026-05-27T20:00:00,1001,Fort Lauderdale East,SKU003,Whole Milk,dairy,dairy,2,4.29,8.58,false
2026-05-27T20:00:00,1001,Fort Lauderdale East,SKU004,Greek Yogurt,dairy,dairy,3,1.39,4.17,false
2026-05-27T20:00:00,1001,Fort Lauderdale East,SKU005,Chicken Breast,meat,meat,4,8.49,33.96,false
2026-05-27T20:00:00,1001,Fort Lauderdale East,SKU006,Ground Beef,meat,meat,4,7.99,31.96,false
2026-05-27T20:00:00,1001,Fort Lauderdale East,SKU007,Italian Bread,bakery,bakery,3,3.99,11.97,false
2026-05-27T20:00:00,1001,Fort Lauderdale East,SKU008,Croissants,bakery,bakery,3,4.99,14.97,false
2026-05-27T20:00:00,1001,Fort Lauderdale East,SKU009,Sparkling Water,beverages,grocery,2,5.49,10.98,false
2026-05-27T20:00:00,1001,Fort Lauderdale East,SKU010,Orange Juice,beverages,grocery,3,4.99,14.97,false
2026-05-27T20:00:00,1001,Fort Lauderdale East,SKU011,Frozen Pizza,frozen,frozen,3,6.99,20.97,false
2026-05-27T20:00:00,1001,Fort Lauderdale East,SKU012,Ice Cream,frozen,frozen,1,5.99,5.99,false
2026-05-27T20:00:00,1001,Fort Lauderdale East,SKU014,Pasta,grocery,grocery,1,1.89,1.89,false
2026-05-27T20:00:00,1002,Pembroke Pines,SKU001,Bananas,produce,produce,7,0.69,4.83,false
2026-05-27T20:00:00,1002,Pembroke Pines,SKU002,Avocados,produce,produce,2,1.49,2.98,false
2026-05-27T20:00:00,1002,Pembroke Pines,SKU003,Whole Milk,dairy,dairy,2,4.29,8.58,false
2026-05-27T20:00:00,1002,Pembroke Pines,SKU004,Greek Yogurt,dairy,dairy,1,1.39,1.39,false
2026-05-27T20:00:00,1002,Pembroke Pines,SKU005,Chicken Breast,meat,meat,3,8.49,25.47,false
2026-05-27T20:00:00,1002,Pembroke Pines,SKU006,Ground Beef,meat,meat,3,7.99,23.97,false
2026-05-27T20:00:00,1002,Pembroke Pines,SKU007,Italian Bread,bakery,bakery,2,3.99,7.98,false
2026-05-27T20:00:00,1002,Pembroke Pines,SKU009,Sparkling Water,beverages,grocery,1,5.49,5.49,false
2026-05-27T20:00:00,1002,Pembroke Pines,SKU011,Frozen Pizza,frozen,frozen,1,6.99,6.99,false
2026-05-27T20:00:00,1002,Pembroke Pines,SKU013,Peanut Butter,grocery,grocery,2,3.49,6.98,false
2026-05-27T20:00:00,1002,Pembroke Pines,SKU014,Pasta,grocery,grocery,1,1.89,1.89,false
2026-05-27T20:00:00,1003,Davie,SKU001,Bananas,produce,produce,10,0.69,6.90,false
2026-05-27T20:00:00,1003,Davie,SKU002,Avocados,produce,produce,3,1.49,4.47,false
2026-05-27T20:00:00,1003,Davie,SKU003,Whole Milk,dairy,dairy,4,4.29,17.16,false
2026-05-27T20:00:00,1003,Davie,SKU005,Chicken Breast,meat,meat,2,8.49,16.98,false
2026-05-27T20:00:00,1003,Davie,SKU006,Ground Beef,meat,meat,3,7.99,23.97,false
2026-05-27T20:00:00,1003,Davie,SKU007,Italian Bread,bakery,bakery,1,3.99,3.99,false
2026-05-27T20:00:00,1003,Davie,SKU008,Croissants,bakery,bakery,1,4.99,4.99,false
2026-05-27T20:00:00,1003,Davie,SKU009,Sparkling Water,beverages,grocery,1,5.49,5.49,false
2026-05-27T21:00:00,1001,Fort Lauderdale East,SKU001,Bananas,produce,produce,11,0.69,7.59,false
2026-05-27T21:00:00,1001,Fort Lauderdale East,SKU002,Avocados,produce,produce,3,1.49,4.47,false
2026-05-27T21:00:00,1001,Fort Lauderdale East,SKU003,Whole Milk,dairy,dairy,2,4.29,8.58,false
2026-05-27T21:00:00,1001,Fort Lauderdale East,SKU004,Greek Yogurt,dairy,dairy,3,1.39,4.17,false
2026-05-27T21:00:00,1001,Fort Lauderdale East,SKU005,Chicken Breast,meat,meat,4,8.49,33.96,false
2026-05-27T21:00:00,1001,Fort Lauderdale East,SKU006,Ground Beef,meat,meat,1,7.99,7.99,false
2026-05-27T21:00:00,1001,Fort Lauderdale East,SKU007,Italian Bread,bakery,bakery,3,3.99,11.97,false
2026-05-27T21:00:00,1001,Fort Lauderdale East,SKU010,Orange Juice,beverages,grocery,2,4.99,9.98,false
2026-05-27T21:00:00,1001,Fort Lauderdale East,SKU011,Frozen Pizza,frozen,frozen,1,6.99,6.99,false
2026-05-27T21:00:00,1001,Fort Lauderdale East,SKU012,Ice Cream,frozen,frozen,1,5.99,5.99,false
2026-05-27T21:00:00,1001,Fort Lauderdale East,SKU013,Peanut Butter,grocery,grocery,2,3.49,6.98,false
2026-05-27T21:00:00,1001,Fort Lauderdale East,SKU015,Paper Towels,household,grocery,1,12.99,12.99,false
2026-05-27T21:00:00,1002,Pembroke Pines,SKU001,Bananas,produce,produce,8,0.69,5.52,false
2026-05-27T21:00:00,1002,Pembroke Pines,SKU002,Avocados,produce,produce,2,1.49,2.98,false
2026-05-27T21:00:00,1002,Pembroke Pines,SKU003,Whole Milk,dairy,dairy,1,4.29,4.29,false
2026-05-27T21:00:00,1002,Pembroke Pines,SKU004,Greek Yogurt,dairy,dairy,3,1.39,4.17,false
2026-05-27T21:00:00,1002,Pembroke Pines,SKU005,Chicken Breast,meat,meat,1,8.49,8.49,false
2026-05-27T21:00:00,1002,Pembroke Pines,SKU006,Ground Beef,meat,meat,2,7.99,15.98,false
2026-05-27T21:00:00,1002,Pembroke Pines,SKU007,Italian Bread,bakery,bakery,3,3.99,11.97,false
2026-05-27T21:00:00,1002,Pembroke Pines,SKU008,Croissants,bakery,bakery,1,4.99,4.99,false
2026-05-27T21:00:00,1002,Pembroke Pines,SKU009,Sparkling Water,beverages,grocery,1,5.49,5.49,false
2026-05-27T21:00:00,1002,Pembroke Pines,SKU010,Orange Juice,beverages,grocery,1,4.99,4.99,false
2026-05-27T21:00:00,1002,Pembroke Pines,SKU011,Frozen Pizza,frozen,frozen,1,6.99,6.99,false
2026-05-27T21:00:00,1002,Pembroke Pines,SKU013,Peanut Butter,grocery,grocery,2,3.49,6.98,false
2026-05-27T21:00:00,1002,Pembroke Pines,SKU015,Paper Towels,household,grocery,1,12.99,12.99,false
2026-05-27T21:00:00,1003,Davie,SKU001,Bananas,produce,produce,10,0.69,6.90,false
2026-05-27T21:00:00,1003,Davie,SKU002,Avocados,produce,produce,3,1.49,4.47,false
2026-05-27T21:00:00,1003,Davie,SKU003,Whole Milk,dairy,dairy,3,4.29,12.87,false
2026-05-27T21:00:00,1003,Davie,SKU004,Greek Yogurt,dairy,dairy,3,1.39,4.17,false
2026-05-27T21:00:00,1003,Davie,SKU005,Chicken Breast,meat,meat,1,8.49,8.49,false
2026-05-27T21:00:00,1003,Davie,SKU006,Ground Beef,meat,meat,2,7.99,15.98,false
2026-05-27T21:00:00,1003,Davie,SKU007,Italian Bread,bakery,bakery,2,3.99,7.98,false
2026-05-27T21:00:00,1003,Davie,SKU008,Croissants,bakery,bakery,1,4.99,4.99,false
2026-05-27T21:00:00,1003,Davie,SKU009,Sparkling Water,beverages,grocery,1,5.49,5.49,false
2026-05-27T21:00:00,1003,Davie,SKU010,Orange Juice,beverages,grocery,1,4.99,4.99,false
2026-05-27T21:00:00,1003,Davie,SKU011,Frozen Pizza,frozen,frozen,1,6.99,6.99,false
2026-05-27T21:00:00,1003,Davie,SKU015,Paper Towels,household,grocery,1,12.99,12.99,false
2026-05-28T06:00:00,1001,Fort Lauderdale East,SKU001,Bananas,produce,produce,9,0.69,6.21,false
2026-05-28T06:00:00,1001,Fort Lauderdale East,SKU002,Avocados,produce,produce,5,1.49,7.45,false
2026-05-28T06:00:00,1001,Fort Lauderdale East,SKU003,Whole Milk,dairy,dairy,4,4.29,17.16,false
2026-05-28T06:00:00,1001,Fort Lauderdale East,SKU004,Greek Yogurt,dairy,dairy,4,1.39,5.56,false
2026-05-28T06:00:00,1001,Fort Lauderdale East,SKU005,Chicken Breast,meat,meat,4,8.49,33.96,false
2026-05-28T06:00:00,1001,Fort Lauderdale East,SKU006,Ground Beef,meat,meat,2,7.99,15.98,false
2026-05-28T06:00:00,1001,Fort Lauderdale East,SKU007,Italian Bread,bakery,bakery,2,3.99,7.98,false
2026-05-28T06:00:00,1001,Fort Lauderdale East,SKU008,Croissants,bakery,bakery,1,4.99,4.99,false
2026-05-28T06:00:00,1001,Fort Lauderdale East,SKU010,Orange Juice,beverages,grocery,2,4.99,9.98,false
2026-05-28T06:00:00,1001,Fort Lauderdale East,SKU012,Ice Cream,frozen,frozen,1,5.99,5.99,false
2026-05-28T06:00:00,1001,Fort Lauderdale East,SKU014,Pasta,grocery,grocery,2,1.89,3.78,false
2026-05-28T06:00:00,1002,Pembroke Pines,SKU001,Bananas,produce,produce,8,0.69,5.52,false
2026-05-28T06:00:00,1002,Pembroke Pines,SKU002,Avocados,produce,produce,2,1.49,2.98,false
2026-05-28T06:00:00,1002,Pembroke Pines,SKU003,Whole Milk,dairy,dairy,2,4.29,8.58,false
2026-05-28T06:00:00,1002,Pembroke Pines,SKU004,Greek Yogurt,dairy,dairy,1,1.39,1.39,false
2026-05-28T06:00:00,1002,Pembroke Pines,SKU005,Chicken Breast,meat,meat,1,8.49,8.49,false
2026-05-28T06:00:00,1002,Pembroke Pines,SKU007,Italian Bread,bakery,bakery,1,3.99,3.99,false
2026-05-28T06:00:00,1002,Pembroke Pines,SKU008,Croissants,bakery,bakery,1,4.99,4.99,false
2026-05-28T06:00:00,1002,Pembroke Pines,SKU009,Sparkling Water,beverages,grocery,2,5.49,10.98,false
2026-05-28T06:00:00,1002,Pembroke Pines,SKU013,Peanut Butter,grocery,grocery,1,3.49,3.49,false
2026-05-28T06:00:00,1002,Pembroke Pines,SKU014,Pasta,grocery,grocery,1,1.89,1.89,false
2026-05-28T06:00:00,1002,Pembroke Pines,SKU015,Paper Towels,household,grocery,1,12.99,12.99,false
2026-05-28T06:00:00,1003,Davie,SKU001,Bananas,produce,produce,13,0.69,8.97,false
2026-05-28T06:00:00,1003,Davie,SKU002,Avocados,produce,produce,3,1.49,4.47,false
2026-05-28T06:00:00,1003,Davie,SKU003,Whole Milk,dairy,dairy,3,4.29,12.87,false
2026-05-28T06:00:00,1003,Davie,SKU004,Greek Yogurt,dairy,dairy,1,1.39,1.39,false
2026-05-28T06:00:00,1003,Davie,SKU005,Chicken Breast,meat,meat,2,8.49,16.98,false
2026-05-28T06:00:00,1003,Davie,SKU006,Ground Beef,meat,meat,2,7.99,15.98,false
2026-05-28T06:00:00,1003,Davie,SKU007,Italian Bread,bakery,bakery,4,3.99,15.96,false
2026-05-28T06:00:00,1003,Davie,SKU009,Sparkling Water,beverages,grocery,1,5.49,5.49,false
2026-05-28T06:00:00,1003,Davie,SKU010,Orange Juice,beverages,grocery,1,4.99,4.99,false
2026-05-28T06:00:00,1003,Davie,SKU012,Ice Cream,frozen,frozen,1,5.99,5.99,false
2026-05-28T06:00:00,1003,Davie,SKU013,Peanut Butter,grocery,grocery,1,3.49,3.49,false
2026-05-28T06:00:00,1003,Davie,SKU014,Pasta,grocery,grocery,1,1.89,1.89,false
2026-05-28T07:00:00,1001,Fort Lauderdale East,SKU001,Bananas,produce,produce,12,0.69,8.28,false
2026-05-28T07:00:00,1001,Fort Lauderdale East,SKU002,Avocados,produce,produce,3,1.49,4.47,false
2026-05-28T07:00:00,1001,Fort Lauderdale East,SKU003,Whole Milk,dairy,dairy,2,4.29,8.58,false
2026-05-28T07:00:00,1001,Fort Lauderdale East,SKU004,Greek Yogurt,dairy,dairy,3,1.39,4.17,false
2026-05-28T07:00:00,1001,Fort Lauderdale East,SKU005,Chicken Breast,meat,meat,3,8.49,25.47,false
2026-05-28T07:00:00,1001,Fort Lauderdale East,SKU006,Ground Beef,meat,meat,1,7.99,7.99,false
2026-05-28T07:00:00,1001,Fort Lauderdale East,SKU007,Italian Bread,bakery,bakery,2,3.99,7.98,false
2026-05-28T07:00:00,1001,Fort Lauderdale East,SKU008,Croissants,bakery,bakery,1,4.99,4.99,false
2026-05-28T07:00:00,1001,Fort Lauderdale East,SKU009,Sparkling Water,beverages,grocery,2,5.49,10.98,false
2026-05-28T07:00:00,1001,Fort Lauderdale East,SKU010,Orange Juice,beverages,grocery,2,4.99,9.98,false
2026-05-28T07:00:00,1001,Fort Lauderdale East,SKU011,Frozen Pizza,frozen,frozen,3,6.99,20.97,false
2026-05-28T07:00:00,1001,Fort Lauderdale East,SKU012,Ice Cream,frozen,frozen,3,5.99,17.97,false
2026-05-28T07:00:00,1002,Pembroke Pines,SKU001,Bananas,produce,produce,9,0.69,6.21,false
2026-05-28T07:00:00,1002,Pembroke Pines,SKU002,Avocados,produce,produce,1,1.49,1.49,false
2026-05-28T07:00:00,1002,Pembroke Pines,SKU003,Whole Milk,dairy,dairy,1,4.29,4.29,false
2026-05-28T07:00:00,1002,Pembroke Pines,SKU004,Greek Yogurt,dairy,dairy,3,1.39,4.17,false
2026-05-28T07:00:00,1002,Pembroke Pines,SKU005,Chicken Breast,meat,meat,2,8.49,16.98,false
2026-05-28T07:00:00,1002,Pembroke Pines,SKU006,Ground Beef,meat,meat,2,7.99,15.98,false
2026-05-28T07:00:00,1002,Pembroke Pines,SKU007,Italian Bread,bakery,bakery,1,3.99,3.99,false
2026-05-28T07:00:00,1002,Pembroke Pines,SKU009,Sparkling Water,beverages,grocery,1,5.49,5.49,false
2026-05-28T07:00:00,1002,Pembroke Pines,SKU010,Orange Juice,beverages,grocery,3,4.99,14.97,false
2026-05-28T07:00:00,1002,Pembroke Pines,SKU011,Frozen Pizza,frozen,frozen,1,6.99,6.99,false
2026-05-28T07:00:00,1002,Pembroke Pines,SKU012,Ice Cream,frozen,frozen,1,5.99,5.99,false
2026-05-28T07:00:00,1002,Pembroke Pines,SKU013,Peanut Butter,grocery,grocery,2,3.49,6.98,false
2026-05-28T07:00:00,1002,Pembroke Pines,SKU014,Pasta,grocery,grocery,1,1.89,1.89,false
2026-05-28T07:00:00,1003,Davie,SKU001,Bananas,produce,produce,10,0.69,6.90,false
2026-05-28T07:00:00,1003,Davie,SKU002,Avocados,produce,produce,3,1.49,4.47,false
2026-05-28T07:00:00,1003,Davie,SKU003,Whole Milk,dairy,dairy,4,4.29,17.16,false
2026-05-28T07:00:00,1003,Davie,SKU004,Greek Yogurt,dairy,dairy,2,1.39,2.78,false
2026-05-28T07:00:00,1003,Davie,SKU005,Chicken Breast,meat,meat,1,8.49,8.49,false
2026-05-28T07:00:00,1003,Davie,SKU006,Ground Beef,meat,meat,2,7.99,15.98,false
2026-05-28T07:00:00,1003,Davie,SKU007,Italian Bread,bakery,bakery,3,3.99,11.97,false
2026-05-28T07:00:00,1003,Davie,SKU008,Croissants,bakery,bakery,1,4.99,4.99,false
2026-05-28T07:00:00,1003,Davie,SKU009,Sparkling Water,beverages,grocery,2,5.49,10.98,false
2026-05-28T07:00:00,1003,Davie,SKU010,Orange Juice,beverages,grocery,2,4.99,9.98,false
2026-05-28T07:00:00,1003,Davie,SKU013,Peanut Butter,grocery,grocery,1,3.49,3.49,false
2026-05-28T07:00:00,1003,Davie,SKU015,Paper Towels,household,grocery,2,12.99,25.98,false
2026-05-28T08:00:00,1001,Fort Lauderdale East,SKU001,Bananas,produce,produce,11,0.69,7.59,false
2026-05-28T08:00:00,1001,Fort Lauderdale East,SKU002,Avocados,produce,produce,3,1.49,4.47,false
2026-05-28T08:00:00,1001,Fort Lauderdale East,SKU003,Whole Milk,dairy,dairy,3,4.29,12.87,false
2026-05-28T08:00:00,1001,Fort Lauderdale East,SKU004,Greek Yogurt,dairy,dairy,2,1.39,2.78,false
2026-05-28T08:00:00,1001,Fort Lauderdale East,SKU005,Chicken Breast,meat,meat,1,8.49,8.49,false
2026-05-28T08:00:00,1001,Fort Lauderdale East,SKU006,Ground Beef,meat,meat,2,7.99,15.98,false
2026-05-28T08:00:00,1001,Fort Lauderdale East,SKU007,Italian Bread,bakery,bakery,3,3.99,11.97,false
2026-05-28T08:00:00,1001,Fort Lauderdale East,SKU009,Sparkling Water,beverages,grocery,2,5.49,10.98,false
2026-05-28T08:00:00,1001,Fort Lauderdale East,SKU010,Orange Juice,beverages,grocery,1,4.99,4.99,false
2026-05-28T08:00:00,1001,Fort Lauderdale East,SKU011,Frozen Pizza,frozen,frozen,1,6.99,6.99,false
2026-05-28T08:00:00,1001,Fort Lauderdale East,SKU013,Peanut Butter,grocery,grocery,1,3.49,3.49,false
2026-05-28T08:00:00,1002,Pembroke Pines,SKU001,Bananas,produce,produce,8,0.69,5.52,false
2026-05-28T08:00:00,1002,Pembroke Pines,SKU002,Avocados,produce,produce,1,1.49,1.49,false
2026-05-28T08:00:00,1002,Pembroke Pines,SKU003,Whole Milk,dairy,dairy,3,4.29,12.87,false
2026-05-28T08:00:00,1002,Pembroke Pines,SKU005,Chicken Breast,meat,meat,1,8.49,8.49,false
2026-05-28T08:00:00,1002,Pembroke Pines,SKU007,Italian Bread,bakery,bakery,2,3.99,7.98,false
2026-05-28T08:00:00,1002,Pembroke Pines,SKU008,Croissants,bakery,bakery,1,4.99,4.99,false
2026-05-28T08:00:00,1002,Pembroke Pines,SKU009,Sparkling Water,beverages,grocery,2,5.49,10.98,false
2026-05-28T08:00:00,1002,Pembroke Pines,SKU010,Orange Juice,beverages,grocery,1,4.99,4.99,false
2026-05-28T08:00:00,1002,Pembroke Pines,SKU011,Frozen Pizza,frozen,frozen,1,6.99,6.99,false
2026-05-28T08:00:00,1002,Pembroke Pines,SKU012,Ice Cream,frozen,frozen,2,5.99,11.98,false
2026-05-28T08:00:00,1002,Pembroke Pines,SKU014,Pasta,grocery,grocery,1,1.89,1.89,false
2026-05-28T08:00:00,1002,Pembroke Pines,SKU015,Paper Towels,household,grocery,2,12.99,25.98,false
2026-05-28T08:00:00,1003,Davie,SKU001,Bananas,produce,produce,11,0.69,7.59,false
2026-05-28T08:00:00,1003,Davie,SKU002,Avocados,produce,produce,5,1.49,7.45,false
2026-05-28T08:00:00,1003,Davie,SKU003,Whole Milk,dairy,dairy,3,4.29,12.87,false
2026-05-28T08:00:00,1003,Davie,SKU004,Greek Yogurt,dairy,dairy,1,1.39,1.39,false
2026-05-28T08:00:00,1003,Davie,SKU005,Chicken Breast,meat,meat,3,8.49,25.47,false
2026-05-28T08:00:00,1003,Davie,SKU006,Ground Beef,meat,meat,2,7.99,15.98,false
2026-05-28T08:00:00,1003,Davie,SKU007,Italian Bread,bakery,bakery,1,3.99,3.99,false
2026-05-28T08:00:00,1003,Davie,SKU008,Croissants,bakery,bakery,2,4.99,9.98,false
2026-05-28T08:00:00,1003,Davie,SKU009,Sparkling Water,beverages,grocery,1,5.49,5.49,false
2026-05-28T08:00:00,1003,Davie,SKU010,Orange Juice,beverages,grocery,2,4.99,9.98,false
2026-05-28T08:00:00,1003,Davie,SKU011,Frozen Pizza,frozen,frozen,1,6.99,6.99,false
2026-05-28T08:00:00,1003,Davie,SKU012,Ice Cream,frozen,frozen,1,5.99,5.99,false
2026-05-28T08:00:00,1003,Davie,SKU013,Peanut Butter,grocery,grocery,2,3.49,6.98,false
2026-05-28T08:00:00,1003,Davie,SKU014,Pasta,grocery,grocery,1,1.89,1.89,false
2026-05-28T09:00:00,1001,Fort Lauderdale East,SKU001,Bananas,produce,produce,10,0.69,6.90,false
2026-05-28T09:00:00,1001,Fort Lauderdale East,SKU002,Avocados,produce,produce,3,1.49,4.47,false
2026-05-28T09:00:00,1001,Fort Lauderdale East,SKU003,Whole Milk,dairy,dairy,3,4.29,12.87,false
2026-05-28T09:00:00,1001,Fort Lauderdale East,SKU004,Greek Yogurt,dairy,dairy,3,1.39,4.17,false
2026-05-28T09:00:00,1001,Fort Lauderdale East,SKU005,Chicken Breast,meat,meat,2,8.49,16.98,false
2026-05-28T09:00:00,1001,Fort Lauderdale East,SKU008,Croissants,bakery,bakery,3,4.99,14.97,false
2026-05-28T09:00:00,1001,Fort Lauderdale East,SKU009,Sparkling Water,beverages,grocery,1,5.49,5.49,false
2026-05-28T09:00:00,1001,Fort Lauderdale East,SKU010,Orange Juice,beverages,grocery,3,4.99,14.97,false
2026-05-28T09:00:00,1001,Fort Lauderdale East,SKU011,Frozen Pizza,frozen,frozen,1,6.99,6.99,false
2026-05-28T09:00:00,1001,Fort Lauderdale East,SKU014,Pasta,grocery,grocery,1,1.89,1.89,false
2026-05-28T09:00:00,1001,Fort Lauderdale East,SKU015,Paper Towels,household,grocery,1,12.99,12.99,false
2026-05-28T09:00:00,1002,Pembroke Pines,SKU001,Bananas,produce,produce,13,0.69,8.97,false
2026-05-28T09:00:00,1002,Pembroke Pines,SKU002,Avocados,produce,produce,3,1.49,4.47,false
2026-05-28T09:00:00,1002,Pembroke Pines,SKU003,Whole Milk,dairy,dairy,3,4.29,12.87,false
2026-05-28T09:00:00,1002,Pembroke Pines,SKU005,Chicken Breast,meat,meat,1,8.49,8.49,false
2026-05-28T09:00:00,1002,Pembroke Pines,SKU006,Ground Beef,meat,meat,2,7.99,15.98,false
2026-05-28T09:00:00,1002,Pembroke Pines,SKU007,Italian Bread,bakery,bakery,1,3.99,3.99,false
2026-05-28T09:00:00,1002,Pembroke Pines,SKU009,Sparkling Water,beverages,grocery,3,5.49,16.47,false
2026-05-28T09:00:00,1002,Pembroke Pines,SKU010,Orange Juice,beverages,grocery,3,4.99,14.97,false
2026-05-28T09:00:00,1002,Pembroke Pines,SKU012,Ice Cream,frozen,frozen,1,5.99,5.99,false
2026-05-28T09:00:00,1002,Pembroke Pines,SKU014,Pasta,grocery,grocery,2,1.89,3.78,false
2026-05-28T09:00:00,1003,Davie,SKU001,Bananas,produce,produce,10,0.69,6.90,false
2026-05-28T09:00:00,1003,Davie,SKU002,Avocados,produce,produce,2,1.49,2.98,false
2026-05-28T09:00:00,1003,Davie,SKU003,Whole Milk,dairy,dairy,4,4.29,17.16,false
2026-05-28T09:00:00,1003,Davie,SKU004,Greek Yogurt,dairy,dairy,2,1.39,2.78,false
2026-05-28T09:00:00,1003,Davie,SKU005,Chicken Breast,meat,meat,4,8.49,33.96,false
2026-05-28T09:00:00,1003,Davie,SKU006,Ground Beef,meat,meat,3,7.99,23.97,false
2026-05-28T09:00:00,1003,Davie,SKU007,Italian Bread,bakery,bakery,1,3.99,3.99,false
2026-05-28T09:00:00,1003,Davie,SKU008,Croissants,bakery,bakery,2,4.99,9.98,false
2026-05-28T09:00:00,1003,Davie,SKU009,Sparkling Water,beverages,grocery,1,5.49,5.49,false
2026-05-28T09:00:00,1003,Davie,SKU010,Orange Juice,beverages,grocery,1,4.99,4.99,false
2026-05-28T09:00:00,1003,Davie,SKU011,Frozen Pizza,frozen,frozen,2,6.99,13.98,false
2026-05-28T09:00:00,1003,Davie,SKU012,Ice Cream,frozen,frozen,1,5.99,5.99,false
2026-05-28T09:00:00,1003,Davie,SKU013,Peanut Butter,grocery,grocery,1,3.49,3.49,false
2026-05-28T10:00:00,1001,Fort Lauderdale East,SKU001,Bananas,produce,produce,10,0.69,6.90,false
2026-05-28T10:00:00,1001,Fort Lauderdale East,SKU002,Avocados,produce,produce,4,1.49,5.96,false
2026-05-28T10:00:00,1001,Fort Lauderdale East,SKU003,Whole Milk,dairy,dairy,4,4.29,17.16,false
2026-05-28T10:00:00,1001,Fort Lauderdale East,SKU004,Greek Yogurt,dairy,dairy,1,1.39,1.39,false
2026-05-28T10:00:00,1001,Fort Lauderdale East,SKU005,Chicken Breast,meat,meat,2,8.49,16.98,false
2026-05-28T10:00:00,1001,Fort Lauderdale East,SKU006,Ground Beef,meat,meat,3,7.99,23.97,false
2026-05-28T10:00:00,1001,Fort Lauderdale East,SKU007,Italian Bread,bakery,bakery,1,3.99,3.99,false
2026-05-28T10:00:00,1001,Fort Lauderdale East,SKU010,Orange Juice,beverages,grocery,2,4.99,9.98,false
2026-05-28T10:00:00,1001,Fort Lauderdale East,SKU012,Ice Cream,frozen,frozen,1,5.99,5.99,false
2026-05-28T10:00:00,1002,Pembroke Pines,SKU001,Bananas,produce,produce,8,0.69,5.52,false
2026-05-28T10:00:00,1002,Pembroke Pines,SKU002,Avocados,produce,produce,3,1.49,4.47,false
2026-05-28T10:00:00,1002,Pembroke Pines,SKU003,Whole Milk,dairy,dairy,3,4.29,12.87,false
2026-05-28T10:00:00,1002,Pembroke Pines,SKU004,Greek Yogurt,dairy,dairy,2,1.39,2.78,false
2026-05-28T10:00:00,1002,Pembroke Pines,SKU005,Chicken Breast,meat,meat,1,8.49,8.49,false
2026-05-28T10:00:00,1002,Pembroke Pines,SKU006,Ground Beef,meat,meat,2,7.99,15.98,false
2026-05-28T10:00:00,1002,Pembroke Pines,SKU007,Italian Bread,bakery,bakery,1,3.99,3.99,false
2026-05-28T10:00:00,1002,Pembroke Pines,SKU008,Croissants,bakery,bakery,1,4.99,4.99,false
2026-05-28T10:00:00,1002,Pembroke Pines,SKU009,Sparkling Water,beverages,grocery,1,5.49,5.49,false
2026-05-28T10:00:00,1003,Davie,SKU001,Bananas,produce,produce,7,0.69,4.83,false
2026-05-28T10:00:00,1003,Davie,SKU002,Avocados,produce,produce,4,1.49,5.96,false
2026-05-28T10:00:00,1003,Davie,SKU003,Whole Milk,dairy,dairy,5,4.29,21.45,false
2026-05-28T10:00:00,1003,Davie,SKU004,Greek Yogurt,dairy,dairy,3,1.39,4.17,false
2026-05-28T10:00:00,1003,Davie,SKU005,Chicken Breast,meat,meat,2,8.49,16.98,false
2026-05-28T10:00:00,1003,Davie,SKU006,Ground Beef,meat,meat,3,7.99,23.97,false
2026-05-28T10:00:00,1003,Davie,SKU007,Italian Bread,bakery,bakery,2,3.99,7.98,false
2026-05-28T10:00:00,1003,Davie,SKU008,Croissants,bakery,bakery,1,4.99,4.99,false
2026-05-28T10:00:00,1003,Davie,SKU009,Sparkling Water,beverages,grocery,1,5.49,5.49,false
2026-05-28T10:00:00,1003,Davie,SKU010,Orange Juice,beverages,grocery,1,4.99,4.99,false
2026-05-28T10:00:00,1003,Davie,SKU014,Pasta,grocery,grocery,1,1.89,1.89,false
2026-05-28T11:00:00,1001,Fort Lauderdale East,SKU001,Bananas,produce,produce,8,0.69,5.52,false
2026-05-28T11:00:00,1001,Fort Lauderdale East,SKU002,Avocados,produce,produce,5,1.49,7.45,false
2026-05-28T11:00:00,1001,Fort Lauderdale East,SKU003,Whole Milk,dairy,dairy,5,4.29,21.45,false
2026-05-28T11:00:00,1001,Fort Lauderdale East,SKU004,Greek Yogurt,dairy,dairy,4,1.39,5.56,false
2026-05-28T11:00:00,1001,Fort Lauderdale East,SKU005,Chicken Breast,meat,meat,4,8.49,33.96,false
2026-05-28T11:00:00,1001,Fort Lauderdale East,SKU006,Ground Beef,meat,meat,5,7.99,39.95,false
2026-05-28T11:00:00,1001,Fort Lauderdale East,SKU007,Italian Bread,bakery,bakery,2,3.99,7.98,false
2026-05-28T11:00:00,1001,Fort Lauderdale East,SKU008,Croissants,bakery,bakery,3,4.99,14.97,false
2026-05-28T11:00:00,1001,Fort Lauderdale East,SKU009,Sparkling Water,beverages,grocery,3,5.49,16.47,false
2026-05-28T11:00:00,1001,Fort Lauderdale East,SKU010,Orange Juice,beverages,grocery,2,4.99,9.98,false
2026-05-28T11:00:00,1001,Fort Lauderdale East,SKU011,Frozen Pizza,frozen,frozen,1,6.99,6.99,false
2026-05-28T11:00:00,1001,Fort Lauderdale East,SKU012,Ice Cream,frozen,frozen,1,5.99,5.99,false
2026-05-28T11:00:00,1001,Fort Lauderdale East,SKU013,Peanut Butter,grocery,grocery,1,3.49,3.49,false
2026-05-28T11:00:00,1001,Fort Lauderdale East,SKU014,Pasta,grocery,grocery,1,1.89,1.89,false
2026-05-28T11:00:00,1002,Pembroke Pines,SKU001,Bananas,produce,produce,13,0.69,8.97,false
2026-05-28T11:00:00,1002,Pembroke Pines,SKU002,Avocados,produce,produce,3,1.49,4.47,false
2026-05-28T11:00:00,1002,Pembroke Pines,SKU003,Whole Milk,dairy,dairy,5,4.29,21.45,false
2026-05-28T11:00:00,1002,Pembroke Pines,SKU004,Greek Yogurt,dairy,dairy,4,1.39,5.56,false
2026-05-28T11:00:00,1002,Pembroke Pines,SKU005,Chicken Breast,meat,meat,2,8.49,16.98,false
2026-05-28T11:00:00,1002,Pembroke Pines,SKU006,Ground Beef,meat,meat,3,7.99,23.97,false
2026-05-28T11:00:00,1002,Pembroke Pines,SKU007,Italian Bread,bakery,bakery,2,3.99,7.98,false
2026-05-28T11:00:00,1002,Pembroke Pines,SKU009,Sparkling Water,beverages,grocery,2,5.49,10.98,false
2026-05-28T11:00:00,1002,Pembroke Pines,SKU010,Orange Juice,beverages,grocery,3,4.99,14.97,false
2026-05-28T11:00:00,1002,Pembroke Pines,SKU011,Frozen Pizza,frozen,frozen,1,6.99,6.99,false
2026-05-28T11:00:00,1002,Pembroke Pines,SKU012,Ice Cream,frozen,frozen,2,5.99,11.98,false
2026-05-28T11:00:00,1002,Pembroke Pines,SKU013,Peanut Butter,grocery,grocery,3,3.49,10.47,false
2026-05-28T11:00:00,1002,Pembroke Pines,SKU014,Pasta,grocery,grocery,4,1.89,7.56,false
2026-05-28T11:00:00,1003,Davie,SKU001,Bananas,produce,produce,14,0.69,9.66,false
2026-05-28T11:00:00,1003,Davie,SKU002,Avocados,produce,produce,3,1.49,4.47,false
2026-05-28T11:00:00,1003,Davie,SKU003,Whole Milk,dairy,dairy,7,4.29,30.03,false
2026-05-28T11:00:00,1003,Davie,SKU004,Greek Yogurt,dairy,dairy,3,1.39,4.17,false
2026-05-28T11:00:00,1003,Davie,SKU005,Chicken Breast,meat,meat,4,8.49,33.96,false
2026-05-28T11:00:00,1003,Davie,SKU006,Ground Beef,meat,meat,2,7.99,15.98,false
2026-05-28T11:00:00,1003,Davie,SKU007,Italian Bread,bakery,bakery,2,3.99,7.98,false
2026-05-28T11:00:00,1003,Davie,SKU008,Croissants,bakery,bakery,2,4.99,9.98,false
2026-05-28T11:00:00,1003,Davie,SKU010,Orange Juice,beverages,grocery,1,4.99,4.99,false
2026-05-28T11:00:00,1003,Davie,SKU011,Frozen Pizza,frozen,frozen,1,6.99,6.99,false
2026-05-28T11:00:00,1003,Davie,SKU012,Ice Cream,frozen,frozen,2,5.99,11.98,false
2026-05-28T11:00:00,1003,Davie,SKU014,Pasta,grocery,grocery,1,1.89,1.89,false
2026-05-28T11:00:00,1003,Davie,SKU015,Paper Towels,household,grocery,3,12.99,38.97,false
2026-05-28T12:00:00,1001,Fort Lauderdale East,SKU001,Bananas,produce,produce,11,0.69,7.59,false
2026-05-28T12:00:00,1001,Fort Lauderdale East,SKU002,Avocados,produce,produce,6,1.49,8.94,false
2026-05-28T12:00:00,1001,Fort Lauderdale East,SKU003,Whole Milk,dairy,dairy,4,4.29,17.16,false
2026-05-28T12:00:00,1001,Fort Lauderdale East,SKU004,Greek Yogurt,dairy,dairy,1,1.39,1.39,false
2026-05-28T12:00:00,1001,Fort Lauderdale East,SKU005,Chicken Breast,meat,meat,2,8.49,16.98,false
2026-05-28T12:00:00,1001,Fort Lauderdale East,SKU006,Ground Beef,meat,meat,2,7.99,15.98,false
2026-05-28T12:00:00,1001,Fort Lauderdale East,SKU007,Italian Bread,bakery,bakery,4,3.99,15.96,false
2026-05-28T12:00:00,1001,Fort Lauderdale East,SKU008,Croissants,bakery,bakery,2,4.99,9.98,false
2026-05-28T12:00:00,1001,Fort Lauderdale East,SKU009,Sparkling Water,beverages,grocery,2,5.49,10.98,false
2026-05-28T12:00:00,1001,Fort Lauderdale East,SKU010,Orange Juice,beverages,grocery,3,4.99,14.97,false
2026-05-28T12:00:00,1001,Fort Lauderdale East,SKU011,Frozen Pizza,frozen,frozen,2,6.99,13.98,false
2026-05-28T12:00:00,1001,Fort Lauderdale East,SKU012,Ice Cream,frozen,frozen,1,5.99,5.99,false
2026-05-28T12:00:00,1001,Fort Lauderdale East,SKU013,Peanut Butter,grocery,grocery,2,3.49,6.98,false
2026-05-28T12:00:00,1002,Pembroke Pines,SKU001,Bananas,produce,produce,17,0.69,11.73,false
2026-05-28T12:00:00,1002,Pembroke Pines,SKU002,Avocados,produce,produce,2,1.49,2.98,false
2026-05-28T12:00:00,1002,Pembroke Pines,SKU003,Whole Milk,dairy,dairy,3,4.29,12.87,false
2026-05-28T12:00:00,1002,Pembroke Pines,SKU004,Greek Yogurt,dairy,dairy,3,1.39,4.17,false
2026-05-28T12:00:00,1002,Pembroke Pines,SKU005,Chicken Breast,meat,meat,3,8.49,25.47,false
2026-05-28T12:00:00,1002,Pembroke Pines,SKU006,Ground Beef,meat,meat,2,7.99,15.98,false
2026-05-28T12:00:00,1002,Pembroke Pines,SKU007,Italian Bread,bakery,bakery,3,3.99,11.97,false
2026-05-28T12:00:00,1002,Pembroke Pines,SKU008,Croissants,bakery,bakery,1,4.99,4.99,false
2026-05-28T12:00:00,1002,Pembroke Pines,SKU009,Sparkling Water,beverages,grocery,3,5.49,16.47,false
2026-05-28T12:00:00,1002,Pembroke Pines,SKU010,Orange Juice,beverages,grocery,2,4.99,9.98,false
2026-05-28T12:00:00,1002,Pembroke Pines,SKU011,Frozen Pizza,frozen,frozen,3,6.99,20.97,false
2026-05-28T12:00:00,1002,Pembroke Pines,SKU012,Ice Cream,frozen,frozen,2,5.99,11.98,false
2026-05-28T12:00:00,1002,Pembroke Pines,SKU013,Peanut Butter,grocery,grocery,2,3.49,6.98,false
2026-05-28T12:00:00,1002,Pembroke Pines,SKU014,Pasta,grocery,grocery,2,1.89,3.78,false
2026-05-28T12:00:00,1003,Davie,SKU001,Bananas,produce,produce,12,0.69,8.28,false
2026-05-28T12:00:00,1003,Davie,SKU002,Avocados,produce,produce,2,1.49,2.98,false
2026-05-28T12:00:00,1003,Davie,SKU003,Whole Milk,dairy,dairy,5,4.29,21.45,false
2026-05-28T12:00:00,1003,Davie,SKU004,Greek Yogurt,dairy,dairy,5,1.39,6.95,false
2026-05-28T12:00:00,1003,Davie,SKU005,Chicken Breast,meat,meat,2,8.49,16.98,false
2026-05-28T12:00:00,1003,Davie,SKU006,Ground Beef,meat,meat,1,7.99,7.99,false
2026-05-28T12:00:00,1003,Davie,SKU007,Italian Bread,bakery,bakery,4,3.99,15.96,false
2026-05-28T12:00:00,1003,Davie,SKU008,Croissants,bakery,bakery,1,4.99,4.99,false
2026-05-28T12:00:00,1003,Davie,SKU009,Sparkling Water,beverages,grocery,1,5.49,5.49,false
2026-05-28T12:00:00,1003,Davie,SKU010,Orange Juice,beverages,grocery,4,4.99,19.96,false
2026-05-28T12:00:00,1003,Davie,SKU011,Frozen Pizza,frozen,frozen,1,6.99,6.99,false
2026-05-28T12:00:00,1003,Davie,SKU012,Ice Cream,frozen,frozen,1,5.99,5.99,false
2026-05-28T12:00:00,1003,Davie,SKU013,Peanut Butter,grocery,grocery,3,3.49,10.47,false
2026-05-28T12:00:00,1003,Davie,SKU014,Pasta,grocery,grocery,2,1.89,3.78,false
2026-05-28T13:00:00,1001,Fort Lauderdale East,SKU001,Bananas,produce,produce,14,0.69,9.66,false
2026-05-28T13:00:00,1001,Fort Lauderdale East,SKU002,Avocados,produce,produce,2,1.49,2.98,false
2026-05-28T13:00:00,1001,Fort Lauderdale East,SKU003,Whole Milk,dairy,dairy,4,4.29,17.16,false
2026-05-28T13:00:00,1001,Fort Lauderdale East,SKU004,Greek Yogurt,dairy,dairy,3,1.39,4.17,false
2026-05-28T13:00:00,1001,Fort Lauderdale East,SKU005,Chicken Breast,meat,meat,2,8.49,16.98,false
2026-05-28T13:00:00,1001,Fort Lauderdale East,SKU006,Ground Beef,meat,meat,1,7.99,7.99,false
2026-05-28T13:00:00,1001,Fort Lauderdale East,SKU007,Italian Bread,bakery,bakery,1,3.99,3.99,false
2026-05-28T13:00:00,1001,Fort Lauderdale East,SKU008,Croissants,bakery,bakery,3,4.99,14.97,false
2026-05-28T13:00:00,1001,Fort Lauderdale East,SKU009,Sparkling Water,beverages,grocery,1,5.49,5.49,false
2026-05-28T13:00:00,1001,Fort Lauderdale East,SKU010,Orange Juice,beverages,grocery,1,4.99,4.99,false
2026-05-28T13:00:00,1001,Fort Lauderdale East,SKU011,Frozen Pizza,frozen,frozen,1,6.99,6.99,false
2026-05-28T13:00:00,1001,Fort Lauderdale East,SKU012,Ice Cream,frozen,frozen,2,5.99,11.98,false
2026-05-28T13:00:00,1001,Fort Lauderdale East,SKU013,Peanut Butter,grocery,grocery,1,3.49,3.49,false
2026-05-28T13:00:00,1001,Fort Lauderdale East,SKU014,Pasta,grocery,grocery,1,1.89,1.89,false
2026-05-28T13:00:00,1001,Fort Lauderdale East,SKU015,Paper Towels,household,grocery,1,12.99,12.99,false
2026-05-28T13:00:00,1002,Pembroke Pines,SKU001,Bananas,produce,produce,9,0.69,6.21,false
2026-05-28T13:00:00,1002,Pembroke Pines,SKU002,Avocados,produce,produce,3,1.49,4.47,false
2026-05-28T13:00:00,1002,Pembroke Pines,SKU003,Whole Milk,dairy,dairy,2,4.29,8.58,false
2026-05-28T13:00:00,1002,Pembroke Pines,SKU004,Greek Yogurt,dairy,dairy,1,1.39,1.39,false
2026-05-28T13:00:00,1002,Pembroke Pines,SKU005,Chicken Breast,meat,meat,1,8.49,8.49,false
2026-05-28T13:00:00,1002,Pembroke Pines,SKU006,Ground Beef,meat,meat,2,7.99,15.98,false
2026-05-28T13:00:00,1002,Pembroke Pines,SKU007,Italian Bread,bakery,bakery,1,3.99,3.99,false
2026-05-28T13:00:00,1002,Pembroke Pines,SKU008,Croissants,bakery,bakery,1,4.99,4.99,false
2026-05-28T13:00:00,1002,Pembroke Pines,SKU009,Sparkling Water,beverages,grocery,1,5.49,5.49,false
2026-05-28T13:00:00,1002,Pembroke Pines,SKU010,Orange Juice,beverages,grocery,2,4.99,9.98,false
2026-05-28T13:00:00,1002,Pembroke Pines,SKU011,Frozen Pizza,frozen,frozen,1,6.99,6.99,false
2026-05-28T13:00:00,1002,Pembroke Pines,SKU012,Ice Cream,frozen,frozen,1,5.99,5.99,false
2026-05-28T13:00:00,1003,Davie,SKU001,Bananas,produce,produce,10,0.69,6.90,false
2026-05-28T13:00:00,1003,Davie,SKU002,Avocados,produce,produce,1,1.49,1.49,false
2026-05-28T13:00:00,1003,Davie,SKU003,Whole Milk,dairy,dairy,3,4.29,12.87,false
2026-05-28T13:00:00,1003,Davie,SKU004,Greek Yogurt,dairy,dairy,2,1.39,2.78,false
2026-05-28T13:00:00,1003,Davie,SKU005,Chicken Breast,meat,meat,2,8.49,16.98,false
2026-05-28T13:00:00,1003,Davie,SKU007,Italian Bread,bakery,bakery,1,3.99,3.99,false
2026-05-28T13:00:00,1003,Davie,SKU008,Croissants,bakery,bakery,1,4.99,4.99,false
2026-05-28T13:00:00,1003,Davie,SKU009,Sparkling Water,beverages,grocery,1,5.49,5.49,false
2026-05-28T13:00:00,1003,Davie,SKU012,Ice Cream,frozen,frozen,1,5.99,5.99,false
2026-05-28T13:00:00,1003,Davie,SKU013,Peanut Butter,grocery,grocery,1,3.49,3.49,false
2026-05-28T13:00:00,1003,Davie,SKU014,Pasta,grocery,grocery,1,1.89,1.89,false
2026-05-28T14:00:00,1001,Fort Lauderdale East,SKU001,Bananas,produce,produce,11,0.69,7.59,false
2026-05-28T14:00:00,1001,Fort Lauderdale East,SKU002,Avocados,produce,produce,3,1.49,4.47,false
2026-05-28T14:00:00,1001,Fort Lauderdale East,SKU003,Whole Milk,dairy,dairy,2,4.29,8.58,false
2026-05-28T14:00:00,1001,Fort Lauderdale East,SKU004,Greek Yogurt,dairy,dairy,1,1.39,1.39,false
2026-05-28T14:00:00,1001,Fort Lauderdale East,SKU005,Chicken Breast,meat,meat,2,8.49,16.98,false
2026-05-28T14:00:00,1001,Fort Lauderdale East,SKU006,Ground Beef,meat,meat,2,7.99,15.98,false
2026-05-28T14:00:00,1001,Fort Lauderdale East,SKU007,Italian Bread,bakery,bakery,2,3.99,7.98,false
2026-05-28T14:00:00,1001,Fort Lauderdale East,SKU008,Croissants,bakery,bakery,1,4.99,4.99,false
2026-05-28T14:00:00,1001,Fort Lauderdale East,SKU010,Orange Juice,beverages,grocery,4,4.99,19.96,false
2026-05-28T14:00:00,1001,Fort Lauderdale East,SKU014,Pasta,grocery,grocery,1,1.89,1.89,false
2026-05-28T14:00:00,1001,Fort Lauderdale East,SKU015,Paper Towels,household,grocery,2,12.99,25.98,false
2026-05-28T14:00:00,1002,Pembroke Pines,SKU001,Bananas,produce,produce,10,0.69,6.90,false
2026-05-28T14:00:00,1002,Pembroke Pines,SKU002,Avocados,produce,produce,3,1.49,4.47,false
2026-05-28T14:00:00,1002,Pembroke Pines,SKU003,Whole Milk,dairy,dairy,3,4.29,12.87,false
2026-05-28T14:00:00,1002,Pembroke Pines,SKU004,Greek Yogurt,dairy,dairy,2,1.39,2.78,false
2026-05-28T14:00:00,1002,Pembroke Pines,SKU006,Ground Beef,meat,meat,2,7.99,15.98,false
2026-05-28T14:00:00,1002,Pembroke Pines,SKU007,Italian Bread,bakery,bakery,2,3.99,7.98,false
2026-05-28T14:00:00,1002,Pembroke Pines,SKU008,Croissants,bakery,bakery,3,4.99,14.97,false
2026-05-28T14:00:00,1002,Pembroke Pines,SKU010,Orange Juice,beverages,grocery,3,4.99,14.97,false
2026-05-28T14:00:00,1002,Pembroke Pines,SKU012,Ice Cream,frozen,frozen,2,5.99,11.98,false
2026-05-28T14:00:00,1002,Pembroke Pines,SKU013,Peanut Butter,grocery,grocery,1,3.49,3.49,false
2026-05-28T14:00:00,1002,Pembroke Pines,SKU014,Pasta,grocery,grocery,1,1.89,1.89,false
2026-05-28T14:00:00,1002,Pembroke Pines,SKU015,Paper Towels,household,grocery,1,12.99,12.99,false
2026-05-28T14:00:00,1003,Davie,SKU001,Bananas,produce,produce,11,0.69,7.59,false
2026-05-28T14:00:00,1003,Davie,SKU002,Avocados,produce,produce,3,1.49,4.47,false
2026-05-28T14:00:00,1003,Davie,SKU003,Whole Milk,dairy,dairy,2,4.29,8.58,false
2026-05-28T14:00:00,1003,Davie,SKU004,Greek Yogurt,dairy,dairy,2,1.39,2.78,false
2026-05-28T14:00:00,1003,Davie,SKU005,Chicken Breast,meat,meat,1,8.49,8.49,false
2026-05-28T14:00:00,1003,Davie,SKU006,Ground Beef,meat,meat,1,7.99,7.99,false
2026-05-28T14:00:00,1003,Davie,SKU008,Croissants,bakery,bakery,1,4.99,4.99,false
2026-05-28T14:00:00,1003,Davie,SKU009,Sparkling Water,beverages,grocery,2,5.49,10.98,false
2026-05-28T14:00:00,1003,Davie,SKU010,Orange Juice,beverages,grocery,3,4.99,14.97,false
2026-05-28T14:00:00,1003,Davie,SKU011,Frozen Pizza,frozen,frozen,2,6.99,13.98,false
2026-05-28T14:00:00,1003,Davie,SKU012,Ice Cream,frozen,frozen,1,5.99,5.99,false
2026-05-28T14:00:00,1003,Davie,SKU013,Peanut Butter,grocery,grocery,1,3.49,3.49,false
2026-05-28T14:00:00,1003,Davie,SKU015,Paper Towels,household,grocery,1,12.99,12.99,false
2026-05-28T15:00:00,1001,Fort Lauderdale East,SKU001,Bananas,produce,produce,12,0.69,8.28,false
2026-05-28T15:00:00,1001,Fort Lauderdale East,SKU002,Avocados,produce,produce,4,1.49,5.96,false
2026-05-28T15:00:00,1001,Fort Lauderdale East,SKU003,Whole Milk,dairy,dairy,2,4.29,8.58,false
2026-05-28T15:00:00,1001,Fort Lauderdale East,SKU004,Greek Yogurt,dairy,dairy,4,1.39,5.56,false
2026-05-28T15:00:00,1001,Fort Lauderdale East,SKU005,Chicken Breast,meat,meat,3,8.49,25.47,false
2026-05-28T15:00:00,1001,Fort Lauderdale East,SKU006,Ground Beef,meat,meat,3,7.99,23.97,false
2026-05-28T15:00:00,1001,Fort Lauderdale East,SKU007,Italian Bread,bakery,bakery,2,3.99,7.98,false
2026-05-28T15:00:00,1001,Fort Lauderdale East,SKU008,Croissants,bakery,bakery,1,4.99,4.99,false
2026-05-28T15:00:00,1001,Fort Lauderdale East,SKU009,Sparkling Water,beverages,grocery,3,5.49,16.47,false
2026-05-28T15:00:00,1001,Fort Lauderdale East,SKU012,Ice Cream,frozen,frozen,3,5.99,17.97,false
2026-05-28T15:00:00,1001,Fort Lauderdale East,SKU013,Peanut Butter,grocery,grocery,1,3.49,3.49,false
2026-05-28T15:00:00,1002,Pembroke Pines,SKU001,Bananas,produce,produce,4,0.69,2.76,false
2026-05-28T15:00:00,1002,Pembroke Pines,SKU002,Avocados,produce,produce,5,1.49,7.45,false
2026-05-28T15:00:00,1002,Pembroke Pines,SKU003,Whole Milk,dairy,dairy,3,4.29,12.87,false
2026-05-28T15:00:00,1002,Pembroke Pines,SKU004,Greek Yogurt,dairy,dairy,3,1.39,4.17,false
2026-05-28T15:00:00,1002,Pembroke Pines,SKU005,Chicken Breast,meat,meat,3,8.49,25.47,false
2026-05-28T15:00:00,1002,Pembroke Pines,SKU006,Ground Beef,meat,meat,1,7.99,7.99,false
2026-05-28T15:00:00,1002,Pembroke Pines,SKU007,Italian Bread,bakery,bakery,2,3.99,7.98,false
2026-05-28T15:00:00,1002,Pembroke Pines,SKU008,Croissants,bakery,bakery,2,4.99,9.98,false
2026-05-28T15:00:00,1002,Pembroke Pines,SKU010,Orange Juice,beverages,grocery,2,4.99,9.98,false
2026-05-28T15:00:00,1002,Pembroke Pines,SKU011,Frozen Pizza,frozen,frozen,2,6.99,13.98,false
2026-05-28T15:00:00,1002,Pembroke Pines,SKU012,Ice Cream,frozen,frozen,1,5.99,5.99,false
2026-05-28T15:00:00,1003,Davie,SKU001,Bananas,produce,produce,10,0.69,6.90,false
2026-05-28T15:00:00,1003,Davie,SKU002,Avocados,produce,produce,3,1.49,4.47,false
2026-05-28T15:00:00,1003,Davie,SKU003,Whole Milk,dairy,dairy,3,4.29,12.87,false
2026-05-28T15:00:00,1003,Davie,SKU004,Greek Yogurt,dairy,dairy,2,1.39,2.78,false
2026-05-28T15:00:00,1003,Davie,SKU005,Chicken Breast,meat,meat,1,8.49,8.49,false
2026-05-28T15:00:00,1003,Davie,SKU006,Ground Beef,meat,meat,3,7.99,23.97,false
2026-05-28T15:00:00,1003,Davie,SKU007,Italian Bread,bakery,bakery,1,3.99,3.99,false
2026-05-28T15:00:00,1003,Davie,SKU008,Croissants,bakery,bakery,2,4.99,9.98,false
2026-05-28T15:00:00,1003,Davie,SKU010,Orange Juice,beverages,grocery,3,4.99,14.97,false
2026-05-28T15:00:00,1003,Davie,SKU012,Ice Cream,frozen,frozen,1,5.99,5.99,false
2026-05-28T16:00:00,1001,Fort Lauderdale East,SKU001,Bananas,produce,produce,13,0.69,8.97,false
2026-05-28T16:00:00,1001,Fort Lauderdale East,SKU002,Avocados,produce,produce,5,1.49,7.45,false
2026-05-28T16:00:00,1001,Fort Lauderdale East,SKU003,Whole Milk,dairy,dairy,3,4.29,12.87,false
2026-05-28T16:00:00,1001,Fort Lauderdale East,SKU004,Greek Yogurt,dairy,dairy,2,1.39,2.78,false
2026-05-28T16:00:00,1001,Fort Lauderdale East,SKU006,Ground Beef,meat,meat,3,7.99,23.97,false
2026-05-28T16:00:00,1001,Fort Lauderdale East,SKU007,Italian Bread,bakery,bakery,1,3.99,3.99,false
2026-05-28T16:00:00,1001,Fort Lauderdale East,SKU009,Sparkling Water,beverages,grocery,1,5.49,5.49,false
2026-05-28T16:00:00,1001,Fort Lauderdale East,SKU010,Orange Juice,beverages,grocery,2,4.99,9.98,false
2026-05-28T16:00:00,1001,Fort Lauderdale East,SKU011,Frozen Pizza,frozen,frozen,2,6.99,13.98,false
2026-05-28T16:00:00,1001,Fort Lauderdale East,SKU012,Ice Cream,frozen,frozen,3,5.99,17.97,false
2026-05-28T16:00:00,1001,Fort Lauderdale East,SKU013,Peanut Butter,grocery,grocery,2,3.49,6.98,false
2026-05-28T16:00:00,1002,Pembroke Pines,SKU001,Bananas,produce,produce,9,0.69,6.21,false
2026-05-28T16:00:00,1002,Pembroke Pines,SKU002,Avocados,produce,produce,4,1.49,5.96,false
2026-05-28T16:00:00,1002,Pembroke Pines,SKU003,Whole Milk,dairy,dairy,4,4.29,17.16,false
2026-05-28T16:00:00,1002,Pembroke Pines,SKU004,Greek Yogurt,dairy,dairy,3,1.39,4.17,false
2026-05-28T16:00:00,1002,Pembroke Pines,SKU006,Ground Beef,meat,meat,1,7.99,7.99,false
2026-05-28T16:00:00,1002,Pembroke Pines,SKU007,Italian Bread,bakery,bakery,3,3.99,11.97,false
2026-05-28T16:00:00,1002,Pembroke Pines,SKU009,Sparkling Water,beverages,grocery,1,5.49,5.49,false
2026-05-28T16:00:00,1002,Pembroke Pines,SKU010,Orange Juice,beverages,grocery,4,4.99,19.96,false
2026-05-28T16:00:00,1002,Pembroke Pines,SKU011,Frozen Pizza,frozen,frozen,1,6.99,6.99,false
2026-05-28T16:00:00,1002,Pembroke Pines,SKU012,Ice Cream,frozen,frozen,2,5.99,11.98,false
2026-05-28T16:00:00,1002,Pembroke Pines,SKU013,Peanut Butter,grocery,grocery,3,3.49,10.47,false
2026-05-28T16:00:00,1002,Pembroke Pines,SKU014,Pasta,grocery,grocery,1,1.89,1.89,false
2026-05-28T16:00:00,1003,Davie,SKU001,Bananas,produce,produce,4,0.69,2.76,false
2026-05-28T16:00:00,1003,Davie,SKU002,Avocados,produce,produce,2,1.49,2.98,false
2026-05-28T16:00:00,1003,Davie,SKU003,Whole Milk,dairy,dairy,3,4.29,12.87,false
2026-05-28T16:00:00,1003,Davie,SKU004,Greek Yogurt,dairy,dairy,3,1.39,4.17,false
2026-05-28T16:00:00,1003,Davie,SKU005,Chicken Breast,meat,meat,3,8.49,25.47,false
2026-05-28T16:00:00,1003,Davie,SKU007,Italian Bread,bakery,bakery,2,3.99,7.98,false
2026-05-28T16:00:00,1003,Davie,SKU010,Orange Juice,beverages,grocery,2,4.99,9.98,false
2026-05-28T16:00:00,1003,Davie,SKU012,Ice Cream,frozen,frozen,2,5.99,11.98,false
2026-05-28T16:00:00,1003,Davie,SKU013,Peanut Butter,grocery,grocery,3,3.49,10.47,false
2026-05-28T17:00:00,1001,Fort Lauderdale East,SKU001,Bananas,produce,produce,21,0.69,14.49,false
2026-05-28T17:00:00,1001,Fort Lauderdale East,SKU002,Avocados,produce,produce,6,1.49,8.94,false
2026-05-28T17:00:00,1001,Fort Lauderdale East,SKU003,Whole Milk,dairy,dairy,5,4.29,21.45,false
2026-05-28T17:00:00,1001,Fort Lauderdale East,SKU004,Greek Yogurt,dairy,dairy,4,1.39,5.56,false
2026-05-28T17:00:00,1001,Fort Lauderdale East,SKU005,Chicken Breast,meat,meat,2,8.49,16.98,false
2026-05-28T17:00:00,1001,Fort Lauderdale East,SKU006,Ground Beef,meat,meat,3,7.99,23.97,false
2026-05-28T17:00:00,1001,Fort Lauderdale East,SKU007,Italian Bread,bakery,bakery,4,3.99,15.96,false
2026-05-28T17:00:00,1001,Fort Lauderdale East,SKU008,Croissants,bakery,bakery,2,4.99,9.98,false
2026-05-28T17:00:00,1001,Fort Lauderdale East,SKU009,Sparkling Water,beverages,grocery,3,5.49,16.47,false
2026-05-28T17:00:00,1001,Fort Lauderdale East,SKU010,Orange Juice,beverages,grocery,2,4.99,9.98,false
2026-05-28T17:00:00,1001,Fort Lauderdale East,SKU011,Frozen Pizza,frozen,frozen,1,6.99,6.99,false
2026-05-28T17:00:00,1001,Fort Lauderdale East,SKU012,Ice Cream,frozen,frozen,1,5.99,5.99,false
2026-05-28T17:00:00,1002,Pembroke Pines,SKU001,Bananas,produce,produce,12,0.69,8.28,false
2026-05-28T17:00:00,1002,Pembroke Pines,SKU002,Avocados,produce,produce,3,1.49,4.47,false
2026-05-28T17:00:00,1002,Pembroke Pines,SKU003,Whole Milk,dairy,dairy,5,4.29,21.45,false
2026-05-28T17:00:00,1002,Pembroke Pines,SKU004,Greek Yogurt,dairy,dairy,2,1.39,2.78,false
2026-05-28T17:00:00,1002,Pembroke Pines,SKU005,Chicken Breast,meat,meat,3,8.49,25.47,false
2026-05-28T17:00:00,1002,Pembroke Pines,SKU006,Ground Beef,meat,meat,3,7.99,23.97,false
2026-05-28T17:00:00,1002,Pembroke Pines,SKU007,Italian Bread,bakery,bakery,4,3.99,15.96,false
2026-05-28T17:00:00,1002,Pembroke Pines,SKU008,Croissants,bakery,bakery,2,4.99,9.98,false
2026-05-28T17:00:00,1002,Pembroke Pines,SKU009,Sparkling Water,beverages,grocery,3,5.49,16.47,false
2026-05-28T17:00:00,1002,Pembroke Pines,SKU010,Orange Juice,beverages,grocery,2,4.99,9.98,false
2026-05-28T17:00:00,1002,Pembroke Pines,SKU012,Ice Cream,frozen,frozen,2,5.99,11.98,false
2026-05-28T17:00:00,1002,Pembroke Pines,SKU013,Peanut Butter,grocery,grocery,3,3.49,10.47,false
2026-05-28T17:00:00,1002,Pembroke Pines,SKU014,Pasta,grocery,grocery,1,1.89,1.89,false
2026-05-28T17:00:00,1002,Pembroke Pines,SKU015,Paper Towels,household,grocery,3,12.99,38.97,false
2026-05-28T17:00:00,1003,Davie,SKU001,Bananas,produce,produce,16,0.69,11.04,false
2026-05-28T17:00:00,1003,Davie,SKU002,Avocados,produce,produce,7,1.49,10.43,false
2026-05-28T17:00:00,1003,Davie,SKU003,Whole Milk,dairy,dairy,4,4.29,17.16,false
2026-05-28T17:00:00,1003,Davie,SKU004,Greek Yogurt,dairy,dairy,2,1.39,2.78,false
2026-05-28T17:00:00,1003,Davie,SKU005,Chicken Breast,meat,meat,3,8.49,25.47,false
2026-05-28T17:00:00,1003,Davie,SKU006,Ground Beef,meat,meat,2,7.99,15.98,false
2026-05-28T17:00:00,1003,Davie,SKU007,Italian Bread,bakery,bakery,3,3.99,11.97,false
2026-05-28T17:00:00,1003,Davie,SKU008,Croissants,bakery,bakery,1,4.99,4.99,false
2026-05-28T17:00:00,1003,Davie,SKU009,Sparkling Water,beverages,grocery,2,5.49,10.98,false
2026-05-28T17:00:00,1003,Davie,SKU010,Orange Juice,beverages,grocery,2,4.99,9.98,false
2026-05-28T17:00:00,1003,Davie,SKU012,Ice Cream,frozen,frozen,1,5.99,5.99,false
2026-05-28T17:00:00,1003,Davie,SKU013,Peanut Butter,grocery,grocery,2,3.49,6.98,false
2026-05-28T17:00:00,1003,Davie,SKU014,Pasta,grocery,grocery,1,1.89,1.89,false
2026-05-28T18:00:00,1001,Fort Lauderdale East,SKU001,Bananas,produce,produce,7,0.69,4.83,false
2026-05-28T18:00:00,1001,Fort Lauderdale East,SKU002,Avocados,produce,produce,5,1.49,7.45,false
2026-05-28T18:00:00,1001,Fort Lauderdale East,SKU003,Whole Milk,dairy,dairy,5,4.29,21.45,false
2026-05-28T18:00:00,1001,Fort Lauderdale East,SKU004,Greek Yogurt,dairy,dairy,2,1.39,2.78,false
2026-05-28T18:00:00,1001,Fort Lauderdale East,SKU005,Chicken Breast,meat,meat,1,8.49,8.49,false
2026-05-28T18:00:00,1001,Fort Lauderdale East,SKU006,Ground Beef,meat,meat,3,7.99,23.97,false
2026-05-28T18:00:00,1001,Fort Lauderdale East,SKU007,Italian Bread,bakery,bakery,6,3.99,23.94,false
2026-05-28T18:00:00,1001,Fort Lauderdale East,SKU008,Croissants,bakery,bakery,3,4.99,14.97,false
2026-05-28T18:00:00,1001,Fort Lauderdale East,SKU009,Sparkling Water,beverages,grocery,1,5.49,5.49,false
2026-05-28T18:00:00,1001,Fort Lauderdale East,SKU010,Orange Juice,beverages,grocery,2,4.99,9.98,false
2026-05-28T18:00:00,1001,Fort Lauderdale East,SKU011,Frozen Pizza,frozen,frozen,1,6.99,6.99,false
2026-05-28T18:00:00,1001,Fort Lauderdale East,SKU014,Pasta,grocery,grocery,1,1.89,1.89,false
2026-05-28T18:00:00,1001,Fort Lauderdale East,SKU015,Paper Towels,household,grocery,1,12.99,12.99,false
2026-05-28T18:00:00,1002,Pembroke Pines,SKU001,Bananas,produce,produce,14,0.69,9.66,false
2026-05-28T18:00:00,1002,Pembroke Pines,SKU002,Avocados,produce,produce,4,1.49,5.96,false
2026-05-28T18:00:00,1002,Pembroke Pines,SKU003,Whole Milk,dairy,dairy,4,4.29,17.16,false
2026-05-28T18:00:00,1002,Pembroke Pines,SKU004,Greek Yogurt,dairy,dairy,4,1.39,5.56,false
2026-05-28T18:00:00,1002,Pembroke Pines,SKU005,Chicken Breast,meat,meat,2,8.49,16.98,false
2026-05-28T18:00:00,1002,Pembroke Pines,SKU006,Ground Beef,meat,meat,1,7.99,7.99,false
2026-05-28T18:00:00,1002,Pembroke Pines,SKU007,Italian Bread,bakery,bakery,3,3.99,11.97,false
2026-05-28T18:00:00,1002,Pembroke Pines,SKU008,Croissants,bakery,bakery,3,4.99,14.97,false
2026-05-28T18:00:00,1002,Pembroke Pines,SKU009,Sparkling Water,beverages,grocery,2,5.49,10.98,false
2026-05-28T18:00:00,1002,Pembroke Pines,SKU010,Orange Juice,beverages,grocery,3,4.99,14.97,false
2026-05-28T18:00:00,1002,Pembroke Pines,SKU011,Frozen Pizza,frozen,frozen,3,6.99,20.97,false
2026-05-28T18:00:00,1002,Pembroke Pines,SKU013,Peanut Butter,grocery,grocery,2,3.49,6.98,false
2026-05-28T18:00:00,1002,Pembroke Pines,SKU014,Pasta,grocery,grocery,2,1.89,3.78,false
2026-05-28T18:00:00,1002,Pembroke Pines,SKU015,Paper Towels,household,grocery,2,12.99,25.98,false
2026-05-28T18:00:00,1003,Davie,SKU001,Bananas,produce,produce,18,0.69,12.42,false
2026-05-28T18:00:00,1003,Davie,SKU002,Avocados,produce,produce,4,1.49,5.96,false
2026-05-28T18:00:00,1003,Davie,SKU003,Whole Milk,dairy,dairy,5,4.29,21.45,false
2026-05-28T18:00:00,1003,Davie,SKU004,Greek Yogurt,dairy,dairy,4,1.39,5.56,false
2026-05-28T18:00:00,1003,Davie,SKU005,Chicken Breast,meat,meat,2,8.49,16.98,false
2026-05-28T18:00:00,1003,Davie,SKU006,Ground Beef,meat,meat,3,7.99,23.97,false
2026-05-28T18:00:00,1003,Davie,SKU007,Italian Bread,bakery,bakery,1,3.99,3.99,false
2026-05-28T18:00:00,1003,Davie,SKU008,Croissants,bakery,bakery,1,4.99,4.99,false
2026-05-28T18:00:00,1003,Davie,SKU009,Sparkling Water,beverages,grocery,2,5.49,10.98,false
2026-05-28T18:00:00,1003,Davie,SKU010,Orange Juice,beverages,grocery,3,4.99,14.97,false
2026-05-28T18:00:00,1003,Davie,SKU011,Frozen Pizza,frozen,frozen,1,6.99,6.99,false
2026-05-28T18:00:00,1003,Davie,SKU012,Ice Cream,frozen,frozen,3,5.99,17.97,false
2026-05-28T18:00:00,1003,Davie,SKU013,Peanut Butter,grocery,grocery,3,3.49,10.47,false
2026-05-28T19:00:00,1001,Fort Lauderdale East,SKU001,Bananas,produce,produce,9,0.69,6.21,false
2026-05-28T19:00:00,1001,Fort Lauderdale East,SKU002,Avocados,produce,produce,4,1.49,5.96,false
2026-05-28T19:00:00,1001,Fort Lauderdale East,SKU003,Whole Milk,dairy,dairy,4,4.29,17.16,false
2026-05-28T19:00:00,1001,Fort Lauderdale East,SKU004,Greek Yogurt,dairy,dairy,1,1.39,1.39,false
2026-05-28T19:00:00,1001,Fort Lauderdale East,SKU005,Chicken Breast,meat,meat,3,8.49,25.47,false
2026-05-28T19:00:00,1001,Fort Lauderdale East,SKU007,Italian Bread,bakery,bakery,3,3.99,11.97,false
2026-05-28T19:00:00,1001,Fort Lauderdale East,SKU009,Sparkling Water,beverages,grocery,1,5.49,5.49,false
2026-05-28T19:00:00,1001,Fort Lauderdale East,SKU010,Orange Juice,beverages,grocery,1,4.99,4.99,false
2026-05-28T19:00:00,1001,Fort Lauderdale East,SKU011,Frozen Pizza,frozen,frozen,2,6.99,13.98,false
2026-05-28T19:00:00,1001,Fort Lauderdale East,SKU012,Ice Cream,frozen,frozen,1,5.99,5.99,false
2026-05-28T19:00:00,1002,Pembroke Pines,SKU001,Bananas,produce,produce,12,0.69,8.28,false
2026-05-28T19:00:00,1002,Pembroke Pines,SKU002,Avocados,produce,produce,5,1.49,7.45,false
2026-05-28T19:00:00,1002,Pembroke Pines,SKU003,Whole Milk,dairy,dairy,3,4.29,12.87,false
2026-05-28T19:00:00,1002,Pembroke Pines,SKU004,Greek Yogurt,dairy,dairy,3,1.39,4.17,false
2026-05-28T19:00:00,1002,Pembroke Pines,SKU005,Chicken Breast,meat,meat,1,8.49,8.49,false
2026-05-28T19:00:00,1002,Pembroke Pines,SKU006,Ground Beef,meat,meat,2,7.99,15.98,false
2026-05-28T19:00:00,1002,Pembroke Pines,SKU007,Italian Bread,bakery,bakery,2,3.99,7.98,false
2026-05-28T19:00:00,1002,Pembroke Pines,SKU009,Sparkling Water,beverages,grocery,1,5.49,5.49,false
2026-05-28T19:00:00,1002,Pembroke Pines,SKU010,Orange Juice,beverages,grocery,1,4.99,4.99,false
2026-05-28T19:00:00,1002,Pembroke Pines,SKU011,Frozen Pizza,frozen,frozen,1,6.99,6.99,false
2026-05-28T19:00:00,1002,Pembroke Pines,SKU012,Ice Cream,frozen,frozen,1,5.99,5.99,false
2026-05-28T19:00:00,1003,Davie,SKU001,Bananas,produce,produce,10,0.69,6.90,false
2026-05-28T19:00:00,1003,Davie,SKU002,Avocados,produce,produce,3,1.49,4.47,false
2026-05-28T19:00:00,1003,Davie,SKU003,Whole Milk,dairy,dairy,3,4.29,12.87,false
2026-05-28T19:00:00,1003,Davie,SKU004,Greek Yogurt,dairy,dairy,3,1.39,4.17,false
2026-05-28T19:00:00,1003,Davie,SKU005,Chicken Breast,meat,meat,1,8.49,8.49,false
2026-05-28T19:00:00,1003,Davie,SKU006,Ground Beef,meat,meat,1,7.99,7.99,false
2026-05-28T19:00:00,1003,Davie,SKU007,Italian Bread,bakery,bakery,1,3.99,3.99,false
2026-05-28T19:00:00,1003,Davie,SKU008,Croissants,bakery,bakery,1,4.99,4.99,false
2026-05-28T19:00:00,1003,Davie,SKU009,Sparkling Water,beverages,grocery,1,5.49,5.49,false
2026-05-28T19:00:00,1003,Davie,SKU010,Orange Juice,beverages,grocery,1,4.99,4.99,false
2026-05-28T20:00:00,1001,Fort Lauderdale East,SKU001,Bananas,produce,produce,11,0.69,7.59,false
2026-05-28T20:00:00,1001,Fort Lauderdale East,SKU002,Avocados,produce,produce,4,1.49,5.96,false
2026-05-28T20:00:00,1001,Fort Lauderdale East,SKU003,Whole Milk,dairy,dairy,3,4.29,12.87,false
2026-05-28T20:00:00,1001,Fort Lauderdale East,SKU004,Greek Yogurt,dairy,dairy,2,1.39,2.78,false
2026-05-28T20:00:00,1001,Fort Lauderdale East,SKU005,Chicken Breast,meat,meat,3,8.49,25.47,false
2026-05-28T20:00:00,1001,Fort Lauderdale East,SKU007,Italian Bread,bakery,bakery,2,3.99,7.98,false
2026-05-28T20:00:00,1001,Fort Lauderdale East,SKU009,Sparkling Water,beverages,grocery,2,5.49,10.98,false
2026-05-28T20:00:00,1001,Fort Lauderdale East,SKU010,Orange Juice,beverages,grocery,1,4.99,4.99,false
2026-05-28T20:00:00,1001,Fort Lauderdale East,SKU012,Ice Cream,frozen,frozen,1,5.99,5.99,false
2026-05-28T20:00:00,1002,Pembroke Pines,SKU001,Bananas,produce,produce,6,0.69,4.14,false
2026-05-28T20:00:00,1002,Pembroke Pines,SKU002,Avocados,produce,produce,3,1.49,4.47,false
2026-05-28T20:00:00,1002,Pembroke Pines,SKU003,Whole Milk,dairy,dairy,2,4.29,8.58,false
2026-05-28T20:00:00,1002,Pembroke Pines,SKU004,Greek Yogurt,dairy,dairy,1,1.39,1.39,false
2026-05-28T20:00:00,1002,Pembroke Pines,SKU005,Chicken Breast,meat,meat,2,8.49,16.98,false
2026-05-28T20:00:00,1002,Pembroke Pines,SKU006,Ground Beef,meat,meat,2,7.99,15.98,false
2026-05-28T20:00:00,1002,Pembroke Pines,SKU007,Italian Bread,bakery,bakery,1,3.99,3.99,false
2026-05-28T20:00:00,1002,Pembroke Pines,SKU008,Croissants,bakery,bakery,1,4.99,4.99,false
2026-05-28T20:00:00,1002,Pembroke Pines,SKU009,Sparkling Water,beverages,grocery,2,5.49,10.98,false
2026-05-28T20:00:00,1002,Pembroke Pines,SKU010,Orange Juice,beverages,grocery,1,4.99,4.99,false
2026-05-28T20:00:00,1002,Pembroke Pines,SKU011,Frozen Pizza,frozen,frozen,1,6.99,6.99,false
2026-05-28T20:00:00,1002,Pembroke Pines,SKU013,Peanut Butter,grocery,grocery,1,3.49,3.49,false
2026-05-28T20:00:00,1002,Pembroke Pines,SKU015,Paper Towels,household,grocery,1,12.99,12.99,false
2026-05-28T20:00:00,1003,Davie,SKU001,Bananas,produce,produce,8,0.69,5.52,false
2026-05-28T20:00:00,1003,Davie,SKU002,Avocados,produce,produce,2,1.49,2.98,false
2026-05-28T20:00:00,1003,Davie,SKU003,Whole Milk,dairy,dairy,1,4.29,4.29,false
2026-05-28T20:00:00,1003,Davie,SKU004,Greek Yogurt,dairy,dairy,2,1.39,2.78,false
2026-05-28T20:00:00,1003,Davie,SKU005,Chicken Breast,meat,meat,1,8.49,8.49,false
2026-05-28T20:00:00,1003,Davie,SKU007,Italian Bread,bakery,bakery,3,3.99,11.97,false
2026-05-28T20:00:00,1003,Davie,SKU008,Croissants,bakery,bakery,2,4.99,9.98,false
2026-05-28T20:00:00,1003,Davie,SKU012,Ice Cream,frozen,frozen,1,5.99,5.99,false
2026-05-28T20:00:00,1003,Davie,SKU013,Peanut Butter,grocery,grocery,3,3.49,10.47,false
2026-05-28T21:00:00,1001,Fort Lauderdale East,SKU001,Bananas,produce,produce,13,0.69,8.97,false
2026-05-28T21:00:00,1001,Fort Lauderdale East,SKU002,Avocados,produce,produce,3,1.49,4.47,false
2026-05-28T21:00:00,1001,Fort Lauderdale East,SKU003,Whole Milk,dairy,dairy,4,4.29,17.16,false
2026-05-28T21:00:00,1001,Fort Lauderdale East,SKU004,Greek Yogurt,dairy,dairy,3,1.39,4.17,false
2026-05-28T21:00:00,1001,Fort Lauderdale East,SKU005,Chicken Breast,meat,meat,2,8.49,16.98,false
2026-05-28T21:00:00,1001,Fort Lauderdale East,SKU006,Ground Beef,meat,meat,3,7.99,23.97,false
2026-05-28T21:00:00,1001,Fort Lauderdale East,SKU007,Italian Bread,bakery,bakery,3,3.99,11.97,false
2026-05-28T21:00:00,1001,Fort Lauderdale East,SKU009,Sparkling Water,beverages,grocery,1,5.49,5.49,false
2026-05-28T21:00:00,1001,Fort Lauderdale East,SKU010,Orange Juice,beverages,grocery,1,4.99,4.99,false
2026-05-28T21:00:00,1001,Fort Lauderdale East,SKU011,Frozen Pizza,frozen,frozen,1,6.99,6.99,false
2026-05-28T21:00:00,1001,Fort Lauderdale East,SKU014,Pasta,grocery,grocery,1,1.89,1.89,false
2026-05-28T21:00:00,1002,Pembroke Pines,SKU001,Bananas,produce,produce,12,0.69,8.28,false
2026-05-28T21:00:00,1002,Pembroke Pines,SKU002,Avocados,produce,produce,3,1.49,4.47,false
2026-05-28T21:00:00,1002,Pembroke Pines,SKU003,Whole Milk,dairy,dairy,4,4.29,17.16,false
2026-05-28T21:00:00,1002,Pembroke Pines,SKU004,Greek Yogurt,dairy,dairy,3,1.39,4.17,false
2026-05-28T21:00:00,1002,Pembroke Pines,SKU005,Chicken Breast,meat,meat,3,8.49,25.47,false
2026-05-28T21:00:00,1002,Pembroke Pines,SKU007,Italian Bread,bakery,bakery,1,3.99,3.99,false
2026-05-28T21:00:00,1002,Pembroke Pines,SKU008,Croissants,bakery,bakery,1,4.99,4.99,false
2026-05-28T21:00:00,1002,Pembroke Pines,SKU010,Orange Juice,beverages,grocery,1,4.99,4.99,false
2026-05-28T21:00:00,1002,Pembroke Pines,SKU011,Frozen Pizza,frozen,frozen,1,6.99,6.99,false
2026-05-28T21:00:00,1002,Pembroke Pines,SKU012,Ice Cream,frozen,frozen,1,5.99,5.99,false
2026-05-28T21:00:00,1002,Pembroke Pines,SKU014,Pasta,grocery,grocery,2,1.89,3.78,false
2026-05-28T21:00:00,1003,Davie,SKU001,Bananas,produce,produce,12,0.69,8.28,false
2026-05-28T21:00:00,1003,Davie,SKU002,Avocados,produce,produce,3,1.49,4.47,false
2026-05-28T21:00:00,1003,Davie,SKU003,Whole Milk,dairy,dairy,3,4.29,12.87,false
2026-05-28T21:00:00,1003,Davie,SKU004,Greek Yogurt,dairy,dairy,2,1.39,2.78,false
2026-05-28T21:00:00,1003,Davie,SKU005,Chicken Breast,meat,meat,1,8.49,8.49,false
2026-05-28T21:00:00,1003,Davie,SKU006,Ground Beef,meat,meat,1,7.99,7.99,false
2026-05-28T21:00:00,1003,Davie,SKU008,Croissants,bakery,bakery,2,4.99,9.98,false
2026-05-28T21:00:00,1003,Davie,SKU009,Sparkling Water,beverages,grocery,1,5.49,5.49,false
2026-05-28T21:00:00,1003,Davie,SKU010,Orange Juice,beverages,grocery,1,4.99,4.99,false
2026-05-28T21:00:00,1003,Davie,SKU011,Frozen Pizza,frozen,frozen,2,6.99,13.98,false
2026-05-28T21:00:00,1003,Davie,SKU014,Pasta,grocery,grocery,1,1.89,1.89,false
2026-05-29T06:00:00,1001,Fort Lauderdale East,SKU001,Bananas,produce,produce,9,0.62,5.59,true
2026-05-29T06:00:00,1001,Fort Lauderdale East,SKU002,Avocados,produce,produce,4,1.49,5.96,false
2026-05-29T06:00:00,1001,Fort Lauderdale East,SKU003,Whole Milk,dairy,dairy,6,3.86,23.17,true
2026-05-29T06:00:00,1001,Fort Lauderdale East,SKU004,Greek Yogurt,dairy,dairy,1,1.39,1.39,false
2026-05-29T06:00:00,1001,Fort Lauderdale East,SKU005,Chicken Breast,meat,meat,1,8.49,8.49,false
2026-05-29T06:00:00,1001,Fort Lauderdale East,SKU006,Ground Beef,meat,meat,3,7.99,23.97,false
2026-05-29T06:00:00,1001,Fort Lauderdale East,SKU008,Croissants,bakery,bakery,2,4.99,9.98,false
2026-05-29T06:00:00,1001,Fort Lauderdale East,SKU009,Sparkling Water,beverages,grocery,3,4.94,14.82,true
2026-05-29T06:00:00,1001,Fort Lauderdale East,SKU010,Orange Juice,beverages,grocery,1,4.99,4.99,false
2026-05-29T06:00:00,1001,Fort Lauderdale East,SKU011,Frozen Pizza,frozen,frozen,1,6.29,6.29,true
2026-05-29T06:00:00,1001,Fort Lauderdale East,SKU014,Pasta,grocery,grocery,1,1.89,1.89,false
2026-05-29T06:00:00,1002,Pembroke Pines,SKU001,Bananas,produce,produce,8,0.62,4.97,true
2026-05-29T06:00:00,1002,Pembroke Pines,SKU002,Avocados,produce,produce,4,1.49,5.96,false
2026-05-29T06:00:00,1002,Pembroke Pines,SKU003,Whole Milk,dairy,dairy,3,3.86,11.58,true
2026-05-29T06:00:00,1002,Pembroke Pines,SKU004,Greek Yogurt,dairy,dairy,3,1.39,4.17,false
2026-05-29T06:00:00,1002,Pembroke Pines,SKU005,Chicken Breast,meat,meat,2,8.49,16.98,false
2026-05-29T06:00:00,1002,Pembroke Pines,SKU006,Ground Beef,meat,meat,4,7.99,31.96,false
2026-05-29T06:00:00,1002,Pembroke Pines,SKU007,Italian Bread,bakery,bakery,2,3.99,7.98,false
2026-05-29T06:00:00,1002,Pembroke Pines,SKU011,Frozen Pizza,frozen,frozen,1,6.29,6.29,true
2026-05-29T06:00:00,1002,Pembroke Pines,SKU014,Pasta,grocery,grocery,1,1.89,1.89,false
2026-05-29T06:00:00,1003,Davie,SKU001,Bananas,produce,produce,13,0.62,8.07,true
2026-05-29T06:00:00,1003,Davie,SKU002,Avocados,produce,produce,3,1.49,4.47,false
2026-05-29T06:00:00,1003,Davie,SKU003,Whole Milk,dairy,dairy,3,3.86,11.58,true
2026-05-29T06:00:00,1003,Davie,SKU004,Greek Yogurt,dairy,dairy,3,1.39,4.17,false
2026-05-29T06:00:00,1003,Davie,SKU005,Chicken Breast,meat,meat,2,8.49,16.98,false
2026-05-29T06:00:00,1003,Davie,SKU006,Ground Beef,meat,meat,3,7.99,23.97,false
2026-05-29T06:00:00,1003,Davie,SKU007,Italian Bread,bakery,bakery,2,3.99,7.98,false
2026-05-29T06:00:00,1003,Davie,SKU008,Croissants,bakery,bakery,1,4.99,4.99,false
2026-05-29T06:00:00,1003,Davie,SKU009,Sparkling Water,beverages,grocery,2,4.94,9.88,true
2026-05-29T06:00:00,1003,Davie,SKU010,Orange Juice,beverages,grocery,2,4.99,9.98,false
2026-05-29T06:00:00,1003,Davie,SKU011,Frozen Pizza,frozen,frozen,2,6.29,12.58,true
2026-05-29T06:00:00,1003,Davie,SKU013,Peanut Butter,grocery,grocery,2,3.49,6.98,false
2026-05-29T06:00:00,1003,Davie,SKU015,Paper Towels,household,grocery,1,12.99,12.99,false
2026-05-29T07:00:00,1001,Fort Lauderdale East,SKU001,Bananas,produce,produce,15,0.62,9.31,true
2026-05-29T07:00:00,1001,Fort Lauderdale East,SKU002,Avocados,produce,produce,3,1.49,4.47,false
2026-05-29T07:00:00,1001,Fort Lauderdale East,SKU003,Whole Milk,dairy,dairy,4,3.86,15.44,true
2026-05-29T07:00:00,1001,Fort Lauderdale East,SKU004,Greek Yogurt,dairy,dairy,4,1.39,5.56,false
2026-05-29T07:00:00,1001,Fort Lauderdale East,SKU005,Chicken Breast,meat,meat,1,8.49,8.49,false
2026-05-29T07:00:00,1001,Fort Lauderdale East,SKU007,Italian Bread,bakery,bakery,2,3.99,7.98,false
2026-05-29T07:00:00,1001,Fort Lauderdale East,SKU008,Croissants,bakery,bakery,2,4.99,9.98,false
2026-05-29T07:00:00,1001,Fort Lauderdale East,SKU009,Sparkling Water,beverages,grocery,4,4.94,19.76,true
2026-05-29T07:00:00,1001,Fort Lauderdale East,SKU010,Orange Juice,beverages,grocery,3,4.99,14.97,false
2026-05-29T07:00:00,1001,Fort Lauderdale East,SKU012,Ice Cream,frozen,frozen,1,5.99,5.99,false
2026-05-29T07:00:00,1001,Fort Lauderdale East,SKU014,Pasta,grocery,grocery,1,1.89,1.89,false
2026-05-29T07:00:00,1002,Pembroke Pines,SKU001,Bananas,produce,produce,12,0.62,7.45,true
2026-05-29T07:00:00,1002,Pembroke Pines,SKU002,Avocados,produce,produce,2,1.49,2.98,false
2026-05-29T07:00:00,1002,Pembroke Pines,SKU003,Whole Milk,dairy,dairy,7,3.86,27.03,true
2026-05-29T07:00:00,1002,Pembroke Pines,SKU004,Greek Yogurt,dairy,dairy,2,1.39,2.78,false
2026-05-29T07:00:00,1002,Pembroke Pines,SKU005,Chicken Breast,meat,meat,1,8.49,8.49,false
2026-05-29T07:00:00,1002,Pembroke Pines,SKU007,Italian Bread,bakery,bakery,3,3.99,11.97,false
2026-05-29T07:00:00,1002,Pembroke Pines,SKU008,Croissants,bakery,bakery,2,4.99,9.98,false
2026-05-29T07:00:00,1002,Pembroke Pines,SKU009,Sparkling Water,beverages,grocery,3,4.94,14.82,true
2026-05-29T07:00:00,1002,Pembroke Pines,SKU010,Orange Juice,beverages,grocery,2,4.99,9.98,false
2026-05-29T07:00:00,1002,Pembroke Pines,SKU011,Frozen Pizza,frozen,frozen,1,6.29,6.29,true
2026-05-29T07:00:00,1002,Pembroke Pines,SKU015,Paper Towels,household,grocery,1,12.99,12.99,false
2026-05-29T07:00:00,1003,Davie,SKU001,Bananas,produce,produce,11,0.62,6.83,true
2026-05-29T07:00:00,1003,Davie,SKU002,Avocados,produce,produce,3,1.49,4.47,false
2026-05-29T07:00:00,1003,Davie,SKU003,Whole Milk,dairy,dairy,5,3.86,19.30,true
2026-05-29T07:00:00,1003,Davie,SKU004,Greek Yogurt,dairy,dairy,2,1.39,2.78,false
2026-05-29T07:00:00,1003,Davie,SKU005,Chicken Breast,meat,meat,3,8.49,25.47,false
2026-05-29T07:00:00,1003,Davie,SKU006,Ground Beef,meat,meat,2,7.99,15.98,false
2026-05-29T07:00:00,1003,Davie,SKU007,Italian Bread,bakery,bakery,2,3.99,7.98,false
2026-05-29T07:00:00,1003,Davie,SKU008,Croissants,bakery,bakery,1,4.99,4.99,false
2026-05-29T07:00:00,1003,Davie,SKU009,Sparkling Water,beverages,grocery,2,4.94,9.88,true
2026-05-29T07:00:00,1003,Davie,SKU012,Ice Cream,frozen,frozen,1,5.99,5.99,false
2026-05-29T07:00:00,1003,Davie,SKU013,Peanut Butter,grocery,grocery,2,3.49,6.98,false
2026-05-29T07:00:00,1003,Davie,SKU015,Paper Towels,household,grocery,1,12.99,12.99,false
2026-05-29T08:00:00,1001,Fort Lauderdale East,SKU001,Bananas,produce,produce,14,0.62,8.69,true
2026-05-29T08:00:00,1001,Fort Lauderdale East,SKU002,Avocados,produce,produce,3,1.49,4.47,false
2026-05-29T08:00:00,1001,Fort Lauderdale East,SKU003,Whole Milk,dairy,dairy,4,3.86,15.44,true
2026-05-29T08:00:00,1001,Fort Lauderdale East,SKU004,Greek Yogurt,dairy,dairy,3,1.39,4.17,false
2026-05-29T08:00:00,1001,Fort Lauderdale East,SKU005,Chicken Breast,meat,meat,1,8.49,8.49,false
2026-05-29T08:00:00,1001,Fort Lauderdale East,SKU006,Ground Beef,meat,meat,1,7.99,7.99,false
2026-05-29T08:00:00,1001,Fort Lauderdale East,SKU007,Italian Bread,bakery,bakery,1,3.99,3.99,false
2026-05-29T08:00:00,1001,Fort Lauderdale East,SKU008,Croissants,bakery,bakery,1,4.99,4.99,false
2026-05-29T08:00:00,1001,Fort Lauderdale East,SKU009,Sparkling Water,beverages,grocery,1,4.94,4.94,true
2026-05-29T08:00:00,1001,Fort Lauderdale East,SKU010,Orange Juice,beverages,grocery,2,4.99,9.98,false
2026-05-29T08:00:00,1001,Fort Lauderdale East,SKU011,Frozen Pizza,frozen,frozen,2,6.29,12.58,true
2026-05-29T08:00:00,1001,Fort Lauderdale East,SKU012,Ice Cream,frozen,frozen,1,5.99,5.99,false
2026-05-29T08:00:00,1001,Fort Lauderdale East,SKU014,Pasta,grocery,grocery,1,1.89,1.89,false
2026-05-29T08:00:00,1002,Pembroke Pines,SKU001,Bananas,produce,produce,11,0.62,6.83,true
2026-05-29T08:00:00,1002,Pembroke Pines,SKU002,Avocados,produce,produce,4,1.49,5.96,false
2026-05-29T08:00:00,1002,Pembroke Pines,SKU003,Whole Milk,dairy,dairy,2,3.86,7.72,true
2026-05-29T08:00:00,1002,Pembroke Pines,SKU004,Greek Yogurt,dairy,dairy,1,1.39,1.39,false
2026-05-29T08:00:00,1002,Pembroke Pines,SKU005,Chicken Breast,meat,meat,1,8.49,8.49,false
2026-05-29T08:00:00,1002,Pembroke Pines,SKU006,Ground Beef,meat,meat,2,7.99,15.98,false
2026-05-29T08:00:00,1002,Pembroke Pines,SKU009,Sparkling Water,beverages,grocery,1,4.94,4.94,true
2026-05-29T08:00:00,1002,Pembroke Pines,SKU010,Orange Juice,beverages,grocery,3,4.99,14.97,false
2026-05-29T08:00:00,1002,Pembroke Pines,SKU011,Frozen Pizza,frozen,frozen,1,6.29,6.29,true
2026-05-29T08:00:00,1002,Pembroke Pines,SKU013,Peanut Butter,grocery,grocery,1,3.49,3.49,false
2026-05-29T08:00:00,1002,Pembroke Pines,SKU014,Pasta,grocery,grocery,1,1.89,1.89,false
2026-05-29T08:00:00,1003,Davie,SKU001,Bananas,produce,produce,9,0.62,5.59,true
2026-05-29T08:00:00,1003,Davie,SKU002,Avocados,produce,produce,3,1.49,4.47,false
2026-05-29T08:00:00,1003,Davie,SKU003,Whole Milk,dairy,dairy,3,3.86,11.58,true
2026-05-29T08:00:00,1003,Davie,SKU004,Greek Yogurt,dairy,dairy,1,1.39,1.39,false
2026-05-29T08:00:00,1003,Davie,SKU005,Chicken Breast,meat,meat,1,8.49,8.49,false
2026-05-29T08:00:00,1003,Davie,SKU006,Ground Beef,meat,meat,2,7.99,15.98,false
2026-05-29T08:00:00,1003,Davie,SKU007,Italian Bread,bakery,bakery,2,3.99,7.98,false
2026-05-29T08:00:00,1003,Davie,SKU008,Croissants,bakery,bakery,3,4.99,14.97,false
2026-05-29T08:00:00,1003,Davie,SKU012,Ice Cream,frozen,frozen,2,5.99,11.98,false
2026-05-29T08:00:00,1003,Davie,SKU015,Paper Towels,household,grocery,1,12.99,12.99,false
2026-05-29T09:00:00,1001,Fort Lauderdale East,SKU001,Bananas,produce,produce,12,0.62,7.45,true
2026-05-29T09:00:00,1001,Fort Lauderdale East,SKU002,Avocados,produce,produce,5,1.49,7.45,false
2026-05-29T09:00:00,1001,Fort Lauderdale East,SKU003,Whole Milk,dairy,dairy,5,3.86,19.30,true
2026-05-29T09:00:00,1001,Fort Lauderdale East,SKU004,Greek Yogurt,dairy,dairy,2,1.39,2.78,false
2026-05-29T09:00:00,1001,Fort Lauderdale East,SKU005,Chicken Breast,meat,meat,3,8.49,25.47,false
2026-05-29T09:00:00,1001,Fort Lauderdale East,SKU006,Ground Beef,meat,meat,2,7.99,15.98,false
2026-05-29T09:00:00,1001,Fort Lauderdale East,SKU007,Italian Bread,bakery,bakery,3,3.99,11.97,false
2026-05-29T09:00:00,1001,Fort Lauderdale East,SKU008,Croissants,bakery,bakery,1,4.99,4.99,false
2026-05-29T09:00:00,1001,Fort Lauderdale East,SKU009,Sparkling Water,beverages,grocery,2,4.94,9.88,true
2026-05-29T09:00:00,1001,Fort Lauderdale East,SKU010,Orange Juice,beverages,grocery,3,4.99,14.97,false
2026-05-29T09:00:00,1001,Fort Lauderdale East,SKU011,Frozen Pizza,frozen,frozen,3,6.29,18.87,true
2026-05-29T09:00:00,1001,Fort Lauderdale East,SKU012,Ice Cream,frozen,frozen,1,5.99,5.99,false
2026-05-29T09:00:00,1002,Pembroke Pines,SKU001,Bananas,produce,produce,10,0.62,6.21,true
2026-05-29T09:00:00,1002,Pembroke Pines,SKU002,Avocados,produce,produce,3,1.49,4.47,false
2026-05-29T09:00:00,1002,Pembroke Pines,SKU003,Whole Milk,dairy,dairy,3,3.86,11.58,true
2026-05-29T09:00:00,1002,Pembroke Pines,SKU004,Greek Yogurt,dairy,dairy,3,1.39,4.17,false
2026-05-29T09:00:00,1002,Pembroke Pines,SKU006,Ground Beef,meat,meat,1,7.99,7.99,false
2026-05-29T09:00:00,1002,Pembroke Pines,SKU007,Italian Bread,bakery,bakery,1,3.99,3.99,false
2026-05-29T09:00:00,1002,Pembroke Pines,SKU008,Croissants,bakery,bakery,2,4.99,9.98,false
2026-05-29T09:00:00,1002,Pembroke Pines,SKU009,Sparkling Water,beverages,grocery,2,4.94,9.88,true
2026-05-29T09:00:00,1002,Pembroke Pines,SKU011,Frozen Pizza,frozen,frozen,2,6.29,12.58,true
2026-05-29T09:00:00,1002,Pembroke Pines,SKU013,Peanut Butter,grocery,grocery,1,3.49,3.49,false
2026-05-29T09:00:00,1003,Davie,SKU001,Bananas,produce,produce,18,0.62,11.18,true
2026-05-29T09:00:00,1003,Davie,SKU002,Avocados,produce,produce,5,1.49,7.45,false
2026-05-29T09:00:00,1003,Davie,SKU003,Whole Milk,dairy,dairy,5,3.86,19.30,true
2026-05-29T09:00:00,1003,Davie,SKU004,Greek Yogurt,dairy,dairy,1,1.39,1.39,false
2026-05-29T09:00:00,1003,Davie,SKU005,Chicken Breast,meat,meat,1,8.49,8.49,false
2026-05-29T09:00:00,1003,Davie,SKU006,Ground Beef,meat,meat,1,7.99,7.99,false
2026-05-29T09:00:00,1003,Davie,SKU007,Italian Bread,bakery,bakery,1,3.99,3.99,false
2026-05-29T09:00:00,1003,Davie,SKU009,Sparkling Water,beverages,grocery,1,4.94,4.94,true
2026-05-29T09:00:00,1003,Davie,SKU010,Orange Juice,beverages,grocery,2,4.99,9.98,false
2026-05-29T09:00:00,1003,Davie,SKU011,Frozen Pizza,frozen,frozen,4,6.29,25.16,true
2026-05-29T09:00:00,1003,Davie,SKU012,Ice Cream,frozen,frozen,1,5.99,5.99,false
2026-05-29T09:00:00,1003,Davie,SKU013,Peanut Butter,grocery,grocery,1,3.49,3.49,false
2026-05-29T09:00:00,1003,Davie,SKU014,Pasta,grocery,grocery,1,1.89,1.89,false
2026-05-29T10:00:00,1001,Fort Lauderdale East,SKU001,Bananas,produce,produce,11,0.62,6.83,true
2026-05-29T10:00:00,1001,Fort Lauderdale East,SKU002,Avocados,produce,produce,4,1.49,5.96,false
2026-05-29T10:00:00,1001,Fort Lauderdale East,SKU003,Whole Milk,dairy,dairy,4,3.86,15.44,true
2026-05-29T10:00:00,1001,Fort Lauderdale East,SKU004,Greek Yogurt,dairy,dairy,2,1.39,2.78,false
2026-05-29T10:00:00,1001,Fort Lauderdale East,SKU005,Chicken Breast,meat,meat,3,8.49,25.47,false
2026-05-29T10:00:00,1001,Fort Lauderdale East,SKU007,Italian Bread,bakery,bakery,3,3.99,11.97,false
2026-05-29T10:00:00,1001,Fort Lauderdale East,SKU009,Sparkling Water,beverages,grocery,3,4.94,14.82,true
2026-05-29T10:00:00,1001,Fort Lauderdale East,SKU010,Orange Juice,beverages,grocery,1,4.99,4.99,false
2026-05-29T10:00:00,1001,Fort Lauderdale East,SKU011,Frozen Pizza,frozen,frozen,2,6.29,12.58,true
2026-05-29T10:00:00,1001,Fort Lauderdale East,SKU012,Ice Cream,frozen,frozen,2,5.99,11.98,false
2026-05-29T10:00:00,1001,Fort Lauderdale East,SKU014,Pasta,grocery,grocery,2,1.89,3.78,false
2026-05-29T10:00:00,1001,Fort Lauderdale East,SKU015,Paper Towels,household,grocery,1,12.99,12.99,false
2026-05-29T10:00:00,1002,Pembroke Pines,SKU001,Bananas,produce,produce,18,0.62,11.18,true
2026-05-29T10:00:00,1002,Pembroke Pines,SKU002,Avocados,produce,produce,3,1.49,4.47,false
2026-05-29T10:00:00,1002,Pembroke Pines,SKU003,Whole Milk,dairy,dairy,5,3.86,19.30,true
2026-05-29T10:00:00,1002,Pembroke Pines,SKU004,Greek Yogurt,dairy,dairy,3,1.39,4.17,false
2026-05-29T10:00:00,1002,Pembroke Pines,SKU005,Chicken Breast,meat,meat,1,8.49,8.49,false
2026-05-29T10:00:00,1002,Pembroke Pines,SKU006,Ground Beef,meat,meat,2,7.99,15.98,false
2026-05-29T10:00:00,1002,Pembroke Pines,SKU007,Italian Bread,bakery,bakery,1,3.99,3.99,false
2026-05-29T10:00:00,1002,Pembroke Pines,SKU008,Croissants,bakery,bakery,2,4.99,9.98,false
2026-05-29T10:00:00,1002,Pembroke Pines,SKU009,Sparkling Water,beverages,grocery,2,4.94,9.88,true
2026-05-29T10:00:00,1002,Pembroke Pines,SKU010,Orange Juice,beverages,grocery,1,4.99,4.99,false
2026-05-29T10:00:00,1002,Pembroke Pines,SKU011,Frozen Pizza,frozen,frozen,1,6.29,6.29,true
2026-05-29T10:00:00,1002,Pembroke Pines,SKU012,Ice Cream,frozen,frozen,2,5.99,11.98,false
2026-05-29T10:00:00,1002,Pembroke Pines,SKU013,Peanut Butter,grocery,grocery,1,3.49,3.49,false
2026-05-29T10:00:00,1002,Pembroke Pines,SKU014,Pasta,grocery,grocery,1,1.89,1.89,false
2026-05-29T10:00:00,1002,Pembroke Pines,SKU015,Paper Towels,household,grocery,1,12.99,12.99,false
2026-05-29T10:00:00,1003,Davie,SKU001,Bananas,produce,produce,10,0.62,6.21,true
2026-05-29T10:00:00,1003,Davie,SKU002,Avocados,produce,produce,4,1.49,5.96,false
2026-05-29T10:00:00,1003,Davie,SKU003,Whole Milk,dairy,dairy,6,3.86,23.17,true
2026-05-29T10:00:00,1003,Davie,SKU004,Greek Yogurt,dairy,dairy,3,1.39,4.17,false
2026-05-29T10:00:00,1003,Davie,SKU005,Chicken Breast,meat,meat,2,8.49,16.98,false
2026-05-29T10:00:00,1003,Davie,SKU006,Ground Beef,meat,meat,1,7.99,7.99,false
2026-05-29T10:00:00,1003,Davie,SKU007,Italian Bread,bakery,bakery,3,3.99,11.97,false
2026-05-29T10:00:00,1003,Davie,SKU009,Sparkling Water,beverages,grocery,2,4.94,9.88,true
2026-05-29T10:00:00,1003,Davie,SKU010,Orange Juice,beverages,grocery,3,4.99,14.97,false
2026-05-29T10:00:00,1003,Davie,SKU011,Frozen Pizza,frozen,frozen,1,6.29,6.29,true
2026-05-29T10:00:00,1003,Davie,SKU012,Ice Cream,frozen,frozen,1,5.99,5.99,false
2026-05-29T10:00:00,1003,Davie,SKU014,Pasta,grocery,grocery,1,1.89,1.89,false
2026-05-29T11:00:00,1001,Fort Lauderdale East,SKU001,Bananas,produce,produce,19,0.62,11.80,true
2026-05-29T11:00:00,1001,Fort Lauderdale East,SKU002,Avocados,produce,produce,4,1.49,5.96,false
2026-05-29T11:00:00,1001,Fort Lauderdale East,SKU003,Whole Milk,dairy,dairy,7,3.86,27.03,true
2026-05-29T11:00:00,1001,Fort Lauderdale East,SKU004,Greek Yogurt,dairy,dairy,2,1.39,2.78,false
2026-05-29T11:00:00,1001,Fort Lauderdale East,SKU005,Chicken Breast,meat,meat,5,8.49,42.45,false
2026-05-29T11:00:00,1001,Fort Lauderdale East,SKU006,Ground Beef,meat,meat,3,7.99,23.97,false
2026-05-29T11:00:00,1001,Fort Lauderdale East,SKU007,Italian Bread,bakery,bakery,2,3.99,7.98,false
2026-05-29T11:00:00,1001,Fort Lauderdale East,SKU008,Croissants,bakery,bakery,3,4.99,14.97,false
2026-05-29T11:00:00,1001,Fort Lauderdale East,SKU009,Sparkling Water,beverages,grocery,3,4.94,14.82,true
2026-05-29T11:00:00,1001,Fort Lauderdale East,SKU010,Orange Juice,beverages,grocery,3,4.99,14.97,false
2026-05-29T11:00:00,1001,Fort Lauderdale East,SKU011,Frozen Pizza,frozen,frozen,3,6.29,18.87,true
2026-05-29T11:00:00,1001,Fort Lauderdale East,SKU012,Ice Cream,frozen,frozen,3,5.99,17.97,false
2026-05-29T11:00:00,1001,Fort Lauderdale East,SKU013,Peanut Butter,grocery,grocery,2,3.49,6.98,false
2026-05-29T11:00:00,1001,Fort Lauderdale East,SKU015,Paper Towels,household,grocery,1,12.99,12.99,false
2026-05-29T11:00:00,1002,Pembroke Pines,SKU001,Bananas,produce,produce,21,0.62,13.04,true
2026-05-29T11:00:00,1002,Pembroke Pines,SKU002,Avocados,produce,produce,5,1.49,7.45,false
2026-05-29T11:00:00,1002,Pembroke Pines,SKU003,Whole Milk,dairy,dairy,5,3.86,19.30,true
2026-05-29T11:00:00,1002,Pembroke Pines,SKU004,Greek Yogurt,dairy,dairy,2,1.39,2.78,false
2026-05-29T11:00:00,1002,Pembroke Pines,SKU005,Chicken Breast,meat,meat,1,8.49,8.49,false
2026-05-29T11:00:00,1002,Pembroke Pines,SKU006,Ground Beef,meat,meat,3,7.99,23.97,false
2026-05-29T11:00:00,1002,Pembroke Pines,SKU007,Italian Bread,bakery,bakery,2,3.99,7.98,false
2026-05-29T11:00:00,1002,Pembroke Pines,SKU008,Croissants,bakery,bakery,1,4.99,4.99,false
2026-05-29T11:00:00,1002,Pembroke Pines,SKU009,Sparkling Water,beverages,grocery,3,4.94,14.82,true
2026-05-29T11:00:00,1002,Pembroke Pines,SKU010,Orange Juice,beverages,grocery,3,4.99,14.97,false
2026-05-29T11:00:00,1002,Pembroke Pines,SKU011,Frozen Pizza,frozen,frozen,1,6.29,6.29,true
2026-05-29T11:00:00,1002,Pembroke Pines,SKU012,Ice Cream,frozen,frozen,1,5.99,5.99,false
2026-05-29T11:00:00,1002,Pembroke Pines,SKU013,Peanut Butter,grocery,grocery,1,3.49,3.49,false
2026-05-29T11:00:00,1002,Pembroke Pines,SKU014,Pasta,grocery,grocery,2,1.89,3.78,false
2026-05-29T11:00:00,1003,Davie,SKU001,Bananas,produce,produce,15,0.62,9.31,true
2026-05-29T11:00:00,1003,Davie,SKU002,Avocados,produce,produce,5,1.49,7.45,false
2026-05-29T11:00:00,1003,Davie,SKU003,Whole Milk,dairy,dairy,5,3.86,19.30,true
2026-05-29T11:00:00,1003,Davie,SKU004,Greek Yogurt,dairy,dairy,2,1.39,2.78,false
2026-05-29T11:00:00,1003,Davie,SKU005,Chicken Breast,meat,meat,3,8.49,25.47,false
2026-05-29T11:00:00,1003,Davie,SKU006,Ground Beef,meat,meat,1,7.99,7.99,false
2026-05-29T11:00:00,1003,Davie,SKU007,Italian Bread,bakery,bakery,2,3.99,7.98,false
2026-05-29T11:00:00,1003,Davie,SKU008,Croissants,bakery,bakery,3,4.99,14.97,false
2026-05-29T11:00:00,1003,Davie,SKU009,Sparkling Water,beverages,grocery,3,4.94,14.82,true
2026-05-29T11:00:00,1003,Davie,SKU010,Orange Juice,beverages,grocery,2,4.99,9.98,false
2026-05-29T11:00:00,1003,Davie,SKU011,Frozen Pizza,frozen,frozen,2,6.29,12.58,true
2026-05-29T11:00:00,1003,Davie,SKU013,Peanut Butter,grocery,grocery,1,3.49,3.49,false
2026-05-29T11:00:00,1003,Davie,SKU014,Pasta,grocery,grocery,2,1.89,3.78,false
2026-05-29T11:00:00,1003,Davie,SKU015,Paper Towels,household,grocery,2,12.99,25.98,false
2026-05-29T12:00:00,1001,Fort Lauderdale East,SKU001,Bananas,produce,produce,37,0.62,22.98,true
2026-05-29T12:00:00,1001,Fort Lauderdale East,SKU002,Avocados,produce,produce,5,1.49,7.45,false
2026-05-29T12:00:00,1001,Fort Lauderdale East,SKU003,Whole Milk,dairy,dairy,7,3.86,27.03,true
2026-05-29T12:00:00,1001,Fort Lauderdale East,SKU004,Greek Yogurt,dairy,dairy,2,1.39,2.78,false
2026-05-29T12:00:00,1001,Fort Lauderdale East,SKU005,Chicken Breast,meat,meat,5,8.49,42.45,false
2026-05-29T12:00:00,1001,Fort Lauderdale East,SKU006,Ground Beef,meat,meat,4,7.99,31.96,false
2026-05-29T12:00:00,1001,Fort Lauderdale East,SKU007,Italian Bread,bakery,bakery,4,3.99,15.96,false
2026-05-29T12:00:00,1001,Fort Lauderdale East,SKU008,Croissants,bakery,bakery,3,4.99,14.97,false
2026-05-29T12:00:00,1001,Fort Lauderdale East,SKU009,Sparkling Water,beverages,grocery,3,4.94,14.82,true
2026-05-29T12:00:00,1001,Fort Lauderdale East,SKU011,Frozen Pizza,frozen,frozen,4,6.29,25.16,true
2026-05-29T12:00:00,1001,Fort Lauderdale East,SKU012,Ice Cream,frozen,frozen,2,5.99,11.98,false
2026-05-29T12:00:00,1001,Fort Lauderdale East,SKU013,Peanut Butter,grocery,grocery,2,3.49,6.98,false
2026-05-29T12:00:00,1001,Fort Lauderdale East,SKU015,Paper Towels,household,grocery,1,12.99,12.99,false
2026-05-29T12:00:00,1002,Pembroke Pines,SKU001,Bananas,produce,produce,21,0.62,13.04,true
2026-05-29T12:00:00,1002,Pembroke Pines,SKU002,Avocados,produce,produce,5,1.49,7.45,false
2026-05-29T12:00:00,1002,Pembroke Pines,SKU003,Whole Milk,dairy,dairy,4,3.86,15.44,true
2026-05-29T12:00:00,1002,Pembroke Pines,SKU004,Greek Yogurt,dairy,dairy,2,1.39,2.78,false
2026-05-29T12:00:00,1002,Pembroke Pines,SKU005,Chicken Breast,meat,meat,3,8.49,25.47,false
2026-05-29T12:00:00,1002,Pembroke Pines,SKU006,Ground Beef,meat,meat,2,7.99,15.98,false
2026-05-29T12:00:00,1002,Pembroke Pines,SKU007,Italian Bread,bakery,bakery,2,3.99,7.98,false
2026-05-29T12:00:00,1002,Pembroke Pines,SKU008,Croissants,bakery,bakery,3,4.99,14.97,false
2026-05-29T12:00:00,1002,Pembroke Pines,SKU009,Sparkling Water,beverages,grocery,2,4.94,9.88,true
2026-05-29T12:00:00,1002,Pembroke Pines,SKU010,Orange Juice,beverages,grocery,2,4.99,9.98,false
2026-05-29T12:00:00,1002,Pembroke Pines,SKU011,Frozen Pizza,frozen,frozen,2,6.29,12.58,true
2026-05-29T12:00:00,1002,Pembroke Pines,SKU012,Ice Cream,frozen,frozen,3,5.99,17.97,false
2026-05-29T12:00:00,1002,Pembroke Pines,SKU014,Pasta,grocery,grocery,1,1.89,1.89,false
2026-05-29T12:00:00,1003,Davie,SKU001,Bananas,produce,produce,24,0.62,14.90,true
2026-05-29T12:00:00,1003,Davie,SKU002,Avocados,produce,produce,5,1.49,7.45,false
2026-05-29T12:00:00,1003,Davie,SKU003,Whole Milk,dairy,dairy,6,3.86,23.17,true
2026-05-29T12:00:00,1003,Davie,SKU004,Greek Yogurt,dairy,dairy,3,1.39,4.17,false
2026-05-29T12:00:00,1003,Davie,SKU005,Chicken Breast,meat,meat,5,8.49,42.45,false
2026-05-29T12:00:00,1003,Davie,SKU006,Ground Beef,meat,meat,2,7.99,15.98,false
2026-05-29T12:00:00,1003,Davie,SKU007,Italian Bread,bakery,bakery,2,3.99,7.98,false
2026-05-29T12:00:00,1003,Davie,SKU008,Croissants,bakery,bakery,1,4.99,4.99,false
2026-05-29T12:00:00,1003,Davie,SKU009,Sparkling Water,beverages,grocery,4,4.94,19.76,true
2026-05-29T12:00:00,1003,Davie,SKU010,Orange Juice,beverages,grocery,3,4.99,14.97,false
2026-05-29T12:00:00,1003,Davie,SKU011,Frozen Pizza,frozen,frozen,3,6.29,18.87,true
2026-05-29T12:00:00,1003,Davie,SKU012,Ice Cream,frozen,frozen,1,5.99,5.99,false
2026-05-29T12:00:00,1003,Davie,SKU013,Peanut Butter,grocery,grocery,2,3.49,6.98,false
2026-05-29T12:00:00,1003,Davie,SKU014,Pasta,grocery,grocery,2,1.89,3.78,false
2026-05-29T12:00:00,1003,Davie,SKU015,Paper Towels,household,grocery,1,12.99,12.99,false
2026-05-29T13:00:00,1001,Fort Lauderdale East,SKU001,Bananas,produce,produce,14,0.62,8.69,true
2026-05-29T13:00:00,1001,Fort Lauderdale East,SKU002,Avocados,produce,produce,4,1.49,5.96,false
2026-05-29T13:00:00,1001,Fort Lauderdale East,SKU003,Whole Milk,dairy,dairy,5,3.86,19.30,true
2026-05-29T13:00:00,1001,Fort Lauderdale East,SKU004,Greek Yogurt,dairy,dairy,2,1.39,2.78,false
2026-05-29T13:00:00,1001,Fort Lauderdale East,SKU005,Chicken Breast,meat,meat,2,8.49,16.98,false
2026-05-29T13:00:00,1001,Fort Lauderdale East,SKU007,Italian Bread,bakery,bakery,2,3.99,7.98,false
2026-05-29T13:00:00,1001,Fort Lauderdale East,SKU008,Croissants,bakery,bakery,1,4.99,4.99,false
2026-05-29T13:00:00,1001,Fort Lauderdale East,SKU009,Sparkling Water,beverages,grocery,4,4.94,19.76,true
2026-05-29T13:00:00,1001,Fort Lauderdale East,SKU011,Frozen Pizza,frozen,frozen,2,6.29,12.58,true
2026-05-29T13:00:00,1001,Fort Lauderdale East,SKU012,Ice Cream,frozen,frozen,2,5.99,11.98,false
2026-05-29T13:00:00,1001,Fort Lauderdale East,SKU014,Pasta,grocery,grocery,1,1.89,1.89,false
2026-05-29T13:00:00,1002,Pembroke Pines,SKU001,Bananas,produce,produce,15,0.62,9.31,true
2026-05-29T13:00:00,1002,Pembroke Pines,SKU002,Avocados,produce,produce,3,1.49,4.47,false
2026-05-29T13:00:00,1002,Pembroke Pines,SKU004,Greek Yogurt,dairy,dairy,2,1.39,2.78,false
2026-05-29T13:00:00,1002,Pembroke Pines,SKU005,Chicken Breast,meat,meat,2,8.49,16.98,false
2026-05-29T13:00:00,1002,Pembroke Pines,SKU006,Ground Beef,meat,meat,1,7.99,7.99,false
2026-05-29T13:00:00,1002,Pembroke Pines,SKU008,Croissants,bakery,bakery,2,4.99,9.98,false
2026-05-29T13:00:00,1002,Pembroke Pines,SKU009,Sparkling Water,beverages,grocery,2,4.94,9.88,true
2026-05-29T13:00:00,1002,Pembroke Pines,SKU010,Orange Juice,beverages,grocery,3,4.99,14.97,false
2026-05-29T13:00:00,1002,Pembroke Pines,SKU011,Frozen Pizza,frozen,frozen,1,6.29,6.29,true
2026-05-29T13:00:00,1002,Pembroke Pines,SKU012,Ice Cream,frozen,frozen,2,5.99,11.98,false
2026-05-29T13:00:00,1002,Pembroke Pines,SKU013,Peanut Butter,grocery,grocery,1,3.49,3.49,false
2026-05-29T13:00:00,1002,Pembroke Pines,SKU015,Paper Towels,household,grocery,1,12.99,12.99,false
2026-05-29T13:00:00,1003,Davie,SKU001,Bananas,produce,produce,16,0.62,9.94,true
2026-05-29T13:00:00,1003,Davie,SKU002,Avocados,produce,produce,3,1.49,4.47,false
2026-05-29T13:00:00,1003,Davie,SKU003,Whole Milk,dairy,dairy,6,3.86,23.17,true
2026-05-29T13:00:00,1003,Davie,SKU004,Greek Yogurt,dairy,dairy,2,1.39,2.78,false
2026-05-29T13:00:00,1003,Davie,SKU005,Chicken Breast,meat,meat,1,8.49,8.49,false
2026-05-29T13:00:00,1003,Davie,SKU007,Italian Bread,bakery,bakery,3,3.99,11.97,false
2026-05-29T13:00:00,1003,Davie,SKU009,Sparkling Water,beverages,grocery,2,4.94,9.88,true
2026-05-29T13:00:00,1003,Davie,SKU010,Orange Juice,beverages,grocery,1,4.99,4.99,false
2026-05-29T13:00:00,1003,Davie,SKU011,Frozen Pizza,frozen,frozen,1,6.29,6.29,true
2026-05-29T13:00:00,1003,Davie,SKU012,Ice Cream,frozen,frozen,2,5.99,11.98,false
2026-05-29T14:00:00,1001,Fort Lauderdale East,SKU001,Bananas,produce,produce,14,0.62,8.69,true
2026-05-29T14:00:00,1001,Fort Lauderdale East,SKU002,Avocados,produce,produce,3,1.49,4.47,false
2026-05-29T14:00:00,1001,Fort Lauderdale East,SKU003,Whole Milk,dairy,dairy,6,3.86,23.17,true
2026-05-29T14:00:00,1001,Fort Lauderdale East,SKU004,Greek Yogurt,dairy,dairy,2,1.39,2.78,false
2026-05-29T14:00:00,1001,Fort Lauderdale East,SKU005,Chicken Breast,meat,meat,3,8.49,25.47,false
2026-05-29T14:00:00,1001,Fort Lauderdale East,SKU006,Ground Beef,meat,meat,1,7.99,7.99,false
2026-05-29T14:00:00,1001,Fort Lauderdale East,SKU007,Italian Bread,bakery,bakery,4,3.99,15.96,false
2026-05-29T14:00:00,1001,Fort Lauderdale East,SKU009,Sparkling Water,beverages,grocery,2,4.94,9.88,true
2026-05-29T14:00:00,1001,Fort Lauderdale East,SKU010,Orange Juice,beverages,grocery,2,4.99,9.98,false
2026-05-29T14:00:00,1001,Fort Lauderdale East,SKU011,Frozen Pizza,frozen,frozen,3,6.29,18.87,true
2026-05-29T14:00:00,1001,Fort Lauderdale East,SKU012,Ice Cream,frozen,frozen,2,5.99,11.98,false
2026-05-29T14:00:00,1001,Fort Lauderdale East,SKU014,Pasta,grocery,grocery,2,1.89,3.78,false
2026-05-29T14:00:00,1002,Pembroke Pines,SKU001,Bananas,produce,produce,8,0.62,4.97,true
2026-05-29T14:00:00,1002,Pembroke Pines,SKU002,Avocados,produce,produce,3,1.49,4.47,false
2026-05-29T14:00:00,1002,Pembroke Pines,SKU003,Whole Milk,dairy,dairy,4,3.86,15.44,true
2026-05-29T14:00:00,1002,Pembroke Pines,SKU004,Greek Yogurt,dairy,dairy,1,1.39,1.39,false
2026-05-29T14:00:00,1002,Pembroke Pines,SKU005,Chicken Breast,meat,meat,3,8.49,25.47,false
2026-05-29T14:00:00,1002,Pembroke Pines,SKU006,Ground Beef,meat,meat,2,7.99,15.98,false
2026-05-29T14:00:00,1002,Pembroke Pines,SKU007,Italian Bread,bakery,bakery,3,3.99,11.97,false
2026-05-29T14:00:00,1002,Pembroke Pines,SKU010,Orange Juice,beverages,grocery,2,4.99,9.98,false
2026-05-29T14:00:00,1002,Pembroke Pines,SKU011,Frozen Pizza,frozen,frozen,1,6.29,6.29,true
2026-05-29T14:00:00,1002,Pembroke Pines,SKU012,Ice Cream,frozen,frozen,2,5.99,11.98,false
2026-05-29T14:00:00,1002,Pembroke Pines,SKU013,Peanut Butter,grocery,grocery,1,3.49,3.49,false
2026-05-29T14:00:00,1002,Pembroke Pines,SKU014,Pasta,grocery,grocery,1,1.89,1.89,false
2026-05-29T14:00:00,1002,Pembroke Pines,SKU015,Paper Towels,household,grocery,1,12.99,12.99,false
2026-05-29T14:00:00,1003,Davie,SKU001,Bananas,produce,produce,13,0.62,8.07,true
2026-05-29T14:00:00,1003,Davie,SKU002,Avocados,produce,produce,3,1.49,4.47,false
2026-05-29T14:00:00,1003,Davie,SKU003,Whole Milk,dairy,dairy,6,3.86,23.17,true
2026-05-29T14:00:00,1003,Davie,SKU004,Greek Yogurt,dairy,dairy,3,1.39,4.17,false
2026-05-29T14:00:00,1003,Davie,SKU005,Chicken Breast,meat,meat,1,8.49,8.49,false
2026-05-29T14:00:00,1003,Davie,SKU007,Italian Bread,bakery,bakery,3,3.99,11.97,false
2026-05-29T14:00:00,1003,Davie,SKU008,Croissants,bakery,bakery,1,4.99,4.99,false
2026-05-29T14:00:00,1003,Davie,SKU009,Sparkling Water,beverages,grocery,2,4.94,9.88,true
2026-05-29T14:00:00,1003,Davie,SKU010,Orange Juice,beverages,grocery,1,4.99,4.99,false
2026-05-29T14:00:00,1003,Davie,SKU011,Frozen Pizza,frozen,frozen,2,6.29,12.58,true
2026-05-29T15:00:00,1001,Fort Lauderdale East,SKU001,Bananas,produce,produce,11,0.62,6.83,true
2026-05-29T15:00:00,1001,Fort Lauderdale East,SKU002,Avocados,produce,produce,5,1.49,7.45,false
2026-05-29T15:00:00,1001,Fort Lauderdale East,SKU003,Whole Milk,dairy,dairy,3,3.86,11.58,true
2026-05-29T15:00:00,1001,Fort Lauderdale East,SKU004,Greek Yogurt,dairy,dairy,2,1.39,2.78,false
2026-05-29T15:00:00,1001,Fort Lauderdale East,SKU005,Chicken Breast,meat,meat,3,8.49,25.47,false
2026-05-29T15:00:00,1001,Fort Lauderdale East,SKU006,Ground Beef,meat,meat,3,7.99,23.97,false
2026-05-29T15:00:00,1001,Fort Lauderdale East,SKU007,Italian Bread,bakery,bakery,1,3.99,3.99,false
2026-05-29T15:00:00,1001,Fort Lauderdale East,SKU008,Croissants,bakery,bakery,2,4.99,9.98,false
2026-05-29T15:00:00,1001,Fort Lauderdale East,SKU009,Sparkling Water,beverages,grocery,2,4.94,9.88,true
2026-05-29T15:00:00,1001,Fort Lauderdale East,SKU011,Frozen Pizza,frozen,frozen,2,6.29,12.58,true
2026-05-29T15:00:00,1001,Fort Lauderdale East,SKU012,Ice Cream,frozen,frozen,1,5.99,5.99,false
2026-05-29T15:00:00,1001,Fort Lauderdale East,SKU014,Pasta,grocery,grocery,1,1.89,1.89,false
2026-05-29T15:00:00,1001,Fort Lauderdale East,SKU015,Paper Towels,household,grocery,1,12.99,12.99,false
2026-05-29T15:00:00,1002,Pembroke Pines,SKU001,Bananas,produce,produce,14,0.62,8.69,true
2026-05-29T15:00:00,1002,Pembroke Pines,SKU002,Avocados,produce,produce,2,1.49,2.98,false
2026-05-29T15:00:00,1002,Pembroke Pines,SKU003,Whole Milk,dairy,dairy,4,3.86,15.44,true
2026-05-29T15:00:00,1002,Pembroke Pines,SKU004,Greek Yogurt,dairy,dairy,2,1.39,2.78,false
2026-05-29T15:00:00,1002,Pembroke Pines,SKU005,Chicken Breast,meat,meat,3,8.49,25.47,false
2026-05-29T15:00:00,1002,Pembroke Pines,SKU006,Ground Beef,meat,meat,1,7.99,7.99,false
2026-05-29T15:00:00,1002,Pembroke Pines,SKU007,Italian Bread,bakery,bakery,1,3.99,3.99,false
2026-05-29T15:00:00,1002,Pembroke Pines,SKU008,Croissants,bakery,bakery,1,4.99,4.99,false
2026-05-29T15:00:00,1002,Pembroke Pines,SKU009,Sparkling Water,beverages,grocery,3,4.94,14.82,true
2026-05-29T15:00:00,1002,Pembroke Pines,SKU010,Orange Juice,beverages,grocery,1,4.99,4.99,false
2026-05-29T15:00:00,1002,Pembroke Pines,SKU011,Frozen Pizza,frozen,frozen,2,6.29,12.58,true
2026-05-29T15:00:00,1002,Pembroke Pines,SKU012,Ice Cream,frozen,frozen,2,5.99,11.98,false
2026-05-29T15:00:00,1002,Pembroke Pines,SKU013,Peanut Butter,grocery,grocery,2,3.49,6.98,false
2026-05-29T15:00:00,1002,Pembroke Pines,SKU014,Pasta,grocery,grocery,2,1.89,3.78,false
2026-05-29T15:00:00,1003,Davie,SKU001,Bananas,produce,produce,18,0.62,11.18,true
2026-05-29T15:00:00,1003,Davie,SKU002,Avocados,produce,produce,4,1.49,5.96,false
2026-05-29T15:00:00,1003,Davie,SKU003,Whole Milk,dairy,dairy,3,3.86,11.58,true
2026-05-29T15:00:00,1003,Davie,SKU004,Greek Yogurt,dairy,dairy,2,1.39,2.78,false
2026-05-29T15:00:00,1003,Davie,SKU005,Chicken Breast,meat,meat,2,8.49,16.98,false
2026-05-29T15:00:00,1003,Davie,SKU006,Ground Beef,meat,meat,1,7.99,7.99,false
2026-05-29T15:00:00,1003,Davie,SKU007,Italian Bread,bakery,bakery,1,3.99,3.99,false
2026-05-29T15:00:00,1003,Davie,SKU009,Sparkling Water,beverages,grocery,3,4.94,14.82,true
2026-05-29T15:00:00,1003,Davie,SKU010,Orange Juice,beverages,grocery,2,4.99,9.98,false
2026-05-29T15:00:00,1003,Davie,SKU011,Frozen Pizza,frozen,frozen,2,6.29,12.58,true
2026-05-29T15:00:00,1003,Davie,SKU012,Ice Cream,frozen,frozen,2,5.99,11.98,false
2026-05-29T15:00:00,1003,Davie,SKU015,Paper Towels,household,grocery,2,12.99,25.98,false
2026-05-29T16:00:00,1001,Fort Lauderdale East,SKU001,Bananas,produce,produce,19,0.62,11.80,true
2026-05-29T16:00:00,1001,Fort Lauderdale East,SKU002,Avocados,produce,produce,3,1.49,4.47,false
2026-05-29T16:00:00,1001,Fort Lauderdale East,SKU003,Whole Milk,dairy,dairy,2,3.86,7.72,true
2026-05-29T16:00:00,1001,Fort Lauderdale East,SKU004,Greek Yogurt,dairy,dairy,2,1.39,2.78,false
2026-05-29T16:00:00,1001,Fort Lauderdale East,SKU005,Chicken Breast,meat,meat,1,8.49,8.49,false
2026-05-29T16:00:00,1001,Fort Lauderdale East,SKU006,Ground Beef,meat,meat,2,7.99,15.98,false
2026-05-29T16:00:00,1001,Fort Lauderdale East,SKU007,Italian Bread,bakery,bakery,3,3.99,11.97,false
2026-05-29T16:00:00,1001,Fort Lauderdale East,SKU009,Sparkling Water,beverages,grocery,2,4.94,9.88,true
2026-05-29T16:00:00,1001,Fort Lauderdale East,SKU011,Frozen Pizza,frozen,frozen,4,6.29,25.16,true
2026-05-29T16:00:00,1001,Fort Lauderdale East,SKU012,Ice Cream,frozen,frozen,1,5.99,5.99,false
2026-05-29T16:00:00,1001,Fort Lauderdale East,SKU013,Peanut Butter,grocery,grocery,1,3.49,3.49,false
2026-05-29T16:00:00,1002,Pembroke Pines,SKU001,Bananas,produce,produce,10,0.62,6.21,true
2026-05-29T16:00:00,1002,Pembroke Pines,SKU002,Avocados,produce,produce,2,1.49,2.98,false
2026-05-29T16:00:00,1002,Pembroke Pines,SKU003,Whole Milk,dairy,dairy,5,3.86,19.30,true
2026-05-29T16:00:00,1002,Pembroke Pines,SKU004,Greek Yogurt,dairy,dairy,1,1.39,1.39,false
2026-05-29T16:00:00,1002,Pembroke Pines,SKU005,Chicken Breast,meat,meat,3,8.49,25.47,false
2026-05-29T16:00:00,1002,Pembroke Pines,SKU006,Ground Beef,meat,meat,2,7.99,15.98,false
2026-05-29T16:00:00,1002,Pembroke Pines,SKU007,Italian Bread,bakery,bakery,2,3.99,7.98,false
2026-05-29T16:00:00,1002,Pembroke Pines,SKU009,Sparkling Water,beverages,grocery,1,4.94,4.94,true
2026-05-29T16:00:00,1002,Pembroke Pines,SKU010,Orange Juice,beverages,grocery,2,4.99,9.98,false
2026-05-29T16:00:00,1002,Pembroke Pines,SKU011,Frozen Pizza,frozen,frozen,2,6.29,12.58,true
2026-05-29T16:00:00,1002,Pembroke Pines,SKU012,Ice Cream,frozen,frozen,1,5.99,5.99,false
2026-05-29T16:00:00,1002,Pembroke Pines,SKU014,Pasta,grocery,grocery,1,1.89,1.89,false
2026-05-29T16:00:00,1003,Davie,SKU001,Bananas,produce,produce,12,0.62,7.45,true
2026-05-29T16:00:00,1003,Davie,SKU002,Avocados,produce,produce,4,1.49,5.96,false
2026-05-29T16:00:00,1003,Davie,SKU003,Whole Milk,dairy,dairy,3,3.86,11.58,true
2026-05-29T16:00:00,1003,Davie,SKU005,Chicken Breast,meat,meat,1,8.49,8.49,false
2026-05-29T16:00:00,1003,Davie,SKU006,Ground Beef,meat,meat,1,7.99,7.99,false
2026-05-29T16:00:00,1003,Davie,SKU007,Italian Bread,bakery,bakery,3,3.99,11.97,false
2026-05-29T16:00:00,1003,Davie,SKU008,Croissants,bakery,bakery,2,4.99,9.98,false
2026-05-29T16:00:00,1003,Davie,SKU009,Sparkling Water,beverages,grocery,2,4.94,9.88,true
2026-05-29T16:00:00,1003,Davie,SKU010,Orange Juice,beverages,grocery,1,4.99,4.99,false
2026-05-29T16:00:00,1003,Davie,SKU011,Frozen Pizza,frozen,frozen,2,6.29,12.58,true
2026-05-29T16:00:00,1003,Davie,SKU012,Ice Cream,frozen,frozen,2,5.99,11.98,false
2026-05-29T16:00:00,1003,Davie,SKU015,Paper Towels,household,grocery,1,12.99,12.99,false
2026-05-29T17:00:00,1001,Fort Lauderdale East,SKU001,Bananas,produce,produce,24,0.62,14.90,true
2026-05-29T17:00:00,1001,Fort Lauderdale East,SKU002,Avocados,produce,produce,5,1.49,7.45,false
2026-05-29T17:00:00,1001,Fort Lauderdale East,SKU003,Whole Milk,dairy,dairy,9,3.86,34.75,true
2026-05-29T17:00:00,1001,Fort Lauderdale East,SKU004,Greek Yogurt,dairy,dairy,4,1.39,5.56,false
2026-05-29T17:00:00,1001,Fort Lauderdale East,SKU005,Chicken Breast,meat,meat,2,8.49,16.98,false
2026-05-29T17:00:00,1001,Fort Lauderdale East,SKU006,Ground Beef,meat,meat,3,7.99,23.97,false
2026-05-29T17:00:00,1001,Fort Lauderdale East,SKU007,Italian Bread,bakery,bakery,3,3.99,11.97,false
2026-05-29T17:00:00,1001,Fort Lauderdale East,SKU008,Croissants,bakery,bakery,4,4.99,19.96,false
2026-05-29T17:00:00,1001,Fort Lauderdale East,SKU009,Sparkling Water,beverages,grocery,4,4.94,19.76,true
2026-05-29T17:00:00,1001,Fort Lauderdale East,SKU010,Orange Juice,beverages,grocery,3,4.99,14.97,false
2026-05-29T17:00:00,1001,Fort Lauderdale East,SKU011,Frozen Pizza,frozen,frozen,3,6.29,18.87,true
2026-05-29T17:00:00,1001,Fort Lauderdale East,SKU012,Ice Cream,frozen,frozen,2,5.99,11.98,false
2026-05-29T17:00:00,1001,Fort Lauderdale East,SKU015,Paper Towels,household,grocery,1,12.99,12.99,false
2026-05-29T17:00:00,1002,Pembroke Pines,SKU001,Bananas,produce,produce,21,0.62,13.04,true
2026-05-29T17:00:00,1002,Pembroke Pines,SKU002,Avocados,produce,produce,4,1.49,5.96,false
2026-05-29T17:00:00,1002,Pembroke Pines,SKU003,Whole Milk,dairy,dairy,3,3.86,11.58,true
2026-05-29T17:00:00,1002,Pembroke Pines,SKU004,Greek Yogurt,dairy,dairy,2,1.39,2.78,false
2026-05-29T17:00:00,1002,Pembroke Pines,SKU005,Chicken Breast,meat,meat,3,8.49,25.47,false
2026-05-29T17:00:00,1002,Pembroke Pines,SKU006,Ground Beef,meat,meat,2,7.99,15.98,false
2026-05-29T17:00:00,1002,Pembroke Pines,SKU007,Italian Bread,bakery,bakery,2,3.99,7.98,false
2026-05-29T17:00:00,1002,Pembroke Pines,SKU008,Croissants,bakery,bakery,1,4.99,4.99,false
2026-05-29T17:00:00,1002,Pembroke Pines,SKU009,Sparkling Water,beverages,grocery,3,4.94,14.82,true
2026-05-29T17:00:00,1002,Pembroke Pines,SKU010,Orange Juice,beverages,grocery,2,4.99,9.98,false
2026-05-29T17:00:00,1002,Pembroke Pines,SKU011,Frozen Pizza,frozen,frozen,2,6.29,12.58,true
2026-05-29T17:00:00,1002,Pembroke Pines,SKU012,Ice Cream,frozen,frozen,1,5.99,5.99,false
2026-05-29T17:00:00,1002,Pembroke Pines,SKU013,Peanut Butter,grocery,grocery,1,3.49,3.49,false
2026-05-29T17:00:00,1002,Pembroke Pines,SKU014,Pasta,grocery,grocery,1,1.89,1.89,false
2026-05-29T17:00:00,1003,Davie,SKU001,Bananas,produce,produce,28,0.62,17.39,true
2026-05-29T17:00:00,1003,Davie,SKU002,Avocados,produce,produce,4,1.49,5.96,false
2026-05-29T17:00:00,1003,Davie,SKU003,Whole Milk,dairy,dairy,6,3.86,23.17,true
2026-05-29T17:00:00,1003,Davie,SKU004,Greek Yogurt,dairy,dairy,2,1.39,2.78,false
2026-05-29T17:00:00,1003,Davie,SKU005,Chicken Breast,meat,meat,2,8.49,16.98,false
2026-05-29T17:00:00,1003,Davie,SKU006,Ground Beef,meat,meat,3,7.99,23.97,false
2026-05-29T17:00:00,1003,Davie,SKU007,Italian Bread,bakery,bakery,3,3.99,11.97,false
2026-05-29T17:00:00,1003,Davie,SKU008,Croissants,bakery,bakery,2,4.99,9.98,false
2026-05-29T17:00:00,1003,Davie,SKU009,Sparkling Water,beverages,grocery,2,4.94,9.88,true
2026-05-29T17:00:00,1003,Davie,SKU010,Orange Juice,beverages,grocery,2,4.99,9.98,false
2026-05-29T17:00:00,1003,Davie,SKU011,Frozen Pizza,frozen,frozen,1,6.29,6.29,true
2026-05-29T17:00:00,1003,Davie,SKU012,Ice Cream,frozen,frozen,3,5.99,17.97,false
2026-05-29T17:00:00,1003,Davie,SKU014,Pasta,grocery,grocery,1,1.89,1.89,false
2026-05-29T18:00:00,1001,Fort Lauderdale East,SKU001,Bananas,produce,produce,28,0.62,17.39,true
2026-05-29T18:00:00,1001,Fort Lauderdale East,SKU002,Avocados,produce,produce,5,1.49,7.45,false
2026-05-29T18:00:00,1001,Fort Lauderdale East,SKU003,Whole Milk,dairy,dairy,9,3.86,34.75,true
2026-05-29T18:00:00,1001,Fort Lauderdale East,SKU004,Greek Yogurt,dairy,dairy,5,1.39,6.95,false
2026-05-29T18:00:00,1001,Fort Lauderdale East,SKU005,Chicken Breast,meat,meat,4,8.49,33.96,false
2026-05-29T18:00:00,1001,Fort Lauderdale East,SKU006,Ground Beef,meat,meat,1,7.99,7.99,false
2026-05-29T18:00:00,1001,Fort Lauderdale East,SKU007,Italian Bread,bakery,bakery,2,3.99,7.98,false
2026-05-29T18:00:00,1001,Fort Lauderdale East,SKU008,Croissants,bakery,bakery,1,4.99,4.99,false
2026-05-29T18:00:00,1001,Fort Lauderdale East,SKU009,Sparkling Water,beverages,grocery,4,4.94,19.76,true
2026-05-29T18:00:00,1001,Fort Lauderdale East,SKU010,Orange Juice,beverages,grocery,3,4.99,14.97,false
2026-05-29T18:00:00,1001,Fort Lauderdale East,SKU011,Frozen Pizza,frozen,frozen,1,6.29,6.29,true
2026-05-29T18:00:00,1001,Fort Lauderdale East,SKU012,Ice Cream,frozen,frozen,2,5.99,11.98,false
2026-05-29T18:00:00,1001,Fort Lauderdale East,SKU014,Pasta,grocery,grocery,1,1.89,1.89,false
2026-05-29T18:00:00,1001,Fort Lauderdale East,SKU015,Paper Towels,household,grocery,1,12.99,12.99,false
2026-05-29T18:00:00,1002,Pembroke Pines,SKU001,Bananas,produce,produce,19,0.62,11.80,true
2026-05-29T18:00:00,1002,Pembroke Pines,SKU002,Avocados,produce,produce,7,1.49,10.43,false
2026-05-29T18:00:00,1002,Pembroke Pines,SKU003,Whole Milk,dairy,dairy,8,3.86,30.89,true
2026-05-29T18:00:00,1002,Pembroke Pines,SKU004,Greek Yogurt,dairy,dairy,2,1.39,2.78,false
2026-05-29T18:00:00,1002,Pembroke Pines,SKU005,Chicken Breast,meat,meat,2,8.49,16.98,false
2026-05-29T18:00:00,1002,Pembroke Pines,SKU006,Ground Beef,meat,meat,4,7.99,31.96,false
2026-05-29T18:00:00,1002,Pembroke Pines,SKU007,Italian Bread,bakery,bakery,3,3.99,11.97,false
2026-05-29T18:00:00,1002,Pembroke Pines,SKU008,Croissants,bakery,bakery,2,4.99,9.98,false
2026-05-29T18:00:00,1002,Pembroke Pines,SKU009,Sparkling Water,beverages,grocery,3,4.94,14.82,true
2026-05-29T18:00:00,1002,Pembroke Pines,SKU010,Orange Juice,beverages,grocery,3,4.99,14.97,false
2026-05-29T18:00:00,1002,Pembroke Pines,SKU011,Frozen Pizza,frozen,frozen,3,6.29,18.87,true
2026-05-29T18:00:00,1002,Pembroke Pines,SKU012,Ice Cream,frozen,frozen,2,5.99,11.98,false
2026-05-29T18:00:00,1002,Pembroke Pines,SKU013,Peanut Butter,grocery,grocery,1,3.49,3.49,false
2026-05-29T18:00:00,1002,Pembroke Pines,SKU014,Pasta,grocery,grocery,2,1.89,3.78,false
2026-05-29T18:00:00,1003,Davie,SKU001,Bananas,produce,produce,18,0.62,11.18,true
2026-05-29T18:00:00,1003,Davie,SKU002,Avocados,produce,produce,4,1.49,5.96,false
2026-05-29T18:00:00,1003,Davie,SKU003,Whole Milk,dairy,dairy,5,3.86,19.30,true
2026-05-29T18:00:00,1003,Davie,SKU004,Greek Yogurt,dairy,dairy,2,1.39,2.78,false
2026-05-29T18:00:00,1003,Davie,SKU005,Chicken Breast,meat,meat,1,8.49,8.49,false
2026-05-29T18:00:00,1003,Davie,SKU006,Ground Beef,meat,meat,4,7.99,31.96,false
2026-05-29T18:00:00,1003,Davie,SKU007,Italian Bread,bakery,bakery,2,3.99,7.98,false
2026-05-29T18:00:00,1003,Davie,SKU008,Croissants,bakery,bakery,2,4.99,9.98,false
2026-05-29T18:00:00,1003,Davie,SKU009,Sparkling Water,beverages,grocery,3,4.94,14.82,true
2026-05-29T18:00:00,1003,Davie,SKU010,Orange Juice,beverages,grocery,3,4.99,14.97,false
2026-05-29T18:00:00,1003,Davie,SKU011,Frozen Pizza,frozen,frozen,3,6.29,18.87,true
2026-05-29T18:00:00,1003,Davie,SKU012,Ice Cream,frozen,frozen,1,5.99,5.99,false
2026-05-29T18:00:00,1003,Davie,SKU013,Peanut Butter,grocery,grocery,1,3.49,3.49,false
2026-05-29T18:00:00,1003,Davie,SKU015,Paper Towels,household,grocery,1,12.99,12.99,false
2026-05-29T19:00:00,1001,Fort Lauderdale East,SKU001,Bananas,produce,produce,15,0.62,9.31,true
2026-05-29T19:00:00,1001,Fort Lauderdale East,SKU002,Avocados,produce,produce,4,1.49,5.96,false
2026-05-29T19:00:00,1001,Fort Lauderdale East,SKU003,Whole Milk,dairy,dairy,5,3.86,19.30,true
2026-05-29T19:00:00,1001,Fort Lauderdale East,SKU004,Greek Yogurt,dairy,dairy,3,1.39,4.17,false
2026-05-29T19:00:00,1001,Fort Lauderdale East,SKU005,Chicken Breast,meat,meat,3,8.49,25.47,false
2026-05-29T19:00:00,1001,Fort Lauderdale East,SKU006,Ground Beef,meat,meat,2,7.99,15.98,false
2026-05-29T19:00:00,1001,Fort Lauderdale East,SKU007,Italian Bread,bakery,bakery,1,3.99,3.99,false
2026-05-29T19:00:00,1001,Fort Lauderdale East,SKU008,Croissants,bakery,bakery,2,4.99,9.98,false
2026-05-29T19:00:00,1001,Fort Lauderdale East,SKU009,Sparkling Water,beverages,grocery,4,4.94,19.76,true
2026-05-29T19:00:00,1001,Fort Lauderdale East,SKU010,Orange Juice,beverages,grocery,1,4.99,4.99,false
2026-05-29T19:00:00,1001,Fort Lauderdale East,SKU011,Frozen Pizza,frozen,frozen,1,6.29,6.29,true
2026-05-29T19:00:00,1001,Fort Lauderdale East,SKU012,Ice Cream,frozen,frozen,2,5.99,11.98,false
2026-05-29T19:00:00,1001,Fort Lauderdale East,SKU013,Peanut Butter,grocery,grocery,2,3.49,6.98,false
2026-05-29T19:00:00,1002,Pembroke Pines,SKU001,Bananas,produce,produce,11,0.62,6.83,true
2026-05-29T19:00:00,1002,Pembroke Pines,SKU002,Avocados,produce,produce,3,1.49,4.47,false
2026-05-29T19:00:00,1002,Pembroke Pines,SKU003,Whole Milk,dairy,dairy,4,3.86,15.44,true
2026-05-29T19:00:00,1002,Pembroke Pines,SKU004,Greek Yogurt,dairy,dairy,2,1.39,2.78,false
2026-05-29T19:00:00,1002,Pembroke Pines,SKU005,Chicken Breast,meat,meat,1,8.49,8.49,false
2026-05-29T19:00:00,1002,Pembroke Pines,SKU006,Ground Beef,meat,meat,1,7.99,7.99,false
2026-05-29T19:00:00,1002,Pembroke Pines,SKU007,Italian Bread,bakery,bakery,1,3.99,3.99,false
2026-05-29T19:00:00,1002,Pembroke Pines,SKU008,Croissants,bakery,bakery,1,4.99,4.99,false
2026-05-29T19:00:00,1002,Pembroke Pines,SKU009,Sparkling Water,beverages,grocery,2,4.94,9.88,true
2026-05-29T19:00:00,1002,Pembroke Pines,SKU011,Frozen Pizza,frozen,frozen,3,6.29,18.87,true
2026-05-29T19:00:00,1002,Pembroke Pines,SKU012,Ice Cream,frozen,frozen,1,5.99,5.99,false
2026-05-29T19:00:00,1002,Pembroke Pines,SKU013,Peanut Butter,grocery,grocery,1,3.49,3.49,false
2026-05-29T19:00:00,1003,Davie,SKU001,Bananas,produce,produce,9,0.62,5.59,true
2026-05-29T19:00:00,1003,Davie,SKU002,Avocados,produce,produce,5,1.49,7.45,false
2026-05-29T19:00:00,1003,Davie,SKU003,Whole Milk,dairy,dairy,6,3.86,23.17,true
2026-05-29T19:00:00,1003,Davie,SKU004,Greek Yogurt,dairy,dairy,2,1.39,2.78,false
2026-05-29T19:00:00,1003,Davie,SKU005,Chicken Breast,meat,meat,1,8.49,8.49,false
2026-05-29T19:00:00,1003,Davie,SKU006,Ground Beef,meat,meat,1,7.99,7.99,false
2026-05-29T19:00:00,1003,Davie,SKU007,Italian Bread,bakery,bakery,2,3.99,7.98,false
2026-05-29T19:00:00,1003,Davie,SKU008,Croissants,bakery,bakery,1,4.99,4.99,false
2026-05-29T19:00:00,1003,Davie,SKU009,Sparkling Water,beverages,grocery,1,4.94,4.94,true
2026-05-29T19:00:00,1003,Davie,SKU010,Orange Juice,beverages,grocery,1,4.99,4.99,false
2026-05-29T19:00:00,1003,Davie,SKU012,Ice Cream,frozen,frozen,2,5.99,11.98,false
2026-05-29T19:00:00,1003,Davie,SKU013,Peanut Butter,grocery,grocery,2,3.49,6.98,false
2026-05-29T19:00:00,1003,Davie,SKU014,Pasta,grocery,grocery,1,1.89,1.89,false
2026-05-29T20:00:00,1001,Fort Lauderdale East,SKU001,Bananas,produce,produce,15,0.62,9.31,true
2026-05-29T20:00:00,1001,Fort Lauderdale East,SKU002,Avocados,produce,produce,5,1.49,7.45,false
2026-05-29T20:00:00,1001,Fort Lauderdale East,SKU003,Whole Milk,dairy,dairy,2,3.86,7.72,true
2026-05-29T20:00:00,1001,Fort Lauderdale East,SKU004,Greek Yogurt,dairy,dairy,2,1.39,2.78,false
2026-05-29T20:00:00,1001,Fort Lauderdale East,SKU005,Chicken Breast,meat,meat,3,8.49,25.47,false
2026-05-29T20:00:00,1001,Fort Lauderdale East,SKU006,Ground Beef,meat,meat,3,7.99,23.97,false
2026-05-29T20:00:00,1001,Fort Lauderdale East,SKU007,Italian Bread,bakery,bakery,1,3.99,3.99,false
2026-05-29T20:00:00,1001,Fort Lauderdale East,SKU008,Croissants,bakery,bakery,1,4.99,4.99,false
2026-05-29T20:00:00,1001,Fort Lauderdale East,SKU009,Sparkling Water,beverages,grocery,3,4.94,14.82,true
2026-05-29T20:00:00,1001,Fort Lauderdale East,SKU010,Orange Juice,beverages,grocery,3,4.99,14.97,false
2026-05-29T20:00:00,1001,Fort Lauderdale East,SKU013,Peanut Butter,grocery,grocery,1,3.49,3.49,false
2026-05-29T20:00:00,1001,Fort Lauderdale East,SKU014,Pasta,grocery,grocery,1,1.89,1.89,false
2026-05-29T20:00:00,1002,Pembroke Pines,SKU001,Bananas,produce,produce,12,0.62,7.45,true
2026-05-29T20:00:00,1002,Pembroke Pines,SKU002,Avocados,produce,produce,4,1.49,5.96,false
2026-05-29T20:00:00,1002,Pembroke Pines,SKU003,Whole Milk,dairy,dairy,6,3.86,23.17,true
2026-05-29T20:00:00,1002,Pembroke Pines,SKU004,Greek Yogurt,dairy,dairy,1,1.39,1.39,false
2026-05-29T20:00:00,1002,Pembroke Pines,SKU005,Chicken Breast,meat,meat,2,8.49,16.98,false
2026-05-29T20:00:00,1002,Pembroke Pines,SKU007,Italian Bread,bakery,bakery,3,3.99,11.97,false
2026-05-29T20:00:00,1002,Pembroke Pines,SKU009,Sparkling Water,beverages,grocery,1,4.94,4.94,true
2026-05-29T20:00:00,1002,Pembroke Pines,SKU012,Ice Cream,frozen,frozen,2,5.99,11.98,false
2026-05-29T20:00:00,1002,Pembroke Pines,SKU013,Peanut Butter,grocery,grocery,3,3.49,10.47,false
2026-05-29T20:00:00,1002,Pembroke Pines,SKU014,Pasta,grocery,grocery,1,1.89,1.89,false
2026-05-29T20:00:00,1003,Davie,SKU001,Bananas,produce,produce,16,0.62,9.94,true
2026-05-29T20:00:00,1003,Davie,SKU002,Avocados,produce,produce,2,1.49,2.98,false
2026-05-29T20:00:00,1003,Davie,SKU003,Whole Milk,dairy,dairy,5,3.86,19.30,true
2026-05-29T20:00:00,1003,Davie,SKU004,Greek Yogurt,dairy,dairy,2,1.39,2.78,false
2026-05-29T20:00:00,1003,Davie,SKU005,Chicken Breast,meat,meat,2,8.49,16.98,false
2026-05-29T20:00:00,1003,Davie,SKU006,Ground Beef,meat,meat,1,7.99,7.99,false
2026-05-29T20:00:00,1003,Davie,SKU007,Italian Bread,bakery,bakery,1,3.99,3.99,false
2026-05-29T20:00:00,1003,Davie,SKU009,Sparkling Water,beverages,grocery,2,4.94,9.88,true
2026-05-29T20:00:00,1003,Davie,SKU010,Orange Juice,beverages,grocery,2,4.99,9.98,false
2026-05-29T21:00:00,1001,Fort Lauderdale East,SKU001,Bananas,produce,produce,14,0.62,8.69,true
2026-05-29T21:00:00,1001,Fort Lauderdale East,SKU002,Avocados,produce,produce,4,1.49,5.96,false
2026-05-29T21:00:00,1001,Fort Lauderdale East,SKU003,Whole Milk,dairy,dairy,4,3.86,15.44,true
2026-05-29T21:00:00,1001,Fort Lauderdale East,SKU004,Greek Yogurt,dairy,dairy,1,1.39,1.39,false
2026-05-29T21:00:00,1001,Fort Lauderdale East,SKU005,Chicken Breast,meat,meat,2,8.49,16.98,false
2026-05-29T21:00:00,1001,Fort Lauderdale East,SKU006,Ground Beef,meat,meat,3,7.99,23.97,false
2026-05-29T21:00:00,1001,Fort Lauderdale East,SKU007,Italian Bread,bakery,bakery,2,3.99,7.98,false
2026-05-29T21:00:00,1001,Fort Lauderdale East,SKU009,Sparkling Water,beverages,grocery,2,4.94,9.88,true
2026-05-29T21:00:00,1001,Fort Lauderdale East,SKU010,Orange Juice,beverages,grocery,2,4.99,9.98,false
2026-05-29T21:00:00,1001,Fort Lauderdale East,SKU011,Frozen Pizza,frozen,frozen,1,6.29,6.29,true
2026-05-29T21:00:00,1001,Fort Lauderdale East,SKU012,Ice Cream,frozen,frozen,1,5.99,5.99,false
2026-05-29T21:00:00,1001,Fort Lauderdale East,SKU013,Peanut Butter,grocery,grocery,2,3.49,6.98,false
2026-05-29T21:00:00,1001,Fort Lauderdale East,SKU014,Pasta,grocery,grocery,2,1.89,3.78,false
2026-05-29T21:00:00,1002,Pembroke Pines,SKU001,Bananas,produce,produce,15,0.62,9.31,true
2026-05-29T21:00:00,1002,Pembroke Pines,SKU002,Avocados,produce,produce,3,1.49,4.47,false
2026-05-29T21:00:00,1002,Pembroke Pines,SKU003,Whole Milk,dairy,dairy,3,3.86,11.58,true
2026-05-29T21:00:00,1002,Pembroke Pines,SKU004,Greek Yogurt,dairy,dairy,3,1.39,4.17,false
2026-05-29T21:00:00,1002,Pembroke Pines,SKU005,Chicken Breast,meat,meat,3,8.49,25.47,false
2026-05-29T21:00:00,1002,Pembroke Pines,SKU006,Ground Beef,meat,meat,2,7.99,15.98,false
2026-05-29T21:00:00,1002,Pembroke Pines,SKU007,Italian Bread,bakery,bakery,1,3.99,3.99,false
2026-05-29T21:00:00,1002,Pembroke Pines,SKU008,Croissants,bakery,bakery,2,4.99,9.98,false
2026-05-29T21:00:00,1002,Pembroke Pines,SKU009,Sparkling Water,beverages,grocery,3,4.94,14.82,true
2026-05-29T21:00:00,1002,Pembroke Pines,SKU011,Frozen Pizza,frozen,frozen,2,6.29,12.58,true
2026-05-29T21:00:00,1002,Pembroke Pines,SKU012,Ice Cream,frozen,frozen,1,5.99,5.99,false
2026-05-29T21:00:00,1002,Pembroke Pines,SKU013,Peanut Butter,grocery,grocery,1,3.49,3.49,false
2026-05-29T21:00:00,1003,Davie,SKU001,Bananas,produce,produce,17,0.62,10.56,true
2026-05-29T21:00:00,1003,Davie,SKU002,Avocados,produce,produce,2,1.49,2.98,false
2026-05-29T21:00:00,1003,Davie,SKU003,Whole Milk,dairy,dairy,5,3.86,19.30,true
2026-05-29T21:00:00,1003,Davie,SKU004,Greek Yogurt,dairy,dairy,1,1.39,1.39,false
2026-05-29T21:00:00,1003,Davie,SKU006,Ground Beef,meat,meat,3,7.99,23.97,false
2026-05-29T21:00:00,1003,Davie,SKU007,Italian Bread,bakery,bakery,3,3.99,11.97,false
2026-05-29T21:00:00,1003,Davie,SKU008,Croissants,bakery,bakery,1,4.99,4.99,false
2026-05-29T21:00:00,1003,Davie,SKU009,Sparkling Water,beverages,grocery,2,4.94,9.88,true
2026-05-29T21:00:00,1003,Davie,SKU010,Orange Juice,beverages,grocery,1,4.99,4.99,false
2026-05-29T21:00:00,1003,Davie,SKU011,Frozen Pizza,frozen,frozen,2,6.29,12.58,true
2026-05-29T21:00:00,1003,Davie,SKU012,Ice Cream,frozen,frozen,2,5.99,11.98,false
2026-05-29T21:00:00,1003,Davie,SKU014,Pasta,grocery,grocery,1,1.89,1.89,false
2026-05-30T06:00:00,1001,Fort Lauderdale East,SKU001,Bananas,produce,produce,21,0.62,13.04,true
2026-05-30T06:00:00,1001,Fort Lauderdale East,SKU002,Avocados,produce,produce,4,1.49,5.96,false
2026-05-30T06:00:00,1001,Fort Lauderdale East,SKU003,Whole Milk,dairy,dairy,4,3.86,15.44,true
2026-05-30T06:00:00,1001,Fort Lauderdale East,SKU004,Greek Yogurt,dairy,dairy,2,1.39,2.78,false
2026-05-30T06:00:00,1001,Fort Lauderdale East,SKU005,Chicken Breast,meat,meat,3,8.49,25.47,false
2026-05-30T06:00:00,1001,Fort Lauderdale East,SKU006,Ground Beef,meat,meat,1,7.99,7.99,false
2026-05-30T06:00:00,1001,Fort Lauderdale East,SKU007,Italian Bread,bakery,bakery,2,3.99,7.98,false
2026-05-30T06:00:00,1001,Fort Lauderdale East,SKU008,Croissants,bakery,bakery,1,4.99,4.99,false
2026-05-30T06:00:00,1001,Fort Lauderdale East,SKU009,Sparkling Water,beverages,grocery,1,4.94,4.94,true
2026-05-30T06:00:00,1001,Fort Lauderdale East,SKU010,Orange Juice,beverages,grocery,3,4.99,14.97,false
2026-05-30T06:00:00,1001,Fort Lauderdale East,SKU011,Frozen Pizza,frozen,frozen,1,6.29,6.29,true
2026-05-30T06:00:00,1001,Fort Lauderdale East,SKU012,Ice Cream,frozen,frozen,1,5.99,5.99,false
2026-05-30T06:00:00,1001,Fort Lauderdale East,SKU014,Pasta,grocery,grocery,1,1.89,1.89,false
2026-05-30T06:00:00,1002,Pembroke Pines,SKU001,Bananas,produce,produce,11,0.62,6.83,true
2026-05-30T06:00:00,1002,Pembroke Pines,SKU002,Avocados,produce,produce,4,1.49,5.96,false
2026-05-30T06:00:00,1002,Pembroke Pines,SKU003,Whole Milk,dairy,dairy,4,3.86,15.44,true
2026-05-30T06:00:00,1002,Pembroke Pines,SKU004,Greek Yogurt,dairy,dairy,3,1.39,4.17,false
2026-05-30T06:00:00,1002,Pembroke Pines,SKU005,Chicken Breast,meat,meat,3,8.49,25.47,false
2026-05-30T06:00:00,1002,Pembroke Pines,SKU006,Ground Beef,meat,meat,3,7.99,23.97,false
2026-05-30T06:00:00,1002,Pembroke Pines,SKU007,Italian Bread,bakery,bakery,1,3.99,3.99,false
2026-05-30T06:00:00,1002,Pembroke Pines,SKU008,Croissants,bakery,bakery,2,4.99,9.98,false
2026-05-30T06:00:00,1002,Pembroke Pines,SKU009,Sparkling Water,beverages,grocery,2,4.94,9.88,true
2026-05-30T06:00:00,1002,Pembroke Pines,SKU010,Orange Juice,beverages,grocery,1,4.99,4.99,false
2026-05-30T06:00:00,1002,Pembroke Pines,SKU011,Frozen Pizza,frozen,frozen,1,6.29,6.29,true
2026-05-30T06:00:00,1002,Pembroke Pines,SKU013,Peanut Butter,grocery,grocery,1,3.49,3.49,false
2026-05-30T06:00:00,1003,Davie,SKU001,Bananas,produce,produce,16,0.62,9.94,true
2026-05-30T06:00:00,1003,Davie,SKU002,Avocados,produce,produce,3,1.49,4.47,false
2026-05-30T06:00:00,1003,Davie,SKU003,Whole Milk,dairy,dairy,3,3.86,11.58,true
2026-05-30T06:00:00,1003,Davie,SKU004,Greek Yogurt,dairy,dairy,2,1.39,2.78,false
2026-05-30T06:00:00,1003,Davie,SKU005,Chicken Breast,meat,meat,3,8.49,25.47,false
2026-05-30T06:00:00,1003,Davie,SKU006,Ground Beef,meat,meat,3,7.99,23.97,false
2026-05-30T06:00:00,1003,Davie,SKU007,Italian Bread,bakery,bakery,1,3.99,3.99,false
2026-05-30T06:00:00,1003,Davie,SKU009,Sparkling Water,beverages,grocery,1,4.94,4.94,true
2026-05-30T06:00:00,1003,Davie,SKU010,Orange Juice,beverages,grocery,3,4.99,14.97,false
2026-05-30T06:00:00,1003,Davie,SKU011,Frozen Pizza,frozen,frozen,2,6.29,12.58,true
2026-05-30T06:00:00,1003,Davie,SKU013,Peanut Butter,grocery,grocery,2,3.49,6.98,false
2026-05-30T06:00:00,1003,Davie,SKU015,Paper Towels,household,grocery,2,12.99,25.98,false
2026-05-30T07:00:00,1001,Fort Lauderdale East,SKU001,Bananas,produce,produce,18,0.62,11.18,true
2026-05-30T07:00:00,1001,Fort Lauderdale East,SKU002,Avocados,produce,produce,3,1.49,4.47,false
2026-05-30T07:00:00,1001,Fort Lauderdale East,SKU003,Whole Milk,dairy,dairy,5,3.86,19.30,true
2026-05-30T07:00:00,1001,Fort Lauderdale East,SKU004,Greek Yogurt,dairy,dairy,3,1.39,4.17,false
2026-05-30T07:00:00,1001,Fort Lauderdale East,SKU005,Chicken Breast,meat,meat,2,8.49,16.98,false
2026-05-30T07:00:00,1001,Fort Lauderdale East,SKU006,Ground Beef,meat,meat,2,7.99,15.98,false
2026-05-30T07:00:00,1001,Fort Lauderdale East,SKU007,Italian Bread,bakery,bakery,2,3.99,7.98,false
2026-05-30T07:00:00,1001,Fort Lauderdale East,SKU008,Croissants,bakery,bakery,1,4.99,4.99,false
2026-05-30T07:00:00,1001,Fort Lauderdale East,SKU009,Sparkling Water,beverages,grocery,4,4.94,19.76,true
2026-05-30T07:00:00,1001,Fort Lauderdale East,SKU011,Frozen Pizza,frozen,frozen,2,6.29,12.58,true
2026-05-30T07:00:00,1001,Fort Lauderdale East,SKU013,Peanut Butter,grocery,grocery,1,3.49,3.49,false
2026-05-30T07:00:00,1001,Fort Lauderdale East,SKU015,Paper Towels,household,grocery,3,12.99,38.97,false
2026-05-30T07:00:00,1002,Pembroke Pines,SKU001,Bananas,produce,produce,11,0.62,6.83,true
2026-05-30T07:00:00,1002,Pembroke Pines,SKU002,Avocados,produce,produce,3,1.49,4.47,false
2026-05-30T07:00:00,1002,Pembroke Pines,SKU003,Whole Milk,dairy,dairy,3,3.86,11.58,true
2026-05-30T07:00:00,1002,Pembroke Pines,SKU004,Greek Yogurt,dairy,dairy,3,1.39,4.17,false
2026-05-30T07:00:00,1002,Pembroke Pines,SKU005,Chicken Breast,meat,meat,1,8.49,8.49,false
2026-05-30T07:00:00,1002,Pembroke Pines,SKU006,Ground Beef,meat,meat,1,7.99,7.99,false
2026-05-30T07:00:00,1002,Pembroke Pines,SKU007,Italian Bread,bakery,bakery,4,3.99,15.96,false
2026-05-30T07:00:00,1002,Pembroke Pines,SKU008,Croissants,bakery,bakery,2,4.99,9.98,false
2026-05-30T07:00:00,1002,Pembroke Pines,SKU009,Sparkling Water,beverages,grocery,2,4.94,9.88,true
2026-05-30T07:00:00,1002,Pembroke Pines,SKU010,Orange Juice,beverages,grocery,4,4.99,19.96,false
2026-05-30T07:00:00,1002,Pembroke Pines,SKU011,Frozen Pizza,frozen,frozen,1,6.29,6.29,true
2026-05-30T07:00:00,1002,Pembroke Pines,SKU014,Pasta,grocery,grocery,2,1.89,3.78,false
2026-05-30T07:00:00,1003,Davie,SKU001,Bananas,produce,produce,17,0.62,10.56,true
2026-05-30T07:00:00,1003,Davie,SKU002,Avocados,produce,produce,2,1.49,2.98,false
2026-05-30T07:00:00,1003,Davie,SKU003,Whole Milk,dairy,dairy,2,3.86,7.72,true
2026-05-30T07:00:00,1003,Davie,SKU004,Greek Yogurt,dairy,dairy,1,1.39,1.39,false
2026-05-30T07:00:00,1003,Davie,SKU005,Chicken Breast,meat,meat,2,8.49,16.98,false
2026-05-30T07:00:00,1003,Davie,SKU006,Ground Beef,meat,meat,3,7.99,23.97,false
2026-05-30T07:00:00,1003,Davie,SKU007,Italian Bread,bakery,bakery,3,3.99,11.97,false
2026-05-30T07:00:00,1003,Davie,SKU008,Croissants,bakery,bakery,1,4.99,4.99,false
2026-05-30T07:00:00,1003,Davie,SKU009,Sparkling Water,beverages,grocery,3,4.94,14.82,true
2026-05-30T07:00:00,1003,Davie,SKU011,Frozen Pizza,frozen,frozen,2,6.29,12.58,true
2026-05-30T07:00:00,1003,Davie,SKU012,Ice Cream,frozen,frozen,1,5.99,5.99,false
2026-05-30T07:00:00,1003,Davie,SKU015,Paper Towels,household,grocery,1,12.99,12.99,false
2026-05-30T08:00:00,1001,Fort Lauderdale East,SKU001,Bananas,produce,produce,19,0.62,11.80,true
2026-05-30T08:00:00,1001,Fort Lauderdale East,SKU002,Avocados,produce,produce,5,1.49,7.45,false
2026-05-30T08:00:00,1001,Fort Lauderdale East,SKU003,Whole Milk,dairy,dairy,4,3.86,15.44,true
2026-05-30T08:00:00,1001,Fort Lauderdale East,SKU004,Greek Yogurt,dairy,dairy,1,1.39,1.39,false
2026-05-30T08:00:00,1001,Fort Lauderdale East,SKU005,Chicken Breast,meat,meat,4,8.49,33.96,false
2026-05-30T08:00:00,1001,Fort Lauderdale East,SKU006,Ground Beef,meat,meat,1,7.99,7.99,false
2026-05-30T08:00:00,1001,Fort Lauderdale East,SKU007,Italian Bread,bakery,bakery,1,3.99,3.99,false
2026-05-30T08:00:00,1001,Fort Lauderdale East,SKU009,Sparkling Water,beverages,grocery,3,4.94,14.82,true
2026-05-30T08:00:00,1001,Fort Lauderdale East,SKU010,Orange Juice,beverages,grocery,2,4.99,9.98,false
2026-05-30T08:00:00,1001,Fort Lauderdale East,SKU011,Frozen Pizza,frozen,frozen,2,6.29,12.58,true
2026-05-30T08:00:00,1001,Fort Lauderdale East,SKU012,Ice Cream,frozen,frozen,1,5.99,5.99,false
2026-05-30T08:00:00,1001,Fort Lauderdale East,SKU013,Peanut Butter,grocery,grocery,1,3.49,3.49,false
2026-05-30T08:00:00,1001,Fort Lauderdale East,SKU014,Pasta,grocery,grocery,1,1.89,1.89,false
2026-05-30T08:00:00,1001,Fort Lauderdale East,SKU015,Paper Towels,household,grocery,1,12.99,12.99,false
2026-05-30T08:00:00,1002,Pembroke Pines,SKU001,Bananas,produce,produce,17,0.62,10.56,true
2026-05-30T08:00:00,1002,Pembroke Pines,SKU002,Avocados,produce,produce,4,1.49,5.96,false
2026-05-30T08:00:00,1002,Pembroke Pines,SKU003,Whole Milk,dairy,dairy,4,3.86,15.44,true
2026-05-30T08:00:00,1002,Pembroke Pines,SKU004,Greek Yogurt,dairy,dairy,1,1.39,1.39,false
2026-05-30T08:00:00,1002,Pembroke Pines,SKU005,Chicken Breast,meat,meat,3,8.49,25.47,false
2026-05-30T08:00:00,1002,Pembroke Pines,SKU006,Ground Beef,meat,meat,1,7.99,7.99,false
2026-05-30T08:00:00,1002,Pembroke Pines,SKU007,Italian Bread,bakery,bakery,2,3.99,7.98,false
2026-05-30T08:00:00,1002,Pembroke Pines,SKU009,Sparkling Water,beverages,grocery,4,4.94,19.76,true
2026-05-30T08:00:00,1002,Pembroke Pines,SKU011,Frozen Pizza,frozen,frozen,2,6.29,12.58,true
2026-05-30T08:00:00,1002,Pembroke Pines,SKU012,Ice Cream,frozen,frozen,2,5.99,11.98,false
2026-05-30T08:00:00,1002,Pembroke Pines,SKU013,Peanut Butter,grocery,grocery,2,3.49,6.98,false
2026-05-30T08:00:00,1002,Pembroke Pines,SKU014,Pasta,grocery,grocery,1,1.89,1.89,false
2026-05-30T08:00:00,1003,Davie,SKU001,Bananas,produce,produce,13,0.62,8.07,true
2026-05-30T08:00:00,1003,Davie,SKU003,Whole Milk,dairy,dairy,3,3.86,11.58,true
2026-05-30T08:00:00,1003,Davie,SKU004,Greek Yogurt,dairy,dairy,3,1.39,4.17,false
2026-05-30T08:00:00,1003,Davie,SKU005,Chicken Breast,meat,meat,1,8.49,8.49,false
2026-05-30T08:00:00,1003,Davie,SKU006,Ground Beef,meat,meat,2,7.99,15.98,false
2026-05-30T08:00:00,1003,Davie,SKU007,Italian Bread,bakery,bakery,4,3.99,15.96,false
2026-05-30T08:00:00,1003,Davie,SKU009,Sparkling Water,beverages,grocery,1,4.94,4.94,true
2026-05-30T08:00:00,1003,Davie,SKU010,Orange Juice,beverages,grocery,1,4.99,4.99,false
2026-05-30T08:00:00,1003,Davie,SKU014,Pasta,grocery,grocery,1,1.89,1.89,false
2026-05-30T09:00:00,1001,Fort Lauderdale East,SKU001,Bananas,produce,produce,7,0.62,4.35,true
2026-05-30T09:00:00,1001,Fort Lauderdale East,SKU002,Avocados,produce,produce,4,1.49,5.96,false
2026-05-30T09:00:00,1001,Fort Lauderdale East,SKU003,Whole Milk,dairy,dairy,6,3.86,23.17,true
2026-05-30T09:00:00,1001,Fort Lauderdale East,SKU004,Greek Yogurt,dairy,dairy,2,1.39,2.78,false
2026-05-30T09:00:00,1001,Fort Lauderdale East,SKU005,Chicken Breast,meat,meat,3,8.49,25.47,false
2026-05-30T09:00:00,1001,Fort Lauderdale East,SKU006,Ground Beef,meat,meat,2,7.99,15.98,false
2026-05-30T09:00:00,1001,Fort Lauderdale East,SKU007,Italian Bread,bakery,bakery,1,3.99,3.99,false
2026-05-30T09:00:00,1001,Fort Lauderdale East,SKU008,Croissants,bakery,bakery,1,4.99,4.99,false
2026-05-30T09:00:00,1001,Fort Lauderdale East,SKU009,Sparkling Water,beverages,grocery,2,4.94,9.88,true
2026-05-30T09:00:00,1001,Fort Lauderdale East,SKU010,Orange Juice,beverages,grocery,1,4.99,4.99,false
2026-05-30T09:00:00,1001,Fort Lauderdale East,SKU012,Ice Cream,frozen,frozen,1,5.99,5.99,false
2026-05-30T09:00:00,1001,Fort Lauderdale East,SKU013,Peanut Butter,grocery,grocery,3,3.49,10.47,false
2026-05-30T09:00:00,1001,Fort Lauderdale East,SKU014,Pasta,grocery,grocery,1,1.89,1.89,false
2026-05-30T09:00:00,1002,Pembroke Pines,SKU001,Bananas,produce,produce,10,0.62,6.21,true
2026-05-30T09:00:00,1002,Pembroke Pines,SKU002,Avocados,produce,produce,3,1.49,4.47,false
2026-05-30T09:00:00,1002,Pembroke Pines,SKU003,Whole Milk,dairy,dairy,4,3.86,15.44,true
2026-05-30T09:00:00,1002,Pembroke Pines,SKU004,Greek Yogurt,dairy,dairy,2,1.39,2.78,false
2026-05-30T09:00:00,1002,Pembroke Pines,SKU005,Chicken Breast,meat,meat,1,8.49,8.49,false
2026-05-30T09:00:00,1002,Pembroke Pines,SKU006,Ground Beef,meat,meat,1,7.99,7.99,false
2026-05-30T09:00:00,1002,Pembroke Pines,SKU007,Italian Bread,bakery,bakery,1,3.99,3.99,false
2026-05-30T09:00:00,1002,Pembroke Pines,SKU008,Croissants,bakery,bakery,2,4.99,9.98,false
2026-05-30T09:00:00,1002,Pembroke Pines,SKU009,Sparkling Water,beverages,grocery,4,4.94,19.76,true
2026-05-30T09:00:00,1002,Pembroke Pines,SKU010,Orange Juice,beverages,grocery,1,4.99,4.99,false
2026-05-30T09:00:00,1002,Pembroke Pines,SKU011,Frozen Pizza,frozen,frozen,1,6.29,6.29,true
2026-05-30T09:00:00,1002,Pembroke Pines,SKU012,Ice Cream,frozen,frozen,1,5.99,5.99,false
2026-05-30T09:00:00,1002,Pembroke Pines,SKU013,Peanut Butter,grocery,grocery,1,3.49,3.49,false
2026-05-30T09:00:00,1003,Davie,SKU001,Bananas,produce,produce,15,0.62,9.31,true
2026-05-30T09:00:00,1003,Davie,SKU002,Avocados,produce,produce,1,1.49,1.49,false
2026-05-30T09:00:00,1003,Davie,SKU003,Whole Milk,dairy,dairy,6,3.86,23.17,true
2026-05-30T09:00:00,1003,Davie,SKU004,Greek Yogurt,dairy,dairy,2,1.39,2.78,false
2026-05-30T09:00:00,1003,Davie,SKU005,Chicken Breast,meat,meat,2,8.49,16.98,false
2026-05-30T09:00:00,1003,Davie,SKU006,Ground Beef,meat,meat,1,7.99,7.99,false
2026-05-30T09:00:00,1003,Davie,SKU007,Italian Bread,bakery,bakery,1,3.99,3.99,false
2026-05-30T09:00:00,1003,Davie,SKU008,Croissants,bakery,bakery,3,4.99,14.97,false
2026-05-30T09:00:00,1003,Davie,SKU009,Sparkling Water,beverages,grocery,2,4.94,9.88,true
2026-05-30T09:00:00,1003,Davie,SKU010,Orange Juice,beverages,grocery,1,4.99,4.99,false
2026-05-30T09:00:00,1003,Davie,SKU011,Frozen Pizza,frozen,frozen,3,6.29,18.87,true
2026-05-30T09:00:00,1003,Davie,SKU012,Ice Cream,frozen,frozen,2,5.99,11.98,false
2026-05-30T09:00:00,1003,Davie,SKU014,Pasta,grocery,grocery,1,1.89,1.89,false
2026-05-30T10:00:00,1001,Fort Lauderdale East,SKU001,Bananas,produce,produce,13,0.62,8.07,true
2026-05-30T10:00:00,1001,Fort Lauderdale East,SKU002,Avocados,produce,produce,3,1.49,4.47,false
2026-05-30T10:00:00,1001,Fort Lauderdale East,SKU003,Whole Milk,dairy,dairy,5,3.86,19.30,true
2026-05-30T10:00:00,1001,Fort Lauderdale East,SKU004,Greek Yogurt,dairy,dairy,3,1.39,4.17,false
2026-05-30T10:00:00,1001,Fort Lauderdale East,SKU005,Chicken Breast,meat,meat,4,8.49,33.96,false
2026-05-30T10:00:00,1001,Fort Lauderdale East,SKU007,Italian Bread,bakery,bakery,4,3.99,15.96,false
2026-05-30T10:00:00,1001,Fort Lauderdale East,SKU008,Croissants,bakery,bakery,2,4.99,9.98,false
2026-05-30T10:00:00,1001,Fort Lauderdale East,SKU009,Sparkling Water,beverages,grocery,2,4.94,9.88,true
2026-05-30T10:00:00,1001,Fort Lauderdale East,SKU010,Orange Juice,beverages,grocery,1,4.99,4.99,false
2026-05-30T10:00:00,1001,Fort Lauderdale East,SKU012,Ice Cream,frozen,frozen,2,5.99,11.98,false
2026-05-30T10:00:00,1001,Fort Lauderdale East,SKU014,Pasta,grocery,grocery,1,1.89,1.89,false
2026-05-30T10:00:00,1002,Pembroke Pines,SKU001,Bananas,produce,produce,8,0.62,4.97,true
2026-05-30T10:00:00,1002,Pembroke Pines,SKU002,Avocados,produce,produce,4,1.49,5.96,false
2026-05-30T10:00:00,1002,Pembroke Pines,SKU003,Whole Milk,dairy,dairy,4,3.86,15.44,true
2026-05-30T10:00:00,1002,Pembroke Pines,SKU004,Greek Yogurt,dairy,dairy,1,1.39,1.39,false
2026-05-30T10:00:00,1002,Pembroke Pines,SKU005,Chicken Breast,meat,meat,3,8.49,25.47,false
2026-05-30T10:00:00,1002,Pembroke Pines,SKU006,Ground Beef,meat,meat,3,7.99,23.97,false
2026-05-30T10:00:00,1002,Pembroke Pines,SKU007,Italian Bread,bakery,bakery,2,3.99,7.98,false
2026-05-30T10:00:00,1002,Pembroke Pines,SKU008,Croissants,bakery,bakery,1,4.99,4.99,false
2026-05-30T10:00:00,1002,Pembroke Pines,SKU009,Sparkling Water,beverages,grocery,1,4.94,4.94,true
2026-05-30T10:00:00,1002,Pembroke Pines,SKU011,Frozen Pizza,frozen,frozen,1,6.29,6.29,true
2026-05-30T10:00:00,1002,Pembroke Pines,SKU012,Ice Cream,frozen,frozen,1,5.99,5.99,false
2026-05-30T10:00:00,1002,Pembroke Pines,SKU013,Peanut Butter,grocery,grocery,1,3.49,3.49,false
2026-05-30T10:00:00,1002,Pembroke Pines,SKU015,Paper Towels,household,grocery,3,12.99,38.97,false
2026-05-30T10:00:00,1003,Davie,SKU001,Bananas,produce,produce,15,0.62,9.31,true
2026-05-30T10:00:00,1003,Davie,SKU002,Avocados,produce,produce,2,1.49,2.98,false
2026-05-30T10:00:00,1003,Davie,SKU003,Whole Milk,dairy,dairy,3,3.86,11.58,true
2026-05-30T10:00:00,1003,Davie,SKU005,Chicken Breast,meat,meat,1,8.49,8.49,false
2026-05-30T10:00:00,1003,Davie,SKU006,Ground Beef,meat,meat,2,7.99,15.98,false
2026-05-30T10:00:00,1003,Davie,SKU007,Italian Bread,bakery,bakery,1,3.99,3.99,false
2026-05-30T10:00:00,1003,Davie,SKU009,Sparkling Water,beverages,grocery,2,4.94,9.88,true
2026-05-30T10:00:00,1003,Davie,SKU010,Orange Juice,beverages,grocery,2,4.99,9.98,false
2026-05-30T10:00:00,1003,Davie,SKU011,Frozen Pizza,frozen,frozen,2,6.29,12.58,true
2026-05-30T10:00:00,1003,Davie,SKU012,Ice Cream,frozen,frozen,1,5.99,5.99,false
2026-05-30T10:00:00,1003,Davie,SKU013,Peanut Butter,grocery,grocery,1,3.49,3.49,false
2026-05-30T11:00:00,1001,Fort Lauderdale East,SKU001,Bananas,produce,produce,17,0.62,10.56,true
2026-05-30T11:00:00,1001,Fort Lauderdale East,SKU002,Avocados,produce,produce,4,1.49,5.96,false
2026-05-30T11:00:00,1001,Fort Lauderdale East,SKU003,Whole Milk,dairy,dairy,5,3.86,19.30,true
2026-05-30T11:00:00,1001,Fort Lauderdale East,SKU004,Greek Yogurt,dairy,dairy,3,1.39,4.17,false
2026-05-30T11:00:00,1001,Fort Lauderdale East,SKU005,Chicken Breast,meat,meat,3,8.49,25.47,false
2026-05-30T11:00:00,1001,Fort Lauderdale East,SKU006,Ground Beef,meat,meat,1,7.99,7.99,false
2026-05-30T11:00:00,1001,Fort Lauderdale East,SKU007,Italian Bread,bakery,bakery,3,3.99,11.97,false
2026-05-30T11:00:00,1001,Fort Lauderdale East,SKU008,Croissants,bakery,bakery,2,4.99,9.98,false
2026-05-30T11:00:00,1001,Fort Lauderdale East,SKU009,Sparkling Water,beverages,grocery,3,4.94,14.82,true
2026-05-30T11:00:00,1001,Fort Lauderdale East,SKU010,Orange Juice,beverages,grocery,3,4.99,14.97,false
2026-05-30T11:00:00,1001,Fort Lauderdale East,SKU011,Frozen Pizza,frozen,frozen,3,6.29,18.87,true
2026-05-30T11:00:00,1001,Fort Lauderdale East,SKU012,Ice Cream,frozen,frozen,2,5.99,11.98,false
2026-05-30T11:00:00,1001,Fort Lauderdale East,SKU013,Peanut Butter,grocery,grocery,1,3.49,3.49,false
2026-05-30T11:00:00,1001,Fort Lauderdale East,SKU014,Pasta,grocery,grocery,2,1.89,3.78,false
2026-05-30T11:00:00,1001,Fort Lauderdale East,SKU015,Paper Towels,household,grocery,1,12.99,12.99,false
2026-05-30T11:00:00,1002,Pembroke Pines,SKU001,Bananas,produce,produce,10,0.62,6.21,true
2026-05-30T11:00:00,1002,Pembroke Pines,SKU002,Avocados,produce,produce,6,1.49,8.94,false
2026-05-30T11:00:00,1002,Pembroke Pines,SKU003,Whole Milk,dairy,dairy,5,3.86,19.30,true
2026-05-30T11:00:00,1002,Pembroke Pines,SKU004,Greek Yogurt,dairy,dairy,4,1.39,5.56,false
2026-05-30T11:00:00,1002,Pembroke Pines,SKU005,Chicken Breast,meat,meat,1,8.49,8.49,false
2026-05-30T11:00:00,1002,Pembroke Pines,SKU006,Ground Beef,meat,meat,2,7.99,15.98,false
2026-05-30T11:00:00,1002,Pembroke Pines,SKU007,Italian Bread,bakery,bakery,1,3.99,3.99,false
2026-05-30T11:00:00,1002,Pembroke Pines,SKU008,Croissants,bakery,bakery,2,4.99,9.98,false
2026-05-30T11:00:00,1002,Pembroke Pines,SKU009,Sparkling Water,beverages,grocery,3,4.94,14.82,true
2026-05-30T11:00:00,1002,Pembroke Pines,SKU010,Orange Juice,beverages,grocery,3,4.99,14.97,false
2026-05-30T11:00:00,1002,Pembroke Pines,SKU011,Frozen Pizza,frozen,frozen,2,6.29,12.58,true
2026-05-30T11:00:00,1002,Pembroke Pines,SKU013,Peanut Butter,grocery,grocery,2,3.49,6.98,false
2026-05-30T11:00:00,1003,Davie,SKU001,Bananas,produce,produce,15,0.62,9.31,true
2026-05-30T11:00:00,1003,Davie,SKU002,Avocados,produce,produce,4,1.49,5.96,false
2026-05-30T11:00:00,1003,Davie,SKU003,Whole Milk,dairy,dairy,4,3.86,15.44,true
2026-05-30T11:00:00,1003,Davie,SKU004,Greek Yogurt,dairy,dairy,4,1.39,5.56,false
2026-05-30T11:00:00,1003,Davie,SKU005,Chicken Breast,meat,meat,4,8.49,33.96,false
2026-05-30T11:00:00,1003,Davie,SKU006,Ground Beef,meat,meat,2,7.99,15.98,false
2026-05-30T11:00:00,1003,Davie,SKU007,Italian Bread,bakery,bakery,2,3.99,7.98,false
2026-05-30T11:00:00,1003,Davie,SKU008,Croissants,bakery,bakery,1,4.99,4.99,false
2026-05-30T11:00:00,1003,Davie,SKU009,Sparkling Water,beverages,grocery,3,4.94,14.82,true
2026-05-30T11:00:00,1003,Davie,SKU010,Orange Juice,beverages,grocery,1,4.99,4.99,false
2026-05-30T11:00:00,1003,Davie,SKU011,Frozen Pizza,frozen,frozen,2,6.29,12.58,true
2026-05-30T11:00:00,1003,Davie,SKU012,Ice Cream,frozen,frozen,2,5.99,11.98,false
2026-05-30T11:00:00,1003,Davie,SKU013,Peanut Butter,grocery,grocery,1,3.49,3.49,false
2026-05-30T11:00:00,1003,Davie,SKU014,Pasta,grocery,grocery,1,1.89,1.89,false
2026-05-30T11:00:00,1003,Davie,SKU015,Paper Towels,household,grocery,1,12.99,12.99,false
2026-05-30T12:00:00,1001,Fort Lauderdale East,SKU001,Bananas,produce,produce,26,0.62,16.15,true
2026-05-30T12:00:00,1001,Fort Lauderdale East,SKU002,Avocados,produce,produce,8,1.49,11.92,false
2026-05-30T12:00:00,1001,Fort Lauderdale East,SKU003,Whole Milk,dairy,dairy,4,3.86,15.44,true
2026-05-30T12:00:00,1001,Fort Lauderdale East,SKU004,Greek Yogurt,dairy,dairy,2,1.39,2.78,false
2026-05-30T12:00:00,1001,Fort Lauderdale East,SKU005,Chicken Breast,meat,meat,2,8.49,16.98,false
2026-05-30T12:00:00,1001,Fort Lauderdale East,SKU006,Ground Beef,meat,meat,2,7.99,15.98,false
2026-05-30T12:00:00,1001,Fort Lauderdale East,SKU007,Italian Bread,bakery,bakery,1,3.99,3.99,false
2026-05-30T12:00:00,1001,Fort Lauderdale East,SKU008,Croissants,bakery,bakery,1,4.99,4.99,false
2026-05-30T12:00:00,1001,Fort Lauderdale East,SKU009,Sparkling Water,beverages,grocery,4,4.94,19.76,true
2026-05-30T12:00:00,1001,Fort Lauderdale East,SKU010,Orange Juice,beverages,grocery,3,4.99,14.97,false
2026-05-30T12:00:00,1001,Fort Lauderdale East,SKU011,Frozen Pizza,frozen,frozen,4,6.29,25.16,true
2026-05-30T12:00:00,1001,Fort Lauderdale East,SKU012,Ice Cream,frozen,frozen,2,5.99,11.98,false
2026-05-30T12:00:00,1001,Fort Lauderdale East,SKU013,Peanut Butter,grocery,grocery,2,3.49,6.98,false
2026-05-30T12:00:00,1001,Fort Lauderdale East,SKU014,Pasta,grocery,grocery,1,1.89,1.89,false
2026-05-30T12:00:00,1002,Pembroke Pines,SKU001,Bananas,produce,produce,24,0.62,14.90,true
2026-05-30T12:00:00,1002,Pembroke Pines,SKU002,Avocados,produce,produce,6,1.49,8.94,false
2026-05-30T12:00:00,1002,Pembroke Pines,SKU003,Whole Milk,dairy,dairy,3,3.86,11.58,true
2026-05-30T12:00:00,1002,Pembroke Pines,SKU004,Greek Yogurt,dairy,dairy,2,1.39,2.78,false
2026-05-30T12:00:00,1002,Pembroke Pines,SKU005,Chicken Breast,meat,meat,2,8.49,16.98,false
2026-05-30T12:00:00,1002,Pembroke Pines,SKU006,Ground Beef,meat,meat,2,7.99,15.98,false
2026-05-30T12:00:00,1002,Pembroke Pines,SKU007,Italian Bread,bakery,bakery,4,3.99,15.96,false
2026-05-30T12:00:00,1002,Pembroke Pines,SKU008,Croissants,bakery,bakery,4,4.99,19.96,false
2026-05-30T12:00:00,1002,Pembroke Pines,SKU009,Sparkling Water,beverages,grocery,3,4.94,14.82,true
2026-05-30T12:00:00,1002,Pembroke Pines,SKU010,Orange Juice,beverages,grocery,2,4.99,9.98,false
2026-05-30T12:00:00,1002,Pembroke Pines,SKU011,Frozen Pizza,frozen,frozen,4,6.29,25.16,true
2026-05-30T12:00:00,1002,Pembroke Pines,SKU012,Ice Cream,frozen,frozen,2,5.99,11.98,false
2026-05-30T12:00:00,1002,Pembroke Pines,SKU013,Peanut Butter,grocery,grocery,2,3.49,6.98,false
2026-05-30T12:00:00,1002,Pembroke Pines,SKU014,Pasta,grocery,grocery,1,1.89,1.89,false
2026-05-30T12:00:00,1002,Pembroke Pines,SKU015,Paper Towels,household,grocery,1,12.99,12.99,false
2026-05-30T12:00:00,1003,Davie,SKU001,Bananas,produce,produce,26,0.62,16.15,true
2026-05-30T12:00:00,1003,Davie,SKU002,Avocados,produce,produce,6,1.49,8.94,false
2026-05-30T12:00:00,1003,Davie,SKU003,Whole Milk,dairy,dairy,6,3.86,23.17,true
2026-05-30T12:00:00,1003,Davie,SKU004,Greek Yogurt,dairy,dairy,3,1.39,4.17,false
2026-05-30T12:00:00,1003,Davie,SKU005,Chicken Breast,meat,meat,3,8.49,25.47,false
2026-05-30T12:00:00,1003,Davie,SKU006,Ground Beef,meat,meat,1,7.99,7.99,false
2026-05-30T12:00:00,1003,Davie,SKU007,Italian Bread,bakery,bakery,3,3.99,11.97,false
2026-05-30T12:00:00,1003,Davie,SKU008,Croissants,bakery,bakery,2,4.99,9.98,false
2026-05-30T12:00:00,1003,Davie,SKU009,Sparkling Water,beverages,grocery,3,4.94,14.82,true
2026-05-30T12:00:00,1003,Davie,SKU010,Orange Juice,beverages,grocery,1,4.99,4.99,false
2026-05-30T12:00:00,1003,Davie,SKU011,Frozen Pizza,frozen,frozen,3,6.29,18.87,true
2026-05-30T12:00:00,1003,Davie,SKU012,Ice Cream,frozen,frozen,2,5.99,11.98,false
2026-05-30T12:00:00,1003,Davie,SKU013,Peanut Butter,grocery,grocery,1,3.49,3.49,false
2026-05-30T12:00:00,1003,Davie,SKU014,Pasta,grocery,grocery,1,1.89,1.89,false
2026-05-30T13:00:00,1001,Fort Lauderdale East,SKU001,Bananas,produce,produce,9,0.62,5.59,true
2026-05-30T13:00:00,1001,Fort Lauderdale East,SKU002,Avocados,produce,produce,4,1.49,5.96,false
2026-05-30T13:00:00,1001,Fort Lauderdale East,SKU003,Whole Milk,dairy,dairy,2,3.86,7.72,true
2026-05-30T13:00:00,1001,Fort Lauderdale East,SKU004,Greek Yogurt,dairy,dairy,3,1.39,4.17,false
2026-05-30T13:00:00,1001,Fort Lauderdale East,SKU005,Chicken Breast,meat,meat,4,8.49,33.96,false
2026-05-30T13:00:00,1001,Fort Lauderdale East,SKU006,Ground Beef,meat,meat,2,7.99,15.98,false
2026-05-30T13:00:00,1001,Fort Lauderdale East,SKU007,Italian Bread,bakery,bakery,3,3.99,11.97,false
2026-05-30T13:00:00,1001,Fort Lauderdale East,SKU008,Croissants,bakery,bakery,3,4.99,14.97,false
2026-05-30T13:00:00,1001,Fort Lauderdale East,SKU009,Sparkling Water,beverages,grocery,3,4.94,14.82,true
2026-05-30T13:00:00,1001,Fort Lauderdale East,SKU010,Orange Juice,beverages,grocery,4,4.99,19.96,false
2026-05-30T13:00:00,1001,Fort Lauderdale East,SKU011,Frozen Pizza,frozen,frozen,1,6.29,6.29,true
2026-05-30T13:00:00,1001,Fort Lauderdale East,SKU012,Ice Cream,frozen,frozen,1,5.99,5.99,false
2026-05-30T13:00:00,1001,Fort Lauderdale East,SKU013,Peanut Butter,grocery,grocery,1,3.49,3.49,false
2026-05-30T13:00:00,1002,Pembroke Pines,SKU001,Bananas,produce,produce,13,0.62,8.07,true
2026-05-30T13:00:00,1002,Pembroke Pines,SKU002,Avocados,produce,produce,4,1.49,5.96,false
2026-05-30T13:00:00,1002,Pembroke Pines,SKU003,Whole Milk,dairy,dairy,5,3.86,19.30,true
2026-05-30T13:00:00,1002,Pembroke Pines,SKU004,Greek Yogurt,dairy,dairy,3,1.39,4.17,false
2026-05-30T13:00:00,1002,Pembroke Pines,SKU005,Chicken Breast,meat,meat,3,8.49,25.47,false
2026-05-30T13:00:00,1002,Pembroke Pines,SKU006,Ground Beef,meat,meat,2,7.99,15.98,false
2026-05-30T13:00:00,1002,Pembroke Pines,SKU007,Italian Bread,bakery,bakery,2,3.99,7.98,false
2026-05-30T13:00:00,1002,Pembroke Pines,SKU008,Croissants,bakery,bakery,2,4.99,9.98,false
2026-05-30T13:00:00,1002,Pembroke Pines,SKU009,Sparkling Water,beverages,grocery,3,4.94,14.82,true
2026-05-30T13:00:00,1002,Pembroke Pines,SKU010,Orange Juice,beverages,grocery,1,4.99,4.99,false
2026-05-30T13:00:00,1002,Pembroke Pines,SKU011,Frozen Pizza,frozen,frozen,2,6.29,12.58,true
2026-05-30T13:00:00,1002,Pembroke Pines,SKU012,Ice Cream,frozen,frozen,1,5.99,5.99,false
2026-05-30T13:00:00,1002,Pembroke Pines,SKU013,Peanut Butter,grocery,grocery,1,3.49,3.49,false
2026-05-30T13:00:00,1002,Pembroke Pines,SKU014,Pasta,grocery,grocery,2,1.89,3.78,false
2026-05-30T13:00:00,1003,Davie,SKU001,Bananas,produce,produce,10,0.62,6.21,true
2026-05-30T13:00:00,1003,Davie,SKU002,Avocados,produce,produce,2,1.49,2.98,false
2026-05-30T13:00:00,1003,Davie,SKU003,Whole Milk,dairy,dairy,3,3.86,11.58,true
2026-05-30T13:00:00,1003,Davie,SKU004,Greek Yogurt,dairy,dairy,3,1.39,4.17,false
2026-05-30T13:00:00,1003,Davie,SKU005,Chicken Breast,meat,meat,2,8.49,16.98,false
2026-05-30T13:00:00,1003,Davie,SKU006,Ground Beef,meat,meat,1,7.99,7.99,false
2026-05-30T13:00:00,1003,Davie,SKU007,Italian Bread,bakery,bakery,2,3.99,7.98,false
2026-05-30T13:00:00,1003,Davie,SKU008,Croissants,bakery,bakery,1,4.99,4.99,false
2026-05-30T13:00:00,1003,Davie,SKU009,Sparkling Water,beverages,grocery,3,4.94,14.82,true
2026-05-30T13:00:00,1003,Davie,SKU010,Orange Juice,beverages,grocery,3,4.99,14.97,false
2026-05-30T13:00:00,1003,Davie,SKU011,Frozen Pizza,frozen,frozen,3,6.29,18.87,true
2026-05-30T13:00:00,1003,Davie,SKU012,Ice Cream,frozen,frozen,1,5.99,5.99,false
2026-05-30T13:00:00,1003,Davie,SKU013,Peanut Butter,grocery,grocery,1,3.49,3.49,false
2026-05-30T13:00:00,1003,Davie,SKU014,Pasta,grocery,grocery,2,1.89,3.78,false
2026-05-30T13:00:00,1003,Davie,SKU015,Paper Towels,household,grocery,1,12.99,12.99,false
2026-05-30T14:00:00,1001,Fort Lauderdale East,SKU001,Bananas,produce,produce,13,0.62,8.07,true
2026-05-30T14:00:00,1001,Fort Lauderdale East,SKU002,Avocados,produce,produce,2,1.49,2.98,false
2026-05-30T14:00:00,1001,Fort Lauderdale East,SKU003,Whole Milk,dairy,dairy,5,3.86,19.30,true
2026-05-30T14:00:00,1001,Fort Lauderdale East,SKU004,Greek Yogurt,dairy,dairy,2,1.39,2.78,false
2026-05-30T14:00:00,1001,Fort Lauderdale East,SKU005,Chicken Breast,meat,meat,3,8.49,25.47,false
2026-05-30T14:00:00,1001,Fort Lauderdale East,SKU006,Ground Beef,meat,meat,2,7.99,15.98,false
2026-05-30T14:00:00,1001,Fort Lauderdale East,SKU007,Italian Bread,bakery,bakery,1,3.99,3.99,false
2026-05-30T14:00:00,1001,Fort Lauderdale East,SKU008,Croissants,bakery,bakery,1,4.99,4.99,false
2026-05-30T14:00:00,1001,Fort Lauderdale East,SKU009,Sparkling Water,beverages,grocery,3,4.94,14.82,true
2026-05-30T14:00:00,1001,Fort Lauderdale East,SKU010,Orange Juice,beverages,grocery,1,4.99,4.99,false
2026-05-30T14:00:00,1001,Fort Lauderdale East,SKU011,Frozen Pizza,frozen,frozen,1,6.29,6.29,true
2026-05-30T14:00:00,1001,Fort Lauderdale East,SKU012,Ice Cream,frozen,frozen,1,5.99,5.99,false
2026-05-30T14:00:00,1001,Fort Lauderdale East,SKU013,Peanut Butter,grocery,grocery,1,3.49,3.49,false
2026-05-30T14:00:00,1001,Fort Lauderdale East,SKU015,Paper Towels,household,grocery,2,12.99,25.98,false
2026-05-30T14:00:00,1002,Pembroke Pines,SKU001,Bananas,produce,produce,16,0.62,9.94,true
2026-05-30T14:00:00,1002,Pembroke Pines,SKU002,Avocados,produce,produce,2,1.49,2.98,false
2026-05-30T14:00:00,1002,Pembroke Pines,SKU003,Whole Milk,dairy,dairy,4,3.86,15.44,true
2026-05-30T14:00:00,1002,Pembroke Pines,SKU004,Greek Yogurt,dairy,dairy,4,1.39,5.56,false
2026-05-30T14:00:00,1002,Pembroke Pines,SKU005,Chicken Breast,meat,meat,5,8.49,42.45,false
2026-05-30T14:00:00,1002,Pembroke Pines,SKU006,Ground Beef,meat,meat,1,7.99,7.99,false
2026-05-30T14:00:00,1002,Pembroke Pines,SKU007,Italian Bread,bakery,bakery,2,3.99,7.98,false
2026-05-30T14:00:00,1002,Pembroke Pines,SKU009,Sparkling Water,beverages,grocery,2,4.94,9.88,true
2026-05-30T14:00:00,1002,Pembroke Pines,SKU010,Orange Juice,beverages,grocery,2,4.99,9.98,false
2026-05-30T14:00:00,1002,Pembroke Pines,SKU011,Frozen Pizza,frozen,frozen,2,6.29,12.58,true
2026-05-30T14:00:00,1002,Pembroke Pines,SKU013,Peanut Butter,grocery,grocery,1,3.49,3.49,false
2026-05-30T14:00:00,1002,Pembroke Pines,SKU014,Pasta,grocery,grocery,2,1.89,3.78,false
2026-05-30T14:00:00,1002,Pembroke Pines,SKU015,Paper Towels,household,grocery,1,12.99,12.99,false
2026-05-30T14:00:00,1003,Davie,SKU001,Bananas,produce,produce,14,0.62,8.69,true
2026-05-30T14:00:00,1003,Davie,SKU002,Avocados,produce,produce,3,1.49,4.47,false
2026-05-30T14:00:00,1003,Davie,SKU003,Whole Milk,dairy,dairy,5,3.86,19.30,true
2026-05-30T14:00:00,1003,Davie,SKU004,Greek Yogurt,dairy,dairy,2,1.39,2.78,false
2026-05-30T14:00:00,1003,Davie,SKU007,Italian Bread,bakery,bakery,3,3.99,11.97,false
2026-05-30T14:00:00,1003,Davie,SKU008,Croissants,bakery,bakery,2,4.99,9.98,false
2026-05-30T14:00:00,1003,Davie,SKU009,Sparkling Water,beverages,grocery,2,4.94,9.88,true
2026-05-30T14:00:00,1003,Davie,SKU010,Orange Juice,beverages,grocery,1,4.99,4.99,false
2026-05-30T14:00:00,1003,Davie,SKU011,Frozen Pizza,frozen,frozen,1,6.29,6.29,true
2026-05-30T14:00:00,1003,Davie,SKU014,Pasta,grocery,grocery,2,1.89,3.78,false
2026-05-30T15:00:00,1001,Fort Lauderdale East,SKU001,Bananas,produce,produce,12,0.62,7.45,true
2026-05-30T15:00:00,1001,Fort Lauderdale East,SKU002,Avocados,produce,produce,2,1.49,2.98,false
2026-05-30T15:00:00,1001,Fort Lauderdale East,SKU003,Whole Milk,dairy,dairy,5,3.86,19.30,true
2026-05-30T15:00:00,1001,Fort Lauderdale East,SKU004,Greek Yogurt,dairy,dairy,1,1.39,1.39,false
2026-05-30T15:00:00,1001,Fort Lauderdale East,SKU005,Chicken Breast,meat,meat,3,8.49,25.47,false
2026-05-30T15:00:00,1001,Fort Lauderdale East,SKU006,Ground Beef,meat,meat,1,7.99,7.99,false
2026-05-30T15:00:00,1001,Fort Lauderdale East,SKU007,Italian Bread,bakery,bakery,4,3.99,15.96,false
2026-05-30T15:00:00,1001,Fort Lauderdale East,SKU008,Croissants,bakery,bakery,2,4.99,9.98,false
2026-05-30T15:00:00,1001,Fort Lauderdale East,SKU009,Sparkling Water,beverages,grocery,3,4.94,14.82,true
2026-05-30T15:00:00,1001,Fort Lauderdale East,SKU011,Frozen Pizza,frozen,frozen,2,6.29,12.58,true
2026-05-30T15:00:00,1001,Fort Lauderdale East,SKU012,Ice Cream,frozen,frozen,1,5.99,5.99,false
2026-05-30T15:00:00,1001,Fort Lauderdale East,SKU013,Peanut Butter,grocery,grocery,1,3.49,3.49,false
2026-05-30T15:00:00,1001,Fort Lauderdale East,SKU014,Pasta,grocery,grocery,1,1.89,1.89,false
2026-05-30T15:00:00,1002,Pembroke Pines,SKU001,Bananas,produce,produce,9,0.62,5.59,true
2026-05-30T15:00:00,1002,Pembroke Pines,SKU002,Avocados,produce,produce,1,1.49,1.49,false
2026-05-30T15:00:00,1002,Pembroke Pines,SKU003,Whole Milk,dairy,dairy,3,3.86,11.58,true
2026-05-30T15:00:00,1002,Pembroke Pines,SKU004,Greek Yogurt,dairy,dairy,3,1.39,4.17,false
2026-05-30T15:00:00,1002,Pembroke Pines,SKU005,Chicken Breast,meat,meat,3,8.49,25.47,false
2026-05-30T15:00:00,1002,Pembroke Pines,SKU006,Ground Beef,meat,meat,3,7.99,23.97,false
2026-05-30T15:00:00,1002,Pembroke Pines,SKU007,Italian Bread,bakery,bakery,2,3.99,7.98,false
2026-05-30T15:00:00,1002,Pembroke Pines,SKU008,Croissants,bakery,bakery,1,4.99,4.99,false
2026-05-30T15:00:00,1002,Pembroke Pines,SKU009,Sparkling Water,beverages,grocery,2,4.94,9.88,true
2026-05-30T15:00:00,1002,Pembroke Pines,SKU011,Frozen Pizza,frozen,frozen,2,6.29,12.58,true
2026-05-30T15:00:00,1003,Davie,SKU001,Bananas,produce,produce,16,0.62,9.94,true
2026-05-30T15:00:00,1003,Davie,SKU002,Avocados,produce,produce,4,1.49,5.96,false
2026-05-30T15:00:00,1003,Davie,SKU003,Whole Milk,dairy,dairy,3,3.86,11.58,true
2026-05-30T15:00:00,1003,Davie,SKU004,Greek Yogurt,dairy,dairy,2,1.39,2.78,false
2026-05-30T15:00:00,1003,Davie,SKU005,Chicken Breast,meat,meat,2,8.49,16.98,false
2026-05-30T15:00:00,1003,Davie,SKU007,Italian Bread,bakery,bakery,3,3.99,11.97,false
2026-05-30T15:00:00,1003,Davie,SKU009,Sparkling Water,beverages,grocery,2,4.94,9.88,true
2026-05-30T15:00:00,1003,Davie,SKU010,Orange Juice,beverages,grocery,1,4.99,4.99,false
2026-05-30T15:00:00,1003,Davie,SKU011,Frozen Pizza,frozen,frozen,2,6.29,12.58,true
2026-05-30T15:00:00,1003,Davie,SKU012,Ice Cream,frozen,frozen,2,5.99,11.98,false
2026-05-30T15:00:00,1003,Davie,SKU013,Peanut Butter,grocery,grocery,1,3.49,3.49,false
2026-05-30T15:00:00,1003,Davie,SKU014,Pasta,grocery,grocery,1,1.89,1.89,false
2026-05-30T16:00:00,1001,Fort Lauderdale East,SKU001,Bananas,produce,produce,13,0.62,8.07,true
2026-05-30T16:00:00,1001,Fort Lauderdale East,SKU002,Avocados,produce,produce,2,1.49,2.98,false
2026-05-30T16:00:00,1001,Fort Lauderdale East,SKU003,Whole Milk,dairy,dairy,6,3.86,23.17,true
2026-05-30T16:00:00,1001,Fort Lauderdale East,SKU004,Greek Yogurt,dairy,dairy,3,1.39,4.17,false
2026-05-30T16:00:00,1001,Fort Lauderdale East,SKU005,Chicken Breast,meat,meat,2,8.49,16.98,false
2026-05-30T16:00:00,1001,Fort Lauderdale East,SKU006,Ground Beef,meat,meat,2,7.99,15.98,false
2026-05-30T16:00:00,1001,Fort Lauderdale East,SKU007,Italian Bread,bakery,bakery,1,3.99,3.99,false
2026-05-30T16:00:00,1001,Fort Lauderdale East,SKU009,Sparkling Water,beverages,grocery,2,4.94,9.88,true
2026-05-30T16:00:00,1001,Fort Lauderdale East,SKU012,Ice Cream,frozen,frozen,1,5.99,5.99,false
2026-05-30T16:00:00,1001,Fort Lauderdale East,SKU014,Pasta,grocery,grocery,1,1.89,1.89,false
2026-05-30T16:00:00,1002,Pembroke Pines,SKU001,Bananas,produce,produce,14,0.62,8.69,true
2026-05-30T16:00:00,1002,Pembroke Pines,SKU002,Avocados,produce,produce,2,1.49,2.98,false
2026-05-30T16:00:00,1002,Pembroke Pines,SKU003,Whole Milk,dairy,dairy,3,3.86,11.58,true
2026-05-30T16:00:00,1002,Pembroke Pines,SKU004,Greek Yogurt,dairy,dairy,3,1.39,4.17,false
2026-05-30T16:00:00,1002,Pembroke Pines,SKU005,Chicken Breast,meat,meat,2,8.49,16.98,false
2026-05-30T16:00:00,1002,Pembroke Pines,SKU006,Ground Beef,meat,meat,2,7.99,15.98,false
2026-05-30T16:00:00,1002,Pembroke Pines,SKU007,Italian Bread,bakery,bakery,2,3.99,7.98,false
2026-05-30T16:00:00,1002,Pembroke Pines,SKU008,Croissants,bakery,bakery,2,4.99,9.98,false
2026-05-30T16:00:00,1002,Pembroke Pines,SKU009,Sparkling Water,beverages,grocery,1,4.94,4.94,true
2026-05-30T16:00:00,1002,Pembroke Pines,SKU010,Orange Juice,beverages,grocery,1,4.99,4.99,false
2026-05-30T16:00:00,1002,Pembroke Pines,SKU011,Frozen Pizza,frozen,frozen,1,6.29,6.29,true
2026-05-30T16:00:00,1002,Pembroke Pines,SKU012,Ice Cream,frozen,frozen,2,5.99,11.98,false
2026-05-30T16:00:00,1002,Pembroke Pines,SKU014,Pasta,grocery,grocery,1,1.89,1.89,false
2026-05-30T16:00:00,1002,Pembroke Pines,SKU015,Paper Towels,household,grocery,1,12.99,12.99,false
2026-05-30T16:00:00,1003,Davie,SKU001,Bananas,produce,produce,11,0.62,6.83,true
2026-05-30T16:00:00,1003,Davie,SKU002,Avocados,produce,produce,4,1.49,5.96,false
2026-05-30T16:00:00,1003,Davie,SKU003,Whole Milk,dairy,dairy,3,3.86,11.58,true
2026-05-30T16:00:00,1003,Davie,SKU004,Greek Yogurt,dairy,dairy,1,1.39,1.39,false
2026-05-30T16:00:00,1003,Davie,SKU005,Chicken Breast,meat,meat,1,8.49,8.49,false
2026-05-30T16:00:00,1003,Davie,SKU007,Italian Bread,bakery,bakery,2,3.99,7.98,false
2026-05-30T16:00:00,1003,Davie,SKU008,Croissants,bakery,bakery,1,4.99,4.99,false
2026-05-30T16:00:00,1003,Davie,SKU009,Sparkling Water,beverages,grocery,2,4.94,9.88,true
2026-05-30T16:00:00,1003,Davie,SKU010,Orange Juice,beverages,grocery,2,4.99,9.98,false
2026-05-30T16:00:00,1003,Davie,SKU011,Frozen Pizza,frozen,frozen,2,6.29,12.58,true
2026-05-30T16:00:00,1003,Davie,SKU012,Ice Cream,frozen,frozen,1,5.99,5.99,false
2026-05-30T16:00:00,1003,Davie,SKU014,Pasta,grocery,grocery,1,1.89,1.89,false
2026-05-30T17:00:00,1001,Fort Lauderdale East,SKU001,Bananas,produce,produce,16,0.62,9.94,true
2026-05-30T17:00:00,1001,Fort Lauderdale East,SKU002,Avocados,produce,produce,5,1.49,7.45,false
2026-05-30T17:00:00,1001,Fort Lauderdale East,SKU003,Whole Milk,dairy,dairy,9,3.86,34.75,true
2026-05-30T17:00:00,1001,Fort Lauderdale East,SKU004,Greek Yogurt,dairy,dairy,1,1.39,1.39,false
2026-05-30T17:00:00,1001,Fort Lauderdale East,SKU005,Chicken Breast,meat,meat,2,8.49,16.98,false
2026-05-30T17:00:00,1001,Fort Lauderdale East,SKU006,Ground Beef,meat,meat,2,7.99,15.98,false
2026-05-30T17:00:00,1001,Fort Lauderdale East,SKU007,Italian Bread,bakery,bakery,4,3.99,15.96,false
2026-05-30T17:00:00,1001,Fort Lauderdale East,SKU009,Sparkling Water,beverages,grocery,2,4.94,9.88,true
2026-05-30T17:00:00,1001,Fort Lauderdale East,SKU010,Orange Juice,beverages,grocery,4,4.99,19.96,false
2026-05-30T17:00:00,1001,Fort Lauderdale East,SKU011,Frozen Pizza,frozen,frozen,3,6.29,18.87,true
2026-05-30T17:00:00,1001,Fort Lauderdale East,SKU012,Ice Cream,frozen,frozen,1,5.99,5.99,false
2026-05-30T17:00:00,1001,Fort Lauderdale East,SKU013,Peanut Butter,grocery,grocery,2,3.49,6.98,false
2026-05-30T17:00:00,1001,Fort Lauderdale East,SKU014,Pasta,grocery,grocery,1,1.89,1.89,false
2026-05-30T17:00:00,1002,Pembroke Pines,SKU001,Bananas,produce,produce,16,0.62,9.94,true
2026-05-30T17:00:00,1002,Pembroke Pines,SKU002,Avocados,produce,produce,4,1.49,5.96,false
2026-05-30T17:00:00,1002,Pembroke Pines,SKU003,Whole Milk,dairy,dairy,4,3.86,15.44,true
2026-05-30T17:00:00,1002,Pembroke Pines,SKU004,Greek Yogurt,dairy,dairy,4,1.39,5.56,false
2026-05-30T17:00:00,1002,Pembroke Pines,SKU005,Chicken Breast,meat,meat,4,8.49,33.96,false
2026-05-30T17:00:00,1002,Pembroke Pines,SKU006,Ground Beef,meat,meat,1,7.99,7.99,false
2026-05-30T17:00:00,1002,Pembroke Pines,SKU007,Italian Bread,bakery,bakery,3,3.99,11.97,false
2026-05-30T17:00:00,1002,Pembroke Pines,SKU008,Croissants,bakery,bakery,1,4.99,4.99,false
2026-05-30T17:00:00,1002,Pembroke Pines,SKU009,Sparkling Water,beverages,grocery,3,4.94,14.82,true
2026-05-30T17:00:00,1002,Pembroke Pines,SKU010,Orange Juice,beverages,grocery,2,4.99,9.98,false
2026-05-30T17:00:00,1002,Pembroke Pines,SKU011,Frozen Pizza,frozen,frozen,3,6.29,18.87,true
2026-05-30T17:00:00,1002,Pembroke Pines,SKU012,Ice Cream,frozen,frozen,1,5.99,5.99,false
2026-05-30T17:00:00,1002,Pembroke Pines,SKU013,Peanut Butter,grocery,grocery,1,3.49,3.49,false
2026-05-30T17:00:00,1002,Pembroke Pines,SKU014,Pasta,grocery,grocery,3,1.89,5.67,false
2026-05-30T17:00:00,1002,Pembroke Pines,SKU015,Paper Towels,household,grocery,2,12.99,25.98,false
2026-05-30T17:00:00,1003,Davie,SKU001,Bananas,produce,produce,25,0.62,15.53,true
2026-05-30T17:00:00,1003,Davie,SKU002,Avocados,produce,produce,6,1.49,8.94,false
2026-05-30T17:00:00,1003,Davie,SKU003,Whole Milk,dairy,dairy,7,3.86,27.03,true
2026-05-30T17:00:00,1003,Davie,SKU004,Greek Yogurt,dairy,dairy,5,1.39,6.95,false
2026-05-30T17:00:00,1003,Davie,SKU005,Chicken Breast,meat,meat,4,8.49,33.96,false
2026-05-30T17:00:00,1003,Davie,SKU006,Ground Beef,meat,meat,2,7.99,15.98,false
2026-05-30T17:00:00,1003,Davie,SKU007,Italian Bread,bakery,bakery,3,3.99,11.97,false
2026-05-30T17:00:00,1003,Davie,SKU008,Croissants,bakery,bakery,2,4.99,9.98,false
2026-05-30T17:00:00,1003,Davie,SKU009,Sparkling Water,beverages,grocery,2,4.94,9.88,true
2026-05-30T17:00:00,1003,Davie,SKU010,Orange Juice,beverages,grocery,2,4.99,9.98,false
2026-05-30T17:00:00,1003,Davie,SKU011,Frozen Pizza,frozen,frozen,4,6.29,25.16,true
2026-05-30T17:00:00,1003,Davie,SKU013,Peanut Butter,grocery,grocery,2,3.49,6.98,false
2026-05-30T17:00:00,1003,Davie,SKU014,Pasta,grocery,grocery,1,1.89,1.89,false
2026-05-30T17:00:00,1003,Davie,SKU015,Paper Towels,household,grocery,1,12.99,12.99,false
2026-05-30T18:00:00,1001,Fort Lauderdale East,SKU001,Bananas,produce,produce,17,0.62,10.56,true
2026-05-30T18:00:00,1001,Fort Lauderdale East,SKU002,Avocados,produce,produce,4,1.49,5.96,false
2026-05-30T18:00:00,1001,Fort Lauderdale East,SKU003,Whole Milk,dairy,dairy,7,3.86,27.03,true
2026-05-30T18:00:00,1001,Fort Lauderdale East,SKU004,Greek Yogurt,dairy,dairy,3,1.39,4.17,false
2026-05-30T18:00:00,1001,Fort Lauderdale East,SKU005,Chicken Breast,meat,meat,5,8.49,42.45,false
2026-05-30T18:00:00,1001,Fort Lauderdale East,SKU006,Ground Beef,meat,meat,3,7.99,23.97,false
2026-05-30T18:00:00,1001,Fort Lauderdale East,SKU007,Italian Bread,bakery,bakery,4,3.99,15.96,false
2026-05-30T18:00:00,1001,Fort Lauderdale East,SKU008,Croissants,bakery,bakery,1,4.99,4.99,false
2026-05-30T18:00:00,1001,Fort Lauderdale East,SKU009,Sparkling Water,beverages,grocery,4,4.94,19.76,true
2026-05-30T18:00:00,1001,Fort Lauderdale East,SKU010,Orange Juice,beverages,grocery,5,4.99,24.95,false
2026-05-30T18:00:00,1001,Fort Lauderdale East,SKU011,Frozen Pizza,frozen,frozen,2,6.29,12.58,true
2026-05-30T18:00:00,1001,Fort Lauderdale East,SKU012,Ice Cream,frozen,frozen,1,5.99,5.99,false
2026-05-30T18:00:00,1001,Fort Lauderdale East,SKU013,Peanut Butter,grocery,grocery,2,3.49,6.98,false
2026-05-30T18:00:00,1001,Fort Lauderdale East,SKU014,Pasta,grocery,grocery,1,1.89,1.89,false
2026-05-30T18:00:00,1002,Pembroke Pines,SKU001,Bananas,produce,produce,14,0.62,8.69,true
2026-05-30T18:00:00,1002,Pembroke Pines,SKU002,Avocados,produce,produce,3,1.49,4.47,false
2026-05-30T18:00:00,1002,Pembroke Pines,SKU003,Whole Milk,dairy,dairy,7,3.86,27.03,true
2026-05-30T18:00:00,1002,Pembroke Pines,SKU004,Greek Yogurt,dairy,dairy,2,1.39,2.78,false
2026-05-30T18:00:00,1002,Pembroke Pines,SKU005,Chicken Breast,meat,meat,2,8.49,16.98,false
2026-05-30T18:00:00,1002,Pembroke Pines,SKU006,Ground Beef,meat,meat,2,7.99,15.98,false
2026-05-30T18:00:00,1002,Pembroke Pines,SKU007,Italian Bread,bakery,bakery,3,3.99,11.97,false
2026-05-30T18:00:00,1002,Pembroke Pines,SKU008,Croissants,bakery,bakery,3,4.99,14.97,false
2026-05-30T18:00:00,1002,Pembroke Pines,SKU009,Sparkling Water,beverages,grocery,4,4.94,19.76,true
2026-05-30T18:00:00,1002,Pembroke Pines,SKU010,Orange Juice,beverages,grocery,2,4.99,9.98,false
2026-05-30T18:00:00,1002,Pembroke Pines,SKU011,Frozen Pizza,frozen,frozen,3,6.29,18.87,true
2026-05-30T18:00:00,1002,Pembroke Pines,SKU012,Ice Cream,frozen,frozen,1,5.99,5.99,false
2026-05-30T18:00:00,1002,Pembroke Pines,SKU013,Peanut Butter,grocery,grocery,3,3.49,10.47,false
2026-05-30T18:00:00,1002,Pembroke Pines,SKU014,Pasta,grocery,grocery,2,1.89,3.78,false
2026-05-30T18:00:00,1002,Pembroke Pines,SKU015,Paper Towels,household,grocery,1,12.99,12.99,false
2026-05-30T18:00:00,1003,Davie,SKU001,Bananas,produce,produce,11,0.62,6.83,true
2026-05-30T18:00:00,1003,Davie,SKU002,Avocados,produce,produce,6,1.49,8.94,false
2026-05-30T18:00:00,1003,Davie,SKU003,Whole Milk,dairy,dairy,5,3.86,19.30,true
2026-05-30T18:00:00,1003,Davie,SKU004,Greek Yogurt,dairy,dairy,3,1.39,4.17,false
2026-05-30T18:00:00,1003,Davie,SKU005,Chicken Breast,meat,meat,2,8.49,16.98,false
2026-05-30T18:00:00,1003,Davie,SKU006,Ground Beef,meat,meat,2,7.99,15.98,false
2026-05-30T18:00:00,1003,Davie,SKU007,Italian Bread,bakery,bakery,3,3.99,11.97,false
2026-05-30T18:00:00,1003,Davie,SKU008,Croissants,bakery,bakery,2,4.99,9.98,false
2026-05-30T18:00:00,1003,Davie,SKU009,Sparkling Water,beverages,grocery,3,4.94,14.82,true
2026-05-30T18:00:00,1003,Davie,SKU010,Orange Juice,beverages,grocery,4,4.99,19.96,false
2026-05-30T18:00:00,1003,Davie,SKU011,Frozen Pizza,frozen,frozen,1,6.29,6.29,true
2026-05-30T18:00:00,1003,Davie,SKU012,Ice Cream,frozen,frozen,2,5.99,11.98,false
2026-05-30T18:00:00,1003,Davie,SKU014,Pasta,grocery,grocery,2,1.89,3.78,false
2026-05-30T18:00:00,1003,Davie,SKU015,Paper Towels,household,grocery,1,12.99,12.99,false
2026-05-30T19:00:00,1001,Fort Lauderdale East,SKU001,Bananas,produce,produce,15,0.62,9.31,true
2026-05-30T19:00:00,1001,Fort Lauderdale East,SKU002,Avocados,produce,produce,4,1.49,5.96,false
2026-05-30T19:00:00,1001,Fort Lauderdale East,SKU003,Whole Milk,dairy,dairy,5,3.86,19.30,true
2026-05-30T19:00:00,1001,Fort Lauderdale East,SKU004,Greek Yogurt,dairy,dairy,3,1.39,4.17,false
2026-05-30T19:00:00,1001,Fort Lauderdale East,SKU005,Chicken Breast,meat,meat,1,8.49,8.49,false
2026-05-30T19:00:00,1001,Fort Lauderdale East,SKU006,Ground Beef,meat,meat,3,7.99,23.97,false
2026-05-30T19:00:00,1001,Fort Lauderdale East,SKU007,Italian Bread,bakery,bakery,4,3.99,15.96,false
2026-05-30T19:00:00,1001,Fort Lauderdale East,SKU008,Croissants,bakery,bakery,2,4.99,9.98,false
2026-05-30T19:00:00,1001,Fort Lauderdale East,SKU009,Sparkling Water,beverages,grocery,2,4.94,9.88,true
2026-05-30T19:00:00,1001,Fort Lauderdale East,SKU010,Orange Juice,beverages,grocery,3,4.99,14.97,false
2026-05-30T19:00:00,1001,Fort Lauderdale East,SKU011,Frozen Pizza,frozen,frozen,2,6.29,12.58,true
2026-05-30T19:00:00,1001,Fort Lauderdale East,SKU012,Ice Cream,frozen,frozen,2,5.99,11.98,false
2026-05-30T19:00:00,1001,Fort Lauderdale East,SKU013,Peanut Butter,grocery,grocery,1,3.49,3.49,false
2026-05-30T19:00:00,1001,Fort Lauderdale East,SKU014,Pasta,grocery,grocery,2,1.89,3.78,false
2026-05-30T19:00:00,1002,Pembroke Pines,SKU001,Bananas,produce,produce,10,0.62,6.21,true
2026-05-30T19:00:00,1002,Pembroke Pines,SKU002,Avocados,produce,produce,4,1.49,5.96,false
2026-05-30T19:00:00,1002,Pembroke Pines,SKU003,Whole Milk,dairy,dairy,4,3.86,15.44,true
2026-05-30T19:00:00,1002,Pembroke Pines,SKU004,Greek Yogurt,dairy,dairy,2,1.39,2.78,false
2026-05-30T19:00:00,1002,Pembroke Pines,SKU005,Chicken Breast,meat,meat,3,8.49,25.47,false
2026-05-30T19:00:00,1002,Pembroke Pines,SKU006,Ground Beef,meat,meat,1,7.99,7.99,false
2026-05-30T19:00:00,1002,Pembroke Pines,SKU007,Italian Bread,bakery,bakery,2,3.99,7.98,false
2026-05-30T19:00:00,1002,Pembroke Pines,SKU008,Croissants,bakery,bakery,1,4.99,4.99,false
2026-05-30T19:00:00,1002,Pembroke Pines,SKU009,Sparkling Water,beverages,grocery,2,4.94,9.88,true
2026-05-30T19:00:00,1002,Pembroke Pines,SKU012,Ice Cream,frozen,frozen,1,5.99,5.99,false
2026-05-30T19:00:00,1002,Pembroke Pines,SKU013,Peanut Butter,grocery,grocery,3,3.49,10.47,false
2026-05-30T19:00:00,1003,Davie,SKU001,Bananas,produce,produce,20,0.62,12.42,true
2026-05-30T19:00:00,1003,Davie,SKU002,Avocados,produce,produce,3,1.49,4.47,false
2026-05-30T19:00:00,1003,Davie,SKU003,Whole Milk,dairy,dairy,5,3.86,19.30,true
2026-05-30T19:00:00,1003,Davie,SKU004,Greek Yogurt,dairy,dairy,2,1.39,2.78,false
2026-05-30T19:00:00,1003,Davie,SKU005,Chicken Breast,meat,meat,1,8.49,8.49,false
2026-05-30T19:00:00,1003,Davie,SKU006,Ground Beef,meat,meat,1,7.99,7.99,false
2026-05-30T19:00:00,1003,Davie,SKU007,Italian Bread,bakery,bakery,1,3.99,3.99,false
2026-05-30T19:00:00,1003,Davie,SKU008,Croissants,bakery,bakery,1,4.99,4.99,false
2026-05-30T19:00:00,1003,Davie,SKU009,Sparkling Water,beverages,grocery,1,4.94,4.94,true
2026-05-30T19:00:00,1003,Davie,SKU010,Orange Juice,beverages,grocery,1,4.99,4.99,false
2026-05-30T19:00:00,1003,Davie,SKU011,Frozen Pizza,frozen,frozen,2,6.29,12.58,true
2026-05-30T19:00:00,1003,Davie,SKU012,Ice Cream,frozen,frozen,2,5.99,11.98,false
2026-05-30T19:00:00,1003,Davie,SKU013,Peanut Butter,grocery,grocery,3,3.49,10.47,false
2026-05-30T20:00:00,1001,Fort Lauderdale East,SKU001,Bananas,produce,produce,11,0.62,6.83,true
2026-05-30T20:00:00,1001,Fort Lauderdale East,SKU002,Avocados,produce,produce,3,1.49,4.47,false
2026-05-30T20:00:00,1001,Fort Lauderdale East,SKU003,Whole Milk,dairy,dairy,2,3.86,7.72,true
2026-05-30T20:00:00,1001,Fort Lauderdale East,SKU004,Greek Yogurt,dairy,dairy,4,1.39,5.56,false
2026-05-30T20:00:00,1001,Fort Lauderdale East,SKU005,Chicken Breast,meat,meat,2,8.49,16.98,false
2026-05-30T20:00:00,1001,Fort Lauderdale East,SKU006,Ground Beef,meat,meat,3,7.99,23.97,false
2026-05-30T20:00:00,1001,Fort Lauderdale East,SKU007,Italian Bread,bakery,bakery,1,3.99,3.99,false
2026-05-30T20:00:00,1001,Fort Lauderdale East,SKU009,Sparkling Water,beverages,grocery,4,4.94,19.76,true
2026-05-30T20:00:00,1001,Fort Lauderdale East,SKU012,Ice Cream,frozen,frozen,2,5.99,11.98,false
2026-05-30T20:00:00,1001,Fort Lauderdale East,SKU013,Peanut Butter,grocery,grocery,1,3.49,3.49,false
2026-05-30T20:00:00,1001,Fort Lauderdale East,SKU014,Pasta,grocery,grocery,1,1.89,1.89,false
2026-05-30T20:00:00,1001,Fort Lauderdale East,SKU015,Paper Towels,household,grocery,2,12.99,25.98,false
2026-05-30T20:00:00,1002,Pembroke Pines,SKU001,Bananas,produce,produce,12,0.62,7.45,true
2026-05-30T20:00:00,1002,Pembroke Pines,SKU002,Avocados,produce,produce,4,1.49,5.96,false
2026-05-30T20:00:00,1002,Pembroke Pines,SKU003,Whole Milk,dairy,dairy,3,3.86,11.58,true
2026-05-30T20:00:00,1002,Pembroke Pines,SKU004,Greek Yogurt,dairy,dairy,3,1.39,4.17,false
2026-05-30T20:00:00,1002,Pembroke Pines,SKU005,Chicken Breast,meat,meat,1,8.49,8.49,false
2026-05-30T20:00:00,1002,Pembroke Pines,SKU006,Ground Beef,meat,meat,2,7.99,15.98,false
2026-05-30T20:00:00,1002,Pembroke Pines,SKU007,Italian Bread,bakery,bakery,1,3.99,3.99,false
2026-05-30T20:00:00,1002,Pembroke Pines,SKU009,Sparkling Water,beverages,grocery,2,4.94,9.88,true
2026-05-30T20:00:00,1002,Pembroke Pines,SKU010,Orange Juice,beverages,grocery,2,4.99,9.98,false
2026-05-30T20:00:00,1002,Pembroke Pines,SKU011,Frozen Pizza,frozen,frozen,1,6.29,6.29,true
2026-05-30T20:00:00,1002,Pembroke Pines,SKU012,Ice Cream,frozen,frozen,1,5.99,5.99,false
2026-05-30T20:00:00,1002,Pembroke Pines,SKU014,Pasta,grocery,grocery,2,1.89,3.78,false
2026-05-30T20:00:00,1003,Davie,SKU001,Bananas,produce,produce,7,0.62,4.35,true
2026-05-30T20:00:00,1003,Davie,SKU002,Avocados,produce,produce,5,1.49,7.45,false
2026-05-30T20:00:00,1003,Davie,SKU003,Whole Milk,dairy,dairy,2,3.86,7.72,true
2026-05-30T20:00:00,1003,Davie,SKU004,Greek Yogurt,dairy,dairy,4,1.39,5.56,false
2026-05-30T20:00:00,1003,Davie,SKU005,Chicken Breast,meat,meat,2,8.49,16.98,false
2026-05-30T20:00:00,1003,Davie,SKU006,Ground Beef,meat,meat,2,7.99,15.98,false
2026-05-30T20:00:00,1003,Davie,SKU007,Italian Bread,bakery,bakery,2,3.99,7.98,false
2026-05-30T20:00:00,1003,Davie,SKU009,Sparkling Water,beverages,grocery,2,4.94,9.88,true
2026-05-30T20:00:00,1003,Davie,SKU010,Orange Juice,beverages,grocery,3,4.99,14.97,false
2026-05-30T20:00:00,1003,Davie,SKU011,Frozen Pizza,frozen,frozen,3,6.29,18.87,true
2026-05-30T20:00:00,1003,Davie,SKU013,Peanut Butter,grocery,grocery,2,3.49,6.98,false
2026-05-30T21:00:00,1001,Fort Lauderdale East,SKU001,Bananas,produce,produce,15,0.62,9.31,true
2026-05-30T21:00:00,1001,Fort Lauderdale East,SKU002,Avocados,produce,produce,5,1.49,7.45,false
2026-05-30T21:00:00,1001,Fort Lauderdale East,SKU003,Whole Milk,dairy,dairy,3,3.86,11.58,true
2026-05-30T21:00:00,1001,Fort Lauderdale East,SKU004,Greek Yogurt,dairy,dairy,3,1.39,4.17,false
2026-05-30T21:00:00,1001,Fort Lauderdale East,SKU005,Chicken Breast,meat,meat,2,8.49,16.98,false
2026-05-30T21:00:00,1001,Fort Lauderdale East,SKU007,Italian Bread,bakery,bakery,3,3.99,11.97,false
2026-05-30T21:00:00,1001,Fort Lauderdale East,SKU008,Croissants,bakery,bakery,1,4.99,4.99,false
2026-05-30T21:00:00,1001,Fort Lauderdale East,SKU010,Orange Juice,beverages,grocery,2,4.99,9.98,false
2026-05-30T21:00:00,1001,Fort Lauderdale East,SKU012,Ice Cream,frozen,frozen,1,5.99,5.99,false
2026-05-30T21:00:00,1001,Fort Lauderdale East,SKU015,Paper Towels,household,grocery,1,12.99,12.99,false
2026-05-30T21:00:00,1002,Pembroke Pines,SKU001,Bananas,produce,produce,15,0.62,9.31,true
2026-05-30T21:00:00,1002,Pembroke Pines,SKU002,Avocados,produce,produce,2,1.49,2.98,false
2026-05-30T21:00:00,1002,Pembroke Pines,SKU003,Whole Milk,dairy,dairy,4,3.86,15.44,true
2026-05-30T21:00:00,1002,Pembroke Pines,SKU004,Greek Yogurt,dairy,dairy,2,1.39,2.78,false
2026-05-30T21:00:00,1002,Pembroke Pines,SKU005,Chicken Breast,meat,meat,3,8.49,25.47,false
2026-05-30T21:00:00,1002,Pembroke Pines,SKU006,Ground Beef,meat,meat,2,7.99,15.98,false
2026-05-30T21:00:00,1002,Pembroke Pines,SKU009,Sparkling Water,beverages,grocery,3,4.94,14.82,true
2026-05-30T21:00:00,1002,Pembroke Pines,SKU010,Orange Juice,beverages,grocery,2,4.99,9.98,false
2026-05-30T21:00:00,1002,Pembroke Pines,SKU011,Frozen Pizza,frozen,frozen,1,6.29,6.29,true
2026-05-30T21:00:00,1002,Pembroke Pines,SKU013,Peanut Butter,grocery,grocery,1,3.49,3.49,false
2026-05-30T21:00:00,1002,Pembroke Pines,SKU014,Pasta,grocery,grocery,1,1.89,1.89,false
2026-05-30T21:00:00,1003,Davie,SKU001,Bananas,produce,produce,12,0.62,7.45,true
2026-05-30T21:00:00,1003,Davie,SKU002,Avocados,produce,produce,4,1.49,5.96,false
2026-05-30T21:00:00,1003,Davie,SKU003,Whole Milk,dairy,dairy,2,3.86,7.72,true
2026-05-30T21:00:00,1003,Davie,SKU004,Greek Yogurt,dairy,dairy,3,1.39,4.17,false
2026-05-30T21:00:00,1003,Davie,SKU005,Chicken Breast,meat,meat,1,8.49,8.49,false
2026-05-30T21:00:00,1003,Davie,SKU006,Ground Beef,meat,meat,2,7.99,15.98,false
2026-05-30T21:00:00,1003,Davie,SKU007,Italian Bread,bakery,bakery,1,3.99,3.99,false
2026-05-30T21:00:00,1003,Davie,SKU009,Sparkling Water,beverages,grocery,2,4.94,9.88,true
2026-05-30T21:00:00,1003,Davie,SKU010,Orange Juice,beverages,grocery,1,4.99,4.99,false
2026-05-30T21:00:00,1003,Davie,SKU011,Frozen Pizza,frozen,frozen,3,6.29,18.87,true
2026-05-30T21:00:00,1003,Davie,SKU012,Ice Cream,frozen,frozen,2,5.99,11.98,false
2026-05-30T21:00:00,1003,Davie,SKU014,Pasta,grocery,grocery,1,1.89,1.89,false
2026-05-30T21:00:00,1003,Davie,SKU015,Paper Towels,household,grocery,1,12.99,12.99,false
2026-05-31T06:00:00,1001,Fort Lauderdale East,SKU001,Bananas,produce,produce,18,0.62,11.18,true
2026-05-31T06:00:00,1001,Fort Lauderdale East,SKU002,Avocados,produce,produce,5,1.49,7.45,false
2026-05-31T06:00:00,1001,Fort Lauderdale East,SKU003,Whole Milk,dairy,dairy,7,3.86,27.03,true
2026-05-31T06:00:00,1001,Fort Lauderdale East,SKU004,Greek Yogurt,dairy,dairy,2,1.39,2.78,false
2026-05-31T06:00:00,1001,Fort Lauderdale East,SKU005,Chicken Breast,meat,meat,2,8.49,16.98,false
2026-05-31T06:00:00,1001,Fort Lauderdale East,SKU006,Ground Beef,meat,meat,4,7.99,31.96,false
2026-05-31T06:00:00,1001,Fort Lauderdale East,SKU007,Italian Bread,bakery,bakery,3,3.99,11.97,false
2026-05-31T06:00:00,1001,Fort Lauderdale East,SKU008,Croissants,bakery,bakery,1,4.99,4.99,false
2026-05-31T06:00:00,1001,Fort Lauderdale East,SKU009,Sparkling Water,beverages,grocery,1,4.94,4.94,true
2026-05-31T06:00:00,1001,Fort Lauderdale East,SKU011,Frozen Pizza,frozen,frozen,2,6.29,12.58,true
2026-05-31T06:00:00,1001,Fort Lauderdale East,SKU012,Ice Cream,frozen,frozen,1,5.99,5.99,false
2026-05-31T06:00:00,1001,Fort Lauderdale East,SKU013,Peanut Butter,grocery,grocery,1,3.49,3.49,false
2026-05-31T06:00:00,1002,Pembroke Pines,SKU001,Bananas,produce,produce,15,0.62,9.31,true
2026-05-31T06:00:00,1002,Pembroke Pines,SKU002,Avocados,produce,produce,3,1.49,4.47,false
2026-05-31T06:00:00,1002,Pembroke Pines,SKU003,Whole Milk,dairy,dairy,4,3.86,15.44,true
2026-05-31T06:00:00,1002,Pembroke Pines,SKU005,Chicken Breast,meat,meat,4,8.49,33.96,false
2026-05-31T06:00:00,1002,Pembroke Pines,SKU006,Ground Beef,meat,meat,3,7.99,23.97,false
2026-05-31T06:00:00,1002,Pembroke Pines,SKU007,Italian Bread,bakery,bakery,3,3.99,11.97,false
2026-05-31T06:00:00,1002,Pembroke Pines,SKU009,Sparkling Water,beverages,grocery,3,4.94,14.82,true
2026-05-31T06:00:00,1002,Pembroke Pines,SKU011,Frozen Pizza,frozen,frozen,2,6.29,12.58,true
2026-05-31T06:00:00,1002,Pembroke Pines,SKU012,Ice Cream,frozen,frozen,2,5.99,11.98,false
2026-05-31T06:00:00,1002,Pembroke Pines,SKU013,Peanut Butter,grocery,grocery,2,3.49,6.98,false
2026-05-31T06:00:00,1002,Pembroke Pines,SKU014,Pasta,grocery,grocery,1,1.89,1.89,false
2026-05-31T06:00:00,1002,Pembroke Pines,SKU015,Paper Towels,household,grocery,2,12.99,25.98,false
2026-05-31T06:00:00,1003,Davie,SKU001,Bananas,produce,produce,14,0.62,8.69,true
2026-05-31T06:00:00,1003,Davie,SKU002,Avocados,produce,produce,2,1.49,2.98,false
2026-05-31T06:00:00,1003,Davie,SKU003,Whole Milk,dairy,dairy,3,3.86,11.58,true
2026-05-31T06:00:00,1003,Davie,SKU004,Greek Yogurt,dairy,dairy,2,1.39,2.78,false
2026-05-31T06:00:00,1003,Davie,SKU005,Chicken Breast,meat,meat,3,8.49,25.47,false
2026-05-31T06:00:00,1003,Davie,SKU007,Italian Bread,bakery,bakery,2,3.99,7.98,false
2026-05-31T06:00:00,1003,Davie,SKU008,Croissants,bakery,bakery,1,4.99,4.99,false
2026-05-31T06:00:00,1003,Davie,SKU009,Sparkling Water,beverages,grocery,1,4.94,4.94,true
2026-05-31T06:00:00,1003,Davie,SKU011,Frozen Pizza,frozen,frozen,1,6.29,6.29,true
2026-05-31T06:00:00,1003,Davie,SKU012,Ice Cream,frozen,frozen,1,5.99,5.99,false
2026-05-31T06:00:00,1003,Davie,SKU014,Pasta,grocery,grocery,1,1.89,1.89,false
2026-05-31T07:00:00,1001,Fort Lauderdale East,SKU001,Bananas,produce,produce,9,0.62,5.59,true
2026-05-31T07:00:00,1001,Fort Lauderdale East,SKU002,Avocados,produce,produce,2,1.49,2.98,false
2026-05-31T07:00:00,1001,Fort Lauderdale East,SKU003,Whole Milk,dairy,dairy,6,3.86,23.17,true
2026-05-31T07:00:00,1001,Fort Lauderdale East,SKU004,Greek Yogurt,dairy,dairy,2,1.39,2.78,false
2026-05-31T07:00:00,1001,Fort Lauderdale East,SKU005,Chicken Breast,meat,meat,2,8.49,16.98,false
2026-05-31T07:00:00,1001,Fort Lauderdale East,SKU006,Ground Beef,meat,meat,2,7.99,15.98,false
2026-05-31T07:00:00,1001,Fort Lauderdale East,SKU007,Italian Bread,bakery,bakery,3,3.99,11.97,false
2026-05-31T07:00:00,1001,Fort Lauderdale East,SKU008,Croissants,bakery,bakery,1,4.99,4.99,false
2026-05-31T07:00:00,1001,Fort Lauderdale East,SKU009,Sparkling Water,beverages,grocery,1,4.94,4.94,true
2026-05-31T07:00:00,1001,Fort Lauderdale East,SKU010,Orange Juice,beverages,grocery,1,4.99,4.99,false
2026-05-31T07:00:00,1001,Fort Lauderdale East,SKU012,Ice Cream,frozen,frozen,1,5.99,5.99,false
2026-05-31T07:00:00,1001,Fort Lauderdale East,SKU014,Pasta,grocery,grocery,1,1.89,1.89,false
2026-05-31T07:00:00,1002,Pembroke Pines,SKU001,Bananas,produce,produce,12,0.62,7.45,true
2026-05-31T07:00:00,1002,Pembroke Pines,SKU002,Avocados,produce,produce,4,1.49,5.96,false
2026-05-31T07:00:00,1002,Pembroke Pines,SKU003,Whole Milk,dairy,dairy,7,3.86,27.03,true
2026-05-31T07:00:00,1002,Pembroke Pines,SKU005,Chicken Breast,meat,meat,4,8.49,33.96,false
2026-05-31T07:00:00,1002,Pembroke Pines,SKU006,Ground Beef,meat,meat,1,7.99,7.99,false
2026-05-31T07:00:00,1002,Pembroke Pines,SKU009,Sparkling Water,beverages,grocery,3,4.94,14.82,true
2026-05-31T07:00:00,1002,Pembroke Pines,SKU010,Orange Juice,beverages,grocery,2,4.99,9.98,false
2026-05-31T07:00:00,1002,Pembroke Pines,SKU011,Frozen Pizza,frozen,frozen,1,6.29,6.29,true
2026-05-31T07:00:00,1002,Pembroke Pines,SKU014,Pasta,grocery,grocery,1,1.89,1.89,false
2026-05-31T07:00:00,1002,Pembroke Pines,SKU015,Paper Towels,household,grocery,1,12.99,12.99,false
2026-05-31T07:00:00,1003,Davie,SKU001,Bananas,produce,produce,12,0.62,7.45,true
2026-05-31T07:00:00,1003,Davie,SKU002,Avocados,produce,produce,2,1.49,2.98,false
2026-05-31T07:00:00,1003,Davie,SKU003,Whole Milk,dairy,dairy,4,3.86,15.44,true
2026-05-31T07:00:00,1003,Davie,SKU005,Chicken Breast,meat,meat,2,8.49,16.98,false
2026-05-31T07:00:00,1003,Davie,SKU006,Ground Beef,meat,meat,2,7.99,15.98,false
2026-05-31T07:00:00,1003,Davie,SKU007,Italian Bread,bakery,bakery,1,3.99,3.99,false
2026-05-31T07:00:00,1003,Davie,SKU008,Croissants,bakery,bakery,1,4.99,4.99,false
2026-05-31T07:00:00,1003,Davie,SKU009,Sparkling Water,beverages,grocery,3,4.94,14.82,true
2026-05-31T07:00:00,1003,Davie,SKU010,Orange Juice,beverages,grocery,2,4.99,9.98,false
2026-05-31T07:00:00,1003,Davie,SKU011,Frozen Pizza,frozen,frozen,2,6.29,12.58,true
2026-05-31T07:00:00,1003,Davie,SKU012,Ice Cream,frozen,frozen,1,5.99,5.99,false
2026-05-31T07:00:00,1003,Davie,SKU013,Peanut Butter,grocery,grocery,1,3.49,3.49,false
2026-05-31T07:00:00,1003,Davie,SKU014,Pasta,grocery,grocery,2,1.89,3.78,false
2026-05-31T08:00:00,1001,Fort Lauderdale East,SKU001,Bananas,produce,produce,14,0.62,8.69,true
2026-05-31T08:00:00,1001,Fort Lauderdale East,SKU002,Avocados,produce,produce,1,1.49,1.49,false
2026-05-31T08:00:00,1001,Fort Lauderdale East,SKU003,Whole Milk,dairy,dairy,4,3.86,15.44,true
2026-05-31T08:00:00,1001,Fort Lauderdale East,SKU004,Greek Yogurt,dairy,dairy,4,1.39,5.56,false
2026-05-31T08:00:00,1001,Fort Lauderdale East,SKU005,Chicken Breast,meat,meat,1,8.49,8.49,false
2026-05-31T08:00:00,1001,Fort Lauderdale East,SKU006,Ground Beef,meat,meat,1,7.99,7.99,false
2026-05-31T08:00:00,1001,Fort Lauderdale East,SKU007,Italian Bread,bakery,bakery,2,3.99,7.98,false
2026-05-31T08:00:00,1001,Fort Lauderdale East,SKU008,Croissants,bakery,bakery,2,4.99,9.98,false
2026-05-31T08:00:00,1001,Fort Lauderdale East,SKU009,Sparkling Water,beverages,grocery,3,4.94,14.82,true
2026-05-31T08:00:00,1001,Fort Lauderdale East,SKU010,Orange Juice,beverages,grocery,1,4.99,4.99,false
2026-05-31T08:00:00,1001,Fort Lauderdale East,SKU011,Frozen Pizza,frozen,frozen,3,6.29,18.87,true
2026-05-31T08:00:00,1001,Fort Lauderdale East,SKU012,Ice Cream,frozen,frozen,1,5.99,5.99,false
2026-05-31T08:00:00,1001,Fort Lauderdale East,SKU013,Peanut Butter,grocery,grocery,2,3.49,6.98,false
2026-05-31T08:00:00,1001,Fort Lauderdale East,SKU014,Pasta,grocery,grocery,2,1.89,3.78,false
2026-05-31T08:00:00,1002,Pembroke Pines,SKU001,Bananas,produce,produce,8,0.62,4.97,true
2026-05-31T08:00:00,1002,Pembroke Pines,SKU002,Avocados,produce,produce,4,1.49,5.96,false
2026-05-31T08:00:00,1002,Pembroke Pines,SKU003,Whole Milk,dairy,dairy,4,3.86,15.44,true
2026-05-31T08:00:00,1002,Pembroke Pines,SKU004,Greek Yogurt,dairy,dairy,2,1.39,2.78,false
2026-05-31T08:00:00,1002,Pembroke Pines,SKU005,Chicken Breast,meat,meat,2,8.49,16.98,false
2026-05-31T08:00:00,1002,Pembroke Pines,SKU006,Ground Beef,meat,meat,1,7.99,7.99,false
2026-05-31T08:00:00,1002,Pembroke Pines,SKU007,Italian Bread,bakery,bakery,3,3.99,11.97,false
2026-05-31T08:00:00,1002,Pembroke Pines,SKU009,Sparkling Water,beverages,grocery,3,4.94,14.82,true
2026-05-31T08:00:00,1002,Pembroke Pines,SKU010,Orange Juice,beverages,grocery,2,4.99,9.98,false
2026-05-31T08:00:00,1002,Pembroke Pines,SKU011,Frozen Pizza,frozen,frozen,1,6.29,6.29,true
2026-05-31T08:00:00,1002,Pembroke Pines,SKU013,Peanut Butter,grocery,grocery,2,3.49,6.98,false
2026-05-31T08:00:00,1003,Davie,SKU001,Bananas,produce,produce,17,0.62,10.56,true
2026-05-31T08:00:00,1003,Davie,SKU002,Avocados,produce,produce,1,1.49,1.49,false
2026-05-31T08:00:00,1003,Davie,SKU003,Whole Milk,dairy,dairy,4,3.86,15.44,true
2026-05-31T08:00:00,1003,Davie,SKU004,Greek Yogurt,dairy,dairy,2,1.39,2.78,false
2026-05-31T08:00:00,1003,Davie,SKU005,Chicken Breast,meat,meat,2,8.49,16.98,false
2026-05-31T08:00:00,1003,Davie,SKU006,Ground Beef,meat,meat,1,7.99,7.99,false
2026-05-31T08:00:00,1003,Davie,SKU007,Italian Bread,bakery,bakery,2,3.99,7.98,false
2026-05-31T08:00:00,1003,Davie,SKU008,Croissants,bakery,bakery,2,4.99,9.98,false
2026-05-31T08:00:00,1003,Davie,SKU009,Sparkling Water,beverages,grocery,2,4.94,9.88,true
2026-05-31T08:00:00,1003,Davie,SKU010,Orange Juice,beverages,grocery,3,4.99,14.97,false
2026-05-31T08:00:00,1003,Davie,SKU013,Peanut Butter,grocery,grocery,2,3.49,6.98,false
2026-05-31T09:00:00,1001,Fort Lauderdale East,SKU001,Bananas,produce,produce,13,0.62,8.07,true
2026-05-31T09:00:00,1001,Fort Lauderdale East,SKU002,Avocados,produce,produce,5,1.49,7.45,false
2026-05-31T09:00:00,1001,Fort Lauderdale East,SKU003,Whole Milk,dairy,dairy,5,3.86,19.30,true
2026-05-31T09:00:00,1001,Fort Lauderdale East,SKU004,Greek Yogurt,dairy,dairy,1,1.39,1.39,false
2026-05-31T09:00:00,1001,Fort Lauderdale East,SKU006,Ground Beef,meat,meat,3,7.99,23.97,false
2026-05-31T09:00:00,1001,Fort Lauderdale East,SKU007,Italian Bread,bakery,bakery,2,3.99,7.98,false
2026-05-31T09:00:00,1001,Fort Lauderdale East,SKU008,Croissants,bakery,bakery,1,4.99,4.99,false
2026-05-31T09:00:00,1001,Fort Lauderdale East,SKU009,Sparkling Water,beverages,grocery,1,4.94,4.94,true
2026-05-31T09:00:00,1001,Fort Lauderdale East,SKU012,Ice Cream,frozen,frozen,1,5.99,5.99,false
2026-05-31T09:00:00,1001,Fort Lauderdale East,SKU014,Pasta,grocery,grocery,2,1.89,3.78,false
2026-05-31T09:00:00,1001,Fort Lauderdale East,SKU015,Paper Towels,household,grocery,1,12.99,12.99,false
2026-05-31T09:00:00,1002,Pembroke Pines,SKU001,Bananas,produce,produce,11,0.62,6.83,true
2026-05-31T09:00:00,1002,Pembroke Pines,SKU002,Avocados,produce,produce,2,1.49,2.98,false
2026-05-31T09:00:00,1002,Pembroke Pines,SKU003,Whole Milk,dairy,dairy,5,3.86,19.30,true
2026-05-31T09:00:00,1002,Pembroke Pines,SKU004,Greek Yogurt,dairy,dairy,2,1.39,2.78,false
2026-05-31T09:00:00,1002,Pembroke Pines,SKU005,Chicken Breast,meat,meat,4,8.49,33.96,false
2026-05-31T09:00:00,1002,Pembroke Pines,SKU006,Ground Beef,meat,meat,2,7.99,15.98,false
2026-05-31T09:00:00,1002,Pembroke Pines,SKU009,Sparkling Water,beverages,grocery,1,4.94,4.94,true
2026-05-31T09:00:00,1002,Pembroke Pines,SKU010,Orange Juice,beverages,grocery,3,4.99,14.97,false
2026-05-31T09:00:00,1002,Pembroke Pines,SKU011,Frozen Pizza,frozen,frozen,1,6.29,6.29,true
2026-05-31T09:00:00,1002,Pembroke Pines,SKU015,Paper Towels,household,grocery,1,12.99,12.99,false
2026-05-31T09:00:00,1003,Davie,SKU001,Bananas,produce,produce,15,0.62,9.31,true
2026-05-31T09:00:00,1003,Davie,SKU002,Avocados,produce,produce,3,1.49,4.47,false
2026-05-31T09:00:00,1003,Davie,SKU003,Whole Milk,dairy,dairy,4,3.86,15.44,true
2026-05-31T09:00:00,1003,Davie,SKU004,Greek Yogurt,dairy,dairy,4,1.39,5.56,false
2026-05-31T09:00:00,1003,Davie,SKU005,Chicken Breast,meat,meat,3,8.49,25.47,false
2026-05-31T09:00:00,1003,Davie,SKU006,Ground Beef,meat,meat,1,7.99,7.99,false
2026-05-31T09:00:00,1003,Davie,SKU007,Italian Bread,bakery,bakery,2,3.99,7.98,false
2026-05-31T09:00:00,1003,Davie,SKU008,Croissants,bakery,bakery,2,4.99,9.98,false
2026-05-31T09:00:00,1003,Davie,SKU009,Sparkling Water,beverages,grocery,4,4.94,19.76,true
2026-05-31T09:00:00,1003,Davie,SKU010,Orange Juice,beverages,grocery,2,4.99,9.98,false
2026-05-31T09:00:00,1003,Davie,SKU011,Frozen Pizza,frozen,frozen,1,6.29,6.29,true
2026-05-31T09:00:00,1003,Davie,SKU012,Ice Cream,frozen,frozen,1,5.99,5.99,false
2026-05-31T09:00:00,1003,Davie,SKU014,Pasta,grocery,grocery,1,1.89,1.89,false
2026-05-31T10:00:00,1001,Fort Lauderdale East,SKU001,Bananas,produce,produce,15,0.62,9.31,true
2026-05-31T10:00:00,1001,Fort Lauderdale East,SKU002,Avocados,produce,produce,2,1.49,2.98,false
2026-05-31T10:00:00,1001,Fort Lauderdale East,SKU003,Whole Milk,dairy,dairy,5,3.86,19.30,true
2026-05-31T10:00:00,1001,Fort Lauderdale East,SKU004,Greek Yogurt,dairy,dairy,3,1.39,4.17,false
2026-05-31T10:00:00,1001,Fort Lauderdale East,SKU006,Ground Beef,meat,meat,2,7.99,15.98,false
2026-05-31T10:00:00,1001,Fort Lauderdale East,SKU007,Italian Bread,bakery,bakery,1,3.99,3.99,false
2026-05-31T10:00:00,1001,Fort Lauderdale East,SKU008,Croissants,bakery,bakery,3,4.99,14.97,false
2026-05-31T10:00:00,1001,Fort Lauderdale East,SKU009,Sparkling Water,beverages,grocery,3,4.94,14.82,true
2026-05-31T10:00:00,1001,Fort Lauderdale East,SKU010,Orange Juice,beverages,grocery,3,4.99,14.97,false
2026-05-31T10:00:00,1001,Fort Lauderdale East,SKU011,Frozen Pizza,frozen,frozen,2,6.29,12.58,true
2026-05-31T10:00:00,1001,Fort Lauderdale East,SKU014,Pasta,grocery,grocery,1,1.89,1.89,false
2026-05-31T10:00:00,1002,Pembroke Pines,SKU001,Bananas,produce,produce,14,0.62,8.69,true
2026-05-31T10:00:00,1002,Pembroke Pines,SKU002,Avocados,produce,produce,2,1.49,2.98,false
2026-05-31T10:00:00,1002,Pembroke Pines,SKU003,Whole Milk,dairy,dairy,5,3.86,19.30,true
2026-05-31T10:00:00,1002,Pembroke Pines,SKU004,Greek Yogurt,dairy,dairy,3,1.39,4.17,false
2026-05-31T10:00:00,1002,Pembroke Pines,SKU005,Chicken Breast,meat,meat,1,8.49,8.49,false
2026-05-31T10:00:00,1002,Pembroke Pines,SKU006,Ground Beef,meat,meat,1,7.99,7.99,false
2026-05-31T10:00:00,1002,Pembroke Pines,SKU007,Italian Bread,bakery,bakery,2,3.99,7.98,false
2026-05-31T10:00:00,1002,Pembroke Pines,SKU008,Croissants,bakery,bakery,2,4.99,9.98,false
2026-05-31T10:00:00,1002,Pembroke Pines,SKU009,Sparkling Water,beverages,grocery,2,4.94,9.88,true
2026-05-31T10:00:00,1002,Pembroke Pines,SKU010,Orange Juice,beverages,grocery,1,4.99,4.99,false
2026-05-31T10:00:00,1002,Pembroke Pines,SKU011,Frozen Pizza,frozen,frozen,1,6.29,6.29,true
2026-05-31T10:00:00,1002,Pembroke Pines,SKU012,Ice Cream,frozen,frozen,1,5.99,5.99,false
2026-05-31T10:00:00,1003,Davie,SKU001,Bananas,produce,produce,10,0.62,6.21,true
2026-05-31T10:00:00,1003,Davie,SKU002,Avocados,produce,produce,3,1.49,4.47,false
2026-05-31T10:00:00,1003,Davie,SKU003,Whole Milk,dairy,dairy,2,3.86,7.72,true
2026-05-31T10:00:00,1003,Davie,SKU004,Greek Yogurt,dairy,dairy,3,1.39,4.17,false
2026-05-31T10:00:00,1003,Davie,SKU005,Chicken Breast,meat,meat,1,8.49,8.49,false
2026-05-31T10:00:00,1003,Davie,SKU006,Ground Beef,meat,meat,2,7.99,15.98,false
2026-05-31T10:00:00,1003,Davie,SKU007,Italian Bread,bakery,bakery,3,3.99,11.97,false
2026-05-31T10:00:00,1003,Davie,SKU008,Croissants,bakery,bakery,3,4.99,14.97,false
2026-05-31T10:00:00,1003,Davie,SKU009,Sparkling Water,beverages,grocery,3,4.94,14.82,true
2026-05-31T10:00:00,1003,Davie,SKU011,Frozen Pizza,frozen,frozen,1,6.29,6.29,true
2026-05-31T10:00:00,1003,Davie,SKU012,Ice Cream,frozen,frozen,1,5.99,5.99,false
2026-05-31T10:00:00,1003,Davie,SKU013,Peanut Butter,grocery,grocery,1,3.49,3.49,false
2026-05-31T10:00:00,1003,Davie,SKU014,Pasta,grocery,grocery,1,1.89,1.89,false
2026-05-31T10:00:00,1003,Davie,SKU015,Paper Towels,household,grocery,1,12.99,12.99,false
2026-05-31T11:00:00,1001,Fort Lauderdale East,SKU001,Bananas,produce,produce,25,0.62,15.53,true
2026-05-31T11:00:00,1001,Fort Lauderdale East,SKU002,Avocados,produce,produce,7,1.49,10.43,false
2026-05-31T11:00:00,1001,Fort Lauderdale East,SKU003,Whole Milk,dairy,dairy,8,3.86,30.89,true
2026-05-31T11:00:00,1001,Fort Lauderdale East,SKU004,Greek Yogurt,dairy,dairy,3,1.39,4.17,false
2026-05-31T11:00:00,1001,Fort Lauderdale East,SKU005,Chicken Breast,meat,meat,3,8.49,25.47,false
2026-05-31T11:00:00,1001,Fort Lauderdale East,SKU006,Ground Beef,meat,meat,3,7.99,23.97,false
2026-05-31T11:00:00,1001,Fort Lauderdale East,SKU007,Italian Bread,bakery,bakery,3,3.99,11.97,false
2026-05-31T11:00:00,1001,Fort Lauderdale East,SKU008,Croissants,bakery,bakery,1,4.99,4.99,false
2026-05-31T11:00:00,1001,Fort Lauderdale East,SKU009,Sparkling Water,beverages,grocery,3,4.94,14.82,true
2026-05-31T11:00:00,1001,Fort Lauderdale East,SKU010,Orange Juice,beverages,grocery,2,4.99,9.98,false
2026-05-31T11:00:00,1001,Fort Lauderdale East,SKU011,Frozen Pizza,frozen,frozen,2,6.29,12.58,true
2026-05-31T11:00:00,1001,Fort Lauderdale East,SKU012,Ice Cream,frozen,frozen,2,5.99,11.98,false
2026-05-31T11:00:00,1001,Fort Lauderdale East,SKU013,Peanut Butter,grocery,grocery,2,3.49,6.98,false
2026-05-31T11:00:00,1001,Fort Lauderdale East,SKU014,Pasta,grocery,grocery,3,1.89,5.67,false
2026-05-31T11:00:00,1001,Fort Lauderdale East,SKU015,Paper Towels,household,grocery,2,12.99,25.98,false
2026-05-31T11:00:00,1002,Pembroke Pines,SKU001,Bananas,produce,produce,17,0.62,10.56,true
2026-05-31T11:00:00,1002,Pembroke Pines,SKU002,Avocados,produce,produce,6,1.49,8.94,false
2026-05-31T11:00:00,1002,Pembroke Pines,SKU003,Whole Milk,dairy,dairy,4,3.86,15.44,true
2026-05-31T11:00:00,1002,Pembroke Pines,SKU004,Greek Yogurt,dairy,dairy,4,1.39,5.56,false
2026-05-31T11:00:00,1002,Pembroke Pines,SKU005,Chicken Breast,meat,meat,2,8.49,16.98,false
2026-05-31T11:00:00,1002,Pembroke Pines,SKU006,Ground Beef,meat,meat,2,7.99,15.98,false
2026-05-31T11:00:00,1002,Pembroke Pines,SKU007,Italian Bread,bakery,bakery,5,3.99,19.95,false
2026-05-31T11:00:00,1002,Pembroke Pines,SKU008,Croissants,bakery,bakery,1,4.99,4.99,false
2026-05-31T11:00:00,1002,Pembroke Pines,SKU009,Sparkling Water,beverages,grocery,3,4.94,14.82,true
2026-05-31T11:00:00,1002,Pembroke Pines,SKU010,Orange Juice,beverages,grocery,3,4.99,14.97,false
2026-05-31T11:00:00,1002,Pembroke Pines,SKU011,Frozen Pizza,frozen,frozen,2,6.29,12.58,true
2026-05-31T11:00:00,1002,Pembroke Pines,SKU013,Peanut Butter,grocery,grocery,2,3.49,6.98,false
2026-05-31T11:00:00,1002,Pembroke Pines,SKU014,Pasta,grocery,grocery,1,1.89,1.89,false
2026-05-31T11:00:00,1003,Davie,SKU001,Bananas,produce,produce,19,0.62,11.80,true
2026-05-31T11:00:00,1003,Davie,SKU002,Avocados,produce,produce,5,1.49,7.45,false
2026-05-31T11:00:00,1003,Davie,SKU003,Whole Milk,dairy,dairy,7,3.86,27.03,true
2026-05-31T11:00:00,1003,Davie,SKU004,Greek Yogurt,dairy,dairy,2,1.39,2.78,false
2026-05-31T11:00:00,1003,Davie,SKU005,Chicken Breast,meat,meat,3,8.49,25.47,false
2026-05-31T11:00:00,1003,Davie,SKU006,Ground Beef,meat,meat,4,7.99,31.96,false
2026-05-31T11:00:00,1003,Davie,SKU007,Italian Bread,bakery,bakery,1,3.99,3.99,false
2026-05-31T11:00:00,1003,Davie,SKU008,Croissants,bakery,bakery,1,4.99,4.99,false
2026-05-31T11:00:00,1003,Davie,SKU009,Sparkling Water,beverages,grocery,2,4.94,9.88,true
2026-05-31T11:00:00,1003,Davie,SKU013,Peanut Butter,grocery,grocery,2,3.49,6.98,false
2026-05-31T11:00:00,1003,Davie,SKU014,Pasta,grocery,grocery,1,1.89,1.89,false
2026-05-31T12:00:00,1001,Fort Lauderdale East,SKU001,Bananas,produce,produce,20,0.62,12.42,true
2026-05-31T12:00:00,1001,Fort Lauderdale East,SKU002,Avocados,produce,produce,6,1.49,8.94,false
2026-05-31T12:00:00,1001,Fort Lauderdale East,SKU003,Whole Milk,dairy,dairy,7,3.86,27.03,true
2026-05-31T12:00:00,1001,Fort Lauderdale East,SKU004,Greek Yogurt,dairy,dairy,4,1.39,5.56,false
2026-05-31T12:00:00,1001,Fort Lauderdale East,SKU005,Chicken Breast,meat,meat,6,8.49,50.94,false
2026-05-31T12:00:00,1001,Fort Lauderdale East,SKU006,Ground Beef,meat,meat,3,7.99,23.97,false
2026-05-31T12:00:00,1001,Fort Lauderdale East,SKU007,Italian Bread,bakery,bakery,3,3.99,11.97,false
2026-05-31T12:00:00,1001,Fort Lauderdale East,SKU008,Croissants,bakery,bakery,1,4.99,4.99,false
2026-05-31T12:00:00,1001,Fort Lauderdale East,SKU009,Sparkling Water,beverages,grocery,2,4.94,9.88,true
2026-05-31T12:00:00,1001,Fort Lauderdale East,SKU010,Orange Juice,beverages,grocery,1,4.99,4.99,false
2026-05-31T12:00:00,1001,Fort Lauderdale East,SKU011,Frozen Pizza,frozen,frozen,1,6.29,6.29,true
2026-05-31T12:00:00,1001,Fort Lauderdale East,SKU012,Ice Cream,frozen,frozen,2,5.99,11.98,false
2026-05-31T12:00:00,1001,Fort Lauderdale East,SKU013,Peanut Butter,grocery,grocery,2,3.49,6.98,false
2026-05-31T12:00:00,1001,Fort Lauderdale East,SKU014,Pasta,grocery,grocery,1,1.89,1.89,false
2026-05-31T12:00:00,1002,Pembroke Pines,SKU001,Bananas,produce,produce,25,0.62,15.53,true
2026-05-31T12:00:00,1002,Pembroke Pines,SKU002,Avocados,produce,produce,4,1.49,5.96,false
2026-05-31T12:00:00,1002,Pembroke Pines,SKU003,Whole Milk,dairy,dairy,6,3.86,23.17,true
2026-05-31T12:00:00,1002,Pembroke Pines,SKU004,Greek Yogurt,dairy,dairy,3,1.39,4.17,false
2026-05-31T12:00:00,1002,Pembroke Pines,SKU005,Chicken Breast,meat,meat,3,8.49,25.47,false
2026-05-31T12:00:00,1002,Pembroke Pines,SKU006,Ground Beef,meat,meat,2,7.99,15.98,false
2026-05-31T12:00:00,1002,Pembroke Pines,SKU009,Sparkling Water,beverages,grocery,3,4.94,14.82,true
2026-05-31T12:00:00,1002,Pembroke Pines,SKU010,Orange Juice,beverages,grocery,2,4.99,9.98,false
2026-05-31T12:00:00,1002,Pembroke Pines,SKU011,Frozen Pizza,frozen,frozen,2,6.29,12.58,true
2026-05-31T12:00:00,1002,Pembroke Pines,SKU014,Pasta,grocery,grocery,1,1.89,1.89,false
2026-05-31T12:00:00,1003,Davie,SKU001,Bananas,produce,produce,14,0.62,8.69,true
2026-05-31T12:00:00,1003,Davie,SKU002,Avocados,produce,produce,3,1.49,4.47,false
2026-05-31T12:00:00,1003,Davie,SKU003,Whole Milk,dairy,dairy,9,3.86,34.75,true
2026-05-31T12:00:00,1003,Davie,SKU004,Greek Yogurt,dairy,dairy,3,1.39,4.17,false
2026-05-31T12:00:00,1003,Davie,SKU005,Chicken Breast,meat,meat,3,8.49,25.47,false
2026-05-31T12:00:00,1003,Davie,SKU006,Ground Beef,meat,meat,1,7.99,7.99,false
2026-05-31T12:00:00,1003,Davie,SKU007,Italian Bread,bakery,bakery,2,3.99,7.98,false
2026-05-31T12:00:00,1003,Davie,SKU008,Croissants,bakery,bakery,1,4.99,4.99,false
2026-05-31T12:00:00,1003,Davie,SKU009,Sparkling Water,beverages,grocery,2,4.94,9.88,true
2026-05-31T12:00:00,1003,Davie,SKU010,Orange Juice,beverages,grocery,2,4.99,9.98,false
2026-05-31T12:00:00,1003,Davie,SKU011,Frozen Pizza,frozen,frozen,1,6.29,6.29,true
2026-05-31T12:00:00,1003,Davie,SKU012,Ice Cream,frozen,frozen,1,5.99,5.99,false
2026-05-31T13:00:00,1001,Fort Lauderdale East,SKU001,Bananas,produce,produce,15,0.62,9.31,true
2026-05-31T13:00:00,1001,Fort Lauderdale East,SKU002,Avocados,produce,produce,2,1.49,2.98,false
2026-05-31T13:00:00,1001,Fort Lauderdale East,SKU003,Whole Milk,dairy,dairy,4,3.86,15.44,true
2026-05-31T13:00:00,1001,Fort Lauderdale East,SKU004,Greek Yogurt,dairy,dairy,2,1.39,2.78,false
2026-05-31T13:00:00,1001,Fort Lauderdale East,SKU005,Chicken Breast,meat,meat,2,8.49,16.98,false
2026-05-31T13:00:00,1001,Fort Lauderdale East,SKU006,Ground Beef,meat,meat,2,7.99,15.98,false
2026-05-31T13:00:00,1001,Fort Lauderdale East,SKU007,Italian Bread,bakery,bakery,1,3.99,3.99,false
2026-05-31T13:00:00,1001,Fort Lauderdale East,SKU009,Sparkling Water,beverages,grocery,2,4.94,9.88,true
2026-05-31T13:00:00,1001,Fort Lauderdale East,SKU010,Orange Juice,beverages,grocery,2,4.99,9.98,false
2026-05-31T13:00:00,1001,Fort Lauderdale East,SKU011,Frozen Pizza,frozen,frozen,1,6.29,6.29,true
2026-05-31T13:00:00,1001,Fort Lauderdale East,SKU012,Ice Cream,frozen,frozen,1,5.99,5.99,false
2026-05-31T13:00:00,1001,Fort Lauderdale East,SKU013,Peanut Butter,grocery,grocery,1,3.49,3.49,false
2026-05-31T13:00:00,1001,Fort Lauderdale East,SKU014,Pasta,grocery,grocery,1,1.89,1.89,false
2026-05-31T13:00:00,1001,Fort Lauderdale East,SKU015,Paper Towels,household,grocery,1,12.99,12.99,false
2026-05-31T13:00:00,1002,Pembroke Pines,SKU001,Bananas,produce,produce,12,0.62,7.45,true
2026-05-31T13:00:00,1002,Pembroke Pines,SKU002,Avocados,produce,produce,4,1.49,5.96,false
2026-05-31T13:00:00,1002,Pembroke Pines,SKU003,Whole Milk,dairy,dairy,4,3.86,15.44,true
2026-05-31T13:00:00,1002,Pembroke Pines,SKU004,Greek Yogurt,dairy,dairy,4,1.39,5.56,false
2026-05-31T13:00:00,1002,Pembroke Pines,SKU005,Chicken Breast,meat,meat,1,8.49,8.49,false
2026-05-31T13:00:00,1002,Pembroke Pines,SKU006,Ground Beef,meat,meat,3,7.99,23.97,false
2026-05-31T13:00:00,1002,Pembroke Pines,SKU007,Italian Bread,bakery,bakery,2,3.99,7.98,false
2026-05-31T13:00:00,1002,Pembroke Pines,SKU009,Sparkling Water,beverages,grocery,2,4.94,9.88,true
2026-05-31T13:00:00,1002,Pembroke Pines,SKU010,Orange Juice,beverages,grocery,2,4.99,9.98,false
2026-05-31T13:00:00,1002,Pembroke Pines,SKU011,Frozen Pizza,frozen,frozen,1,6.29,6.29,true
2026-05-31T13:00:00,1002,Pembroke Pines,SKU013,Peanut Butter,grocery,grocery,1,3.49,3.49,false
2026-05-31T13:00:00,1003,Davie,SKU001,Bananas,produce,produce,7,0.62,4.35,true
2026-05-31T13:00:00,1003,Davie,SKU002,Avocados,produce,produce,4,1.49,5.96,false
2026-05-31T13:00:00,1003,Davie,SKU003,Whole Milk,dairy,dairy,2,3.86,7.72,true
2026-05-31T13:00:00,1003,Davie,SKU004,Greek Yogurt,dairy,dairy,1,1.39,1.39,false
2026-05-31T13:00:00,1003,Davie,SKU005,Chicken Breast,meat,meat,1,8.49,8.49,false
2026-05-31T13:00:00,1003,Davie,SKU006,Ground Beef,meat,meat,1,7.99,7.99,false
2026-05-31T13:00:00,1003,Davie,SKU008,Croissants,bakery,bakery,1,4.99,4.99,false
2026-05-31T13:00:00,1003,Davie,SKU009,Sparkling Water,beverages,grocery,2,4.94,9.88,true
2026-05-31T13:00:00,1003,Davie,SKU010,Orange Juice,beverages,grocery,1,4.99,4.99,false
2026-05-31T13:00:00,1003,Davie,SKU011,Frozen Pizza,frozen,frozen,1,6.29,6.29,true
2026-05-31T13:00:00,1003,Davie,SKU013,Peanut Butter,grocery,grocery,2,3.49,6.98,false
2026-05-31T13:00:00,1003,Davie,SKU015,Paper Towels,household,grocery,1,12.99,12.99,false
2026-05-31T14:00:00,1001,Fort Lauderdale East,SKU001,Bananas,produce,produce,15,0.62,9.31,true
2026-05-31T14:00:00,1001,Fort Lauderdale East,SKU002,Avocados,produce,produce,4,1.49,5.96,false
2026-05-31T14:00:00,1001,Fort Lauderdale East,SKU003,Whole Milk,dairy,dairy,5,3.86,19.30,true
2026-05-31T14:00:00,1001,Fort Lauderdale East,SKU004,Greek Yogurt,dairy,dairy,2,1.39,2.78,false
2026-05-31T14:00:00,1001,Fort Lauderdale East,SKU005,Chicken Breast,meat,meat,3,8.49,25.47,false
2026-05-31T14:00:00,1001,Fort Lauderdale East,SKU006,Ground Beef,meat,meat,3,7.99,23.97,false
2026-05-31T14:00:00,1001,Fort Lauderdale East,SKU007,Italian Bread,bakery,bakery,2,3.99,7.98,false
2026-05-31T14:00:00,1001,Fort Lauderdale East,SKU008,Croissants,bakery,bakery,1,4.99,4.99,false
2026-05-31T14:00:00,1001,Fort Lauderdale East,SKU009,Sparkling Water,beverages,grocery,3,4.94,14.82,true
2026-05-31T14:00:00,1001,Fort Lauderdale East,SKU010,Orange Juice,beverages,grocery,2,4.99,9.98,false
2026-05-31T14:00:00,1001,Fort Lauderdale East,SKU011,Frozen Pizza,frozen,frozen,1,6.29,6.29,true
2026-05-31T14:00:00,1001,Fort Lauderdale East,SKU012,Ice Cream,frozen,frozen,1,5.99,5.99,false
2026-05-31T14:00:00,1001,Fort Lauderdale East,SKU013,Peanut Butter,grocery,grocery,1,3.49,3.49,false
2026-05-31T14:00:00,1001,Fort Lauderdale East,SKU014,Pasta,grocery,grocery,1,1.89,1.89,false
2026-05-31T14:00:00,1002,Pembroke Pines,SKU001,Bananas,produce,produce,16,0.62,9.94,true
2026-05-31T14:00:00,1002,Pembroke Pines,SKU002,Avocados,produce,produce,5,1.49,7.45,false
2026-05-31T14:00:00,1002,Pembroke Pines,SKU003,Whole Milk,dairy,dairy,5,3.86,19.30,true
2026-05-31T14:00:00,1002,Pembroke Pines,SKU004,Greek Yogurt,dairy,dairy,2,1.39,2.78,false
2026-05-31T14:00:00,1002,Pembroke Pines,SKU005,Chicken Breast,meat,meat,2,8.49,16.98,false
2026-05-31T14:00:00,1002,Pembroke Pines,SKU006,Ground Beef,meat,meat,1,7.99,7.99,false
2026-05-31T14:00:00,1002,Pembroke Pines,SKU007,Italian Bread,bakery,bakery,1,3.99,3.99,false
2026-05-31T14:00:00,1002,Pembroke Pines,SKU010,Orange Juice,beverages,grocery,2,4.99,9.98,false
2026-05-31T14:00:00,1002,Pembroke Pines,SKU011,Frozen Pizza,frozen,frozen,1,6.29,6.29,true
2026-05-31T14:00:00,1002,Pembroke Pines,SKU013,Peanut Butter,grocery,grocery,1,3.49,3.49,false
2026-05-31T14:00:00,1002,Pembroke Pines,SKU014,Pasta,grocery,grocery,1,1.89,1.89,false
2026-05-31T14:00:00,1003,Davie,SKU001,Bananas,produce,produce,9,0.62,5.59,true
2026-05-31T14:00:00,1003,Davie,SKU002,Avocados,produce,produce,2,1.49,2.98,false
2026-05-31T14:00:00,1003,Davie,SKU003,Whole Milk,dairy,dairy,6,3.86,23.17,true
2026-05-31T14:00:00,1003,Davie,SKU004,Greek Yogurt,dairy,dairy,1,1.39,1.39,false
2026-05-31T14:00:00,1003,Davie,SKU005,Chicken Breast,meat,meat,2,8.49,16.98,false
2026-05-31T14:00:00,1003,Davie,SKU006,Ground Beef,meat,meat,2,7.99,15.98,false
2026-05-31T14:00:00,1003,Davie,SKU009,Sparkling Water,beverages,grocery,2,4.94,9.88,true
2026-05-31T14:00:00,1003,Davie,SKU010,Orange Juice,beverages,grocery,1,4.99,4.99,false
2026-05-31T14:00:00,1003,Davie,SKU011,Frozen Pizza,frozen,frozen,1,6.29,6.29,true
2026-05-31T14:00:00,1003,Davie,SKU012,Ice Cream,frozen,frozen,2,5.99,11.98,false
2026-05-31T14:00:00,1003,Davie,SKU014,Pasta,grocery,grocery,1,1.89,1.89,false
2026-05-31T14:00:00,1003,Davie,SKU015,Paper Towels,household,grocery,1,12.99,12.99,false
2026-05-31T15:00:00,1001,Fort Lauderdale East,SKU001,Bananas,produce,produce,18,0.62,11.18,true
2026-05-31T15:00:00,1001,Fort Lauderdale East,SKU002,Avocados,produce,produce,3,1.49,4.47,false
2026-05-31T15:00:00,1001,Fort Lauderdale East,SKU003,Whole Milk,dairy,dairy,5,3.86,19.30,true
2026-05-31T15:00:00,1001,Fort Lauderdale East,SKU004,Greek Yogurt,dairy,dairy,3,1.39,4.17,false
2026-05-31T15:00:00,1001,Fort Lauderdale East,SKU005,Chicken Breast,meat,meat,1,8.49,8.49,false
2026-05-31T15:00:00,1001,Fort Lauderdale East,SKU007,Italian Bread,bakery,bakery,3,3.99,11.97,false
2026-05-31T15:00:00,1001,Fort Lauderdale East,SKU008,Croissants,bakery,bakery,1,4.99,4.99,false
2026-05-31T15:00:00,1001,Fort Lauderdale East,SKU009,Sparkling Water,beverages,grocery,4,4.94,19.76,true
2026-05-31T15:00:00,1001,Fort Lauderdale East,SKU010,Orange Juice,beverages,grocery,1,4.99,4.99,false
2026-05-31T15:00:00,1001,Fort Lauderdale East,SKU011,Frozen Pizza,frozen,frozen,3,6.29,18.87,true
2026-05-31T15:00:00,1001,Fort Lauderdale East,SKU012,Ice Cream,frozen,frozen,2,5.99,11.98,false
2026-05-31T15:00:00,1001,Fort Lauderdale East,SKU013,Peanut Butter,grocery,grocery,1,3.49,3.49,false
2026-05-31T15:00:00,1001,Fort Lauderdale East,SKU014,Pasta,grocery,grocery,1,1.89,1.89,false
2026-05-31T15:00:00,1002,Pembroke Pines,SKU001,Bananas,produce,produce,12,0.62,7.45,true
2026-05-31T15:00:00,1002,Pembroke Pines,SKU002,Avocados,produce,produce,3,1.49,4.47,false
2026-05-31T15:00:00,1002,Pembroke Pines,SKU003,Whole Milk,dairy,dairy,4,3.86,15.44,true
2026-05-31T15:00:00,1002,Pembroke Pines,SKU004,Greek Yogurt,dairy,dairy,1,1.39,1.39,false
2026-05-31T15:00:00,1002,Pembroke Pines,SKU005,Chicken Breast,meat,meat,2,8.49,16.98,false
2026-05-31T15:00:00,1002,Pembroke Pines,SKU006,Ground Beef,meat,meat,3,7.99,23.97,false
2026-05-31T15:00:00,1002,Pembroke Pines,SKU007,Italian Bread,bakery,bakery,1,3.99,3.99,false
2026-05-31T15:00:00,1002,Pembroke Pines,SKU008,Croissants,bakery,bakery,2,4.99,9.98,false
2026-05-31T15:00:00,1002,Pembroke Pines,SKU010,Orange Juice,beverages,grocery,2,4.99,9.98,false
2026-05-31T15:00:00,1002,Pembroke Pines,SKU011,Frozen Pizza,frozen,frozen,2,6.29,12.58,true
2026-05-31T15:00:00,1002,Pembroke Pines,SKU013,Peanut Butter,grocery,grocery,1,3.49,3.49,false
2026-05-31T15:00:00,1002,Pembroke Pines,SKU014,Pasta,grocery,grocery,1,1.89,1.89,false
2026-05-31T15:00:00,1002,Pembroke Pines,SKU015,Paper Towels,household,grocery,2,12.99,25.98,false
2026-05-31T15:00:00,1003,Davie,SKU001,Bananas,produce,produce,14,0.62,8.69,true
2026-05-31T15:00:00,1003,Davie,SKU002,Avocados,produce,produce,3,1.49,4.47,false
2026-05-31T15:00:00,1003,Davie,SKU003,Whole Milk,dairy,dairy,4,3.86,15.44,true
2026-05-31T15:00:00,1003,Davie,SKU004,Greek Yogurt,dairy,dairy,1,1.39,1.39,false
2026-05-31T15:00:00,1003,Davie,SKU005,Chicken Breast,meat,meat,4,8.49,33.96,false
2026-05-31T15:00:00,1003,Davie,SKU006,Ground Beef,meat,meat,2,7.99,15.98,false
2026-05-31T15:00:00,1003,Davie,SKU007,Italian Bread,bakery,bakery,2,3.99,7.98,false
2026-05-31T15:00:00,1003,Davie,SKU008,Croissants,bakery,bakery,1,4.99,4.99,false
2026-05-31T15:00:00,1003,Davie,SKU012,Ice Cream,frozen,frozen,2,5.99,11.98,false
2026-05-31T15:00:00,1003,Davie,SKU013,Peanut Butter,grocery,grocery,1,3.49,3.49,false
2026-05-31T16:00:00,1001,Fort Lauderdale East,SKU001,Bananas,produce,produce,11,0.62,6.83,true
2026-05-31T16:00:00,1001,Fort Lauderdale East,SKU002,Avocados,produce,produce,3,1.49,4.47,false
2026-05-31T16:00:00,1001,Fort Lauderdale East,SKU003,Whole Milk,dairy,dairy,3,3.86,11.58,true
2026-05-31T16:00:00,1001,Fort Lauderdale East,SKU004,Greek Yogurt,dairy,dairy,3,1.39,4.17,false
2026-05-31T16:00:00,1001,Fort Lauderdale East,SKU005,Chicken Breast,meat,meat,1,8.49,8.49,false
2026-05-31T16:00:00,1001,Fort Lauderdale East,SKU006,Ground Beef,meat,meat,1,7.99,7.99,false
2026-05-31T16:00:00,1001,Fort Lauderdale East,SKU007,Italian Bread,bakery,bakery,2,3.99,7.98,false
2026-05-31T16:00:00,1001,Fort Lauderdale East,SKU009,Sparkling Water,beverages,grocery,3,4.94,14.82,true
2026-05-31T16:00:00,1001,Fort Lauderdale East,SKU010,Orange Juice,beverages,grocery,2,4.99,9.98,false
2026-05-31T16:00:00,1001,Fort Lauderdale East,SKU012,Ice Cream,frozen,frozen,1,5.99,5.99,false
2026-05-31T16:00:00,1001,Fort Lauderdale East,SKU015,Paper Towels,household,grocery,1,12.99,12.99,false
2026-05-31T16:00:00,1002,Pembroke Pines,SKU001,Bananas,produce,produce,17,0.62,10.56,true
2026-05-31T16:00:00,1002,Pembroke Pines,SKU002,Avocados,produce,produce,3,1.49,4.47,false
2026-05-31T16:00:00,1002,Pembroke Pines,SKU003,Whole Milk,dairy,dairy,2,3.86,7.72,true
2026-05-31T16:00:00,1002,Pembroke Pines,SKU004,Greek Yogurt,dairy,dairy,1,1.39,1.39,false
2026-05-31T16:00:00,1002,Pembroke Pines,SKU006,Ground Beef,meat,meat,2,7.99,15.98,false
2026-05-31T16:00:00,1002,Pembroke Pines,SKU007,Italian Bread,bakery,bakery,1,3.99,3.99,false
2026-05-31T16:00:00,1002,Pembroke Pines,SKU008,Croissants,bakery,bakery,1,4.99,4.99,false
2026-05-31T16:00:00,1002,Pembroke Pines,SKU009,Sparkling Water,beverages,grocery,3,4.94,14.82,true
2026-05-31T16:00:00,1002,Pembroke Pines,SKU010,Orange Juice,beverages,grocery,2,4.99,9.98,false
2026-05-31T16:00:00,1002,Pembroke Pines,SKU011,Frozen Pizza,frozen,frozen,2,6.29,12.58,true
2026-05-31T16:00:00,1002,Pembroke Pines,SKU012,Ice Cream,frozen,frozen,1,5.99,5.99,false
2026-05-31T16:00:00,1002,Pembroke Pines,SKU014,Pasta,grocery,grocery,3,1.89,5.67,false
2026-05-31T16:00:00,1002,Pembroke Pines,SKU015,Paper Towels,household,grocery,2,12.99,25.98,false
2026-05-31T16:00:00,1003,Davie,SKU001,Bananas,produce,produce,13,0.62,8.07,true
2026-05-31T16:00:00,1003,Davie,SKU002,Avocados,produce,produce,4,1.49,5.96,false
2026-05-31T16:00:00,1003,Davie,SKU003,Whole Milk,dairy,dairy,3,3.86,11.58,true
2026-05-31T16:00:00,1003,Davie,SKU004,Greek Yogurt,dairy,dairy,2,1.39,2.78,false
2026-05-31T16:00:00,1003,Davie,SKU005,Chicken Breast,meat,meat,2,8.49,16.98,false
2026-05-31T16:00:00,1003,Davie,SKU006,Ground Beef,meat,meat,1,7.99,7.99,false
2026-05-31T16:00:00,1003,Davie,SKU007,Italian Bread,bakery,bakery,3,3.99,11.97,false
2026-05-31T16:00:00,1003,Davie,SKU008,Croissants,bakery,bakery,1,4.99,4.99,false
2026-05-31T16:00:00,1003,Davie,SKU009,Sparkling Water,beverages,grocery,1,4.94,4.94,true
2026-05-31T16:00:00,1003,Davie,SKU010,Orange Juice,beverages,grocery,1,4.99,4.99,false
2026-05-31T16:00:00,1003,Davie,SKU011,Frozen Pizza,frozen,frozen,2,6.29,12.58,true
2026-05-31T16:00:00,1003,Davie,SKU013,Peanut Butter,grocery,grocery,1,3.49,3.49,false
2026-05-31T16:00:00,1003,Davie,SKU014,Pasta,grocery,grocery,1,1.89,1.89,false
2026-05-31T16:00:00,1003,Davie,SKU015,Paper Towels,household,grocery,1,12.99,12.99,false
2026-05-31T17:00:00,1001,Fort Lauderdale East,SKU001,Bananas,produce,produce,23,0.62,14.28,true
2026-05-31T17:00:00,1001,Fort Lauderdale East,SKU002,Avocados,produce,produce,4,1.49,5.96,false
2026-05-31T17:00:00,1001,Fort Lauderdale East,SKU003,Whole Milk,dairy,dairy,5,3.86,19.30,true
2026-05-31T17:00:00,1001,Fort Lauderdale East,SKU004,Greek Yogurt,dairy,dairy,5,1.39,6.95,false
2026-05-31T17:00:00,1001,Fort Lauderdale East,SKU005,Chicken Breast,meat,meat,4,8.49,33.96,false
2026-05-31T17:00:00,1001,Fort Lauderdale East,SKU006,Ground Beef,meat,meat,3,7.99,23.97,false
2026-05-31T17:00:00,1001,Fort Lauderdale East,SKU007,Italian Bread,bakery,bakery,4,3.99,15.96,false
2026-05-31T17:00:00,1001,Fort Lauderdale East,SKU008,Croissants,bakery,bakery,2,4.99,9.98,false
2026-05-31T17:00:00,1001,Fort Lauderdale East,SKU009,Sparkling Water,beverages,grocery,2,4.94,9.88,true
2026-05-31T17:00:00,1001,Fort Lauderdale East,SKU010,Orange Juice,beverages,grocery,4,4.99,19.96,false
2026-05-31T17:00:00,1001,Fort Lauderdale East,SKU011,Frozen Pizza,frozen,frozen,2,6.29,12.58,true
2026-05-31T17:00:00,1001,Fort Lauderdale East,SKU012,Ice Cream,frozen,frozen,3,5.99,17.97,false
2026-05-31T17:00:00,1001,Fort Lauderdale East,SKU013,Peanut Butter,grocery,grocery,1,3.49,3.49,false
2026-05-31T17:00:00,1001,Fort Lauderdale East,SKU014,Pasta,grocery,grocery,2,1.89,3.78,false
2026-05-31T17:00:00,1002,Pembroke Pines,SKU001,Bananas,produce,produce,13,0.62,8.07,true
2026-05-31T17:00:00,1002,Pembroke Pines,SKU002,Avocados,produce,produce,4,1.49,5.96,false
2026-05-31T17:00:00,1002,Pembroke Pines,SKU003,Whole Milk,dairy,dairy,5,3.86,19.30,true
2026-05-31T17:00:00,1002,Pembroke Pines,SKU004,Greek Yogurt,dairy,dairy,4,1.39,5.56,false
2026-05-31T17:00:00,1002,Pembroke Pines,SKU005,Chicken Breast,meat,meat,3,8.49,25.47,false
2026-05-31T17:00:00,1002,Pembroke Pines,SKU006,Ground Beef,meat,meat,1,7.99,7.99,false
2026-05-31T17:00:00,1002,Pembroke Pines,SKU007,Italian Bread,bakery,bakery,2,3.99,7.98,false
2026-05-31T17:00:00,1002,Pembroke Pines,SKU009,Sparkling Water,beverages,grocery,2,4.94,9.88,true
2026-05-31T17:00:00,1002,Pembroke Pines,SKU010,Orange Juice,beverages,grocery,2,4.99,9.98,false
2026-05-31T17:00:00,1002,Pembroke Pines,SKU011,Frozen Pizza,frozen,frozen,2,6.29,12.58,true
2026-05-31T17:00:00,1002,Pembroke Pines,SKU012,Ice Cream,frozen,frozen,3,5.99,17.97,false
2026-05-31T17:00:00,1002,Pembroke Pines,SKU013,Peanut Butter,grocery,grocery,2,3.49,6.98,false
2026-05-31T17:00:00,1002,Pembroke Pines,SKU015,Paper Towels,household,grocery,2,12.99,25.98,false
2026-05-31T17:00:00,1003,Davie,SKU001,Bananas,produce,produce,24,0.62,14.90,true
2026-05-31T17:00:00,1003,Davie,SKU002,Avocados,produce,produce,5,1.49,7.45,false
2026-05-31T17:00:00,1003,Davie,SKU003,Whole Milk,dairy,dairy,5,3.86,19.30,true
2026-05-31T17:00:00,1003,Davie,SKU004,Greek Yogurt,dairy,dairy,5,1.39,6.95,false
2026-05-31T17:00:00,1003,Davie,SKU005,Chicken Breast,meat,meat,4,8.49,33.96,false
2026-05-31T17:00:00,1003,Davie,SKU006,Ground Beef,meat,meat,1,7.99,7.99,false
2026-05-31T17:00:00,1003,Davie,SKU007,Italian Bread,bakery,bakery,3,3.99,11.97,false
2026-05-31T17:00:00,1003,Davie,SKU008,Croissants,bakery,bakery,1,4.99,4.99,false
2026-05-31T17:00:00,1003,Davie,SKU009,Sparkling Water,beverages,grocery,4,4.94,19.76,true
2026-05-31T17:00:00,1003,Davie,SKU010,Orange Juice,beverages,grocery,1,4.99,4.99,false
2026-05-31T17:00:00,1003,Davie,SKU011,Frozen Pizza,frozen,frozen,2,6.29,12.58,true
2026-05-31T17:00:00,1003,Davie,SKU012,Ice Cream,frozen,frozen,1,5.99,5.99,false
2026-05-31T17:00:00,1003,Davie,SKU013,Peanut Butter,grocery,grocery,2,3.49,6.98,false
2026-05-31T18:00:00,1001,Fort Lauderdale East,SKU001,Bananas,produce,produce,10,0.62,6.21,true
2026-05-31T18:00:00,1001,Fort Lauderdale East,SKU002,Avocados,produce,produce,6,1.49,8.94,false
2026-05-31T18:00:00,1001,Fort Lauderdale East,SKU003,Whole Milk,dairy,dairy,2,3.86,7.72,true
2026-05-31T18:00:00,1001,Fort Lauderdale East,SKU004,Greek Yogurt,dairy,dairy,4,1.39,5.56,false
2026-05-31T18:00:00,1001,Fort Lauderdale East,SKU005,Chicken Breast,meat,meat,3,8.49,25.47,false
2026-05-31T18:00:00,1001,Fort Lauderdale East,SKU006,Ground Beef,meat,meat,2,7.99,15.98,false
2026-05-31T18:00:00,1001,Fort Lauderdale East,SKU007,Italian Bread,bakery,bakery,4,3.99,15.96,false
2026-05-31T18:00:00,1001,Fort Lauderdale East,SKU008,Croissants,bakery,bakery,3,4.99,14.97,false
2026-05-31T18:00:00,1001,Fort Lauderdale East,SKU009,Sparkling Water,beverages,grocery,4,4.94,19.76,true
2026-05-31T18:00:00,1001,Fort Lauderdale East,SKU010,Orange Juice,beverages,grocery,3,4.99,14.97,false
2026-05-31T18:00:00,1001,Fort Lauderdale East,SKU011,Frozen Pizza,frozen,frozen,3,6.29,18.87,true
2026-05-31T18:00:00,1001,Fort Lauderdale East,SKU012,Ice Cream,frozen,frozen,1,5.99,5.99,false
2026-05-31T18:00:00,1001,Fort Lauderdale East,SKU013,Peanut Butter,grocery,grocery,2,3.49,6.98,false
2026-05-31T18:00:00,1001,Fort Lauderdale East,SKU014,Pasta,grocery,grocery,2,1.89,3.78,false
2026-05-31T18:00:00,1002,Pembroke Pines,SKU001,Bananas,produce,produce,7,0.62,4.35,true
2026-05-31T18:00:00,1002,Pembroke Pines,SKU002,Avocados,produce,produce,3,1.49,4.47,false
2026-05-31T18:00:00,1002,Pembroke Pines,SKU003,Whole Milk,dairy,dairy,9,3.86,34.75,true
2026-05-31T18:00:00,1002,Pembroke Pines,SKU004,Greek Yogurt,dairy,dairy,2,1.39,2.78,false
2026-05-31T18:00:00,1002,Pembroke Pines,SKU005,Chicken Breast,meat,meat,2,8.49,16.98,false
2026-05-31T18:00:00,1002,Pembroke Pines,SKU006,Ground Beef,meat,meat,3,7.99,23.97,false
2026-05-31T18:00:00,1002,Pembroke Pines,SKU007,Italian Bread,bakery,bakery,4,3.99,15.96,false
2026-05-31T18:00:00,1002,Pembroke Pines,SKU008,Croissants,bakery,bakery,2,4.99,9.98,false
2026-05-31T18:00:00,1002,Pembroke Pines,SKU009,Sparkling Water,beverages,grocery,3,4.94,14.82,true
2026-05-31T18:00:00,1002,Pembroke Pines,SKU011,Frozen Pizza,frozen,frozen,4,6.29,25.16,true
2026-05-31T18:00:00,1002,Pembroke Pines,SKU012,Ice Cream,frozen,frozen,1,5.99,5.99,false
2026-05-31T18:00:00,1002,Pembroke Pines,SKU013,Peanut Butter,grocery,grocery,2,3.49,6.98,false
2026-05-31T18:00:00,1002,Pembroke Pines,SKU014,Pasta,grocery,grocery,1,1.89,1.89,false
2026-05-31T18:00:00,1003,Davie,SKU001,Bananas,produce,produce,18,0.62,11.18,true
2026-05-31T18:00:00,1003,Davie,SKU002,Avocados,produce,produce,4,1.49,5.96,false
2026-05-31T18:00:00,1003,Davie,SKU003,Whole Milk,dairy,dairy,9,3.86,34.75,true
2026-05-31T18:00:00,1003,Davie,SKU004,Greek Yogurt,dairy,dairy,2,1.39,2.78,false
2026-05-31T18:00:00,1003,Davie,SKU005,Chicken Breast,meat,meat,3,8.49,25.47,false
2026-05-31T18:00:00,1003,Davie,SKU006,Ground Beef,meat,meat,4,7.99,31.96,false
2026-05-31T18:00:00,1003,Davie,SKU007,Italian Bread,bakery,bakery,2,3.99,7.98,false
2026-05-31T18:00:00,1003,Davie,SKU008,Croissants,bakery,bakery,2,4.99,9.98,false
2026-05-31T18:00:00,1003,Davie,SKU009,Sparkling Water,beverages,grocery,2,4.94,9.88,true
2026-05-31T18:00:00,1003,Davie,SKU010,Orange Juice,beverages,grocery,4,4.99,19.96,false
2026-05-31T18:00:00,1003,Davie,SKU011,Frozen Pizza,frozen,frozen,1,6.29,6.29,true
2026-05-31T18:00:00,1003,Davie,SKU012,Ice Cream,frozen,frozen,2,5.99,11.98,false
2026-05-31T18:00:00,1003,Davie,SKU015,Paper Towels,household,grocery,1,12.99,12.99,false
2026-05-31T19:00:00,1001,Fort Lauderdale East,SKU001,Bananas,produce,produce,10,0.62,6.21,true
2026-05-31T19:00:00,1001,Fort Lauderdale East,SKU002,Avocados,produce,produce,3,1.49,4.47,false
2026-05-31T19:00:00,1001,Fort Lauderdale East,SKU003,Whole Milk,dairy,dairy,3,3.86,11.58,true
2026-05-31T19:00:00,1001,Fort Lauderdale East,SKU004,Greek Yogurt,dairy,dairy,2,1.39,2.78,false
2026-05-31T19:00:00,1001,Fort Lauderdale East,SKU005,Chicken Breast,meat,meat,1,8.49,8.49,false
2026-05-31T19:00:00,1001,Fort Lauderdale East,SKU006,Ground Beef,meat,meat,1,7.99,7.99,false
2026-05-31T19:00:00,1001,Fort Lauderdale East,SKU007,Italian Bread,bakery,bakery,2,3.99,7.98,false
2026-05-31T19:00:00,1001,Fort Lauderdale East,SKU009,Sparkling Water,beverages,grocery,3,4.94,14.82,true
2026-05-31T19:00:00,1001,Fort Lauderdale East,SKU010,Orange Juice,beverages,grocery,1,4.99,4.99,false
2026-05-31T19:00:00,1001,Fort Lauderdale East,SKU011,Frozen Pizza,frozen,frozen,3,6.29,18.87,true
2026-05-31T19:00:00,1001,Fort Lauderdale East,SKU014,Pasta,grocery,grocery,1,1.89,1.89,false
2026-05-31T19:00:00,1001,Fort Lauderdale East,SKU015,Paper Towels,household,grocery,1,12.99,12.99,false
2026-05-31T19:00:00,1002,Pembroke Pines,SKU001,Bananas,produce,produce,5,0.62,3.10,true
2026-05-31T19:00:00,1002,Pembroke Pines,SKU002,Avocados,produce,produce,2,1.49,2.98,false
2026-05-31T19:00:00,1002,Pembroke Pines,SKU003,Whole Milk,dairy,dairy,5,3.86,19.30,true
2026-05-31T19:00:00,1002,Pembroke Pines,SKU004,Greek Yogurt,dairy,dairy,1,1.39,1.39,false
2026-05-31T19:00:00,1002,Pembroke Pines,SKU005,Chicken Breast,meat,meat,1,8.49,8.49,false
2026-05-31T19:00:00,1002,Pembroke Pines,SKU007,Italian Bread,bakery,bakery,1,3.99,3.99,false
2026-05-31T19:00:00,1002,Pembroke Pines,SKU009,Sparkling Water,beverages,grocery,2,4.94,9.88,true
2026-05-31T19:00:00,1002,Pembroke Pines,SKU011,Frozen Pizza,frozen,frozen,1,6.29,6.29,true
2026-05-31T19:00:00,1002,Pembroke Pines,SKU012,Ice Cream,frozen,frozen,1,5.99,5.99,false
2026-05-31T19:00:00,1003,Davie,SKU001,Bananas,produce,produce,10,0.62,6.21,true
2026-05-31T19:00:00,1003,Davie,SKU002,Avocados,produce,produce,4,1.49,5.96,false
2026-05-31T19:00:00,1003,Davie,SKU003,Whole Milk,dairy,dairy,4,3.86,15.44,true
2026-05-31T19:00:00,1003,Davie,SKU004,Greek Yogurt,dairy,dairy,2,1.39,2.78,false
2026-05-31T19:00:00,1003,Davie,SKU005,Chicken Breast,meat,meat,3,8.49,25.47,false
2026-05-31T19:00:00,1003,Davie,SKU006,Ground Beef,meat,meat,2,7.99,15.98,false
2026-05-31T19:00:00,1003,Davie,SKU007,Italian Bread,bakery,bakery,1,3.99,3.99,false
2026-05-31T19:00:00,1003,Davie,SKU008,Croissants,bakery,bakery,2,4.99,9.98,false
2026-05-31T19:00:00,1003,Davie,SKU009,Sparkling Water,beverages,grocery,2,4.94,9.88,true
2026-05-31T19:00:00,1003,Davie,SKU010,Orange Juice,beverages,grocery,3,4.99,14.97,false
2026-05-31T19:00:00,1003,Davie,SKU011,Frozen Pizza,frozen,frozen,2,6.29,12.58,true
2026-05-31T19:00:00,1003,Davie,SKU012,Ice Cream,frozen,frozen,1,5.99,5.99,false
2026-05-31T19:00:00,1003,Davie,SKU013,Peanut Butter,grocery,grocery,2,3.49,6.98,false
2026-05-31T19:00:00,1003,Davie,SKU014,Pasta,grocery,grocery,1,1.89,1.89,false
2026-05-31T20:00:00,1001,Fort Lauderdale East,SKU001,Bananas,produce,produce,16,0.62,9.94,true
2026-05-31T20:00:00,1001,Fort Lauderdale East,SKU002,Avocados,produce,produce,2,1.49,2.98,false
2026-05-31T20:00:00,1001,Fort Lauderdale East,SKU003,Whole Milk,dairy,dairy,4,3.86,15.44,true
2026-05-31T20:00:00,1001,Fort Lauderdale East,SKU004,Greek Yogurt,dairy,dairy,2,1.39,2.78,false
2026-05-31T20:00:00,1001,Fort Lauderdale East,SKU005,Chicken Breast,meat,meat,2,8.49,16.98,false
2026-05-31T20:00:00,1001,Fort Lauderdale East,SKU006,Ground Beef,meat,meat,2,7.99,15.98,false
2026-05-31T20:00:00,1001,Fort Lauderdale East,SKU007,Italian Bread,bakery,bakery,1,3.99,3.99,false
2026-05-31T20:00:00,1001,Fort Lauderdale East,SKU008,Croissants,bakery,bakery,2,4.99,9.98,false
2026-05-31T20:00:00,1001,Fort Lauderdale East,SKU009,Sparkling Water,beverages,grocery,3,4.94,14.82,true
2026-05-31T20:00:00,1001,Fort Lauderdale East,SKU010,Orange Juice,beverages,grocery,1,4.99,4.99,false
2026-05-31T20:00:00,1001,Fort Lauderdale East,SKU011,Frozen Pizza,frozen,frozen,1,6.29,6.29,true
2026-05-31T20:00:00,1001,Fort Lauderdale East,SKU012,Ice Cream,frozen,frozen,1,5.99,5.99,false
2026-05-31T20:00:00,1001,Fort Lauderdale East,SKU013,Peanut Butter,grocery,grocery,1,3.49,3.49,false
2026-05-31T20:00:00,1001,Fort Lauderdale East,SKU014,Pasta,grocery,grocery,1,1.89,1.89,false
2026-05-31T20:00:00,1001,Fort Lauderdale East,SKU015,Paper Towels,household,grocery,1,12.99,12.99,false
2026-05-31T20:00:00,1002,Pembroke Pines,SKU001,Bananas,produce,produce,15,0.62,9.31,true
2026-05-31T20:00:00,1002,Pembroke Pines,SKU002,Avocados,produce,produce,4,1.49,5.96,false
2026-05-31T20:00:00,1002,Pembroke Pines,SKU003,Whole Milk,dairy,dairy,4,3.86,15.44,true
2026-05-31T20:00:00,1002,Pembroke Pines,SKU004,Greek Yogurt,dairy,dairy,2,1.39,2.78,false
2026-05-31T20:00:00,1002,Pembroke Pines,SKU005,Chicken Breast,meat,meat,2,8.49,16.98,false
2026-05-31T20:00:00,1002,Pembroke Pines,SKU006,Ground Beef,meat,meat,1,7.99,7.99,false
2026-05-31T20:00:00,1002,Pembroke Pines,SKU007,Italian Bread,bakery,bakery,1,3.99,3.99,false
2026-05-31T20:00:00,1002,Pembroke Pines,SKU008,Croissants,bakery,bakery,1,4.99,4.99,false
2026-05-31T20:00:00,1002,Pembroke Pines,SKU009,Sparkling Water,beverages,grocery,2,4.94,9.88,true
2026-05-31T20:00:00,1002,Pembroke Pines,SKU010,Orange Juice,beverages,grocery,1,4.99,4.99,false
2026-05-31T20:00:00,1002,Pembroke Pines,SKU011,Frozen Pizza,frozen,frozen,2,6.29,12.58,true
2026-05-31T20:00:00,1002,Pembroke Pines,SKU013,Peanut Butter,grocery,grocery,1,3.49,3.49,false
2026-05-31T20:00:00,1002,Pembroke Pines,SKU015,Paper Towels,household,grocery,1,12.99,12.99,false
2026-05-31T20:00:00,1003,Davie,SKU001,Bananas,produce,produce,15,0.62,9.31,true
2026-05-31T20:00:00,1003,Davie,SKU002,Avocados,produce,produce,4,1.49,5.96,false
2026-05-31T20:00:00,1003,Davie,SKU003,Whole Milk,dairy,dairy,4,3.86,15.44,true
2026-05-31T20:00:00,1003,Davie,SKU004,Greek Yogurt,dairy,dairy,1,1.39,1.39,false
2026-05-31T20:00:00,1003,Davie,SKU006,Ground Beef,meat,meat,2,7.99,15.98,false
2026-05-31T20:00:00,1003,Davie,SKU007,Italian Bread,bakery,bakery,1,3.99,3.99,false
2026-05-31T20:00:00,1003,Davie,SKU008,Croissants,bakery,bakery,1,4.99,4.99,false
2026-05-31T20:00:00,1003,Davie,SKU009,Sparkling Water,beverages,grocery,3,4.94,14.82,true
2026-05-31T20:00:00,1003,Davie,SKU010,Orange Juice,beverages,grocery,2,4.99,9.98,false
2026-05-31T20:00:00,1003,Davie,SKU012,Ice Cream,frozen,frozen,1,5.99,5.99,false
2026-05-31T20:00:00,1003,Davie,SKU014,Pasta,grocery,grocery,1,1.89,1.89,false
2026-05-31T20:00:00,1003,Davie,SKU015,Paper Towels,household,grocery,1,12.99,12.99,false
2026-05-31T21:00:00,1001,Fort Lauderdale East,SKU001,Bananas,produce,produce,13,0.62,8.07,true
2026-05-31T21:00:00,1001,Fort Lauderdale East,SKU002,Avocados,produce,produce,5,1.49,7.45,false
2026-05-31T21:00:00,1001,Fort Lauderdale East,SKU003,Whole Milk,dairy,dairy,4,3.86,15.44,true
2026-05-31T21:00:00,1001,Fort Lauderdale East,SKU004,Greek Yogurt,dairy,dairy,2,1.39,2.78,false
2026-05-31T21:00:00,1001,Fort Lauderdale East,SKU005,Chicken Breast,meat,meat,3,8.49,25.47,false
2026-05-31T21:00:00,1001,Fort Lauderdale East,SKU006,Ground Beef,meat,meat,2,7.99,15.98,false
2026-05-31T21:00:00,1001,Fort Lauderdale East,SKU007,Italian Bread,bakery,bakery,1,3.99,3.99,false
2026-05-31T21:00:00,1001,Fort Lauderdale East,SKU008,Croissants,bakery,bakery,1,4.99,4.99,false
2026-05-31T21:00:00,1001,Fort Lauderdale East,SKU009,Sparkling Water,beverages,grocery,2,4.94,9.88,true
2026-05-31T21:00:00,1001,Fort Lauderdale East,SKU010,Orange Juice,beverages,grocery,1,4.99,4.99,false
2026-05-31T21:00:00,1001,Fort Lauderdale East,SKU011,Frozen Pizza,frozen,frozen,1,6.29,6.29,true
2026-05-31T21:00:00,1001,Fort Lauderdale East,SKU012,Ice Cream,frozen,frozen,2,5.99,11.98,false
2026-05-31T21:00:00,1001,Fort Lauderdale East,SKU013,Peanut Butter,grocery,grocery,1,3.49,3.49,false
2026-05-31T21:00:00,1001,Fort Lauderdale East,SKU014,Pasta,grocery,grocery,2,1.89,3.78,false
2026-05-31T21:00:00,1002,Pembroke Pines,SKU001,Bananas,produce,produce,10,0.62,6.21,true
2026-05-31T21:00:00,1002,Pembroke Pines,SKU002,Avocados,produce,produce,3,1.49,4.47,false
2026-05-31T21:00:00,1002,Pembroke Pines,SKU003,Whole Milk,dairy,dairy,5,3.86,19.30,true
2026-05-31T21:00:00,1002,Pembroke Pines,SKU004,Greek Yogurt,dairy,dairy,1,1.39,1.39,false
2026-05-31T21:00:00,1002,Pembroke Pines,SKU005,Chicken Breast,meat,meat,3,8.49,25.47,false
2026-05-31T21:00:00,1002,Pembroke Pines,SKU006,Ground Beef,meat,meat,1,7.99,7.99,false
2026-05-31T21:00:00,1002,Pembroke Pines,SKU007,Italian Bread,bakery,bakery,2,3.99,7.98,false
2026-05-31T21:00:00,1002,Pembroke Pines,SKU009,Sparkling Water,beverages,grocery,2,4.94,9.88,true
2026-05-31T21:00:00,1002,Pembroke Pines,SKU010,Orange Juice,beverages,grocery,1,4.99,4.99,false
2026-05-31T21:00:00,1002,Pembroke Pines,SKU011,Frozen Pizza,frozen,frozen,2,6.29,12.58,true
2026-05-31T21:00:00,1003,Davie,SKU001,Bananas,produce,produce,15,0.62,9.31,true
2026-05-31T21:00:00,1003,Davie,SKU002,Avocados,produce,produce,2,1.49,2.98,false
2026-05-31T21:00:00,1003,Davie,SKU003,Whole Milk,dairy,dairy,3,3.86,11.58,true
2026-05-31T21:00:00,1003,Davie,SKU004,Greek Yogurt,dairy,dairy,2,1.39,2.78,false
2026-05-31T21:00:00,1003,Davie,SKU005,Chicken Breast,meat,meat,2,8.49,16.98,false
2026-05-31T21:00:00,1003,Davie,SKU006,Ground Beef,meat,meat,1,7.99,7.99,false
2026-05-31T21:00:00,1003,Davie,SKU008,Croissants,bakery,bakery,1,4.99,4.99,false
2026-05-31T21:00:00,1003,Davie,SKU009,Sparkling Water,beverages,grocery,3,4.94,14.82,true
2026-05-31T21:00:00,1003,Davie,SKU010,Orange Juice,beverages,grocery,2,4.99,9.98,false
2026-05-31T21:00:00,1003,Davie,SKU011,Frozen Pizza,frozen,frozen,2,6.29,12.58,true
2026-05-31T21:00:00,1003,Davie,SKU015,Paper Towels,household,grocery,1,12.99,12.99,false
2026-06-01T06:00:00,1001,Fort Lauderdale East,SKU001,Bananas,produce,produce,12,0.69,8.28,false
2026-06-01T06:00:00,1001,Fort Lauderdale East,SKU002,Avocados,produce,produce,3,1.49,4.47,false
2026-06-01T06:00:00,1001,Fort Lauderdale East,SKU003,Whole Milk,dairy,dairy,2,4.29,8.58,false
2026-06-01T06:00:00,1001,Fort Lauderdale East,SKU004,Greek Yogurt,dairy,dairy,1,1.39,1.39,false
2026-06-01T06:00:00,1001,Fort Lauderdale East,SKU005,Chicken Breast,meat,meat,2,8.49,16.98,false
2026-06-01T06:00:00,1001,Fort Lauderdale East,SKU006,Ground Beef,meat,meat,3,7.99,23.97,false
2026-06-01T06:00:00,1001,Fort Lauderdale East,SKU007,Italian Bread,bakery,bakery,1,3.99,3.99,false
2026-06-01T06:00:00,1001,Fort Lauderdale East,SKU008,Croissants,bakery,bakery,1,4.99,4.99,false
2026-06-01T06:00:00,1001,Fort Lauderdale East,SKU009,Sparkling Water,beverages,grocery,2,5.49,10.98,false
2026-06-01T06:00:00,1001,Fort Lauderdale East,SKU010,Orange Juice,beverages,grocery,1,4.99,4.99,false
2026-06-01T06:00:00,1001,Fort Lauderdale East,SKU012,Ice Cream,frozen,frozen,1,5.99,5.99,false
2026-06-01T06:00:00,1001,Fort Lauderdale East,SKU013,Peanut Butter,grocery,grocery,2,3.49,6.98,false
2026-06-01T06:00:00,1001,Fort Lauderdale East,SKU014,Pasta,grocery,grocery,1,1.89,1.89,false
2026-06-01T06:00:00,1002,Pembroke Pines,SKU001,Bananas,produce,produce,9,0.69,6.21,false
2026-06-01T06:00:00,1002,Pembroke Pines,SKU002,Avocados,produce,produce,1,1.49,1.49,false
2026-06-01T06:00:00,1002,Pembroke Pines,SKU003,Whole Milk,dairy,dairy,3,4.29,12.87,false
2026-06-01T06:00:00,1002,Pembroke Pines,SKU004,Greek Yogurt,dairy,dairy,2,1.39,2.78,false
2026-06-01T06:00:00,1002,Pembroke Pines,SKU005,Chicken Breast,meat,meat,1,8.49,8.49,false
2026-06-01T06:00:00,1002,Pembroke Pines,SKU006,Ground Beef,meat,meat,3,7.99,23.97,false
2026-06-01T06:00:00,1002,Pembroke Pines,SKU007,Italian Bread,bakery,bakery,1,3.99,3.99,false
2026-06-01T06:00:00,1002,Pembroke Pines,SKU008,Croissants,bakery,bakery,1,4.99,4.99,false
2026-06-01T06:00:00,1002,Pembroke Pines,SKU010,Orange Juice,beverages,grocery,2,4.99,9.98,false
2026-06-01T06:00:00,1002,Pembroke Pines,SKU012,Ice Cream,frozen,frozen,1,5.99,5.99,false
2026-06-01T06:00:00,1002,Pembroke Pines,SKU013,Peanut Butter,grocery,grocery,1,3.49,3.49,false
2026-06-01T06:00:00,1002,Pembroke Pines,SKU014,Pasta,grocery,grocery,1,1.89,1.89,false
2026-06-01T06:00:00,1003,Davie,SKU001,Bananas,produce,produce,8,0.69,5.52,false
2026-06-01T06:00:00,1003,Davie,SKU002,Avocados,produce,produce,2,1.49,2.98,false
2026-06-01T06:00:00,1003,Davie,SKU003,Whole Milk,dairy,dairy,3,4.29,12.87,false
2026-06-01T06:00:00,1003,Davie,SKU005,Chicken Breast,meat,meat,1,8.49,8.49,false
2026-06-01T06:00:00,1003,Davie,SKU006,Ground Beef,meat,meat,2,7.99,15.98,false
2026-06-01T06:00:00,1003,Davie,SKU007,Italian Bread,bakery,bakery,2,3.99,7.98,false
2026-06-01T06:00:00,1003,Davie,SKU009,Sparkling Water,beverages,grocery,2,5.49,10.98,false
2026-06-01T06:00:00,1003,Davie,SKU010,Orange Juice,beverages,grocery,1,4.99,4.99,false
2026-06-01T06:00:00,1003,Davie,SKU011,Frozen Pizza,frozen,frozen,2,6.99,13.98,false
2026-06-01T06:00:00,1003,Davie,SKU013,Peanut Butter,grocery,grocery,1,3.49,3.49,false
2026-06-01T06:00:00,1003,Davie,SKU014,Pasta,grocery,grocery,1,1.89,1.89,false
2026-06-01T07:00:00,1001,Fort Lauderdale East,SKU001,Bananas,produce,produce,16,0.69,11.04,false
2026-06-01T07:00:00,1001,Fort Lauderdale East,SKU002,Avocados,produce,produce,3,1.49,4.47,false
2026-06-01T07:00:00,1001,Fort Lauderdale East,SKU003,Whole Milk,dairy,dairy,3,4.29,12.87,false
2026-06-01T07:00:00,1001,Fort Lauderdale East,SKU004,Greek Yogurt,dairy,dairy,2,1.39,2.78,false
2026-06-01T07:00:00,1001,Fort Lauderdale East,SKU005,Chicken Breast,meat,meat,2,8.49,16.98,false
2026-06-01T07:00:00,1001,Fort Lauderdale East,SKU006,Ground Beef,meat,meat,2,7.99,15.98,false
2026-06-01T07:00:00,1001,Fort Lauderdale East,SKU007,Italian Bread,bakery,bakery,1,3.99,3.99,false
2026-06-01T07:00:00,1001,Fort Lauderdale East,SKU009,Sparkling Water,beverages,grocery,1,5.49,5.49,false
2026-06-01T07:00:00,1001,Fort Lauderdale East,SKU010,Orange Juice,beverages,grocery,1,4.99,4.99,false
2026-06-01T07:00:00,1001,Fort Lauderdale East,SKU011,Frozen Pizza,frozen,frozen,3,6.99,20.97,false
2026-06-01T07:00:00,1001,Fort Lauderdale East,SKU012,Ice Cream,frozen,frozen,1,5.99,5.99,false
2026-06-01T07:00:00,1001,Fort Lauderdale East,SKU014,Pasta,grocery,grocery,1,1.89,1.89,false
2026-06-01T07:00:00,1001,Fort Lauderdale East,SKU015,Paper Towels,household,grocery,2,12.99,25.98,false
2026-06-01T07:00:00,1002,Pembroke Pines,SKU001,Bananas,produce,produce,5,0.69,3.45,false
2026-06-01T07:00:00,1002,Pembroke Pines,SKU002,Avocados,produce,produce,4,1.49,5.96,false
2026-06-01T07:00:00,1002,Pembroke Pines,SKU003,Whole Milk,dairy,dairy,2,4.29,8.58,false
2026-06-01T07:00:00,1002,Pembroke Pines,SKU004,Greek Yogurt,dairy,dairy,2,1.39,2.78,false
2026-06-01T07:00:00,1002,Pembroke Pines,SKU006,Ground Beef,meat,meat,1,7.99,7.99,false
2026-06-01T07:00:00,1002,Pembroke Pines,SKU009,Sparkling Water,beverages,grocery,1,5.49,5.49,false
2026-06-01T07:00:00,1002,Pembroke Pines,SKU010,Orange Juice,beverages,grocery,1,4.99,4.99,false
2026-06-01T07:00:00,1002,Pembroke Pines,SKU011,Frozen Pizza,frozen,frozen,1,6.99,6.99,false
2026-06-01T07:00:00,1002,Pembroke Pines,SKU012,Ice Cream,frozen,frozen,1,5.99,5.99,false
2026-06-01T07:00:00,1002,Pembroke Pines,SKU013,Peanut Butter,grocery,grocery,1,3.49,3.49,false
2026-06-01T07:00:00,1002,Pembroke Pines,SKU014,Pasta,grocery,grocery,2,1.89,3.78,false
2026-06-01T07:00:00,1003,Davie,SKU001,Bananas,produce,produce,12,0.69,8.28,false
2026-06-01T07:00:00,1003,Davie,SKU002,Avocados,produce,produce,3,1.49,4.47,false
2026-06-01T07:00:00,1003,Davie,SKU003,Whole Milk,dairy,dairy,2,4.29,8.58,false
2026-06-01T07:00:00,1003,Davie,SKU004,Greek Yogurt,dairy,dairy,1,1.39,1.39,false
2026-06-01T07:00:00,1003,Davie,SKU006,Ground Beef,meat,meat,1,7.99,7.99,false
2026-06-01T07:00:00,1003,Davie,SKU007,Italian Bread,bakery,bakery,1,3.99,3.99,false
2026-06-01T07:00:00,1003,Davie,SKU008,Croissants,bakery,bakery,1,4.99,4.99,false
2026-06-01T07:00:00,1003,Davie,SKU009,Sparkling Water,beverages,grocery,2,5.49,10.98,false
2026-06-01T07:00:00,1003,Davie,SKU011,Frozen Pizza,frozen,frozen,1,6.99,6.99,false
2026-06-01T07:00:00,1003,Davie,SKU014,Pasta,grocery,grocery,3,1.89,5.67,false
2026-06-01T07:00:00,1003,Davie,SKU015,Paper Towels,household,grocery,1,12.99,12.99,false
2026-06-01T08:00:00,1001,Fort Lauderdale East,SKU001,Bananas,produce,produce,2,0.69,1.38,false
2026-06-01T08:00:00,1001,Fort Lauderdale East,SKU002,Avocados,produce,produce,5,1.49,7.45,false
2026-06-01T08:00:00,1001,Fort Lauderdale East,SKU003,Whole Milk,dairy,dairy,3,4.29,12.87,false
2026-06-01T08:00:00,1001,Fort Lauderdale East,SKU004,Greek Yogurt,dairy,dairy,4,1.39,5.56,false
2026-06-01T08:00:00,1001,Fort Lauderdale East,SKU005,Chicken Breast,meat,meat,1,8.49,8.49,false
2026-06-01T08:00:00,1001,Fort Lauderdale East,SKU006,Ground Beef,meat,meat,2,7.99,15.98,false
2026-06-01T08:00:00,1001,Fort Lauderdale East,SKU007,Italian Bread,bakery,bakery,2,3.99,7.98,false
2026-06-01T08:00:00,1001,Fort Lauderdale East,SKU009,Sparkling Water,beverages,grocery,1,5.49,5.49,false
2026-06-01T08:00:00,1001,Fort Lauderdale East,SKU010,Orange Juice,beverages,grocery,2,4.99,9.98,false
2026-06-01T08:00:00,1001,Fort Lauderdale East,SKU012,Ice Cream,frozen,frozen,2,5.99,11.98,false
2026-06-01T08:00:00,1001,Fort Lauderdale East,SKU013,Peanut Butter,grocery,grocery,1,3.49,3.49,false
2026-06-01T08:00:00,1001,Fort Lauderdale East,SKU014,Pasta,grocery,grocery,1,1.89,1.89,false
2026-06-01T08:00:00,1001,Fort Lauderdale East,SKU015,Paper Towels,household,grocery,1,12.99,12.99,false
2026-06-01T08:00:00,1002,Pembroke Pines,SKU001,Bananas,produce,produce,10,0.69,6.90,false
2026-06-01T08:00:00,1002,Pembroke Pines,SKU002,Avocados,produce,produce,5,1.49,7.45,false
2026-06-01T08:00:00,1002,Pembroke Pines,SKU003,Whole Milk,dairy,dairy,3,4.29,12.87,false
2026-06-01T08:00:00,1002,Pembroke Pines,SKU004,Greek Yogurt,dairy,dairy,3,1.39,4.17,false
2026-06-01T08:00:00,1002,Pembroke Pines,SKU005,Chicken Breast,meat,meat,2,8.49,16.98,false
2026-06-01T08:00:00,1002,Pembroke Pines,SKU006,Ground Beef,meat,meat,2,7.99,15.98,false
2026-06-01T08:00:00,1002,Pembroke Pines,SKU007,Italian Bread,bakery,bakery,2,3.99,7.98,false
2026-06-01T08:00:00,1002,Pembroke Pines,SKU008,Croissants,bakery,bakery,1,4.99,4.99,false
2026-06-01T08:00:00,1002,Pembroke Pines,SKU009,Sparkling Water,beverages,grocery,2,5.49,10.98,false
2026-06-01T08:00:00,1002,Pembroke Pines,SKU010,Orange Juice,beverages,grocery,1,4.99,4.99,false
2026-06-01T08:00:00,1002,Pembroke Pines,SKU013,Peanut Butter,grocery,grocery,1,3.49,3.49,false
2026-06-01T08:00:00,1003,Davie,SKU001,Bananas,produce,produce,8,0.69,5.52,false
2026-06-01T08:00:00,1003,Davie,SKU002,Avocados,produce,produce,4,1.49,5.96,false
2026-06-01T08:00:00,1003,Davie,SKU003,Whole Milk,dairy,dairy,3,4.29,12.87,false
2026-06-01T08:00:00,1003,Davie,SKU004,Greek Yogurt,dairy,dairy,2,1.39,2.78,false
2026-06-01T08:00:00,1003,Davie,SKU005,Chicken Breast,meat,meat,2,8.49,16.98,false
2026-06-01T08:00:00,1003,Davie,SKU006,Ground Beef,meat,meat,2,7.99,15.98,false
2026-06-01T08:00:00,1003,Davie,SKU007,Italian Bread,bakery,bakery,1,3.99,3.99,false
2026-06-01T08:00:00,1003,Davie,SKU008,Croissants,bakery,bakery,3,4.99,14.97,false
2026-06-01T08:00:00,1003,Davie,SKU009,Sparkling Water,beverages,grocery,3,5.49,16.47,false
2026-06-01T08:00:00,1003,Davie,SKU010,Orange Juice,beverages,grocery,1,4.99,4.99,false
2026-06-01T09:00:00,1001,Fort Lauderdale East,SKU001,Bananas,produce,produce,10,0.69,6.90,false
2026-06-01T09:00:00,1001,Fort Lauderdale East,SKU002,Avocados,produce,produce,4,1.49,5.96,false
2026-06-01T09:00:00,1001,Fort Lauderdale East,SKU003,Whole Milk,dairy,dairy,3,4.29,12.87,false
2026-06-01T09:00:00,1001,Fort Lauderdale East,SKU004,Greek Yogurt,dairy,dairy,2,1.39,2.78,false
2026-06-01T09:00:00,1001,Fort Lauderdale East,SKU005,Chicken Breast,meat,meat,2,8.49,16.98,false
2026-06-01T09:00:00,1001,Fort Lauderdale East,SKU006,Ground Beef,meat,meat,3,7.99,23.97,false
2026-06-01T09:00:00,1001,Fort Lauderdale East,SKU007,Italian Bread,bakery,bakery,3,3.99,11.97,false
2026-06-01T09:00:00,1001,Fort Lauderdale East,SKU009,Sparkling Water,beverages,grocery,2,5.49,10.98,false
2026-06-01T09:00:00,1001,Fort Lauderdale East,SKU010,Orange Juice,beverages,grocery,1,4.99,4.99,false
2026-06-01T09:00:00,1001,Fort Lauderdale East,SKU011,Frozen Pizza,frozen,frozen,1,6.99,6.99,false
2026-06-01T09:00:00,1001,Fort Lauderdale East,SKU015,Paper Towels,household,grocery,1,12.99,12.99,false
2026-06-01T09:00:00,1002,Pembroke Pines,SKU001,Bananas,produce,produce,12,0.69,8.28,false
2026-06-01T09:00:00,1002,Pembroke Pines,SKU002,Avocados,produce,produce,4,1.49,5.96,false
2026-06-01T09:00:00,1002,Pembroke Pines,SKU003,Whole Milk,dairy,dairy,3,4.29,12.87,false
2026-06-01T09:00:00,1002,Pembroke Pines,SKU004,Greek Yogurt,dairy,dairy,3,1.39,4.17,false
2026-06-01T09:00:00,1002,Pembroke Pines,SKU005,Chicken Breast,meat,meat,2,8.49,16.98,false
2026-06-01T09:00:00,1002,Pembroke Pines,SKU006,Ground Beef,meat,meat,1,7.99,7.99,false
2026-06-01T09:00:00,1002,Pembroke Pines,SKU008,Croissants,bakery,bakery,2,4.99,9.98,false
2026-06-01T09:00:00,1002,Pembroke Pines,SKU009,Sparkling Water,beverages,grocery,2,5.49,10.98,false
2026-06-01T09:00:00,1002,Pembroke Pines,SKU012,Ice Cream,frozen,frozen,3,5.99,17.97,false
2026-06-01T09:00:00,1002,Pembroke Pines,SKU013,Peanut Butter,grocery,grocery,1,3.49,3.49,false
2026-06-01T09:00:00,1003,Davie,SKU001,Bananas,produce,produce,10,0.69,6.90,false
2026-06-01T09:00:00,1003,Davie,SKU002,Avocados,produce,produce,4,1.49,5.96,false
2026-06-01T09:00:00,1003,Davie,SKU003,Whole Milk,dairy,dairy,3,4.29,12.87,false
2026-06-01T09:00:00,1003,Davie,SKU004,Greek Yogurt,dairy,dairy,4,1.39,5.56,false
2026-06-01T09:00:00,1003,Davie,SKU005,Chicken Breast,meat,meat,3,8.49,25.47,false
2026-06-01T09:00:00,1003,Davie,SKU006,Ground Beef,meat,meat,2,7.99,15.98,false
2026-06-01T09:00:00,1003,Davie,SKU007,Italian Bread,bakery,bakery,3,3.99,11.97,false
2026-06-01T09:00:00,1003,Davie,SKU008,Croissants,bakery,bakery,1,4.99,4.99,false
2026-06-01T09:00:00,1003,Davie,SKU009,Sparkling Water,beverages,grocery,1,5.49,5.49,false
2026-06-01T09:00:00,1003,Davie,SKU011,Frozen Pizza,frozen,frozen,2,6.99,13.98,false
2026-06-01T09:00:00,1003,Davie,SKU013,Peanut Butter,grocery,grocery,1,3.49,3.49,false
2026-06-01T09:00:00,1003,Davie,SKU014,Pasta,grocery,grocery,1,1.89,1.89,false
2026-06-01T10:00:00,1001,Fort Lauderdale East,SKU001,Bananas,produce,produce,9,0.69,6.21,false
2026-06-01T10:00:00,1001,Fort Lauderdale East,SKU002,Avocados,produce,produce,4,1.49,5.96,false
2026-06-01T10:00:00,1001,Fort Lauderdale East,SKU003,Whole Milk,dairy,dairy,4,4.29,17.16,false
2026-06-01T10:00:00,1001,Fort Lauderdale East,SKU004,Greek Yogurt,dairy,dairy,2,1.39,2.78,false
2026-06-01T10:00:00,1001,Fort Lauderdale East,SKU005,Chicken Breast,meat,meat,1,8.49,8.49,false
2026-06-01T10:00:00,1001,Fort Lauderdale East,SKU006,Ground Beef,meat,meat,4,7.99,31.96,false
2026-06-01T10:00:00,1001,Fort Lauderdale East,SKU007,Italian Bread,bakery,bakery,2,3.99,7.98,false
2026-06-01T10:00:00,1001,Fort Lauderdale East,SKU008,Croissants,bakery,bakery,1,4.99,4.99,false
2026-06-01T10:00:00,1001,Fort Lauderdale East,SKU009,Sparkling Water,beverages,grocery,1,5.49,5.49,false
2026-06-01T10:00:00,1001,Fort Lauderdale East,SKU010,Orange Juice,beverages,grocery,2,4.99,9.98,false
2026-06-01T10:00:00,1001,Fort Lauderdale East,SKU011,Frozen Pizza,frozen,frozen,1,6.99,6.99,false
2026-06-01T10:00:00,1001,Fort Lauderdale East,SKU012,Ice Cream,frozen,frozen,1,5.99,5.99,false
2026-06-01T10:00:00,1001,Fort Lauderdale East,SKU015,Paper Towels,household,grocery,1,12.99,12.99,false
2026-06-01T10:00:00,1002,Pembroke Pines,SKU001,Bananas,produce,produce,10,0.69,6.90,false
2026-06-01T10:00:00,1002,Pembroke Pines,SKU002,Avocados,produce,produce,4,1.49,5.96,false
2026-06-01T10:00:00,1002,Pembroke Pines,SKU003,Whole Milk,dairy,dairy,1,4.29,4.29,false
2026-06-01T10:00:00,1002,Pembroke Pines,SKU004,Greek Yogurt,dairy,dairy,1,1.39,1.39,false
2026-06-01T10:00:00,1002,Pembroke Pines,SKU005,Chicken Breast,meat,meat,2,8.49,16.98,false
2026-06-01T10:00:00,1002,Pembroke Pines,SKU006,Ground Beef,meat,meat,2,7.99,15.98,false
2026-06-01T10:00:00,1002,Pembroke Pines,SKU007,Italian Bread,bakery,bakery,4,3.99,15.96,false
2026-06-01T10:00:00,1002,Pembroke Pines,SKU008,Croissants,bakery,bakery,1,4.99,4.99,false
2026-06-01T10:00:00,1002,Pembroke Pines,SKU010,Orange Juice,beverages,grocery,1,4.99,4.99,false
2026-06-01T10:00:00,1002,Pembroke Pines,SKU012,Ice Cream,frozen,frozen,2,5.99,11.98,false
2026-06-01T10:00:00,1002,Pembroke Pines,SKU013,Peanut Butter,grocery,grocery,1,3.49,3.49,false
2026-06-01T10:00:00,1002,Pembroke Pines,SKU015,Paper Towels,household,grocery,1,12.99,12.99,false
2026-06-01T10:00:00,1003,Davie,SKU001,Bananas,produce,produce,12,0.69,8.28,false
2026-06-01T10:00:00,1003,Davie,SKU002,Avocados,produce,produce,3,1.49,4.47,false
2026-06-01T10:00:00,1003,Davie,SKU003,Whole Milk,dairy,dairy,2,4.29,8.58,false
2026-06-01T10:00:00,1003,Davie,SKU004,Greek Yogurt,dairy,dairy,2,1.39,2.78,false
2026-06-01T10:00:00,1003,Davie,SKU006,Ground Beef,meat,meat,2,7.99,15.98,false
2026-06-01T10:00:00,1003,Davie,SKU007,Italian Bread,bakery,bakery,2,3.99,7.98,false
2026-06-01T10:00:00,1003,Davie,SKU008,Croissants,bakery,bakery,1,4.99,4.99,false
2026-06-01T10:00:00,1003,Davie,SKU009,Sparkling Water,beverages,grocery,2,5.49,10.98,false
2026-06-01T10:00:00,1003,Davie,SKU010,Orange Juice,beverages,grocery,1,4.99,4.99,false
2026-06-01T10:00:00,1003,Davie,SKU011,Frozen Pizza,frozen,frozen,1,6.99,6.99,false
2026-06-01T10:00:00,1003,Davie,SKU012,Ice Cream,frozen,frozen,2,5.99,11.98,false
2026-06-01T10:00:00,1003,Davie,SKU013,Peanut Butter,grocery,grocery,1,3.49,3.49,false
2026-06-01T10:00:00,1003,Davie,SKU014,Pasta,grocery,grocery,2,1.89,3.78,false
2026-06-01T10:00:00,1003,Davie,SKU015,Paper Towels,household,grocery,1,12.99,12.99,false
2026-06-01T11:00:00,1001,Fort Lauderdale East,SKU001,Bananas,produce,produce,14,0.69,9.66,false
2026-06-01T11:00:00,1001,Fort Lauderdale East,SKU002,Avocados,produce,produce,5,1.49,7.45,false
2026-06-01T11:00:00,1001,Fort Lauderdale East,SKU003,Whole Milk,dairy,dairy,4,4.29,17.16,false
2026-06-01T11:00:00,1001,Fort Lauderdale East,SKU004,Greek Yogurt,dairy,dairy,5,1.39,6.95,false
2026-06-01T11:00:00,1001,Fort Lauderdale East,SKU005,Chicken Breast,meat,meat,6,8.49,50.94,false
2026-06-01T11:00:00,1001,Fort Lauderdale East,SKU006,Ground Beef,meat,meat,2,7.99,15.98,false
2026-06-01T11:00:00,1001,Fort Lauderdale East,SKU007,Italian Bread,bakery,bakery,3,3.99,11.97,false
2026-06-01T11:00:00,1001,Fort Lauderdale East,SKU008,Croissants,bakery,bakery,2,4.99,9.98,false
2026-06-01T11:00:00,1001,Fort Lauderdale East,SKU009,Sparkling Water,beverages,grocery,2,5.49,10.98,false
2026-06-01T11:00:00,1001,Fort Lauderdale East,SKU010,Orange Juice,beverages,grocery,2,4.99,9.98,false
2026-06-01T11:00:00,1001,Fort Lauderdale East,SKU011,Frozen Pizza,frozen,frozen,2,6.99,13.98,false
2026-06-01T11:00:00,1001,Fort Lauderdale East,SKU014,Pasta,grocery,grocery,1,1.89,1.89,false
2026-06-01T11:00:00,1001,Fort Lauderdale East,SKU015,Paper Towels,household,grocery,1,12.99,12.99,false
2026-06-01T11:00:00,1002,Pembroke Pines,SKU001,Bananas,produce,produce,14,0.69,9.66,false
2026-06-01T11:00:00,1002,Pembroke Pines,SKU002,Avocados,produce,produce,5,1.49,7.45,false
2026-06-01T11:00:00,1002,Pembroke Pines,SKU003,Whole Milk,dairy,dairy,5,4.29,21.45,false
2026-06-01T11:00:00,1002,Pembroke Pines,SKU004,Greek Yogurt,dairy,dairy,2,1.39,2.78,false
2026-06-01T11:00:00,1002,Pembroke Pines,SKU005,Chicken Breast,meat,meat,2,8.49,16.98,false
2026-06-01T11:00:00,1002,Pembroke Pines,SKU006,Ground Beef,meat,meat,3,7.99,23.97,false
2026-06-01T11:00:00,1002,Pembroke Pines,SKU007,Italian Bread,bakery,bakery,3,3.99,11.97,false
2026-06-01T11:00:00,1002,Pembroke Pines,SKU008,Croissants,bakery,bakery,2,4.99,9.98,false
2026-06-01T11:00:00,1002,Pembroke Pines,SKU009,Sparkling Water,beverages,grocery,3,5.49,16.47,false
2026-06-01T11:00:00,1002,Pembroke Pines,SKU011,Frozen Pizza,frozen,frozen,3,6.99,20.97,false
2026-06-01T11:00:00,1002,Pembroke Pines,SKU012,Ice Cream,frozen,frozen,2,5.99,11.98,false
2026-06-01T11:00:00,1002,Pembroke Pines,SKU014,Pasta,grocery,grocery,2,1.89,3.78,false
2026-06-01T11:00:00,1002,Pembroke Pines,SKU015,Paper Towels,household,grocery,2,12.99,25.98,false
2026-06-01T11:00:00,1003,Davie,SKU001,Bananas,produce,produce,18,0.69,12.42,false
2026-06-01T11:00:00,1003,Davie,SKU002,Avocados,produce,produce,4,1.49,5.96,false
2026-06-01T11:00:00,1003,Davie,SKU003,Whole Milk,dairy,dairy,5,4.29,21.45,false
2026-06-01T11:00:00,1003,Davie,SKU004,Greek Yogurt,dairy,dairy,4,1.39,5.56,false
2026-06-01T11:00:00,1003,Davie,SKU005,Chicken Breast,meat,meat,2,8.49,16.98,false
2026-06-01T11:00:00,1003,Davie,SKU006,Ground Beef,meat,meat,5,7.99,39.95,false
2026-06-01T11:00:00,1003,Davie,SKU007,Italian Bread,bakery,bakery,2,3.99,7.98,false
2026-06-01T11:00:00,1003,Davie,SKU008,Croissants,bakery,bakery,4,4.99,19.96,false
2026-06-01T11:00:00,1003,Davie,SKU009,Sparkling Water,beverages,grocery,2,5.49,10.98,false
2026-06-01T11:00:00,1003,Davie,SKU010,Orange Juice,beverages,grocery,2,4.99,9.98,false
2026-06-01T11:00:00,1003,Davie,SKU011,Frozen Pizza,frozen,frozen,1,6.99,6.99,false
2026-06-01T11:00:00,1003,Davie,SKU012,Ice Cream,frozen,frozen,3,5.99,17.97,false
2026-06-01T11:00:00,1003,Davie,SKU013,Peanut Butter,grocery,grocery,3,3.49,10.47,false
2026-06-01T11:00:00,1003,Davie,SKU014,Pasta,grocery,grocery,1,1.89,1.89,false
2026-06-01T12:00:00,1001,Fort Lauderdale East,SKU001,Bananas,produce,produce,12,0.69,8.28,false
2026-06-01T12:00:00,1001,Fort Lauderdale East,SKU002,Avocados,produce,produce,6,1.49,8.94,false
2026-06-01T12:00:00,1001,Fort Lauderdale East,SKU003,Whole Milk,dairy,dairy,2,4.29,8.58,false
2026-06-01T12:00:00,1001,Fort Lauderdale East,SKU004,Greek Yogurt,dairy,dairy,2,1.39,2.78,false
2026-06-01T12:00:00,1001,Fort Lauderdale East,SKU005,Chicken Breast,meat,meat,3,8.49,25.47,false
2026-06-01T12:00:00,1001,Fort Lauderdale East,SKU006,Ground Beef,meat,meat,3,7.99,23.97,false
2026-06-01T12:00:00,1001,Fort Lauderdale East,SKU007,Italian Bread,bakery,bakery,2,3.99,7.98,false
2026-06-01T12:00:00,1001,Fort Lauderdale East,SKU008,Croissants,bakery,bakery,1,4.99,4.99,false
2026-06-01T12:00:00,1001,Fort Lauderdale East,SKU010,Orange Juice,beverages,grocery,2,4.99,9.98,false
2026-06-01T12:00:00,1001,Fort Lauderdale East,SKU011,Frozen Pizza,frozen,frozen,1,6.99,6.99,false
2026-06-01T12:00:00,1001,Fort Lauderdale East,SKU012,Ice Cream,frozen,frozen,2,5.99,11.98,false
2026-06-01T12:00:00,1001,Fort Lauderdale East,SKU013,Peanut Butter,grocery,grocery,2,3.49,6.98,false
2026-06-01T12:00:00,1001,Fort Lauderdale East,SKU015,Paper Towels,household,grocery,2,12.99,25.98,false
2026-06-01T12:00:00,1002,Pembroke Pines,SKU001,Bananas,produce,produce,6,0.69,4.14,false
2026-06-01T12:00:00,1002,Pembroke Pines,SKU002,Avocados,produce,produce,5,1.49,7.45,false
2026-06-01T12:00:00,1002,Pembroke Pines,SKU003,Whole Milk,dairy,dairy,3,4.29,12.87,false
2026-06-01T12:00:00,1002,Pembroke Pines,SKU004,Greek Yogurt,dairy,dairy,4,1.39,5.56,false
2026-06-01T12:00:00,1002,Pembroke Pines,SKU005,Chicken Breast,meat,meat,3,8.49,25.47,false
2026-06-01T12:00:00,1002,Pembroke Pines,SKU006,Ground Beef,meat,meat,2,7.99,15.98,false
2026-06-01T12:00:00,1002,Pembroke Pines,SKU007,Italian Bread,bakery,bakery,2,3.99,7.98,false
2026-06-01T12:00:00,1002,Pembroke Pines,SKU009,Sparkling Water,beverages,grocery,2,5.49,10.98,false
2026-06-01T12:00:00,1002,Pembroke Pines,SKU010,Orange Juice,beverages,grocery,1,4.99,4.99,false
2026-06-01T12:00:00,1002,Pembroke Pines,SKU013,Peanut Butter,grocery,grocery,1,3.49,3.49,false
2026-06-01T12:00:00,1002,Pembroke Pines,SKU014,Pasta,grocery,grocery,1,1.89,1.89,false
2026-06-01T12:00:00,1002,Pembroke Pines,SKU015,Paper Towels,household,grocery,1,12.99,12.99,false
2026-06-01T12:00:00,1003,Davie,SKU001,Bananas,produce,produce,11,0.69,7.59,false
2026-06-01T12:00:00,1003,Davie,SKU002,Avocados,produce,produce,3,1.49,4.47,false
2026-06-01T12:00:00,1003,Davie,SKU003,Whole Milk,dairy,dairy,3,4.29,12.87,false
2026-06-01T12:00:00,1003,Davie,SKU004,Greek Yogurt,dairy,dairy,3,1.39,4.17,false
2026-06-01T12:00:00,1003,Davie,SKU005,Chicken Breast,meat,meat,1,8.49,8.49,false
2026-06-01T12:00:00,1003,Davie,SKU006,Ground Beef,meat,meat,4,7.99,31.96,false
2026-06-01T12:00:00,1003,Davie,SKU007,Italian Bread,bakery,bakery,2,3.99,7.98,false
2026-06-01T12:00:00,1003,Davie,SKU008,Croissants,bakery,bakery,2,4.99,9.98,false
2026-06-01T12:00:00,1003,Davie,SKU009,Sparkling Water,beverages,grocery,2,5.49,10.98,false
2026-06-01T12:00:00,1003,Davie,SKU010,Orange Juice,beverages,grocery,3,4.99,14.97,false
2026-06-01T12:00:00,1003,Davie,SKU011,Frozen Pizza,frozen,frozen,2,6.99,13.98,false
2026-06-01T12:00:00,1003,Davie,SKU012,Ice Cream,frozen,frozen,1,5.99,5.99,false
2026-06-01T12:00:00,1003,Davie,SKU014,Pasta,grocery,grocery,3,1.89,5.67,false
2026-06-01T13:00:00,1001,Fort Lauderdale East,SKU001,Bananas,produce,produce,7,0.69,4.83,false
2026-06-01T13:00:00,1001,Fort Lauderdale East,SKU002,Avocados,produce,produce,3,1.49,4.47,false
2026-06-01T13:00:00,1001,Fort Lauderdale East,SKU003,Whole Milk,dairy,dairy,4,4.29,17.16,false
2026-06-01T13:00:00,1001,Fort Lauderdale East,SKU004,Greek Yogurt,dairy,dairy,3,1.39,4.17,false
2026-06-01T13:00:00,1001,Fort Lauderdale East,SKU005,Chicken Breast,meat,meat,2,8.49,16.98,false
2026-06-01T13:00:00,1001,Fort Lauderdale East,SKU006,Ground Beef,meat,meat,1,7.99,7.99,false
2026-06-01T13:00:00,1001,Fort Lauderdale East,SKU007,Italian Bread,bakery,bakery,2,3.99,7.98,false
2026-06-01T13:00:00,1001,Fort Lauderdale East,SKU009,Sparkling Water,beverages,grocery,1,5.49,5.49,false
2026-06-01T13:00:00,1001,Fort Lauderdale East,SKU010,Orange Juice,beverages,grocery,1,4.99,4.99,false
2026-06-01T13:00:00,1001,Fort Lauderdale East,SKU013,Peanut Butter,grocery,grocery,1,3.49,3.49,false
2026-06-01T13:00:00,1001,Fort Lauderdale East,SKU014,Pasta,grocery,grocery,1,1.89,1.89,false
2026-06-01T13:00:00,1002,Pembroke Pines,SKU001,Bananas,produce,produce,8,0.69,5.52,false
2026-06-01T13:00:00,1002,Pembroke Pines,SKU002,Avocados,produce,produce,4,1.49,5.96,false
2026-06-01T13:00:00,1002,Pembroke Pines,SKU003,Whole Milk,dairy,dairy,3,4.29,12.87,false
2026-06-01T13:00:00,1002,Pembroke Pines,SKU004,Greek Yogurt,dairy,dairy,3,1.39,4.17,false
2026-06-01T13:00:00,1002,Pembroke Pines,SKU005,Chicken Breast,meat,meat,2,8.49,16.98,false
2026-06-01T13:00:00,1002,Pembroke Pines,SKU006,Ground Beef,meat,meat,2,7.99,15.98,false
2026-06-01T13:00:00,1002,Pembroke Pines,SKU007,Italian Bread,bakery,bakery,2,3.99,7.98,false
2026-06-01T13:00:00,1002,Pembroke Pines,SKU011,Frozen Pizza,frozen,frozen,1,6.99,6.99,false
2026-06-01T13:00:00,1002,Pembroke Pines,SKU012,Ice Cream,frozen,frozen,1,5.99,5.99,false
2026-06-01T13:00:00,1002,Pembroke Pines,SKU013,Peanut Butter,grocery,grocery,1,3.49,3.49,false
2026-06-01T13:00:00,1002,Pembroke Pines,SKU014,Pasta,grocery,grocery,1,1.89,1.89,false
2026-06-01T13:00:00,1003,Davie,SKU001,Bananas,produce,produce,10,0.69,6.90,false
2026-06-01T13:00:00,1003,Davie,SKU002,Avocados,produce,produce,3,1.49,4.47,false
2026-06-01T13:00:00,1003,Davie,SKU003,Whole Milk,dairy,dairy,3,4.29,12.87,false
2026-06-01T13:00:00,1003,Davie,SKU004,Greek Yogurt,dairy,dairy,3,1.39,4.17,false
2026-06-01T13:00:00,1003,Davie,SKU006,Ground Beef,meat,meat,1,7.99,7.99,false
2026-06-01T13:00:00,1003,Davie,SKU007,Italian Bread,bakery,bakery,3,3.99,11.97,false
2026-06-01T13:00:00,1003,Davie,SKU008,Croissants,bakery,bakery,5,4.99,24.95,false
2026-06-01T13:00:00,1003,Davie,SKU009,Sparkling Water,beverages,grocery,1,5.49,5.49,false
2026-06-01T13:00:00,1003,Davie,SKU010,Orange Juice,beverages,grocery,1,4.99,4.99,false
2026-06-01T13:00:00,1003,Davie,SKU012,Ice Cream,frozen,frozen,1,5.99,5.99,false
2026-06-01T13:00:00,1003,Davie,SKU013,Peanut Butter,grocery,grocery,1,3.49,3.49,false
2026-06-01T13:00:00,1003,Davie,SKU015,Paper Towels,household,grocery,2,12.99,25.98,false
2026-06-01T14:00:00,1001,Fort Lauderdale East,SKU001,Bananas,produce,produce,10,0.69,6.90,false
2026-06-01T14:00:00,1001,Fort Lauderdale East,SKU002,Avocados,produce,produce,2,1.49,2.98,false
2026-06-01T14:00:00,1001,Fort Lauderdale East,SKU003,Whole Milk,dairy,dairy,2,4.29,8.58,false
2026-06-01T14:00:00,1001,Fort Lauderdale East,SKU004,Greek Yogurt,dairy,dairy,3,1.39,4.17,false
2026-06-01T14:00:00,1001,Fort Lauderdale East,SKU005,Chicken Breast,meat,meat,1,8.49,8.49,false
2026-06-01T14:00:00,1001,Fort Lauderdale East,SKU006,Ground Beef,meat,meat,1,7.99,7.99,false
2026-06-01T14:00:00,1001,Fort Lauderdale East,SKU008,Croissants,bakery,bakery,1,4.99,4.99,false
2026-06-01T14:00:00,1001,Fort Lauderdale East,SKU009,Sparkling Water,beverages,grocery,2,5.49,10.98,false
2026-06-01T14:00:00,1001,Fort Lauderdale East,SKU010,Orange Juice,beverages,grocery,2,4.99,9.98,false
2026-06-01T14:00:00,1001,Fort Lauderdale East,SKU011,Frozen Pizza,frozen,frozen,1,6.99,6.99,false
2026-06-01T14:00:00,1001,Fort Lauderdale East,SKU012,Ice Cream,frozen,frozen,3,5.99,17.97,false
2026-06-01T14:00:00,1001,Fort Lauderdale East,SKU014,Pasta,grocery,grocery,1,1.89,1.89,false
2026-06-01T14:00:00,1001,Fort Lauderdale East,SKU015,Paper Towels,household,grocery,1,12.99,12.99,false
2026-06-01T14:00:00,1002,Pembroke Pines,SKU001,Bananas,produce,produce,5,0.69,3.45,false
2026-06-01T14:00:00,1002,Pembroke Pines,SKU002,Avocados,produce,produce,3,1.49,4.47,false
2026-06-01T14:00:00,1002,Pembroke Pines,SKU003,Whole Milk,dairy,dairy,1,4.29,4.29,false
2026-06-01T14:00:00,1002,Pembroke Pines,SKU004,Greek Yogurt,dairy,dairy,2,1.39,2.78,false
2026-06-01T14:00:00,1002,Pembroke Pines,SKU005,Chicken Breast,meat,meat,1,8.49,8.49,false
2026-06-01T14:00:00,1002,Pembroke Pines,SKU006,Ground Beef,meat,meat,2,7.99,15.98,false
2026-06-01T14:00:00,1002,Pembroke Pines,SKU007,Italian Bread,bakery,bakery,3,3.99,11.97,false
2026-06-01T14:00:00,1002,Pembroke Pines,SKU008,Croissants,bakery,bakery,1,4.99,4.99,false
2026-06-01T14:00:00,1002,Pembroke Pines,SKU011,Frozen Pizza,frozen,frozen,1,6.99,6.99,false
2026-06-01T14:00:00,1002,Pembroke Pines,SKU013,Peanut Butter,grocery,grocery,2,3.49,6.98,false
2026-06-01T14:00:00,1002,Pembroke Pines,SKU014,Pasta,grocery,grocery,2,1.89,3.78,false
2026-06-01T14:00:00,1002,Pembroke Pines,SKU015,Paper Towels,household,grocery,2,12.99,25.98,false
2026-06-01T14:00:00,1003,Davie,SKU001,Bananas,produce,produce,13,0.69,8.97,false
2026-06-01T14:00:00,1003,Davie,SKU002,Avocados,produce,produce,3,1.49,4.47,false
2026-06-01T14:00:00,1003,Davie,SKU003,Whole Milk,dairy,dairy,3,4.29,12.87,false
2026-06-01T14:00:00,1003,Davie,SKU004,Greek Yogurt,dairy,dairy,1,1.39,1.39,false
2026-06-01T14:00:00,1003,Davie,SKU005,Chicken Breast,meat,meat,1,8.49,8.49,false
2026-06-01T14:00:00,1003,Davie,SKU006,Ground Beef,meat,meat,2,7.99,15.98,false
2026-06-01T14:00:00,1003,Davie,SKU008,Croissants,bakery,bakery,2,4.99,9.98,false
2026-06-01T14:00:00,1003,Davie,SKU010,Orange Juice,beverages,grocery,1,4.99,4.99,false
2026-06-01T14:00:00,1003,Davie,SKU011,Frozen Pizza,frozen,frozen,2,6.99,13.98,false
2026-06-01T14:00:00,1003,Davie,SKU012,Ice Cream,frozen,frozen,1,5.99,5.99,false
2026-06-01T14:00:00,1003,Davie,SKU013,Peanut Butter,grocery,grocery,1,3.49,3.49,false
2026-06-01T14:00:00,1003,Davie,SKU015,Paper Towels,household,grocery,1,12.99,12.99,false
2026-06-01T15:00:00,1001,Fort Lauderdale East,SKU001,Bananas,produce,produce,9,0.69,6.21,false
2026-06-01T15:00:00,1001,Fort Lauderdale East,SKU002,Avocados,produce,produce,3,1.49,4.47,false
2026-06-01T15:00:00,1001,Fort Lauderdale East,SKU003,Whole Milk,dairy,dairy,2,4.29,8.58,false
2026-06-01T15:00:00,1001,Fort Lauderdale East,SKU004,Greek Yogurt,dairy,dairy,1,1.39,1.39,false
2026-06-01T15:00:00,1001,Fort Lauderdale East,SKU005,Chicken Breast,meat,meat,1,8.49,8.49,false
2026-06-01T15:00:00,1001,Fort Lauderdale East,SKU006,Ground Beef,meat,meat,2,7.99,15.98,false
2026-06-01T15:00:00,1001,Fort Lauderdale East,SKU007,Italian Bread,bakery,bakery,2,3.99,7.98,false
2026-06-01T15:00:00,1001,Fort Lauderdale East,SKU009,Sparkling Water,beverages,grocery,2,5.49,10.98,false
2026-06-01T15:00:00,1001,Fort Lauderdale East,SKU010,Orange Juice,beverages,grocery,2,4.99,9.98,false
2026-06-01T15:00:00,1001,Fort Lauderdale East,SKU011,Frozen Pizza,frozen,frozen,1,6.99,6.99,false
2026-06-01T15:00:00,1001,Fort Lauderdale East,SKU014,Pasta,grocery,grocery,1,1.89,1.89,false
2026-06-01T15:00:00,1002,Pembroke Pines,SKU001,Bananas,produce,produce,11,0.69,7.59,false
2026-06-01T15:00:00,1002,Pembroke Pines,SKU002,Avocados,produce,produce,4,1.49,5.96,false
2026-06-01T15:00:00,1002,Pembroke Pines,SKU003,Whole Milk,dairy,dairy,4,4.29,17.16,false
2026-06-01T15:00:00,1002,Pembroke Pines,SKU004,Greek Yogurt,dairy,dairy,2,1.39,2.78,false
2026-06-01T15:00:00,1002,Pembroke Pines,SKU005,Chicken Breast,meat,meat,1,8.49,8.49,false
2026-06-01T15:00:00,1002,Pembroke Pines,SKU006,Ground Beef,meat,meat,2,7.99,15.98,false
2026-06-01T15:00:00,1002,Pembroke Pines,SKU007,Italian Bread,bakery,bakery,4,3.99,15.96,false
2026-06-01T15:00:00,1002,Pembroke Pines,SKU008,Croissants,bakery,bakery,2,4.99,9.98,false
2026-06-01T15:00:00,1002,Pembroke Pines,SKU009,Sparkling Water,beverages,grocery,1,5.49,5.49,false
2026-06-01T15:00:00,1002,Pembroke Pines,SKU010,Orange Juice,beverages,grocery,2,4.99,9.98,false
2026-06-01T15:00:00,1002,Pembroke Pines,SKU011,Frozen Pizza,frozen,frozen,1,6.99,6.99,false
2026-06-01T15:00:00,1002,Pembroke Pines,SKU012,Ice Cream,frozen,frozen,1,5.99,5.99,false
2026-06-01T15:00:00,1002,Pembroke Pines,SKU013,Peanut Butter,grocery,grocery,2,3.49,6.98,false
2026-06-01T15:00:00,1002,Pembroke Pines,SKU014,Pasta,grocery,grocery,1,1.89,1.89,false
2026-06-01T15:00:00,1002,Pembroke Pines,SKU015,Paper Towels,household,grocery,1,12.99,12.99,false
2026-06-01T15:00:00,1003,Davie,SKU001,Bananas,produce,produce,13,0.69,8.97,false
2026-06-01T15:00:00,1003,Davie,SKU002,Avocados,produce,produce,3,1.49,4.47,false
2026-06-01T15:00:00,1003,Davie,SKU003,Whole Milk,dairy,dairy,3,4.29,12.87,false
2026-06-01T15:00:00,1003,Davie,SKU004,Greek Yogurt,dairy,dairy,3,1.39,4.17,false
2026-06-01T15:00:00,1003,Davie,SKU005,Chicken Breast,meat,meat,3,8.49,25.47,false
2026-06-01T15:00:00,1003,Davie,SKU006,Ground Beef,meat,meat,1,7.99,7.99,false
2026-06-01T15:00:00,1003,Davie,SKU007,Italian Bread,bakery,bakery,2,3.99,7.98,false
2026-06-01T15:00:00,1003,Davie,SKU008,Croissants,bakery,bakery,3,4.99,14.97,false
2026-06-01T15:00:00,1003,Davie,SKU009,Sparkling Water,beverages,grocery,1,5.49,5.49,false
2026-06-01T15:00:00,1003,Davie,SKU010,Orange Juice,beverages,grocery,2,4.99,9.98,false
2026-06-01T15:00:00,1003,Davie,SKU011,Frozen Pizza,frozen,frozen,1,6.99,6.99,false
2026-06-01T15:00:00,1003,Davie,SKU013,Peanut Butter,grocery,grocery,1,3.49,3.49,false
2026-06-01T16:00:00,1001,Fort Lauderdale East,SKU001,Bananas,produce,produce,13,0.69,8.97,false
2026-06-01T16:00:00,1001,Fort Lauderdale East,SKU002,Avocados,produce,produce,3,1.49,4.47,false
2026-06-01T16:00:00,1001,Fort Lauderdale East,SKU003,Whole Milk,dairy,dairy,1,4.29,4.29,false
2026-06-01T16:00:00,1001,Fort Lauderdale East,SKU004,Greek Yogurt,dairy,dairy,2,1.39,2.78,false
2026-06-01T16:00:00,1001,Fort Lauderdale East,SKU005,Chicken Breast,meat,meat,2,8.49,16.98,false
2026-06-01T16:00:00,1001,Fort Lauderdale East,SKU006,Ground Beef,meat,meat,2,7.99,15.98,false
2026-06-01T16:00:00,1001,Fort Lauderdale East,SKU007,Italian Bread,bakery,bakery,2,3.99,7.98,false
2026-06-01T16:00:00,1001,Fort Lauderdale East,SKU008,Croissants,bakery,bakery,1,4.99,4.99,false
2026-06-01T16:00:00,1001,Fort Lauderdale East,SKU010,Orange Juice,beverages,grocery,3,4.99,14.97,false
2026-06-01T16:00:00,1001,Fort Lauderdale East,SKU012,Ice Cream,frozen,frozen,1,5.99,5.99,false
2026-06-01T16:00:00,1001,Fort Lauderdale East,SKU013,Peanut Butter,grocery,grocery,2,3.49,6.98,false
2026-06-01T16:00:00,1002,Pembroke Pines,SKU001,Bananas,produce,produce,7,0.69,4.83,false
2026-06-01T16:00:00,1002,Pembroke Pines,SKU002,Avocados,produce,produce,3,1.49,4.47,false
2026-06-01T16:00:00,1002,Pembroke Pines,SKU003,Whole Milk,dairy,dairy,5,4.29,21.45,false
2026-06-01T16:00:00,1002,Pembroke Pines,SKU004,Greek Yogurt,dairy,dairy,1,1.39,1.39,false
2026-06-01T16:00:00,1002,Pembroke Pines,SKU005,Chicken Breast,meat,meat,2,8.49,16.98,false
2026-06-01T16:00:00,1002,Pembroke Pines,SKU006,Ground Beef,meat,meat,1,7.99,7.99,false
2026-06-01T16:00:00,1002,Pembroke Pines,SKU007,Italian Bread,bakery,bakery,1,3.99,3.99,false
2026-06-01T16:00:00,1002,Pembroke Pines,SKU010,Orange Juice,beverages,grocery,2,4.99,9.98,false
2026-06-01T16:00:00,1002,Pembroke Pines,SKU011,Frozen Pizza,frozen,frozen,1,6.99,6.99,false
2026-06-01T16:00:00,1002,Pembroke Pines,SKU012,Ice Cream,frozen,frozen,2,5.99,11.98,false
2026-06-01T16:00:00,1002,Pembroke Pines,SKU015,Paper Towels,household,grocery,1,12.99,12.99,false
2026-06-01T16:00:00,1003,Davie,SKU001,Bananas,produce,produce,10,0.69,6.90,false
2026-06-01T16:00:00,1003,Davie,SKU002,Avocados,produce,produce,4,1.49,5.96,false
2026-06-01T16:00:00,1003,Davie,SKU003,Whole Milk,dairy,dairy,1,4.29,4.29,false
2026-06-01T16:00:00,1003,Davie,SKU004,Greek Yogurt,dairy,dairy,4,1.39,5.56,false
2026-06-01T16:00:00,1003,Davie,SKU005,Chicken Breast,meat,meat,2,8.49,16.98,false
2026-06-01T16:00:00,1003,Davie,SKU006,Ground Beef,meat,meat,3,7.99,23.97,false
2026-06-01T16:00:00,1003,Davie,SKU007,Italian Bread,bakery,bakery,1,3.99,3.99,false
2026-06-01T16:00:00,1003,Davie,SKU008,Croissants,bakery,bakery,2,4.99,9.98,false
2026-06-01T16:00:00,1003,Davie,SKU009,Sparkling Water,beverages,grocery,1,5.49,5.49,false
2026-06-01T16:00:00,1003,Davie,SKU010,Orange Juice,beverages,grocery,3,4.99,14.97,false
2026-06-01T16:00:00,1003,Davie,SKU013,Peanut Butter,grocery,grocery,1,3.49,3.49,false
2026-06-01T16:00:00,1003,Davie,SKU014,Pasta,grocery,grocery,2,1.89,3.78,false
2026-06-01T16:00:00,1003,Davie,SKU015,Paper Towels,household,grocery,1,12.99,12.99,false
2026-06-01T17:00:00,1001,Fort Lauderdale East,SKU001,Bananas,produce,produce,14,0.69,9.66,false
2026-06-01T17:00:00,1001,Fort Lauderdale East,SKU002,Avocados,produce,produce,6,1.49,8.94,false
2026-06-01T17:00:00,1001,Fort Lauderdale East,SKU003,Whole Milk,dairy,dairy,4,4.29,17.16,false
2026-06-01T17:00:00,1001,Fort Lauderdale East,SKU004,Greek Yogurt,dairy,dairy,5,1.39,6.95,false
2026-06-01T17:00:00,1001,Fort Lauderdale East,SKU005,Chicken Breast,meat,meat,4,8.49,33.96,false
2026-06-01T17:00:00,1001,Fort Lauderdale East,SKU006,Ground Beef,meat,meat,2,7.99,15.98,false
2026-06-01T17:00:00,1001,Fort Lauderdale East,SKU007,Italian Bread,bakery,bakery,4,3.99,15.96,false
2026-06-01T17:00:00,1001,Fort Lauderdale East,SKU008,Croissants,bakery,bakery,2,4.99,9.98,false
2026-06-01T17:00:00,1001,Fort Lauderdale East,SKU009,Sparkling Water,beverages,grocery,3,5.49,16.47,false
2026-06-01T17:00:00,1001,Fort Lauderdale East,SKU010,Orange Juice,beverages,grocery,2,4.99,9.98,false
2026-06-01T17:00:00,1001,Fort Lauderdale East,SKU011,Frozen Pizza,frozen,frozen,2,6.99,13.98,false
2026-06-01T17:00:00,1001,Fort Lauderdale East,SKU012,Ice Cream,frozen,frozen,1,5.99,5.99,false
2026-06-01T17:00:00,1001,Fort Lauderdale East,SKU015,Paper Towels,household,grocery,2,12.99,25.98,false
2026-06-01T17:00:00,1002,Pembroke Pines,SKU001,Bananas,produce,produce,15,0.69,10.35,false
2026-06-01T17:00:00,1002,Pembroke Pines,SKU002,Avocados,produce,produce,4,1.49,5.96,false
2026-06-01T17:00:00,1002,Pembroke Pines,SKU003,Whole Milk,dairy,dairy,4,4.29,17.16,false
2026-06-01T17:00:00,1002,Pembroke Pines,SKU004,Greek Yogurt,dairy,dairy,3,1.39,4.17,false
2026-06-01T17:00:00,1002,Pembroke Pines,SKU005,Chicken Breast,meat,meat,4,8.49,33.96,false
2026-06-01T17:00:00,1002,Pembroke Pines,SKU006,Ground Beef,meat,meat,2,7.99,15.98,false
2026-06-01T17:00:00,1002,Pembroke Pines,SKU007,Italian Bread,bakery,bakery,3,3.99,11.97,false
2026-06-01T17:00:00,1002,Pembroke Pines,SKU008,Croissants,bakery,bakery,1,4.99,4.99,false
2026-06-01T17:00:00,1002,Pembroke Pines,SKU009,Sparkling Water,beverages,grocery,3,5.49,16.47,false
2026-06-01T17:00:00,1002,Pembroke Pines,SKU010,Orange Juice,beverages,grocery,3,4.99,14.97,false
2026-06-01T17:00:00,1002,Pembroke Pines,SKU011,Frozen Pizza,frozen,frozen,1,6.99,6.99,false
2026-06-01T17:00:00,1002,Pembroke Pines,SKU012,Ice Cream,frozen,frozen,4,5.99,23.96,false
2026-06-01T17:00:00,1002,Pembroke Pines,SKU013,Peanut Butter,grocery,grocery,2,3.49,6.98,false
2026-06-01T17:00:00,1002,Pembroke Pines,SKU014,Pasta,grocery,grocery,2,1.89,3.78,false
2026-06-01T17:00:00,1002,Pembroke Pines,SKU015,Paper Towels,household,grocery,1,12.99,12.99,false
2026-06-01T17:00:00,1003,Davie,SKU001,Bananas,produce,produce,11,0.69,7.59,false
2026-06-01T17:00:00,1003,Davie,SKU002,Avocados,produce,produce,5,1.49,7.45,false
2026-06-01T17:00:00,1003,Davie,SKU003,Whole Milk,dairy,dairy,4,4.29,17.16,false
2026-06-01T17:00:00,1003,Davie,SKU004,Greek Yogurt,dairy,dairy,3,1.39,4.17,false
2026-06-01T17:00:00,1003,Davie,SKU005,Chicken Breast,meat,meat,4,8.49,33.96,false
2026-06-01T17:00:00,1003,Davie,SKU006,Ground Beef,meat,meat,2,7.99,15.98,false
2026-06-01T17:00:00,1003,Davie,SKU007,Italian Bread,bakery,bakery,3,3.99,11.97,false
2026-06-01T17:00:00,1003,Davie,SKU008,Croissants,bakery,bakery,2,4.99,9.98,false
2026-06-01T17:00:00,1003,Davie,SKU010,Orange Juice,beverages,grocery,3,4.99,14.97,false
2026-06-01T17:00:00,1003,Davie,SKU011,Frozen Pizza,frozen,frozen,2,6.99,13.98,false
2026-06-01T17:00:00,1003,Davie,SKU012,Ice Cream,frozen,frozen,2,5.99,11.98,false
2026-06-01T17:00:00,1003,Davie,SKU013,Peanut Butter,grocery,grocery,1,3.49,3.49,false
2026-06-01T17:00:00,1003,Davie,SKU014,Pasta,grocery,grocery,1,1.89,1.89,false
2026-06-01T18:00:00,1001,Fort Lauderdale East,SKU001,Bananas,produce,produce,12,0.69,8.28,false
2026-06-01T18:00:00,1001,Fort Lauderdale East,SKU002,Avocados,produce,produce,3,1.49,4.47,false
2026-06-01T18:00:00,1001,Fort Lauderdale East,SKU003,Whole Milk,dairy,dairy,5,4.29,21.45,false
2026-06-01T18:00:00,1001,Fort Lauderdale East,SKU004,Greek Yogurt,dairy,dairy,2,1.39,2.78,false
2026-06-01T18:00:00,1001,Fort Lauderdale East,SKU005,Chicken Breast,meat,meat,3,8.49,25.47,false
2026-06-01T18:00:00,1001,Fort Lauderdale East,SKU006,Ground Beef,meat,meat,1,7.99,7.99,false
2026-06-01T18:00:00,1001,Fort Lauderdale East,SKU007,Italian Bread,bakery,bakery,2,3.99,7.98,false
2026-06-01T18:00:00,1001,Fort Lauderdale East,SKU008,Croissants,bakery,bakery,2,4.99,9.98,false
2026-06-01T18:00:00,1001,Fort Lauderdale East,SKU009,Sparkling Water,beverages,grocery,2,5.49,10.98,false
2026-06-01T18:00:00,1001,Fort Lauderdale East,SKU010,Orange Juice,beverages,grocery,2,4.99,9.98,false
2026-06-01T18:00:00,1001,Fort Lauderdale East,SKU011,Frozen Pizza,frozen,frozen,2,6.99,13.98,false
2026-06-01T18:00:00,1001,Fort Lauderdale East,SKU013,Peanut Butter,grocery,grocery,2,3.49,6.98,false
2026-06-01T18:00:00,1001,Fort Lauderdale East,SKU014,Pasta,grocery,grocery,1,1.89,1.89,false
2026-06-01T18:00:00,1001,Fort Lauderdale East,SKU015,Paper Towels,household,grocery,1,12.99,12.99,false
2026-06-01T18:00:00,1002,Pembroke Pines,SKU001,Bananas,produce,produce,15,0.69,10.35,false
2026-06-01T18:00:00,1002,Pembroke Pines,SKU002,Avocados,produce,produce,1,1.49,1.49,false
2026-06-01T18:00:00,1002,Pembroke Pines,SKU003,Whole Milk,dairy,dairy,5,4.29,21.45,false
2026-06-01T18:00:00,1002,Pembroke Pines,SKU004,Greek Yogurt,dairy,dairy,3,1.39,4.17,false
2026-06-01T18:00:00,1002,Pembroke Pines,SKU005,Chicken Breast,meat,meat,3,8.49,25.47,false
2026-06-01T18:00:00,1002,Pembroke Pines,SKU006,Ground Beef,meat,meat,2,7.99,15.98,false
2026-06-01T18:00:00,1002,Pembroke Pines,SKU007,Italian Bread,bakery,bakery,2,3.99,7.98,false
2026-06-01T18:00:00,1002,Pembroke Pines,SKU008,Croissants,bakery,bakery,3,4.99,14.97,false
2026-06-01T18:00:00,1002,Pembroke Pines,SKU009,Sparkling Water,beverages,grocery,1,5.49,5.49,false
2026-06-01T18:00:00,1002,Pembroke Pines,SKU010,Orange Juice,beverages,grocery,2,4.99,9.98,false
2026-06-01T18:00:00,1002,Pembroke Pines,SKU011,Frozen Pizza,frozen,frozen,1,6.99,6.99,false
2026-06-01T18:00:00,1002,Pembroke Pines,SKU012,Ice Cream,frozen,frozen,2,5.99,11.98,false
2026-06-01T18:00:00,1002,Pembroke Pines,SKU013,Peanut Butter,grocery,grocery,2,3.49,6.98,false
2026-06-01T18:00:00,1002,Pembroke Pines,SKU014,Pasta,grocery,grocery,2,1.89,3.78,false
2026-06-01T18:00:00,1002,Pembroke Pines,SKU015,Paper Towels,household,grocery,1,12.99,12.99,false
2026-06-01T18:00:00,1003,Davie,SKU001,Bananas,produce,produce,11,0.69,7.59,false
2026-06-01T18:00:00,1003,Davie,SKU002,Avocados,produce,produce,4,1.49,5.96,false
2026-06-01T18:00:00,1003,Davie,SKU003,Whole Milk,dairy,dairy,4,4.29,17.16,false
2026-06-01T18:00:00,1003,Davie,SKU004,Greek Yogurt,dairy,dairy,4,1.39,5.56,false
2026-06-01T18:00:00,1003,Davie,SKU005,Chicken Breast,meat,meat,3,8.49,25.47,false
2026-06-01T18:00:00,1003,Davie,SKU006,Ground Beef,meat,meat,2,7.99,15.98,false
2026-06-01T18:00:00,1003,Davie,SKU007,Italian Bread,bakery,bakery,3,3.99,11.97,false
2026-06-01T18:00:00,1003,Davie,SKU008,Croissants,bakery,bakery,3,4.99,14.97,false
2026-06-01T18:00:00,1003,Davie,SKU009,Sparkling Water,beverages,grocery,2,5.49,10.98,false
2026-06-01T18:00:00,1003,Davie,SKU010,Orange Juice,beverages,grocery,3,4.99,14.97,false
2026-06-01T18:00:00,1003,Davie,SKU011,Frozen Pizza,frozen,frozen,1,6.99,6.99,false
2026-06-01T18:00:00,1003,Davie,SKU012,Ice Cream,frozen,frozen,2,5.99,11.98,false
2026-06-01T18:00:00,1003,Davie,SKU013,Peanut Butter,grocery,grocery,1,3.49,3.49,false
2026-06-01T18:00:00,1003,Davie,SKU014,Pasta,grocery,grocery,1,1.89,1.89,false
2026-06-01T18:00:00,1003,Davie,SKU015,Paper Towels,household,grocery,1,12.99,12.99,false
2026-06-01T19:00:00,1001,Fort Lauderdale East,SKU001,Bananas,produce,produce,6,0.69,4.14,false
2026-06-01T19:00:00,1001,Fort Lauderdale East,SKU002,Avocados,produce,produce,3,1.49,4.47,false
2026-06-01T19:00:00,1001,Fort Lauderdale East,SKU003,Whole Milk,dairy,dairy,3,4.29,12.87,false
2026-06-01T19:00:00,1001,Fort Lauderdale East,SKU004,Greek Yogurt,dairy,dairy,2,1.39,2.78,false
2026-06-01T19:00:00,1001,Fort Lauderdale East,SKU005,Chicken Breast,meat,meat,3,8.49,25.47,false
2026-06-01T19:00:00,1001,Fort Lauderdale East,SKU008,Croissants,bakery,bakery,2,4.99,9.98,false
2026-06-01T19:00:00,1001,Fort Lauderdale East,SKU009,Sparkling Water,beverages,grocery,2,5.49,10.98,false
2026-06-01T19:00:00,1001,Fort Lauderdale East,SKU010,Orange Juice,beverages,grocery,3,4.99,14.97,false
2026-06-01T19:00:00,1001,Fort Lauderdale East,SKU011,Frozen Pizza,frozen,frozen,1,6.99,6.99,false
2026-06-01T19:00:00,1001,Fort Lauderdale East,SKU012,Ice Cream,frozen,frozen,2,5.99,11.98,false
2026-06-01T19:00:00,1001,Fort Lauderdale East,SKU013,Peanut Butter,grocery,grocery,3,3.49,10.47,false
2026-06-01T19:00:00,1002,Pembroke Pines,SKU001,Bananas,produce,produce,8,0.69,5.52,false
2026-06-01T19:00:00,1002,Pembroke Pines,SKU002,Avocados,produce,produce,2,1.49,2.98,false
2026-06-01T19:00:00,1002,Pembroke Pines,SKU003,Whole Milk,dairy,dairy,4,4.29,17.16,false
2026-06-01T19:00:00,1002,Pembroke Pines,SKU004,Greek Yogurt,dairy,dairy,2,1.39,2.78,false
2026-06-01T19:00:00,1002,Pembroke Pines,SKU005,Chicken Breast,meat,meat,1,8.49,8.49,false
2026-06-01T19:00:00,1002,Pembroke Pines,SKU006,Ground Beef,meat,meat,3,7.99,23.97,false
2026-06-01T19:00:00,1002,Pembroke Pines,SKU007,Italian Bread,bakery,bakery,2,3.99,7.98,false
2026-06-01T19:00:00,1002,Pembroke Pines,SKU009,Sparkling Water,beverages,grocery,2,5.49,10.98,false
2026-06-01T19:00:00,1002,Pembroke Pines,SKU012,Ice Cream,frozen,frozen,2,5.99,11.98,false
2026-06-01T19:00:00,1003,Davie,SKU001,Bananas,produce,produce,8,0.69,5.52,false
2026-06-01T19:00:00,1003,Davie,SKU002,Avocados,produce,produce,1,1.49,1.49,false
2026-06-01T19:00:00,1003,Davie,SKU003,Whole Milk,dairy,dairy,1,4.29,4.29,false
2026-06-01T19:00:00,1003,Davie,SKU004,Greek Yogurt,dairy,dairy,2,1.39,2.78,false
2026-06-01T19:00:00,1003,Davie,SKU005,Chicken Breast,meat,meat,3,8.49,25.47,false
2026-06-01T19:00:00,1003,Davie,SKU006,Ground Beef,meat,meat,2,7.99,15.98,false
2026-06-01T19:00:00,1003,Davie,SKU007,Italian Bread,bakery,bakery,1,3.99,3.99,false
2026-06-01T19:00:00,1003,Davie,SKU008,Croissants,bakery,bakery,1,4.99,4.99,false
2026-06-01T19:00:00,1003,Davie,SKU010,Orange Juice,beverages,grocery,1,4.99,4.99,false
2026-06-01T19:00:00,1003,Davie,SKU011,Frozen Pizza,frozen,frozen,1,6.99,6.99,false
2026-06-01T19:00:00,1003,Davie,SKU013,Peanut Butter,grocery,grocery,1,3.49,3.49,false
2026-06-01T19:00:00,1003,Davie,SKU014,Pasta,grocery,grocery,1,1.89,1.89,false
2026-06-01T19:00:00,1003,Davie,SKU015,Paper Towels,household,grocery,1,12.99,12.99,false
2026-06-01T20:00:00,1001,Fort Lauderdale East,SKU001,Bananas,produce,produce,16,0.69,11.04,false
2026-06-01T20:00:00,1001,Fort Lauderdale East,SKU002,Avocados,produce,produce,4,1.49,5.96,false
2026-06-01T20:00:00,1001,Fort Lauderdale East,SKU003,Whole Milk,dairy,dairy,1,4.29,4.29,false
2026-06-01T20:00:00,1001,Fort Lauderdale East,SKU004,Greek Yogurt,dairy,dairy,1,1.39,1.39,false
2026-06-01T20:00:00,1001,Fort Lauderdale East,SKU005,Chicken Breast,meat,meat,2,8.49,16.98,false
2026-06-01T20:00:00,1001,Fort Lauderdale East,SKU006,Ground Beef,meat,meat,1,7.99,7.99,false
2026-06-01T20:00:00,1001,Fort Lauderdale East,SKU007,Italian Bread,bakery,bakery,2,3.99,7.98,false
2026-06-01T20:00:00,1001,Fort Lauderdale East,SKU008,Croissants,bakery,bakery,3,4.99,14.97,false
2026-06-01T20:00:00,1001,Fort Lauderdale East,SKU009,Sparkling Water,beverages,grocery,1,5.49,5.49,false
2026-06-01T20:00:00,1001,Fort Lauderdale East,SKU011,Frozen Pizza,frozen,frozen,2,6.99,13.98,false
2026-06-01T20:00:00,1001,Fort Lauderdale East,SKU012,Ice Cream,frozen,frozen,1,5.99,5.99,false
2026-06-01T20:00:00,1001,Fort Lauderdale East,SKU013,Peanut Butter,grocery,grocery,1,3.49,3.49,false
2026-06-01T20:00:00,1001,Fort Lauderdale East,SKU014,Pasta,grocery,grocery,1,1.89,1.89,false
2026-06-01T20:00:00,1001,Fort Lauderdale East,SKU015,Paper Towels,household,grocery,1,12.99,12.99,false
2026-06-01T20:00:00,1002,Pembroke Pines,SKU001,Bananas,produce,produce,7,0.69,4.83,false
2026-06-01T20:00:00,1002,Pembroke Pines,SKU002,Avocados,produce,produce,3,1.49,4.47,false
2026-06-01T20:00:00,1002,Pembroke Pines,SKU003,Whole Milk,dairy,dairy,4,4.29,17.16,false
2026-06-01T20:00:00,1002,Pembroke Pines,SKU004,Greek Yogurt,dairy,dairy,3,1.39,4.17,false
2026-06-01T20:00:00,1002,Pembroke Pines,SKU005,Chicken Breast,meat,meat,1,8.49,8.49,false
2026-06-01T20:00:00,1002,Pembroke Pines,SKU006,Ground Beef,meat,meat,1,7.99,7.99,false
2026-06-01T20:00:00,1002,Pembroke Pines,SKU007,Italian Bread,bakery,bakery,3,3.99,11.97,false
2026-06-01T20:00:00,1002,Pembroke Pines,SKU008,Croissants,bakery,bakery,1,4.99,4.99,false
2026-06-01T20:00:00,1002,Pembroke Pines,SKU010,Orange Juice,beverages,grocery,1,4.99,4.99,false
2026-06-01T20:00:00,1002,Pembroke Pines,SKU011,Frozen Pizza,frozen,frozen,1,6.99,6.99,false
2026-06-01T20:00:00,1002,Pembroke Pines,SKU012,Ice Cream,frozen,frozen,1,5.99,5.99,false
2026-06-01T20:00:00,1002,Pembroke Pines,SKU013,Peanut Butter,grocery,grocery,1,3.49,3.49,false
2026-06-01T20:00:00,1002,Pembroke Pines,SKU014,Pasta,grocery,grocery,1,1.89,1.89,false
2026-06-01T20:00:00,1003,Davie,SKU001,Bananas,produce,produce,10,0.69,6.90,false
2026-06-01T20:00:00,1003,Davie,SKU002,Avocados,produce,produce,4,1.49,5.96,false
2026-06-01T20:00:00,1003,Davie,SKU003,Whole Milk,dairy,dairy,3,4.29,12.87,false
2026-06-01T20:00:00,1003,Davie,SKU004,Greek Yogurt,dairy,dairy,3,1.39,4.17,false
2026-06-01T20:00:00,1003,Davie,SKU005,Chicken Breast,meat,meat,3,8.49,25.47,false
2026-06-01T20:00:00,1003,Davie,SKU006,Ground Beef,meat,meat,2,7.99,15.98,false
2026-06-01T20:00:00,1003,Davie,SKU007,Italian Bread,bakery,bakery,3,3.99,11.97,false
2026-06-01T20:00:00,1003,Davie,SKU009,Sparkling Water,beverages,grocery,1,5.49,5.49,false
2026-06-01T20:00:00,1003,Davie,SKU010,Orange Juice,beverages,grocery,2,4.99,9.98,false
2026-06-01T20:00:00,1003,Davie,SKU011,Frozen Pizza,frozen,frozen,1,6.99,6.99,false
2026-06-01T20:00:00,1003,Davie,SKU013,Peanut Butter,grocery,grocery,1,3.49,3.49,false
2026-06-01T21:00:00,1001,Fort Lauderdale East,SKU001,Bananas,produce,produce,12,0.69,8.28,false
2026-06-01T21:00:00,1001,Fort Lauderdale East,SKU002,Avocados,produce,produce,3,1.49,4.47,false
2026-06-01T21:00:00,1001,Fort Lauderdale East,SKU003,Whole Milk,dairy,dairy,4,4.29,17.16,false
2026-06-01T21:00:00,1001,Fort Lauderdale East,SKU004,Greek Yogurt,dairy,dairy,2,1.39,2.78,false
2026-06-01T21:00:00,1001,Fort Lauderdale East,SKU005,Chicken Breast,meat,meat,1,8.49,8.49,false
2026-06-01T21:00:00,1001,Fort Lauderdale East,SKU006,Ground Beef,meat,meat,2,7.99,15.98,false
2026-06-01T21:00:00,1001,Fort Lauderdale East,SKU007,Italian Bread,bakery,bakery,1,3.99,3.99,false
2026-06-01T21:00:00,1001,Fort Lauderdale East,SKU008,Croissants,bakery,bakery,2,4.99,9.98,false
2026-06-01T21:00:00,1001,Fort Lauderdale East,SKU009,Sparkling Water,beverages,grocery,1,5.49,5.49,false
2026-06-01T21:00:00,1001,Fort Lauderdale East,SKU010,Orange Juice,beverages,grocery,2,4.99,9.98,false
2026-06-01T21:00:00,1001,Fort Lauderdale East,SKU011,Frozen Pizza,frozen,frozen,2,6.99,13.98,false
2026-06-01T21:00:00,1001,Fort Lauderdale East,SKU013,Peanut Butter,grocery,grocery,1,3.49,3.49,false
2026-06-01T21:00:00,1001,Fort Lauderdale East,SKU014,Pasta,grocery,grocery,1,1.89,1.89,false
2026-06-01T21:00:00,1002,Pembroke Pines,SKU001,Bananas,produce,produce,9,0.69,6.21,false
2026-06-01T21:00:00,1002,Pembroke Pines,SKU002,Avocados,produce,produce,3,1.49,4.47,false
2026-06-01T21:00:00,1002,Pembroke Pines,SKU003,Whole Milk,dairy,dairy,1,4.29,4.29,false
2026-06-01T21:00:00,1002,Pembroke Pines,SKU004,Greek Yogurt,dairy,dairy,3,1.39,4.17,false
2026-06-01T21:00:00,1002,Pembroke Pines,SKU005,Chicken Breast,meat,meat,2,8.49,16.98,false
2026-06-01T21:00:00,1002,Pembroke Pines,SKU007,Italian Bread,bakery,bakery,1,3.99,3.99,false
2026-06-01T21:00:00,1002,Pembroke Pines,SKU008,Croissants,bakery,bakery,1,4.99,4.99,false
2026-06-01T21:00:00,1002,Pembroke Pines,SKU009,Sparkling Water,beverages,grocery,1,5.49,5.49,false
2026-06-01T21:00:00,1002,Pembroke Pines,SKU010,Orange Juice,beverages,grocery,1,4.99,4.99,false
2026-06-01T21:00:00,1002,Pembroke Pines,SKU012,Ice Cream,frozen,frozen,1,5.99,5.99,false
2026-06-01T21:00:00,1002,Pembroke Pines,SKU014,Pasta,grocery,grocery,2,1.89,3.78,false
2026-06-01T21:00:00,1002,Pembroke Pines,SKU015,Paper Towels,household,grocery,1,12.99,12.99,false
2026-06-01T21:00:00,1003,Davie,SKU001,Bananas,produce,produce,10,0.69,6.90,false
2026-06-01T21:00:00,1003,Davie,SKU002,Avocados,produce,produce,3,1.49,4.47,false
2026-06-01T21:00:00,1003,Davie,SKU003,Whole Milk,dairy,dairy,3,4.29,12.87,false
2026-06-01T21:00:00,1003,Davie,SKU004,Greek Yogurt,dairy,dairy,2,1.39,2.78,false
2026-06-01T21:00:00,1003,Davie,SKU005,Chicken Breast,meat,meat,2,8.49,16.98,false
2026-06-01T21:00:00,1003,Davie,SKU007,Italian Bread,bakery,bakery,2,3.99,7.98,false
2026-06-01T21:00:00,1003,Davie,SKU009,Sparkling Water,beverages,grocery,1,5.49,5.49,false
2026-06-01T21:00:00,1003,Davie,SKU010,Orange Juice,beverages,grocery,4,4.99,19.96,false
2026-06-01T21:00:00,1003,Davie,SKU013,Peanut Butter,grocery,grocery,1,3.49,3.49,false
2026-06-02T06:00:00,1001,Fort Lauderdale East,SKU001,Bananas,produce,produce,9,0.69,6.21,false
2026-06-02T06:00:00,1001,Fort Lauderdale East,SKU002,Avocados,produce,produce,4,1.49,5.96,false
2026-06-02T06:00:00,1001,Fort Lauderdale East,SKU003,Whole Milk,dairy,dairy,4,4.29,17.16,false
2026-06-02T06:00:00,1001,Fort Lauderdale East,SKU004,Greek Yogurt,dairy,dairy,2,1.39,2.78,false
2026-06-02T06:00:00,1001,Fort Lauderdale East,SKU005,Chicken Breast,meat,meat,1,8.49,8.49,false
2026-06-02T06:00:00,1001,Fort Lauderdale East,SKU006,Ground Beef,meat,meat,1,7.99,7.99,false
2026-06-02T06:00:00,1001,Fort Lauderdale East,SKU007,Italian Bread,bakery,bakery,1,3.99,3.99,false
2026-06-02T06:00:00,1001,Fort Lauderdale East,SKU008,Croissants,bakery,bakery,1,4.99,4.99,false
2026-06-02T06:00:00,1001,Fort Lauderdale East,SKU009,Sparkling Water,beverages,grocery,3,5.49,16.47,false
2026-06-02T06:00:00,1001,Fort Lauderdale East,SKU010,Orange Juice,beverages,grocery,1,4.99,4.99,false
2026-06-02T06:00:00,1001,Fort Lauderdale East,SKU012,Ice Cream,frozen,frozen,1,5.99,5.99,false
2026-06-02T06:00:00,1002,Pembroke Pines,SKU001,Bananas,produce,produce,5,0.69,3.45,false
2026-06-02T06:00:00,1002,Pembroke Pines,SKU002,Avocados,produce,produce,3,1.49,4.47,false
2026-06-02T06:00:00,1002,Pembroke Pines,SKU003,Whole Milk,dairy,dairy,2,4.29,8.58,false
2026-06-02T06:00:00,1002,Pembroke Pines,SKU004,Greek Yogurt,dairy,dairy,4,1.39,5.56,false
2026-06-02T06:00:00,1002,Pembroke Pines,SKU005,Chicken Breast,meat,meat,2,8.49,16.98,false
2026-06-02T06:00:00,1002,Pembroke Pines,SKU007,Italian Bread,bakery,bakery,1,3.99,3.99,false
2026-06-02T06:00:00,1002,Pembroke Pines,SKU008,Croissants,bakery,bakery,1,4.99,4.99,false
2026-06-02T06:00:00,1002,Pembroke Pines,SKU010,Orange Juice,beverages,grocery,1,4.99,4.99,false
2026-06-02T06:00:00,1002,Pembroke Pines,SKU011,Frozen Pizza,frozen,frozen,2,6.99,13.98,false
2026-06-02T06:00:00,1002,Pembroke Pines,SKU012,Ice Cream,frozen,frozen,1,5.99,5.99,false
2026-06-02T06:00:00,1003,Davie,SKU001,Bananas,produce,produce,9,0.69,6.21,false
2026-06-02T06:00:00,1003,Davie,SKU002,Avocados,produce,produce,3,1.49,4.47,false
2026-06-02T06:00:00,1003,Davie,SKU003,Whole Milk,dairy,dairy,3,4.29,12.87,false
2026-06-02T06:00:00,1003,Davie,SKU004,Greek Yogurt,dairy,dairy,1,1.39,1.39,false
2026-06-02T06:00:00,1003,Davie,SKU005,Chicken Breast,meat,meat,3,8.49,25.47,false
2026-06-02T06:00:00,1003,Davie,SKU006,Ground Beef,meat,meat,1,7.99,7.99,false
2026-06-02T06:00:00,1003,Davie,SKU010,Orange Juice,beverages,grocery,1,4.99,4.99,false
2026-06-02T06:00:00,1003,Davie,SKU012,Ice Cream,frozen,frozen,2,5.99,11.98,false
2026-06-02T06:00:00,1003,Davie,SKU013,Peanut Butter,grocery,grocery,1,3.49,3.49,false
2026-06-02T06:00:00,1003,Davie,SKU014,Pasta,grocery,grocery,1,1.89,1.89,false
2026-06-02T06:00:00,1003,Davie,SKU015,Paper Towels,household,grocery,2,12.99,25.98,false
2026-06-02T07:00:00,1001,Fort Lauderdale East,SKU001,Bananas,produce,produce,9,0.69,6.21,false
2026-06-02T07:00:00,1001,Fort Lauderdale East,SKU002,Avocados,produce,produce,3,1.49,4.47,false
2026-06-02T07:00:00,1001,Fort Lauderdale East,SKU003,Whole Milk,dairy,dairy,3,4.29,12.87,false
2026-06-02T07:00:00,1001,Fort Lauderdale East,SKU004,Greek Yogurt,dairy,dairy,1,1.39,1.39,false
2026-06-02T07:00:00,1001,Fort Lauderdale East,SKU005,Chicken Breast,meat,meat,3,8.49,25.47,false
2026-06-02T07:00:00,1001,Fort Lauderdale East,SKU006,Ground Beef,meat,meat,2,7.99,15.98,false
2026-06-02T07:00:00,1001,Fort Lauderdale East,SKU007,Italian Bread,bakery,bakery,1,3.99,3.99,false
2026-06-02T07:00:00,1001,Fort Lauderdale East,SKU010,Orange Juice,beverages,grocery,1,4.99,4.99,false
2026-06-02T07:00:00,1001,Fort Lauderdale East,SKU011,Frozen Pizza,frozen,frozen,1,6.99,6.99,false
2026-06-02T07:00:00,1001,Fort Lauderdale East,SKU012,Ice Cream,frozen,frozen,1,5.99,5.99,false
2026-06-02T07:00:00,1001,Fort Lauderdale East,SKU015,Paper Towels,household,grocery,1,12.99,12.99,false
2026-06-02T07:00:00,1002,Pembroke Pines,SKU001,Bananas,produce,produce,13,0.69,8.97,false
2026-06-02T07:00:00,1002,Pembroke Pines,SKU002,Avocados,produce,produce,3,1.49,4.47,false
2026-06-02T07:00:00,1002,Pembroke Pines,SKU003,Whole Milk,dairy,dairy,3,4.29,12.87,false
2026-06-02T07:00:00,1002,Pembroke Pines,SKU004,Greek Yogurt,dairy,dairy,2,1.39,2.78,false
2026-06-02T07:00:00,1002,Pembroke Pines,SKU005,Chicken Breast,meat,meat,1,8.49,8.49,false
2026-06-02T07:00:00,1002,Pembroke Pines,SKU007,Italian Bread,bakery,bakery,1,3.99,3.99,false
2026-06-02T07:00:00,1002,Pembroke Pines,SKU009,Sparkling Water,beverages,grocery,2,5.49,10.98,false
2026-06-02T07:00:00,1002,Pembroke Pines,SKU010,Orange Juice,beverages,grocery,2,4.99,9.98,false
2026-06-02T07:00:00,1002,Pembroke Pines,SKU011,Frozen Pizza,frozen,frozen,1,6.99,6.99,false
2026-06-02T07:00:00,1002,Pembroke Pines,SKU013,Peanut Butter,grocery,grocery,2,3.49,6.98,false
2026-06-02T07:00:00,1002,Pembroke Pines,SKU014,Pasta,grocery,grocery,3,1.89,5.67,false
2026-06-02T07:00:00,1003,Davie,SKU001,Bananas,produce,produce,10,0.69,6.90,false
2026-06-02T07:00:00,1003,Davie,SKU002,Avocados,produce,produce,3,1.49,4.47,false
2026-06-02T07:00:00,1003,Davie,SKU003,Whole Milk,dairy,dairy,3,4.29,12.87,false
2026-06-02T07:00:00,1003,Davie,SKU004,Greek Yogurt,dairy,dairy,3,1.39,4.17,false
2026-06-02T07:00:00,1003,Davie,SKU005,Chicken Breast,meat,meat,3,8.49,25.47,false
2026-06-02T07:00:00,1003,Davie,SKU006,Ground Beef,meat,meat,1,7.99,7.99,false
2026-06-02T07:00:00,1003,Davie,SKU007,Italian Bread,bakery,bakery,4,3.99,15.96,false
2026-06-02T07:00:00,1003,Davie,SKU009,Sparkling Water,beverages,grocery,2,5.49,10.98,false
2026-06-02T07:00:00,1003,Davie,SKU012,Ice Cream,frozen,frozen,1,5.99,5.99,false
2026-06-02T07:00:00,1003,Davie,SKU013,Peanut Butter,grocery,grocery,1,3.49,3.49,false
2026-06-02T07:00:00,1003,Davie,SKU015,Paper Towels,household,grocery,1,12.99,12.99,false
2026-06-02T08:00:00,1001,Fort Lauderdale East,SKU001,Bananas,produce,produce,8,0.69,5.52,false
2026-06-02T08:00:00,1001,Fort Lauderdale East,SKU002,Avocados,produce,produce,5,1.49,7.45,false
2026-06-02T08:00:00,1001,Fort Lauderdale East,SKU003,Whole Milk,dairy,dairy,1,4.29,4.29,false
2026-06-02T08:00:00,1001,Fort Lauderdale East,SKU004,Greek Yogurt,dairy,dairy,2,1.39,2.78,false
2026-06-02T08:00:00,1001,Fort Lauderdale East,SKU005,Chicken Breast,meat,meat,2,8.49,16.98,false
2026-06-02T08:00:00,1001,Fort Lauderdale East,SKU006,Ground Beef,meat,meat,2,7.99,15.98,false
2026-06-02T08:00:00,1001,Fort Lauderdale East,SKU007,Italian Bread,bakery,bakery,2,3.99,7.98,false
2026-06-02T08:00:00,1001,Fort Lauderdale East,SKU008,Croissants,bakery,bakery,1,4.99,4.99,false
2026-06-02T08:00:00,1001,Fort Lauderdale East,SKU011,Frozen Pizza,frozen,frozen,2,6.99,13.98,false
2026-06-02T08:00:00,1001,Fort Lauderdale East,SKU012,Ice Cream,frozen,frozen,2,5.99,11.98,false
2026-06-02T08:00:00,1001,Fort Lauderdale East,SKU013,Peanut Butter,grocery,grocery,2,3.49,6.98,false
2026-06-02T08:00:00,1001,Fort Lauderdale East,SKU014,Pasta,grocery,grocery,1,1.89,1.89,false
2026-06-02T08:00:00,1001,Fort Lauderdale East,SKU015,Paper Towels,household,grocery,2,12.99,25.98,false
2026-06-02T08:00:00,1002,Pembroke Pines,SKU001,Bananas,produce,produce,9,0.69,6.21,false
2026-06-02T08:00:00,1002,Pembroke Pines,SKU002,Avocados,produce,produce,4,1.49,5.96,false
2026-06-02T08:00:00,1002,Pembroke Pines,SKU003,Whole Milk,dairy,dairy,2,4.29,8.58,false
2026-06-02T08:00:00,1002,Pembroke Pines,SKU004,Greek Yogurt,dairy,dairy,1,1.39,1.39,false
2026-06-02T08:00:00,1002,Pembroke Pines,SKU005,Chicken Breast,meat,meat,3,8.49,25.47,false
2026-06-02T08:00:00,1002,Pembroke Pines,SKU007,Italian Bread,bakery,bakery,3,3.99,11.97,false
2026-06-02T08:00:00,1002,Pembroke Pines,SKU008,Croissants,bakery,bakery,3,4.99,14.97,false
2026-06-02T08:00:00,1002,Pembroke Pines,SKU009,Sparkling Water,beverages,grocery,1,5.49,5.49,false
2026-06-02T08:00:00,1002,Pembroke Pines,SKU010,Orange Juice,beverages,grocery,3,4.99,14.97,false
2026-06-02T08:00:00,1002,Pembroke Pines,SKU012,Ice Cream,frozen,frozen,1,5.99,5.99,false
2026-06-02T08:00:00,1002,Pembroke Pines,SKU013,Peanut Butter,grocery,grocery,1,3.49,3.49,false
2026-06-02T08:00:00,1002,Pembroke Pines,SKU015,Paper Towels,household,grocery,1,12.99,12.99,false
2026-06-02T08:00:00,1003,Davie,SKU001,Bananas,produce,produce,11,0.69,7.59,false
2026-06-02T08:00:00,1003,Davie,SKU002,Avocados,produce,produce,4,1.49,5.96,false
2026-06-02T08:00:00,1003,Davie,SKU003,Whole Milk,dairy,dairy,2,4.29,8.58,false
2026-06-02T08:00:00,1003,Davie,SKU005,Chicken Breast,meat,meat,2,8.49,16.98,false
2026-06-02T08:00:00,1003,Davie,SKU006,Ground Beef,meat,meat,1,7.99,7.99,false
2026-06-02T08:00:00,1003,Davie,SKU009,Sparkling Water,beverages,grocery,1,5.49,5.49,false
2026-06-02T08:00:00,1003,Davie,SKU010,Orange Juice,beverages,grocery,3,4.99,14.97,false
2026-06-02T08:00:00,1003,Davie,SKU011,Frozen Pizza,frozen,frozen,1,6.99,6.99,false
2026-06-02T09:00:00,1001,Fort Lauderdale East,SKU001,Bananas,produce,produce,10,0.69,6.90,false
2026-06-02T09:00:00,1001,Fort Lauderdale East,SKU002,Avocados,produce,produce,5,1.49,7.45,false
2026-06-02T09:00:00,1001,Fort Lauderdale East,SKU003,Whole Milk,dairy,dairy,6,4.29,25.74,false
2026-06-02T09:00:00,1001,Fort Lauderdale East,SKU004,Greek Yogurt,dairy,dairy,4,1.39,5.56,false
2026-06-02T09:00:00,1001,Fort Lauderdale East,SKU005,Chicken Breast,meat,meat,2,8.49,16.98,false
2026-06-02T09:00:00,1001,Fort Lauderdale East,SKU006,Ground Beef,meat,meat,3,7.99,23.97,false
2026-06-02T09:00:00,1001,Fort Lauderdale East,SKU007,Italian Bread,bakery,bakery,2,3.99,7.98,false
2026-06-02T09:00:00,1001,Fort Lauderdale East,SKU008,Croissants,bakery,bakery,3,4.99,14.97,false
2026-06-02T09:00:00,1001,Fort Lauderdale East,SKU009,Sparkling Water,beverages,grocery,2,5.49,10.98,false
2026-06-02T09:00:00,1001,Fort Lauderdale East,SKU010,Orange Juice,beverages,grocery,1,4.99,4.99,false
2026-06-02T09:00:00,1001,Fort Lauderdale East,SKU011,Frozen Pizza,frozen,frozen,2,6.99,13.98,false
2026-06-02T09:00:00,1002,Pembroke Pines,SKU001,Bananas,produce,produce,4,0.69,2.76,false
2026-06-02T09:00:00,1002,Pembroke Pines,SKU002,Avocados,produce,produce,4,1.49,5.96,false
2026-06-02T09:00:00,1002,Pembroke Pines,SKU003,Whole Milk,dairy,dairy,5,4.29,21.45,false
2026-06-02T09:00:00,1002,Pembroke Pines,SKU004,Greek Yogurt,dairy,dairy,1,1.39,1.39,false
2026-06-02T09:00:00,1002,Pembroke Pines,SKU005,Chicken Breast,meat,meat,3,8.49,25.47,false
2026-06-02T09:00:00,1002,Pembroke Pines,SKU007,Italian Bread,bakery,bakery,2,3.99,7.98,false
2026-06-02T09:00:00,1002,Pembroke Pines,SKU009,Sparkling Water,beverages,grocery,1,5.49,5.49,false
2026-06-02T09:00:00,1002,Pembroke Pines,SKU010,Orange Juice,beverages,grocery,2,4.99,9.98,false
2026-06-02T09:00:00,1002,Pembroke Pines,SKU012,Ice Cream,frozen,frozen,1,5.99,5.99,false
2026-06-02T09:00:00,1002,Pembroke Pines,SKU013,Peanut Butter,grocery,grocery,1,3.49,3.49,false
2026-06-02T09:00:00,1002,Pembroke Pines,SKU015,Paper Towels,household,grocery,1,12.99,12.99,false
2026-06-02T09:00:00,1003,Davie,SKU001,Bananas,produce,produce,12,0.69,8.28,false
2026-06-02T09:00:00,1003,Davie,SKU002,Avocados,produce,produce,3,1.49,4.47,false
2026-06-02T09:00:00,1003,Davie,SKU003,Whole Milk,dairy,dairy,4,4.29,17.16,false
2026-06-02T09:00:00,1003,Davie,SKU005,Chicken Breast,meat,meat,1,8.49,8.49,false
2026-06-02T09:00:00,1003,Davie,SKU006,Ground Beef,meat,meat,2,7.99,15.98,false
2026-06-02T09:00:00,1003,Davie,SKU007,Italian Bread,bakery,bakery,3,3.99,11.97,false
2026-06-02T09:00:00,1003,Davie,SKU008,Croissants,bakery,bakery,2,4.99,9.98,false
2026-06-02T09:00:00,1003,Davie,SKU009,Sparkling Water,beverages,grocery,2,5.49,10.98,false
2026-06-02T09:00:00,1003,Davie,SKU010,Orange Juice,beverages,grocery,1,4.99,4.99,false
2026-06-02T09:00:00,1003,Davie,SKU011,Frozen Pizza,frozen,frozen,1,6.99,6.99,false
2026-06-02T09:00:00,1003,Davie,SKU012,Ice Cream,frozen,frozen,1,5.99,5.99,false
2026-06-02T09:00:00,1003,Davie,SKU014,Pasta,grocery,grocery,1,1.89,1.89,false
2026-06-02T09:00:00,1003,Davie,SKU015,Paper Towels,household,grocery,1,12.99,12.99,false
2026-06-02T10:00:00,1001,Fort Lauderdale East,SKU001,Bananas,produce,produce,10,0.69,6.90,false
2026-06-02T10:00:00,1001,Fort Lauderdale East,SKU002,Avocados,produce,produce,3,1.49,4.47,false
2026-06-02T10:00:00,1001,Fort Lauderdale East,SKU003,Whole Milk,dairy,dairy,5,4.29,21.45,false
2026-06-02T10:00:00,1001,Fort Lauderdale East,SKU004,Greek Yogurt,dairy,dairy,1,1.39,1.39,false
2026-06-02T10:00:00,1001,Fort Lauderdale East,SKU005,Chicken Breast,meat,meat,2,8.49,16.98,false
2026-06-02T10:00:00,1001,Fort Lauderdale East,SKU006,Ground Beef,meat,meat,1,7.99,7.99,false
2026-06-02T10:00:00,1001,Fort Lauderdale East,SKU007,Italian Bread,bakery,bakery,2,3.99,7.98,false
2026-06-02T10:00:00,1001,Fort Lauderdale East,SKU008,Croissants,bakery,bakery,2,4.99,9.98,false
2026-06-02T10:00:00,1001,Fort Lauderdale East,SKU009,Sparkling Water,beverages,grocery,2,5.49,10.98,false
2026-06-02T10:00:00,1001,Fort Lauderdale East,SKU010,Orange Juice,beverages,grocery,1,4.99,4.99,false
2026-06-02T10:00:00,1001,Fort Lauderdale East,SKU011,Frozen Pizza,frozen,frozen,2,6.99,13.98,false
2026-06-02T10:00:00,1001,Fort Lauderdale East,SKU012,Ice Cream,frozen,frozen,2,5.99,11.98,false
2026-06-02T10:00:00,1001,Fort Lauderdale East,SKU013,Peanut Butter,grocery,grocery,1,3.49,3.49,false
2026-06-02T10:00:00,1002,Pembroke Pines,SKU001,Bananas,produce,produce,4,0.69,2.76,false
2026-06-02T10:00:00,1002,Pembroke Pines,SKU002,Avocados,produce,produce,5,1.49,7.45,false
2026-06-02T10:00:00,1002,Pembroke Pines,SKU003,Whole Milk,dairy,dairy,2,4.29,8.58,false
2026-06-02T10:00:00,1002,Pembroke Pines,SKU004,Greek Yogurt,dairy,dairy,1,1.39,1.39,false
2026-06-02T10:00:00,1002,Pembroke Pines,SKU005,Chicken Breast,meat,meat,1,8.49,8.49,false
2026-06-02T10:00:00,1002,Pembroke Pines,SKU007,Italian Bread,bakery,bakery,3,3.99,11.97,false
2026-06-02T10:00:00,1002,Pembroke Pines,SKU008,Croissants,bakery,bakery,1,4.99,4.99,false
2026-06-02T10:00:00,1002,Pembroke Pines,SKU012,Ice Cream,frozen,frozen,2,5.99,11.98,false
2026-06-02T10:00:00,1002,Pembroke Pines,SKU014,Pasta,grocery,grocery,1,1.89,1.89,false
2026-06-02T10:00:00,1002,Pembroke Pines,SKU015,Paper Towels,household,grocery,1,12.99,12.99,false
2026-06-02T10:00:00,1003,Davie,SKU001,Bananas,produce,produce,10,0.69,6.90,false
2026-06-02T10:00:00,1003,Davie,SKU002,Avocados,produce,produce,3,1.49,4.47,false
2026-06-02T10:00:00,1003,Davie,SKU003,Whole Milk,dairy,dairy,2,4.29,8.58,false
2026-06-02T10:00:00,1003,Davie,SKU005,Chicken Breast,meat,meat,2,8.49,16.98,false
2026-06-02T10:00:00,1003,Davie,SKU006,Ground Beef,meat,meat,1,7.99,7.99,false
2026-06-02T10:00:00,1003,Davie,SKU008,Croissants,bakery,bakery,2,4.99,9.98,false
2026-06-02T10:00:00,1003,Davie,SKU009,Sparkling Water,beverages,grocery,2,5.49,10.98,false
2026-06-02T10:00:00,1003,Davie,SKU010,Orange Juice,beverages,grocery,1,4.99,4.99,false
2026-06-02T10:00:00,1003,Davie,SKU011,Frozen Pizza,frozen,frozen,1,6.99,6.99,false
2026-06-02T10:00:00,1003,Davie,SKU012,Ice Cream,frozen,frozen,1,5.99,5.99,false
2026-06-02T10:00:00,1003,Davie,SKU015,Paper Towels,household,grocery,1,12.99,12.99,false
2026-06-02T11:00:00,1001,Fort Lauderdale East,SKU001,Bananas,produce,produce,14,0.69,9.66,false
2026-06-02T11:00:00,1001,Fort Lauderdale East,SKU002,Avocados,produce,produce,4,1.49,5.96,false
2026-06-02T11:00:00,1001,Fort Lauderdale East,SKU003,Whole Milk,dairy,dairy,6,4.29,25.74,false
2026-06-02T11:00:00,1001,Fort Lauderdale East,SKU004,Greek Yogurt,dairy,dairy,4,1.39,5.56,false
2026-06-02T11:00:00,1001,Fort Lauderdale East,SKU005,Chicken Breast,meat,meat,2,8.49,16.98,false
2026-06-02T11:00:00,1001,Fort Lauderdale East,SKU006,Ground Beef,meat,meat,2,7.99,15.98,false
2026-06-02T11:00:00,1001,Fort Lauderdale East,SKU007,Italian Bread,bakery,bakery,3,3.99,11.97,false
2026-06-02T11:00:00,1001,Fort Lauderdale East,SKU008,Croissants,bakery,bakery,1,4.99,4.99,false
2026-06-02T11:00:00,1001,Fort Lauderdale East,SKU009,Sparkling Water,beverages,grocery,3,5.49,16.47,false
2026-06-02T11:00:00,1001,Fort Lauderdale East,SKU010,Orange Juice,beverages,grocery,2,4.99,9.98,false
2026-06-02T11:00:00,1001,Fort Lauderdale East,SKU011,Frozen Pizza,frozen,frozen,2,6.99,13.98,false
2026-06-02T11:00:00,1001,Fort Lauderdale East,SKU012,Ice Cream,frozen,frozen,3,5.99,17.97,false
2026-06-02T11:00:00,1001,Fort Lauderdale East,SKU013,Peanut Butter,grocery,grocery,1,3.49,3.49,false
2026-06-02T11:00:00,1001,Fort Lauderdale East,SKU015,Paper Towels,household,grocery,1,12.99,12.99,false
2026-06-02T11:00:00,1002,Pembroke Pines,SKU001,Bananas,produce,produce,12,0.69,8.28,false
2026-06-02T11:00:00,1002,Pembroke Pines,SKU002,Avocados,produce,produce,4,1.49,5.96,false
2026-06-02T11:00:00,1002,Pembroke Pines,SKU003,Whole Milk,dairy,dairy,3,4.29,12.87,false
2026-06-02T11:00:00,1002,Pembroke Pines,SKU004,Greek Yogurt,dairy,dairy,2,1.39,2.78,false
2026-06-02T11:00:00,1002,Pembroke Pines,SKU005,Chicken Breast,meat,meat,2,8.49,16.98,false
2026-06-02T11:00:00,1002,Pembroke Pines,SKU006,Ground Beef,meat,meat,1,7.99,7.99,false
2026-06-02T11:00:00,1002,Pembroke Pines,SKU007,Italian Bread,bakery,bakery,2,3.99,7.98,false
2026-06-02T11:00:00,1002,Pembroke Pines,SKU008,Croissants,bakery,bakery,5,4.99,24.95,false
2026-06-02T11:00:00,1002,Pembroke Pines,SKU009,Sparkling Water,beverages,grocery,4,5.49,21.96,false
2026-06-02T11:00:00,1002,Pembroke Pines,SKU010,Orange Juice,beverages,grocery,4,4.99,19.96,false
2026-06-02T11:00:00,1002,Pembroke Pines,SKU011,Frozen Pizza,frozen,frozen,1,6.99,6.99,false
2026-06-02T11:00:00,1002,Pembroke Pines,SKU013,Peanut Butter,grocery,grocery,2,3.49,6.98,false
2026-06-02T11:00:00,1003,Davie,SKU001,Bananas,produce,produce,10,0.69,6.90,false
2026-06-02T11:00:00,1003,Davie,SKU002,Avocados,produce,produce,6,1.49,8.94,false
2026-06-02T11:00:00,1003,Davie,SKU003,Whole Milk,dairy,dairy,4,4.29,17.16,false
2026-06-02T11:00:00,1003,Davie,SKU004,Greek Yogurt,dairy,dairy,3,1.39,4.17,false
2026-06-02T11:00:00,1003,Davie,SKU005,Chicken Breast,meat,meat,2,8.49,16.98,false
2026-06-02T11:00:00,1003,Davie,SKU006,Ground Beef,meat,meat,2,7.99,15.98,false
2026-06-02T11:00:00,1003,Davie,SKU007,Italian Bread,bakery,bakery,1,3.99,3.99,false
2026-06-02T11:00:00,1003,Davie,SKU008,Croissants,bakery,bakery,2,4.99,9.98,false
2026-06-02T11:00:00,1003,Davie,SKU009,Sparkling Water,beverages,grocery,2,5.49,10.98,false
2026-06-02T11:00:00,1003,Davie,SKU010,Orange Juice,beverages,grocery,3,4.99,14.97,false
2026-06-02T11:00:00,1003,Davie,SKU011,Frozen Pizza,frozen,frozen,1,6.99,6.99,false
2026-06-02T11:00:00,1003,Davie,SKU013,Peanut Butter,grocery,grocery,1,3.49,3.49,false
2026-06-02T11:00:00,1003,Davie,SKU014,Pasta,grocery,grocery,3,1.89,5.67,false
2026-06-02T12:00:00,1001,Fort Lauderdale East,SKU001,Bananas,produce,produce,21,0.69,14.49,false
2026-06-02T12:00:00,1001,Fort Lauderdale East,SKU002,Avocados,produce,produce,2,1.49,2.98,false
2026-06-02T12:00:00,1001,Fort Lauderdale East,SKU003,Whole Milk,dairy,dairy,3,4.29,12.87,false
2026-06-02T12:00:00,1001,Fort Lauderdale East,SKU004,Greek Yogurt,dairy,dairy,3,1.39,4.17,false
2026-06-02T12:00:00,1001,Fort Lauderdale East,SKU005,Chicken Breast,meat,meat,2,8.49,16.98,false
2026-06-02T12:00:00,1001,Fort Lauderdale East,SKU007,Italian Bread,bakery,bakery,3,3.99,11.97,false
2026-06-02T12:00:00,1001,Fort Lauderdale East,SKU008,Croissants,bakery,bakery,1,4.99,4.99,false
2026-06-02T12:00:00,1001,Fort Lauderdale East,SKU009,Sparkling Water,beverages,grocery,1,5.49,5.49,false
2026-06-02T12:00:00,1001,Fort Lauderdale East,SKU010,Orange Juice,beverages,grocery,2,4.99,9.98,false
2026-06-02T12:00:00,1001,Fort Lauderdale East,SKU011,Frozen Pizza,frozen,frozen,1,6.99,6.99,false
2026-06-02T12:00:00,1001,Fort Lauderdale East,SKU012,Ice Cream,frozen,frozen,1,5.99,5.99,false
2026-06-02T12:00:00,1001,Fort Lauderdale East,SKU013,Peanut Butter,grocery,grocery,2,3.49,6.98,false
2026-06-02T12:00:00,1001,Fort Lauderdale East,SKU015,Paper Towels,household,grocery,2,12.99,25.98,false
2026-06-02T12:00:00,1002,Pembroke Pines,SKU001,Bananas,produce,produce,17,0.69,11.73,false
2026-06-02T12:00:00,1002,Pembroke Pines,SKU002,Avocados,produce,produce,3,1.49,4.47,false
2026-06-02T12:00:00,1002,Pembroke Pines,SKU003,Whole Milk,dairy,dairy,3,4.29,12.87,false
2026-06-02T12:00:00,1002,Pembroke Pines,SKU004,Greek Yogurt,dairy,dairy,4,1.39,5.56,false
2026-06-02T12:00:00,1002,Pembroke Pines,SKU005,Chicken Breast,meat,meat,2,8.49,16.98,false
2026-06-02T12:00:00,1002,Pembroke Pines,SKU006,Ground Beef,meat,meat,2,7.99,15.98,false
2026-06-02T12:00:00,1002,Pembroke Pines,SKU007,Italian Bread,bakery,bakery,3,3.99,11.97,false
2026-06-02T12:00:00,1002,Pembroke Pines,SKU008,Croissants,bakery,bakery,3,4.99,14.97,false
2026-06-02T12:00:00,1002,Pembroke Pines,SKU009,Sparkling Water,beverages,grocery,3,5.49,16.47,false
2026-06-02T12:00:00,1002,Pembroke Pines,SKU010,Orange Juice,beverages,grocery,2,4.99,9.98,false
2026-06-02T12:00:00,1002,Pembroke Pines,SKU011,Frozen Pizza,frozen,frozen,2,6.99,13.98,false
2026-06-02T12:00:00,1002,Pembroke Pines,SKU012,Ice Cream,frozen,frozen,2,5.99,11.98,false
2026-06-02T12:00:00,1002,Pembroke Pines,SKU013,Peanut Butter,grocery,grocery,3,3.49,10.47,false
2026-06-02T12:00:00,1002,Pembroke Pines,SKU014,Pasta,grocery,grocery,1,1.89,1.89,false
2026-06-02T12:00:00,1003,Davie,SKU001,Bananas,produce,produce,12,0.69,8.28,false
2026-06-02T12:00:00,1003,Davie,SKU002,Avocados,produce,produce,3,1.49,4.47,false
2026-06-02T12:00:00,1003,Davie,SKU003,Whole Milk,dairy,dairy,2,4.29,8.58,false
2026-06-02T12:00:00,1003,Davie,SKU005,Chicken Breast,meat,meat,4,8.49,33.96,false
2026-06-02T12:00:00,1003,Davie,SKU006,Ground Beef,meat,meat,4,7.99,31.96,false
2026-06-02T12:00:00,1003,Davie,SKU007,Italian Bread,bakery,bakery,1,3.99,3.99,false
2026-06-02T12:00:00,1003,Davie,SKU008,Croissants,bakery,bakery,3,4.99,14.97,false
2026-06-02T12:00:00,1003,Davie,SKU009,Sparkling Water,beverages,grocery,2,5.49,10.98,false
2026-06-02T12:00:00,1003,Davie,SKU010,Orange Juice,beverages,grocery,2,4.99,9.98,false
2026-06-02T12:00:00,1003,Davie,SKU011,Frozen Pizza,frozen,frozen,2,6.99,13.98,false
2026-06-02T12:00:00,1003,Davie,SKU012,Ice Cream,frozen,frozen,1,5.99,5.99,false
2026-06-02T12:00:00,1003,Davie,SKU013,Peanut Butter,grocery,grocery,4,3.49,13.96,false
2026-06-02T12:00:00,1003,Davie,SKU014,Pasta,grocery,grocery,2,1.89,3.78,false
2026-06-02T13:00:00,1001,Fort Lauderdale East,SKU001,Bananas,produce,produce,7,0.69,4.83,false
2026-06-02T13:00:00,1001,Fort Lauderdale East,SKU002,Avocados,produce,produce,5,1.49,7.45,false
2026-06-02T13:00:00,1001,Fort Lauderdale East,SKU003,Whole Milk,dairy,dairy,3,4.29,12.87,false
2026-06-02T13:00:00,1001,Fort Lauderdale East,SKU004,Greek Yogurt,dairy,dairy,2,1.39,2.78,false
2026-06-02T13:00:00,1001,Fort Lauderdale East,SKU005,Chicken Breast,meat,meat,2,8.49,16.98,false
2026-06-02T13:00:00,1001,Fort Lauderdale East,SKU006,Ground Beef,meat,meat,2,7.99,15.98,false
2026-06-02T13:00:00,1001,Fort Lauderdale East,SKU007,Italian Bread,bakery,bakery,3,3.99,11.97,false
2026-06-02T13:00:00,1001,Fort Lauderdale East,SKU010,Orange Juice,beverages,grocery,1,4.99,4.99,false
2026-06-02T13:00:00,1002,Pembroke Pines,SKU001,Bananas,produce,produce,11,0.69,7.59,false
2026-06-02T13:00:00,1002,Pembroke Pines,SKU002,Avocados,produce,produce,2,1.49,2.98,false
2026-06-02T13:00:00,1002,Pembroke Pines,SKU003,Whole Milk,dairy,dairy,2,4.29,8.58,false
2026-06-02T13:00:00,1002,Pembroke Pines,SKU004,Greek Yogurt,dairy,dairy,3,1.39,4.17,false
2026-06-02T13:00:00,1002,Pembroke Pines,SKU005,Chicken Breast,meat,meat,2,8.49,16.98,false
2026-06-02T13:00:00,1002,Pembroke Pines,SKU006,Ground Beef,meat,meat,2,7.99,15.98,false
2026-06-02T13:00:00,1002,Pembroke Pines,SKU007,Italian Bread,bakery,bakery,3,3.99,11.97,false
2026-06-02T13:00:00,1002,Pembroke Pines,SKU008,Croissants,bakery,bakery,2,4.99,9.98,false
2026-06-02T13:00:00,1002,Pembroke Pines,SKU009,Sparkling Water,beverages,grocery,1,5.49,5.49,false
2026-06-02T13:00:00,1002,Pembroke Pines,SKU011,Frozen Pizza,frozen,frozen,2,6.99,13.98,false
2026-06-02T13:00:00,1002,Pembroke Pines,SKU012,Ice Cream,frozen,frozen,1,5.99,5.99,false
2026-06-02T13:00:00,1003,Davie,SKU001,Bananas,produce,produce,5,0.69,3.45,false
2026-06-02T13:00:00,1003,Davie,SKU002,Avocados,produce,produce,4,1.49,5.96,false
2026-06-02T13:00:00,1003,Davie,SKU003,Whole Milk,dairy,dairy,4,4.29,17.16,false
2026-06-02T13:00:00,1003,Davie,SKU004,Greek Yogurt,dairy,dairy,1,1.39,1.39,false
2026-06-02T13:00:00,1003,Davie,SKU005,Chicken Breast,meat,meat,1,8.49,8.49,false
2026-06-02T13:00:00,1003,Davie,SKU006,Ground Beef,meat,meat,1,7.99,7.99,false
2026-06-02T13:00:00,1003,Davie,SKU007,Italian Bread,bakery,bakery,1,3.99,3.99,false
2026-06-02T13:00:00,1003,Davie,SKU008,Croissants,bakery,bakery,3,4.99,14.97,false
2026-06-02T13:00:00,1003,Davie,SKU009,Sparkling Water,beverages,grocery,2,5.49,10.98,false
2026-06-02T13:00:00,1003,Davie,SKU010,Orange Juice,beverages,grocery,1,4.99,4.99,false
2026-06-02T13:00:00,1003,Davie,SKU012,Ice Cream,frozen,frozen,1,5.99,5.99,false
2026-06-02T14:00:00,1001,Fort Lauderdale East,SKU001,Bananas,produce,produce,11,0.69,7.59,false
2026-06-02T14:00:00,1001,Fort Lauderdale East,SKU002,Avocados,produce,produce,2,1.49,2.98,false
2026-06-02T14:00:00,1001,Fort Lauderdale East,SKU003,Whole Milk,dairy,dairy,2,4.29,8.58,false
2026-06-02T14:00:00,1001,Fort Lauderdale East,SKU004,Greek Yogurt,dairy,dairy,2,1.39,2.78,false
2026-06-02T14:00:00,1001,Fort Lauderdale East,SKU005,Chicken Breast,meat,meat,2,8.49,16.98,false
2026-06-02T14:00:00,1001,Fort Lauderdale East,SKU007,Italian Bread,bakery,bakery,3,3.99,11.97,false
2026-06-02T14:00:00,1001,Fort Lauderdale East,SKU008,Croissants,bakery,bakery,2,4.99,9.98,false
2026-06-02T14:00:00,1001,Fort Lauderdale East,SKU009,Sparkling Water,beverages,grocery,3,5.49,16.47,false
2026-06-02T14:00:00,1001,Fort Lauderdale East,SKU010,Orange Juice,beverages,grocery,1,4.99,4.99,false
2026-06-02T14:00:00,1001,Fort Lauderdale East,SKU011,Frozen Pizza,frozen,frozen,1,6.99,6.99,false
2026-06-02T14:00:00,1001,Fort Lauderdale East,SKU012,Ice Cream,frozen,frozen,2,5.99,11.98,false
2026-06-02T14:00:00,1001,Fort Lauderdale East,SKU013,Peanut Butter,grocery,grocery,1,3.49,3.49,false
2026-06-02T14:00:00,1001,Fort Lauderdale East,SKU014,Pasta,grocery,grocery,2,1.89,3.78,false
2026-06-02T14:00:00,1002,Pembroke Pines,SKU001,Bananas,produce,produce,8,0.69,5.52,false
2026-06-02T14:00:00,1002,Pembroke Pines,SKU002,Avocados,produce,produce,4,1.49,5.96,false
2026-06-02T14:00:00,1002,Pembroke Pines,SKU003,Whole Milk,dairy,dairy,3,4.29,12.87,false
2026-06-02T14:00:00,1002,Pembroke Pines,SKU004,Greek Yogurt,dairy,dairy,3,1.39,4.17,false
2026-06-02T14:00:00,1002,Pembroke Pines,SKU005,Chicken Breast,meat,meat,3,8.49,25.47,false
2026-06-02T14:00:00,1002,Pembroke Pines,SKU006,Ground Beef,meat,meat,2,7.99,15.98,false
2026-06-02T14:00:00,1002,Pembroke Pines,SKU007,Italian Bread,bakery,bakery,1,3.99,3.99,false
2026-06-02T14:00:00,1002,Pembroke Pines,SKU008,Croissants,bakery,bakery,2,4.99,9.98,false
2026-06-02T14:00:00,1002,Pembroke Pines,SKU009,Sparkling Water,beverages,grocery,1,5.49,5.49,false
2026-06-02T14:00:00,1002,Pembroke Pines,SKU011,Frozen Pizza,frozen,frozen,2,6.99,13.98,false
2026-06-02T14:00:00,1002,Pembroke Pines,SKU013,Peanut Butter,grocery,grocery,2,3.49,6.98,false
2026-06-02T14:00:00,1002,Pembroke Pines,SKU014,Pasta,grocery,grocery,1,1.89,1.89,false
2026-06-02T14:00:00,1003,Davie,SKU001,Bananas,produce,produce,12,0.69,8.28,false
2026-06-02T14:00:00,1003,Davie,SKU002,Avocados,produce,produce,3,1.49,4.47,false
2026-06-02T14:00:00,1003,Davie,SKU003,Whole Milk,dairy,dairy,3,4.29,12.87,false
2026-06-02T14:00:00,1003,Davie,SKU004,Greek Yogurt,dairy,dairy,1,1.39,1.39,false
2026-06-02T14:00:00,1003,Davie,SKU005,Chicken Breast,meat,meat,1,8.49,8.49,false
2026-06-02T14:00:00,1003,Davie,SKU006,Ground Beef,meat,meat,2,7.99,15.98,false
2026-06-02T14:00:00,1003,Davie,SKU007,Italian Bread,bakery,bakery,1,3.99,3.99,false
2026-06-02T14:00:00,1003,Davie,SKU009,Sparkling Water,beverages,grocery,2,5.49,10.98,false
2026-06-02T14:00:00,1003,Davie,SKU010,Orange Juice,beverages,grocery,1,4.99,4.99,false
2026-06-02T14:00:00,1003,Davie,SKU012,Ice Cream,frozen,frozen,1,5.99,5.99,false
2026-06-02T14:00:00,1003,Davie,SKU013,Peanut Butter,grocery,grocery,2,3.49,6.98,false
2026-06-02T14:00:00,1003,Davie,SKU014,Pasta,grocery,grocery,2,1.89,3.78,false
2026-06-02T15:00:00,1001,Fort Lauderdale East,SKU001,Bananas,produce,produce,12,0.69,8.28,false
2026-06-02T15:00:00,1001,Fort Lauderdale East,SKU002,Avocados,produce,produce,3,1.49,4.47,false
2026-06-02T15:00:00,1001,Fort Lauderdale East,SKU003,Whole Milk,dairy,dairy,5,4.29,21.45,false
2026-06-02T15:00:00,1001,Fort Lauderdale East,SKU004,Greek Yogurt,dairy,dairy,4,1.39,5.56,false
2026-06-02T15:00:00,1001,Fort Lauderdale East,SKU005,Chicken Breast,meat,meat,2,8.49,16.98,false
2026-06-02T15:00:00,1001,Fort Lauderdale East,SKU006,Ground Beef,meat,meat,2,7.99,15.98,false
2026-06-02T15:00:00,1001,Fort Lauderdale East,SKU007,Italian Bread,bakery,bakery,3,3.99,11.97,false
2026-06-02T15:00:00,1001,Fort Lauderdale East,SKU008,Croissants,bakery,bakery,2,4.99,9.98,false
2026-06-02T15:00:00,1001,Fort Lauderdale East,SKU009,Sparkling Water,beverages,grocery,2,5.49,10.98,false
2026-06-02T15:00:00,1001,Fort Lauderdale East,SKU010,Orange Juice,beverages,grocery,2,4.99,9.98,false
2026-06-02T15:00:00,1001,Fort Lauderdale East,SKU011,Frozen Pizza,frozen,frozen,1,6.99,6.99,false
2026-06-02T15:00:00,1001,Fort Lauderdale East,SKU013,Peanut Butter,grocery,grocery,2,3.49,6.98,false
2026-06-02T15:00:00,1002,Pembroke Pines,SKU001,Bananas,produce,produce,9,0.69,6.21,false
2026-06-02T15:00:00,1002,Pembroke Pines,SKU002,Avocados,produce,produce,4,1.49,5.96,false
2026-06-02T15:00:00,1002,Pembroke Pines,SKU003,Whole Milk,dairy,dairy,2,4.29,8.58,false
2026-06-02T15:00:00,1002,Pembroke Pines,SKU004,Greek Yogurt,dairy,dairy,1,1.39,1.39,false
2026-06-02T15:00:00,1002,Pembroke Pines,SKU005,Chicken Breast,meat,meat,3,8.49,25.47,false
2026-06-02T15:00:00,1002,Pembroke Pines,SKU006,Ground Beef,meat,meat,2,7.99,15.98,false
2026-06-02T15:00:00,1002,Pembroke Pines,SKU007,Italian Bread,bakery,bakery,3,3.99,11.97,false
2026-06-02T15:00:00,1002,Pembroke Pines,SKU008,Croissants,bakery,bakery,1,4.99,4.99,false
2026-06-02T15:00:00,1002,Pembroke Pines,SKU009,Sparkling Water,beverages,grocery,1,5.49,5.49,false
2026-06-02T15:00:00,1002,Pembroke Pines,SKU010,Orange Juice,beverages,grocery,2,4.99,9.98,false
2026-06-02T15:00:00,1002,Pembroke Pines,SKU015,Paper Towels,household,grocery,2,12.99,25.98,false
2026-06-02T15:00:00,1003,Davie,SKU001,Bananas,produce,produce,15,0.69,10.35,false
2026-06-02T15:00:00,1003,Davie,SKU002,Avocados,produce,produce,3,1.49,4.47,false
2026-06-02T15:00:00,1003,Davie,SKU003,Whole Milk,dairy,dairy,3,4.29,12.87,false
2026-06-02T15:00:00,1003,Davie,SKU004,Greek Yogurt,dairy,dairy,2,1.39,2.78,false
2026-06-02T15:00:00,1003,Davie,SKU005,Chicken Breast,meat,meat,2,8.49,16.98,false
2026-06-02T15:00:00,1003,Davie,SKU006,Ground Beef,meat,meat,2,7.99,15.98,false
2026-06-02T15:00:00,1003,Davie,SKU007,Italian Bread,bakery,bakery,2,3.99,7.98,false
2026-06-02T15:00:00,1003,Davie,SKU008,Croissants,bakery,bakery,1,4.99,4.99,false
2026-06-02T15:00:00,1003,Davie,SKU009,Sparkling Water,beverages,grocery,1,5.49,5.49,false
2026-06-02T15:00:00,1003,Davie,SKU010,Orange Juice,beverages,grocery,1,4.99,4.99,false
2026-06-02T15:00:00,1003,Davie,SKU013,Peanut Butter,grocery,grocery,1,3.49,3.49,false
2026-06-02T15:00:00,1003,Davie,SKU014,Pasta,grocery,grocery,1,1.89,1.89,false
2026-06-02T16:00:00,1001,Fort Lauderdale East,SKU001,Bananas,produce,produce,12,0.69,8.28,false
2026-06-02T16:00:00,1001,Fort Lauderdale East,SKU002,Avocados,produce,produce,4,1.49,5.96,false
2026-06-02T16:00:00,1001,Fort Lauderdale East,SKU003,Whole Milk,dairy,dairy,4,4.29,17.16,false
2026-06-02T16:00:00,1001,Fort Lauderdale East,SKU004,Greek Yogurt,dairy,dairy,2,1.39,2.78,false
2026-06-02T16:00:00,1001,Fort Lauderdale East,SKU005,Chicken Breast,meat,meat,4,8.49,33.96,false
2026-06-02T16:00:00,1001,Fort Lauderdale East,SKU006,Ground Beef,meat,meat,3,7.99,23.97,false
2026-06-02T16:00:00,1001,Fort Lauderdale East,SKU007,Italian Bread,bakery,bakery,3,3.99,11.97,false
2026-06-02T16:00:00,1001,Fort Lauderdale East,SKU008,Croissants,bakery,bakery,3,4.99,14.97,false
2026-06-02T16:00:00,1001,Fort Lauderdale East,SKU009,Sparkling Water,beverages,grocery,1,5.49,5.49,false
2026-06-02T16:00:00,1001,Fort Lauderdale East,SKU010,Orange Juice,beverages,grocery,3,4.99,14.97,false
2026-06-02T16:00:00,1001,Fort Lauderdale East,SKU012,Ice Cream,frozen,frozen,1,5.99,5.99,false
2026-06-02T16:00:00,1002,Pembroke Pines,SKU001,Bananas,produce,produce,8,0.69,5.52,false
2026-06-02T16:00:00,1002,Pembroke Pines,SKU002,Avocados,produce,produce,4,1.49,5.96,false
2026-06-02T16:00:00,1002,Pembroke Pines,SKU003,Whole Milk,dairy,dairy,2,4.29,8.58,false
2026-06-02T16:00:00,1002,Pembroke Pines,SKU004,Greek Yogurt,dairy,dairy,3,1.39,4.17,false
2026-06-02T16:00:00,1002,Pembroke Pines,SKU005,Chicken Breast,meat,meat,2,8.49,16.98,false
2026-06-02T16:00:00,1002,Pembroke Pines,SKU006,Ground Beef,meat,meat,1,7.99,7.99,false
2026-06-02T16:00:00,1002,Pembroke Pines,SKU007,Italian Bread,bakery,bakery,3,3.99,11.97,false
2026-06-02T16:00:00,1002,Pembroke Pines,SKU008,Croissants,bakery,bakery,2,4.99,9.98,false
2026-06-02T16:00:00,1002,Pembroke Pines,SKU009,Sparkling Water,beverages,grocery,1,5.49,5.49,false
2026-06-02T16:00:00,1002,Pembroke Pines,SKU013,Peanut Butter,grocery,grocery,1,3.49,3.49,false
2026-06-02T16:00:00,1002,Pembroke Pines,SKU014,Pasta,grocery,grocery,2,1.89,3.78,false
2026-06-02T16:00:00,1003,Davie,SKU001,Bananas,produce,produce,10,0.69,6.90,false
2026-06-02T16:00:00,1003,Davie,SKU002,Avocados,produce,produce,4,1.49,5.96,false
2026-06-02T16:00:00,1003,Davie,SKU003,Whole Milk,dairy,dairy,1,4.29,4.29,false
2026-06-02T16:00:00,1003,Davie,SKU004,Greek Yogurt,dairy,dairy,3,1.39,4.17,false
2026-06-02T16:00:00,1003,Davie,SKU005,Chicken Breast,meat,meat,3,8.49,25.47,false
2026-06-02T16:00:00,1003,Davie,SKU006,Ground Beef,meat,meat,2,7.99,15.98,false
2026-06-02T16:00:00,1003,Davie,SKU007,Italian Bread,bakery,bakery,3,3.99,11.97,false
2026-06-02T16:00:00,1003,Davie,SKU008,Croissants,bakery,bakery,1,4.99,4.99,false
2026-06-02T16:00:00,1003,Davie,SKU009,Sparkling Water,beverages,grocery,1,5.49,5.49,false
2026-06-02T16:00:00,1003,Davie,SKU010,Orange Juice,beverages,grocery,3,4.99,14.97,false
2026-06-02T16:00:00,1003,Davie,SKU011,Frozen Pizza,frozen,frozen,1,6.99,6.99,false
2026-06-02T16:00:00,1003,Davie,SKU013,Peanut Butter,grocery,grocery,2,3.49,6.98,false
2026-06-02T17:00:00,1001,Fort Lauderdale East,SKU001,Bananas,produce,produce,14,0.69,9.66,false
2026-06-02T17:00:00,1001,Fort Lauderdale East,SKU002,Avocados,produce,produce,2,1.49,2.98,false
2026-06-02T17:00:00,1001,Fort Lauderdale East,SKU003,Whole Milk,dairy,dairy,6,4.29,25.74,false
2026-06-02T17:00:00,1001,Fort Lauderdale East,SKU004,Greek Yogurt,dairy,dairy,5,1.39,6.95,false
2026-06-02T17:00:00,1001,Fort Lauderdale East,SKU005,Chicken Breast,meat,meat,2,8.49,16.98,false
2026-06-02T17:00:00,1001,Fort Lauderdale East,SKU006,Ground Beef,meat,meat,2,7.99,15.98,false
2026-06-02T17:00:00,1001,Fort Lauderdale East,SKU007,Italian Bread,bakery,bakery,5,3.99,19.95,false
2026-06-02T17:00:00,1001,Fort Lauderdale East,SKU008,Croissants,bakery,bakery,3,4.99,14.97,false
2026-06-02T17:00:00,1001,Fort Lauderdale East,SKU009,Sparkling Water,beverages,grocery,2,5.49,10.98,false
2026-06-02T17:00:00,1001,Fort Lauderdale East,SKU010,Orange Juice,beverages,grocery,2,4.99,9.98,false
2026-06-02T17:00:00,1001,Fort Lauderdale East,SKU011,Frozen Pizza,frozen,frozen,2,6.99,13.98,false
2026-06-02T17:00:00,1001,Fort Lauderdale East,SKU012,Ice Cream,frozen,frozen,3,5.99,17.97,false
2026-06-02T17:00:00,1001,Fort Lauderdale East,SKU013,Peanut Butter,grocery,grocery,2,3.49,6.98,false
2026-06-02T17:00:00,1001,Fort Lauderdale East,SKU014,Pasta,grocery,grocery,2,1.89,3.78,false
2026-06-02T17:00:00,1002,Pembroke Pines,SKU001,Bananas,produce,produce,18,0.69,12.42,false
2026-06-02T17:00:00,1002,Pembroke Pines,SKU002,Avocados,produce,produce,5,1.49,7.45,false
2026-06-02T17:00:00,1002,Pembroke Pines,SKU003,Whole Milk,dairy,dairy,3,4.29,12.87,false
2026-06-02T17:00:00,1002,Pembroke Pines,SKU004,Greek Yogurt,dairy,dairy,3,1.39,4.17,false
2026-06-02T17:00:00,1002,Pembroke Pines,SKU005,Chicken Breast,meat,meat,5,8.49,42.45,false
2026-06-02T17:00:00,1002,Pembroke Pines,SKU006,Ground Beef,meat,meat,1,7.99,7.99,false
2026-06-02T17:00:00,1002,Pembroke Pines,SKU007,Italian Bread,bakery,bakery,2,3.99,7.98,false
2026-06-02T17:00:00,1002,Pembroke Pines,SKU008,Croissants,bakery,bakery,2,4.99,9.98,false
2026-06-02T17:00:00,1002,Pembroke Pines,SKU009,Sparkling Water,beverages,grocery,2,5.49,10.98,false
2026-06-02T17:00:00,1002,Pembroke Pines,SKU010,Orange Juice,beverages,grocery,1,4.99,4.99,false
2026-06-02T17:00:00,1002,Pembroke Pines,SKU012,Ice Cream,frozen,frozen,1,5.99,5.99,false
2026-06-02T17:00:00,1002,Pembroke Pines,SKU013,Peanut Butter,grocery,grocery,2,3.49,6.98,false
2026-06-02T17:00:00,1003,Davie,SKU001,Bananas,produce,produce,16,0.69,11.04,false
2026-06-02T17:00:00,1003,Davie,SKU002,Avocados,produce,produce,7,1.49,10.43,false
2026-06-02T17:00:00,1003,Davie,SKU003,Whole Milk,dairy,dairy,3,4.29,12.87,false
2026-06-02T17:00:00,1003,Davie,SKU004,Greek Yogurt,dairy,dairy,3,1.39,4.17,false
2026-06-02T17:00:00,1003,Davie,SKU005,Chicken Breast,meat,meat,1,8.49,8.49,false
2026-06-02T17:00:00,1003,Davie,SKU006,Ground Beef,meat,meat,2,7.99,15.98,false
2026-06-02T17:00:00,1003,Davie,SKU007,Italian Bread,bakery,bakery,2,3.99,7.98,false
2026-06-02T17:00:00,1003,Davie,SKU008,Croissants,bakery,bakery,2,4.99,9.98,false
2026-06-02T17:00:00,1003,Davie,SKU010,Orange Juice,beverages,grocery,3,4.99,14.97,false
2026-06-02T17:00:00,1003,Davie,SKU013,Peanut Butter,grocery,grocery,1,3.49,3.49,false
2026-06-02T18:00:00,1001,Fort Lauderdale East,SKU001,Bananas,produce,produce,11,0.69,7.59,false
2026-06-02T18:00:00,1001,Fort Lauderdale East,SKU002,Avocados,produce,produce,3,1.49,4.47,false
2026-06-02T18:00:00,1001,Fort Lauderdale East,SKU003,Whole Milk,dairy,dairy,4,4.29,17.16,false
2026-06-02T18:00:00,1001,Fort Lauderdale East,SKU004,Greek Yogurt,dairy,dairy,3,1.39,4.17,false
2026-06-02T18:00:00,1001,Fort Lauderdale East,SKU005,Chicken Breast,meat,meat,5,8.49,42.45,false
2026-06-02T18:00:00,1001,Fort Lauderdale East,SKU006,Ground Beef,meat,meat,4,7.99,31.96,false
2026-06-02T18:00:00,1001,Fort Lauderdale East,SKU008,Croissants,bakery,bakery,2,4.99,9.98,false
2026-06-02T18:00:00,1001,Fort Lauderdale East,SKU009,Sparkling Water,beverages,grocery,1,5.49,5.49,false
2026-06-02T18:00:00,1001,Fort Lauderdale East,SKU010,Orange Juice,beverages,grocery,3,4.99,14.97,false
2026-06-02T18:00:00,1001,Fort Lauderdale East,SKU011,Frozen Pizza,frozen,frozen,1,6.99,6.99,false
2026-06-02T18:00:00,1001,Fort Lauderdale East,SKU012,Ice Cream,frozen,frozen,2,5.99,11.98,false
2026-06-02T18:00:00,1001,Fort Lauderdale East,SKU013,Peanut Butter,grocery,grocery,2,3.49,6.98,false
2026-06-02T18:00:00,1001,Fort Lauderdale East,SKU014,Pasta,grocery,grocery,1,1.89,1.89,false
2026-06-02T18:00:00,1002,Pembroke Pines,SKU001,Bananas,produce,produce,12,0.69,8.28,false
2026-06-02T18:00:00,1002,Pembroke Pines,SKU002,Avocados,produce,produce,6,1.49,8.94,false
2026-06-02T18:00:00,1002,Pembroke Pines,SKU003,Whole Milk,dairy,dairy,5,4.29,21.45,false
2026-06-02T18:00:00,1002,Pembroke Pines,SKU004,Greek Yogurt,dairy,dairy,3,1.39,4.17,false
2026-06-02T18:00:00,1002,Pembroke Pines,SKU005,Chicken Breast,meat,meat,4,8.49,33.96,false
2026-06-02T18:00:00,1002,Pembroke Pines,SKU006,Ground Beef,meat,meat,2,7.99,15.98,false
2026-06-02T18:00:00,1002,Pembroke Pines,SKU007,Italian Bread,bakery,bakery,1,3.99,3.99,false
2026-06-02T18:00:00,1002,Pembroke Pines,SKU008,Croissants,bakery,bakery,2,4.99,9.98,false
2026-06-02T18:00:00,1002,Pembroke Pines,SKU009,Sparkling Water,beverages,grocery,3,5.49,16.47,false
2026-06-02T18:00:00,1002,Pembroke Pines,SKU010,Orange Juice,beverages,grocery,3,4.99,14.97,false
2026-06-02T18:00:00,1002,Pembroke Pines,SKU011,Frozen Pizza,frozen,frozen,1,6.99,6.99,false
2026-06-02T18:00:00,1002,Pembroke Pines,SKU012,Ice Cream,frozen,frozen,2,5.99,11.98,false
2026-06-02T18:00:00,1002,Pembroke Pines,SKU013,Peanut Butter,grocery,grocery,1,3.49,3.49,false
2026-06-02T18:00:00,1002,Pembroke Pines,SKU015,Paper Towels,household,grocery,1,12.99,12.99,false
2026-06-02T18:00:00,1003,Davie,SKU001,Bananas,produce,produce,10,0.69,6.90,false
2026-06-02T18:00:00,1003,Davie,SKU002,Avocados,produce,produce,5,1.49,7.45,false
2026-06-02T18:00:00,1003,Davie,SKU003,Whole Milk,dairy,dairy,3,4.29,12.87,false
2026-06-02T18:00:00,1003,Davie,SKU004,Greek Yogurt,dairy,dairy,3,1.39,4.17,false
2026-06-02T18:00:00,1003,Davie,SKU005,Chicken Breast,meat,meat,3,8.49,25.47,false
2026-06-02T18:00:00,1003,Davie,SKU006,Ground Beef,meat,meat,2,7.99,15.98,false
2026-06-02T18:00:00,1003,Davie,SKU007,Italian Bread,bakery,bakery,3,3.99,11.97,false
2026-06-02T18:00:00,1003,Davie,SKU008,Croissants,bakery,bakery,1,4.99,4.99,false
2026-06-02T18:00:00,1003,Davie,SKU009,Sparkling Water,beverages,grocery,2,5.49,10.98,false
2026-06-02T18:00:00,1003,Davie,SKU010,Orange Juice,beverages,grocery,2,4.99,9.98,false
2026-06-02T18:00:00,1003,Davie,SKU011,Frozen Pizza,frozen,frozen,1,6.99,6.99,false
2026-06-02T18:00:00,1003,Davie,SKU012,Ice Cream,frozen,frozen,1,5.99,5.99,false
2026-06-02T18:00:00,1003,Davie,SKU013,Peanut Butter,grocery,grocery,1,3.49,3.49,false
2026-06-02T18:00:00,1003,Davie,SKU014,Pasta,grocery,grocery,1,1.89,1.89,false
2026-06-02T18:00:00,1003,Davie,SKU015,Paper Towels,household,grocery,1,12.99,12.99,false
2026-06-02T19:00:00,1001,Fort Lauderdale East,SKU001,Bananas,produce,produce,12,0.69,8.28,false
2026-06-02T19:00:00,1001,Fort Lauderdale East,SKU002,Avocados,produce,produce,4,1.49,5.96,false
2026-06-02T19:00:00,1001,Fort Lauderdale East,SKU003,Whole Milk,dairy,dairy,4,4.29,17.16,false
2026-06-02T19:00:00,1001,Fort Lauderdale East,SKU004,Greek Yogurt,dairy,dairy,2,1.39,2.78,false
2026-06-02T19:00:00,1001,Fort Lauderdale East,SKU005,Chicken Breast,meat,meat,3,8.49,25.47,false
2026-06-02T19:00:00,1001,Fort Lauderdale East,SKU006,Ground Beef,meat,meat,1,7.99,7.99,false
2026-06-02T19:00:00,1001,Fort Lauderdale East,SKU007,Italian Bread,bakery,bakery,3,3.99,11.97,false
2026-06-02T19:00:00,1001,Fort Lauderdale East,SKU008,Croissants,bakery,bakery,2,4.99,9.98,false
2026-06-02T19:00:00,1001,Fort Lauderdale East,SKU009,Sparkling Water,beverages,grocery,3,5.49,16.47,false
2026-06-02T19:00:00,1001,Fort Lauderdale East,SKU010,Orange Juice,beverages,grocery,2,4.99,9.98,false
2026-06-02T19:00:00,1001,Fort Lauderdale East,SKU011,Frozen Pizza,frozen,frozen,2,6.99,13.98,false
2026-06-02T19:00:00,1001,Fort Lauderdale East,SKU012,Ice Cream,frozen,frozen,1,5.99,5.99,false
2026-06-02T19:00:00,1001,Fort Lauderdale East,SKU015,Paper Towels,household,grocery,1,12.99,12.99,false
2026-06-02T19:00:00,1002,Pembroke Pines,SKU001,Bananas,produce,produce,6,0.69,4.14,false
2026-06-02T19:00:00,1002,Pembroke Pines,SKU002,Avocados,produce,produce,5,1.49,7.45,false
2026-06-02T19:00:00,1002,Pembroke Pines,SKU003,Whole Milk,dairy,dairy,3,4.29,12.87,false
2026-06-02T19:00:00,1002,Pembroke Pines,SKU004,Greek Yogurt,dairy,dairy,3,1.39,4.17,false
2026-06-02T19:00:00,1002,Pembroke Pines,SKU005,Chicken Breast,meat,meat,3,8.49,25.47,false
2026-06-02T19:00:00,1002,Pembroke Pines,SKU006,Ground Beef,meat,meat,2,7.99,15.98,false
2026-06-02T19:00:00,1002,Pembroke Pines,SKU007,Italian Bread,bakery,bakery,2,3.99,7.98,false
2026-06-02T19:00:00,1002,Pembroke Pines,SKU009,Sparkling Water,beverages,grocery,1,5.49,5.49,false
2026-06-02T19:00:00,1002,Pembroke Pines,SKU010,Orange Juice,beverages,grocery,2,4.99,9.98,false
2026-06-02T19:00:00,1002,Pembroke Pines,SKU012,Ice Cream,frozen,frozen,1,5.99,5.99,false
2026-06-02T19:00:00,1002,Pembroke Pines,SKU013,Peanut Butter,grocery,grocery,1,3.49,3.49,false
2026-06-02T19:00:00,1002,Pembroke Pines,SKU014,Pasta,grocery,grocery,2,1.89,3.78,false
2026-06-02T19:00:00,1003,Davie,SKU001,Bananas,produce,produce,8,0.69,5.52,false
2026-06-02T19:00:00,1003,Davie,SKU002,Avocados,produce,produce,3,1.49,4.47,false
2026-06-02T19:00:00,1003,Davie,SKU003,Whole Milk,dairy,dairy,2,4.29,8.58,false
2026-06-02T19:00:00,1003,Davie,SKU004,Greek Yogurt,dairy,dairy,2,1.39,2.78,false
2026-06-02T19:00:00,1003,Davie,SKU007,Italian Bread,bakery,bakery,2,3.99,7.98,false
2026-06-02T19:00:00,1003,Davie,SKU008,Croissants,bakery,bakery,2,4.99,9.98,false
2026-06-02T19:00:00,1003,Davie,SKU010,Orange Juice,beverages,grocery,2,4.99,9.98,false
2026-06-02T19:00:00,1003,Davie,SKU011,Frozen Pizza,frozen,frozen,1,6.99,6.99,false
2026-06-02T19:00:00,1003,Davie,SKU012,Ice Cream,frozen,frozen,1,5.99,5.99,false
2026-06-02T19:00:00,1003,Davie,SKU013,Peanut Butter,grocery,grocery,1,3.49,3.49,false
2026-06-02T20:00:00,1001,Fort Lauderdale East,SKU001,Bananas,produce,produce,10,0.69,6.90,false
2026-06-02T20:00:00,1001,Fort Lauderdale East,SKU002,Avocados,produce,produce,5,1.49,7.45,false
2026-06-02T20:00:00,1001,Fort Lauderdale East,SKU003,Whole Milk,dairy,dairy,1,4.29,4.29,false
2026-06-02T20:00:00,1001,Fort Lauderdale East,SKU004,Greek Yogurt,dairy,dairy,5,1.39,6.95,false
2026-06-02T20:00:00,1001,Fort Lauderdale East,SKU005,Chicken Breast,meat,meat,2,8.49,16.98,false
2026-06-02T20:00:00,1001,Fort Lauderdale East,SKU006,Ground Beef,meat,meat,1,7.99,7.99,false
2026-06-02T20:00:00,1001,Fort Lauderdale East,SKU007,Italian Bread,bakery,bakery,2,3.99,7.98,false
2026-06-02T20:00:00,1001,Fort Lauderdale East,SKU008,Croissants,bakery,bakery,2,4.99,9.98,false
2026-06-02T20:00:00,1001,Fort Lauderdale East,SKU009,Sparkling Water,beverages,grocery,1,5.49,5.49,false
2026-06-02T20:00:00,1001,Fort Lauderdale East,SKU010,Orange Juice,beverages,grocery,1,4.99,4.99,false
2026-06-02T20:00:00,1001,Fort Lauderdale East,SKU011,Frozen Pizza,frozen,frozen,2,6.99,13.98,false
2026-06-02T20:00:00,1001,Fort Lauderdale East,SKU012,Ice Cream,frozen,frozen,2,5.99,11.98,false
2026-06-02T20:00:00,1001,Fort Lauderdale East,SKU013,Peanut Butter,grocery,grocery,1,3.49,3.49,false
2026-06-02T20:00:00,1001,Fort Lauderdale East,SKU014,Pasta,grocery,grocery,2,1.89,3.78,false
2026-06-02T20:00:00,1001,Fort Lauderdale East,SKU015,Paper Towels,household,grocery,2,12.99,25.98,false
2026-06-02T20:00:00,1002,Pembroke Pines,SKU001,Bananas,produce,produce,3,0.69,2.07,false
2026-06-02T20:00:00,1002,Pembroke Pines,SKU002,Avocados,produce,produce,3,1.49,4.47,false
2026-06-02T20:00:00,1002,Pembroke Pines,SKU003,Whole Milk,dairy,dairy,4,4.29,17.16,false
2026-06-02T20:00:00,1002,Pembroke Pines,SKU004,Greek Yogurt,dairy,dairy,3,1.39,4.17,false
2026-06-02T20:00:00,1002,Pembroke Pines,SKU005,Chicken Breast,meat,meat,3,8.49,25.47,false
2026-06-02T20:00:00,1002,Pembroke Pines,SKU006,Ground Beef,meat,meat,2,7.99,15.98,false
2026-06-02T20:00:00,1002,Pembroke Pines,SKU009,Sparkling Water,beverages,grocery,1,5.49,5.49,false
2026-06-02T20:00:00,1002,Pembroke Pines,SKU010,Orange Juice,beverages,grocery,3,4.99,14.97,false
2026-06-02T20:00:00,1002,Pembroke Pines,SKU011,Frozen Pizza,frozen,frozen,1,6.99,6.99,false
2026-06-02T20:00:00,1002,Pembroke Pines,SKU014,Pasta,grocery,grocery,1,1.89,1.89,false
2026-06-02T20:00:00,1003,Davie,SKU001,Bananas,produce,produce,14,0.69,9.66,false
2026-06-02T20:00:00,1003,Davie,SKU002,Avocados,produce,produce,3,1.49,4.47,false
2026-06-02T20:00:00,1003,Davie,SKU003,Whole Milk,dairy,dairy,1,4.29,4.29,false
2026-06-02T20:00:00,1003,Davie,SKU004,Greek Yogurt,dairy,dairy,3,1.39,4.17,false
2026-06-02T20:00:00,1003,Davie,SKU005,Chicken Breast,meat,meat,2,8.49,16.98,false
2026-06-02T20:00:00,1003,Davie,SKU006,Ground Beef,meat,meat,2,7.99,15.98,false
2026-06-02T20:00:00,1003,Davie,SKU007,Italian Bread,bakery,bakery,1,3.99,3.99,false
2026-06-02T20:00:00,1003,Davie,SKU008,Croissants,bakery,bakery,2,4.99,9.98,false
2026-06-02T20:00:00,1003,Davie,SKU009,Sparkling Water,beverages,grocery,1,5.49,5.49,false
2026-06-02T20:00:00,1003,Davie,SKU010,Orange Juice,beverages,grocery,1,4.99,4.99,false
2026-06-02T20:00:00,1003,Davie,SKU012,Ice Cream,frozen,frozen,2,5.99,11.98,false
2026-06-02T21:00:00,1001,Fort Lauderdale East,SKU001,Bananas,produce,produce,12,0.69,8.28,false
2026-06-02T21:00:00,1001,Fort Lauderdale East,SKU002,Avocados,produce,produce,3,1.49,4.47,false
2026-06-02T21:00:00,1001,Fort Lauderdale East,SKU003,Whole Milk,dairy,dairy,4,4.29,17.16,false
2026-06-02T21:00:00,1001,Fort Lauderdale East,SKU004,Greek Yogurt,dairy,dairy,2,1.39,2.78,false
2026-06-02T21:00:00,1001,Fort Lauderdale East,SKU005,Chicken Breast,meat,meat,3,8.49,25.47,false
2026-06-02T21:00:00,1001,Fort Lauderdale East,SKU006,Ground Beef,meat,meat,2,7.99,15.98,false
2026-06-02T21:00:00,1001,Fort Lauderdale East,SKU007,Italian Bread,bakery,bakery,2,3.99,7.98,false
2026-06-02T21:00:00,1001,Fort Lauderdale East,SKU008,Croissants,bakery,bakery,3,4.99,14.97,false
2026-06-02T21:00:00,1001,Fort Lauderdale East,SKU009,Sparkling Water,beverages,grocery,2,5.49,10.98,false
2026-06-02T21:00:00,1001,Fort Lauderdale East,SKU010,Orange Juice,beverages,grocery,2,4.99,9.98,false
2026-06-02T21:00:00,1001,Fort Lauderdale East,SKU011,Frozen Pizza,frozen,frozen,2,6.99,13.98,false
2026-06-02T21:00:00,1001,Fort Lauderdale East,SKU012,Ice Cream,frozen,frozen,1,5.99,5.99,false
2026-06-02T21:00:00,1001,Fort Lauderdale East,SKU013,Peanut Butter,grocery,grocery,1,3.49,3.49,false
2026-06-02T21:00:00,1001,Fort Lauderdale East,SKU014,Pasta,grocery,grocery,2,1.89,3.78,false
2026-06-02T21:00:00,1001,Fort Lauderdale East,SKU015,Paper Towels,household,grocery,2,12.99,25.98,false
2026-06-02T21:00:00,1002,Pembroke Pines,SKU001,Bananas,produce,produce,8,0.69,5.52,false
2026-06-02T21:00:00,1002,Pembroke Pines,SKU002,Avocados,produce,produce,4,1.49,5.96,false
2026-06-02T21:00:00,1002,Pembroke Pines,SKU003,Whole Milk,dairy,dairy,3,4.29,12.87,false
2026-06-02T21:00:00,1002,Pembroke Pines,SKU004,Greek Yogurt,dairy,dairy,2,1.39,2.78,false
2026-06-02T21:00:00,1002,Pembroke Pines,SKU006,Ground Beef,meat,meat,1,7.99,7.99,false
2026-06-02T21:00:00,1002,Pembroke Pines,SKU007,Italian Bread,bakery,bakery,1,3.99,3.99,false
2026-06-02T21:00:00,1002,Pembroke Pines,SKU008,Croissants,bakery,bakery,2,4.99,9.98,false
2026-06-02T21:00:00,1002,Pembroke Pines,SKU010,Orange Juice,beverages,grocery,3,4.99,14.97,false
2026-06-02T21:00:00,1002,Pembroke Pines,SKU012,Ice Cream,frozen,frozen,1,5.99,5.99,false
2026-06-02T21:00:00,1003,Davie,SKU001,Bananas,produce,produce,12,0.69,8.28,false
2026-06-02T21:00:00,1003,Davie,SKU002,Avocados,produce,produce,4,1.49,5.96,false
2026-06-02T21:00:00,1003,Davie,SKU003,Whole Milk,dairy,dairy,4,4.29,17.16,false
2026-06-02T21:00:00,1003,Davie,SKU004,Greek Yogurt,dairy,dairy,3,1.39,4.17,false
2026-06-02T21:00:00,1003,Davie,SKU005,Chicken Breast,meat,meat,3,8.49,25.47,false
2026-06-02T21:00:00,1003,Davie,SKU006,Ground Beef,meat,meat,3,7.99,23.97,false
2026-06-02T21:00:00,1003,Davie,SKU007,Italian Bread,bakery,bakery,1,3.99,3.99,false
2026-06-02T21:00:00,1003,Davie,SKU008,Croissants,bakery,bakery,2,4.99,9.98,false
2026-06-02T21:00:00,1003,Davie,SKU009,Sparkling Water,beverages,grocery,3,5.49,16.47,false
2026-06-02T21:00:00,1003,Davie,SKU010,Orange Juice,beverages,grocery,2,4.99,9.98,false
2026-06-02T21:00:00,1003,Davie,SKU011,Frozen Pizza,frozen,frozen,1,6.99,6.99,false
2026-06-03T06:00:00,1001,Fort Lauderdale East,SKU001,Bananas,produce,produce,11,0.69,7.59,false
2026-06-03T06:00:00,1001,Fort Lauderdale East,SKU002,Avocados,produce,produce,5,1.49,7.45,false
2026-06-03T06:00:00,1001,Fort Lauderdale East,SKU003,Whole Milk,dairy,dairy,3,4.29,12.87,false
2026-06-03T06:00:00,1001,Fort Lauderdale East,SKU004,Greek Yogurt,dairy,dairy,2,1.39,2.78,false
2026-06-03T06:00:00,1001,Fort Lauderdale East,SKU005,Chicken Breast,meat,meat,1,8.49,8.49,false
2026-06-03T06:00:00,1001,Fort Lauderdale East,SKU006,Ground Beef,meat,meat,1,7.99,7.99,false
2026-06-03T06:00:00,1001,Fort Lauderdale East,SKU007,Italian Bread,bakery,bakery,3,3.99,11.97,false
2026-06-03T06:00:00,1001,Fort Lauderdale East,SKU009,Sparkling Water,beverages,grocery,4,5.49,21.96,false
2026-06-03T06:00:00,1001,Fort Lauderdale East,SKU011,Frozen Pizza,frozen,frozen,2,6.99,13.98,false
2026-06-03T06:00:00,1001,Fort Lauderdale East,SKU015,Paper Towels,household,grocery,1,12.99,12.99,false
2026-06-03T06:00:00,1002,Pembroke Pines,SKU001,Bananas,produce,produce,10,0.69,6.90,false
2026-06-03T06:00:00,1002,Pembroke Pines,SKU002,Avocados,produce,produce,4,1.49,5.96,false
2026-06-03T06:00:00,1002,Pembroke Pines,SKU003,Whole Milk,dairy,dairy,2,4.29,8.58,false
2026-06-03T06:00:00,1002,Pembroke Pines,SKU004,Greek Yogurt,dairy,dairy,3,1.39,4.17,false
2026-06-03T06:00:00,1002,Pembroke Pines,SKU005,Chicken Breast,meat,meat,2,8.49,16.98,false
2026-06-03T06:00:00,1002,Pembroke Pines,SKU006,Ground Beef,meat,meat,1,7.99,7.99,false
2026-06-03T06:00:00,1002,Pembroke Pines,SKU007,Italian Bread,bakery,bakery,1,3.99,3.99,false
2026-06-03T06:00:00,1002,Pembroke Pines,SKU008,Croissants,bakery,bakery,2,4.99,9.98,false
2026-06-03T06:00:00,1002,Pembroke Pines,SKU009,Sparkling Water,beverages,grocery,1,5.49,5.49,false
2026-06-03T06:00:00,1002,Pembroke Pines,SKU010,Orange Juice,beverages,grocery,2,4.99,9.98,false
2026-06-03T06:00:00,1002,Pembroke Pines,SKU012,Ice Cream,frozen,frozen,1,5.99,5.99,false
2026-06-03T06:00:00,1003,Davie,SKU001,Bananas,produce,produce,10,0.69,6.90,false
2026-06-03T06:00:00,1003,Davie,SKU002,Avocados,produce,produce,3,1.49,4.47,false
2026-06-03T06:00:00,1003,Davie,SKU003,Whole Milk,dairy,dairy,3,4.29,12.87,false
2026-06-03T06:00:00,1003,Davie,SKU004,Greek Yogurt,dairy,dairy,1,1.39,1.39,false
2026-06-03T06:00:00,1003,Davie,SKU005,Chicken Breast,meat,meat,2,8.49,16.98,false
2026-06-03T06:00:00,1003,Davie,SKU007,Italian Bread,bakery,bakery,2,3.99,7.98,false
2026-06-03T06:00:00,1003,Davie,SKU008,Croissants,bakery,bakery,2,4.99,9.98,false
2026-06-03T06:00:00,1003,Davie,SKU009,Sparkling Water,beverages,grocery,1,5.49,5.49,false
2026-06-03T06:00:00,1003,Davie,SKU010,Orange Juice,beverages,grocery,2,4.99,9.98,false
2026-06-03T06:00:00,1003,Davie,SKU013,Peanut Butter,grocery,grocery,1,3.49,3.49,false
2026-06-03T07:00:00,1001,Fort Lauderdale East,SKU001,Bananas,produce,produce,7,0.69,4.83,false
2026-06-03T07:00:00,1001,Fort Lauderdale East,SKU002,Avocados,produce,produce,3,1.49,4.47,false
2026-06-03T07:00:00,1001,Fort Lauderdale East,SKU003,Whole Milk,dairy,dairy,4,4.29,17.16,false
2026-06-03T07:00:00,1001,Fort Lauderdale East,SKU004,Greek Yogurt,dairy,dairy,2,1.39,2.78,false
2026-06-03T07:00:00,1001,Fort Lauderdale East,SKU005,Chicken Breast,meat,meat,1,8.49,8.49,false
2026-06-03T07:00:00,1001,Fort Lauderdale East,SKU006,Ground Beef,meat,meat,2,7.99,15.98,false
2026-06-03T07:00:00,1001,Fort Lauderdale East,SKU007,Italian Bread,bakery,bakery,2,3.99,7.98,false
2026-06-03T07:00:00,1001,Fort Lauderdale East,SKU008,Croissants,bakery,bakery,1,4.99,4.99,false
2026-06-03T07:00:00,1001,Fort Lauderdale East,SKU009,Sparkling Water,beverages,grocery,2,5.49,10.98,false
2026-06-03T07:00:00,1001,Fort Lauderdale East,SKU010,Orange Juice,beverages,grocery,3,4.99,14.97,false
2026-06-03T07:00:00,1001,Fort Lauderdale East,SKU011,Frozen Pizza,frozen,frozen,3,6.99,20.97,false
2026-06-03T07:00:00,1001,Fort Lauderdale East,SKU012,Ice Cream,frozen,frozen,2,5.99,11.98,false
2026-06-03T07:00:00,1001,Fort Lauderdale East,SKU014,Pasta,grocery,grocery,1,1.89,1.89,false
2026-06-03T07:00:00,1002,Pembroke Pines,SKU001,Bananas,produce,produce,9,0.69,6.21,false
2026-06-03T07:00:00,1002,Pembroke Pines,SKU002,Avocados,produce,produce,5,1.49,7.45,false
2026-06-03T07:00:00,1002,Pembroke Pines,SKU003,Whole Milk,dairy,dairy,3,4.29,12.87,false
2026-06-03T07:00:00,1002,Pembroke Pines,SKU004,Greek Yogurt,dairy,dairy,2,1.39,2.78,false
2026-06-03T07:00:00,1002,Pembroke Pines,SKU005,Chicken Breast,meat,meat,1,8.49,8.49,false
2026-06-03T07:00:00,1002,Pembroke Pines,SKU006,Ground Beef,meat,meat,3,7.99,23.97,false
2026-06-03T07:00:00,1002,Pembroke Pines,SKU007,Italian Bread,bakery,bakery,1,3.99,3.99,false
2026-06-03T07:00:00,1002,Pembroke Pines,SKU008,Croissants,bakery,bakery,1,4.99,4.99,false
2026-06-03T07:00:00,1002,Pembroke Pines,SKU009,Sparkling Water,beverages,grocery,1,5.49,5.49,false
2026-06-03T07:00:00,1002,Pembroke Pines,SKU011,Frozen Pizza,frozen,frozen,1,6.99,6.99,false
2026-06-03T07:00:00,1002,Pembroke Pines,SKU015,Paper Towels,household,grocery,2,12.99,25.98,false
2026-06-03T07:00:00,1003,Davie,SKU001,Bananas,produce,produce,10,0.69,6.90,false
2026-06-03T07:00:00,1003,Davie,SKU002,Avocados,produce,produce,3,1.49,4.47,false
2026-06-03T07:00:00,1003,Davie,SKU003,Whole Milk,dairy,dairy,2,4.29,8.58,false
2026-06-03T07:00:00,1003,Davie,SKU004,Greek Yogurt,dairy,dairy,3,1.39,4.17,false
2026-06-03T07:00:00,1003,Davie,SKU005,Chicken Breast,meat,meat,2,8.49,16.98,false
2026-06-03T07:00:00,1003,Davie,SKU006,Ground Beef,meat,meat,3,7.99,23.97,false
2026-06-03T07:00:00,1003,Davie,SKU007,Italian Bread,bakery,bakery,1,3.99,3.99,false
2026-06-03T07:00:00,1003,Davie,SKU008,Croissants,bakery,bakery,3,4.99,14.97,false
2026-06-03T07:00:00,1003,Davie,SKU009,Sparkling Water,beverages,grocery,1,5.49,5.49,false
2026-06-03T07:00:00,1003,Davie,SKU010,Orange Juice,beverages,grocery,1,4.99,4.99,false
2026-06-03T07:00:00,1003,Davie,SKU012,Ice Cream,frozen,frozen,1,5.99,5.99,false
2026-06-03T08:00:00,1001,Fort Lauderdale East,SKU001,Bananas,produce,produce,8,0.69,5.52,false
2026-06-03T08:00:00,1001,Fort Lauderdale East,SKU002,Avocados,produce,produce,3,1.49,4.47,false
2026-06-03T08:00:00,1001,Fort Lauderdale East,SKU003,Whole Milk,dairy,dairy,3,4.29,12.87,false
2026-06-03T08:00:00,1001,Fort Lauderdale East,SKU004,Greek Yogurt,dairy,dairy,2,1.39,2.78,false
2026-06-03T08:00:00,1001,Fort Lauderdale East,SKU005,Chicken Breast,meat,meat,2,8.49,16.98,false
2026-06-03T08:00:00,1001,Fort Lauderdale East,SKU006,Ground Beef,meat,meat,3,7.99,23.97,false
2026-06-03T08:00:00,1001,Fort Lauderdale East,SKU007,Italian Bread,bakery,bakery,2,3.99,7.98,false
2026-06-03T08:00:00,1001,Fort Lauderdale East,SKU009,Sparkling Water,beverages,grocery,2,5.49,10.98,false
2026-06-03T08:00:00,1001,Fort Lauderdale East,SKU010,Orange Juice,beverages,grocery,2,4.99,9.98,false
2026-06-03T08:00:00,1001,Fort Lauderdale East,SKU011,Frozen Pizza,frozen,frozen,1,6.99,6.99,false
2026-06-03T08:00:00,1001,Fort Lauderdale East,SKU013,Peanut Butter,grocery,grocery,1,3.49,3.49,false
2026-06-03T08:00:00,1002,Pembroke Pines,SKU001,Bananas,produce,produce,10,0.69,6.90,false
2026-06-03T08:00:00,1002,Pembroke Pines,SKU002,Avocados,produce,produce,4,1.49,5.96,false
2026-06-03T08:00:00,1002,Pembroke Pines,SKU003,Whole Milk,dairy,dairy,2,4.29,8.58,false
2026-06-03T08:00:00,1002,Pembroke Pines,SKU005,Chicken Breast,meat,meat,2,8.49,16.98,false
2026-06-03T08:00:00,1002,Pembroke Pines,SKU006,Ground Beef,meat,meat,1,7.99,7.99,false
2026-06-03T08:00:00,1002,Pembroke Pines,SKU007,Italian Bread,bakery,bakery,1,3.99,3.99,false
2026-06-03T08:00:00,1002,Pembroke Pines,SKU008,Croissants,bakery,bakery,1,4.99,4.99,false
2026-06-03T08:00:00,1002,Pembroke Pines,SKU009,Sparkling Water,beverages,grocery,2,5.49,10.98,false
2026-06-03T08:00:00,1002,Pembroke Pines,SKU011,Frozen Pizza,frozen,frozen,2,6.99,13.98,false
2026-06-03T08:00:00,1002,Pembroke Pines,SKU012,Ice Cream,frozen,frozen,1,5.99,5.99,false
2026-06-03T08:00:00,1002,Pembroke Pines,SKU013,Peanut Butter,grocery,grocery,1,3.49,3.49,false
2026-06-03T08:00:00,1002,Pembroke Pines,SKU014,Pasta,grocery,grocery,1,1.89,1.89,false
2026-06-03T08:00:00,1002,Pembroke Pines,SKU015,Paper Towels,household,grocery,2,12.99,25.98,false
2026-06-03T08:00:00,1003,Davie,SKU001,Bananas,produce,produce,10,0.69,6.90,false
2026-06-03T08:00:00,1003,Davie,SKU002,Avocados,produce,produce,3,1.49,4.47,false
2026-06-03T08:00:00,1003,Davie,SKU003,Whole Milk,dairy,dairy,1,4.29,4.29,false
2026-06-03T08:00:00,1003,Davie,SKU004,Greek Yogurt,dairy,dairy,2,1.39,2.78,false
2026-06-03T08:00:00,1003,Davie,SKU005,Chicken Breast,meat,meat,2,8.49,16.98,false
2026-06-03T08:00:00,1003,Davie,SKU007,Italian Bread,bakery,bakery,2,3.99,7.98,false
2026-06-03T08:00:00,1003,Davie,SKU008,Croissants,bakery,bakery,1,4.99,4.99,false
2026-06-03T08:00:00,1003,Davie,SKU009,Sparkling Water,beverages,grocery,2,5.49,10.98,false
2026-06-03T08:00:00,1003,Davie,SKU011,Frozen Pizza,frozen,frozen,1,6.99,6.99,false
2026-06-03T08:00:00,1003,Davie,SKU012,Ice Cream,frozen,frozen,1,5.99,5.99,false
2026-06-03T08:00:00,1003,Davie,SKU013,Peanut Butter,grocery,grocery,1,3.49,3.49,false
2026-06-03T08:00:00,1003,Davie,SKU014,Pasta,grocery,grocery,1,1.89,1.89,false
2026-06-03T08:00:00,1003,Davie,SKU015,Paper Towels,household,grocery,1,12.99,12.99,false
2026-06-03T09:00:00,1001,Fort Lauderdale East,SKU001,Bananas,produce,produce,13,0.69,8.97,false
2026-06-03T09:00:00,1001,Fort Lauderdale East,SKU002,Avocados,produce,produce,6,1.49,8.94,false
2026-06-03T09:00:00,1001,Fort Lauderdale East,SKU003,Whole Milk,dairy,dairy,3,4.29,12.87,false
2026-06-03T09:00:00,1001,Fort Lauderdale East,SKU004,Greek Yogurt,dairy,dairy,3,1.39,4.17,false
2026-06-03T09:00:00,1001,Fort Lauderdale East,SKU005,Chicken Breast,meat,meat,2,8.49,16.98,false
2026-06-03T09:00:00,1001,Fort Lauderdale East,SKU006,Ground Beef,meat,meat,2,7.99,15.98,false
2026-06-03T09:00:00,1001,Fort Lauderdale East,SKU007,Italian Bread,bakery,bakery,1,3.99,3.99,false
2026-06-03T09:00:00,1001,Fort Lauderdale East,SKU008,Croissants,bakery,bakery,1,4.99,4.99,false
2026-06-03T09:00:00,1001,Fort Lauderdale East,SKU009,Sparkling Water,beverages,grocery,1,5.49,5.49,false
2026-06-03T09:00:00,1001,Fort Lauderdale East,SKU011,Frozen Pizza,frozen,frozen,1,6.99,6.99,false
2026-06-03T09:00:00,1001,Fort Lauderdale East,SKU013,Peanut Butter,grocery,grocery,1,3.49,3.49,false
2026-06-03T09:00:00,1001,Fort Lauderdale East,SKU015,Paper Towels,household,grocery,1,12.99,12.99,false
2026-06-03T09:00:00,1002,Pembroke Pines,SKU001,Bananas,produce,produce,12,0.69,8.28,false
2026-06-03T09:00:00,1002,Pembroke Pines,SKU002,Avocados,produce,produce,4,1.49,5.96,false
2026-06-03T09:00:00,1002,Pembroke Pines,SKU003,Whole Milk,dairy,dairy,2,4.29,8.58,false
2026-06-03T09:00:00,1002,Pembroke Pines,SKU004,Greek Yogurt,dairy,dairy,2,1.39,2.78,false
2026-06-03T09:00:00,1002,Pembroke Pines,SKU005,Chicken Breast,meat,meat,2,8.49,16.98,false
2026-06-03T09:00:00,1002,Pembroke Pines,SKU006,Ground Beef,meat,meat,1,7.99,7.99,false
2026-06-03T09:00:00,1002,Pembroke Pines,SKU007,Italian Bread,bakery,bakery,1,3.99,3.99,false
2026-06-03T09:00:00,1002,Pembroke Pines,SKU008,Croissants,bakery,bakery,2,4.99,9.98,false
2026-06-03T09:00:00,1002,Pembroke Pines,SKU009,Sparkling Water,beverages,grocery,1,5.49,5.49,false
2026-06-03T09:00:00,1002,Pembroke Pines,SKU010,Orange Juice,beverages,grocery,1,4.99,4.99,false
2026-06-03T09:00:00,1002,Pembroke Pines,SKU011,Frozen Pizza,frozen,frozen,1,6.99,6.99,false
2026-06-03T09:00:00,1002,Pembroke Pines,SKU012,Ice Cream,frozen,frozen,1,5.99,5.99,false
2026-06-03T09:00:00,1002,Pembroke Pines,SKU014,Pasta,grocery,grocery,1,1.89,1.89,false
2026-06-03T09:00:00,1003,Davie,SKU001,Bananas,produce,produce,8,0.69,5.52,false
2026-06-03T09:00:00,1003,Davie,SKU002,Avocados,produce,produce,4,1.49,5.96,false
2026-06-03T09:00:00,1003,Davie,SKU003,Whole Milk,dairy,dairy,2,4.29,8.58,false
2026-06-03T09:00:00,1003,Davie,SKU004,Greek Yogurt,dairy,dairy,3,1.39,4.17,false
2026-06-03T09:00:00,1003,Davie,SKU005,Chicken Breast,meat,meat,1,8.49,8.49,false
2026-06-03T09:00:00,1003,Davie,SKU006,Ground Beef,meat,meat,2,7.99,15.98,false
2026-06-03T09:00:00,1003,Davie,SKU007,Italian Bread,bakery,bakery,2,3.99,7.98,false
2026-06-03T09:00:00,1003,Davie,SKU008,Croissants,bakery,bakery,1,4.99,4.99,false
2026-06-03T09:00:00,1003,Davie,SKU009,Sparkling Water,beverages,grocery,1,5.49,5.49,false
2026-06-03T09:00:00,1003,Davie,SKU010,Orange Juice,beverages,grocery,2,4.99,9.98,false
2026-06-03T09:00:00,1003,Davie,SKU011,Frozen Pizza,frozen,frozen,1,6.99,6.99,false
2026-06-03T09:00:00,1003,Davie,SKU014,Pasta,grocery,grocery,3,1.89,5.67,false
2026-06-03T10:00:00,1001,Fort Lauderdale East,SKU001,Bananas,produce,produce,13,0.69,8.97,false
2026-06-03T10:00:00,1001,Fort Lauderdale East,SKU002,Avocados,produce,produce,3,1.49,4.47,false
2026-06-03T10:00:00,1001,Fort Lauderdale East,SKU003,Whole Milk,dairy,dairy,3,4.29,12.87,false
2026-06-03T10:00:00,1001,Fort Lauderdale East,SKU004,Greek Yogurt,dairy,dairy,3,1.39,4.17,false
2026-06-03T10:00:00,1001,Fort Lauderdale East,SKU005,Chicken Breast,meat,meat,1,8.49,8.49,false
2026-06-03T10:00:00,1001,Fort Lauderdale East,SKU006,Ground Beef,meat,meat,1,7.99,7.99,false
2026-06-03T10:00:00,1001,Fort Lauderdale East,SKU007,Italian Bread,bakery,bakery,3,3.99,11.97,false
2026-06-03T10:00:00,1001,Fort Lauderdale East,SKU008,Croissants,bakery,bakery,2,4.99,9.98,false
2026-06-03T10:00:00,1001,Fort Lauderdale East,SKU009,Sparkling Water,beverages,grocery,1,5.49,5.49,false
2026-06-03T10:00:00,1001,Fort Lauderdale East,SKU010,Orange Juice,beverages,grocery,3,4.99,14.97,false
2026-06-03T10:00:00,1001,Fort Lauderdale East,SKU011,Frozen Pizza,frozen,frozen,1,6.99,6.99,false
2026-06-03T10:00:00,1001,Fort Lauderdale East,SKU012,Ice Cream,frozen,frozen,1,5.99,5.99,false
2026-06-03T10:00:00,1001,Fort Lauderdale East,SKU013,Peanut Butter,grocery,grocery,2,3.49,6.98,false
2026-06-03T10:00:00,1001,Fort Lauderdale East,SKU015,Paper Towels,household,grocery,2,12.99,25.98,false
2026-06-03T10:00:00,1002,Pembroke Pines,SKU001,Bananas,produce,produce,7,0.69,4.83,false
2026-06-03T10:00:00,1002,Pembroke Pines,SKU002,Avocados,produce,produce,3,1.49,4.47,false
2026-06-03T10:00:00,1002,Pembroke Pines,SKU003,Whole Milk,dairy,dairy,2,4.29,8.58,false
2026-06-03T10:00:00,1002,Pembroke Pines,SKU004,Greek Yogurt,dairy,dairy,4,1.39,5.56,false
2026-06-03T10:00:00,1002,Pembroke Pines,SKU005,Chicken Breast,meat,meat,2,8.49,16.98,false
2026-06-03T10:00:00,1002,Pembroke Pines,SKU006,Ground Beef,meat,meat,2,7.99,15.98,false
2026-06-03T10:00:00,1002,Pembroke Pines,SKU007,Italian Bread,bakery,bakery,3,3.99,11.97,false
2026-06-03T10:00:00,1002,Pembroke Pines,SKU008,Croissants,bakery,bakery,1,4.99,4.99,false
2026-06-03T10:00:00,1002,Pembroke Pines,SKU009,Sparkling Water,beverages,grocery,2,5.49,10.98,false
2026-06-03T10:00:00,1002,Pembroke Pines,SKU010,Orange Juice,beverages,grocery,1,4.99,4.99,false
2026-06-03T10:00:00,1002,Pembroke Pines,SKU013,Peanut Butter,grocery,grocery,1,3.49,3.49,false
2026-06-03T10:00:00,1003,Davie,SKU001,Bananas,produce,produce,9,0.69,6.21,false
2026-06-03T10:00:00,1003,Davie,SKU002,Avocados,produce,produce,4,1.49,5.96,false
2026-06-03T10:00:00,1003,Davie,SKU003,Whole Milk,dairy,dairy,3,4.29,12.87,false
2026-06-03T10:00:00,1003,Davie,SKU004,Greek Yogurt,dairy,dairy,2,1.39,2.78,false
2026-06-03T10:00:00,1003,Davie,SKU005,Chicken Breast,meat,meat,1,8.49,8.49,false
2026-06-03T10:00:00,1003,Davie,SKU006,Ground Beef,meat,meat,2,7.99,15.98,false
2026-06-03T10:00:00,1003,Davie,SKU008,Croissants,bakery,bakery,2,4.99,9.98,false
2026-06-03T10:00:00,1003,Davie,SKU010,Orange Juice,beverages,grocery,2,4.99,9.98,false
2026-06-03T10:00:00,1003,Davie,SKU012,Ice Cream,frozen,frozen,2,5.99,11.98,false
2026-06-03T11:00:00,1001,Fort Lauderdale East,SKU001,Bananas,produce,produce,17,0.69,11.73,false
2026-06-03T11:00:00,1001,Fort Lauderdale East,SKU002,Avocados,produce,produce,3,1.49,4.47,false
2026-06-03T11:00:00,1001,Fort Lauderdale East,SKU003,Whole Milk,dairy,dairy,4,4.29,17.16,false
2026-06-03T11:00:00,1001,Fort Lauderdale East,SKU004,Greek Yogurt,dairy,dairy,4,1.39,5.56,false
2026-06-03T11:00:00,1001,Fort Lauderdale East,SKU005,Chicken Breast,meat,meat,2,8.49,16.98,false
2026-06-03T11:00:00,1001,Fort Lauderdale East,SKU006,Ground Beef,meat,meat,2,7.99,15.98,false
2026-06-03T11:00:00,1001,Fort Lauderdale East,SKU007,Italian Bread,bakery,bakery,2,3.99,7.98,false
2026-06-03T11:00:00,1001,Fort Lauderdale East,SKU008,Croissants,bakery,bakery,1,4.99,4.99,false
2026-06-03T11:00:00,1001,Fort Lauderdale East,SKU009,Sparkling Water,beverages,grocery,1,5.49,5.49,false
2026-06-03T11:00:00,1001,Fort Lauderdale East,SKU010,Orange Juice,beverages,grocery,2,4.99,9.98,false
2026-06-03T11:00:00,1001,Fort Lauderdale East,SKU012,Ice Cream,frozen,frozen,2,5.99,11.98,false
2026-06-03T11:00:00,1001,Fort Lauderdale East,SKU013,Peanut Butter,grocery,grocery,1,3.49,3.49,false
2026-06-03T11:00:00,1001,Fort Lauderdale East,SKU014,Pasta,grocery,grocery,1,1.89,1.89,false
2026-06-03T11:00:00,1002,Pembroke Pines,SKU001,Bananas,produce,produce,5,0.69,3.45,false
2026-06-03T11:00:00,1002,Pembroke Pines,SKU002,Avocados,produce,produce,4,1.49,5.96,false
2026-06-03T11:00:00,1002,Pembroke Pines,SKU003,Whole Milk,dairy,dairy,4,4.29,17.16,false
2026-06-03T11:00:00,1002,Pembroke Pines,SKU004,Greek Yogurt,dairy,dairy,3,1.39,4.17,false
2026-06-03T11:00:00,1002,Pembroke Pines,SKU005,Chicken Breast,meat,meat,2,8.49,16.98,false
2026-06-03T11:00:00,1002,Pembroke Pines,SKU006,Ground Beef,meat,meat,4,7.99,31.96,false
2026-06-03T11:00:00,1002,Pembroke Pines,SKU007,Italian Bread,bakery,bakery,4,3.99,15.96,false
2026-06-03T11:00:00,1002,Pembroke Pines,SKU009,Sparkling Water,beverages,grocery,2,5.49,10.98,false
2026-06-03T11:00:00,1002,Pembroke Pines,SKU010,Orange Juice,beverages,grocery,3,4.99,14.97,false
2026-06-03T11:00:00,1002,Pembroke Pines,SKU011,Frozen Pizza,frozen,frozen,3,6.99,20.97,false
2026-06-03T11:00:00,1002,Pembroke Pines,SKU013,Peanut Butter,grocery,grocery,2,3.49,6.98,false
2026-06-03T11:00:00,1002,Pembroke Pines,SKU014,Pasta,grocery,grocery,1,1.89,1.89,false
2026-06-03T11:00:00,1002,Pembroke Pines,SKU015,Paper Towels,household,grocery,1,12.99,12.99,false
2026-06-03T11:00:00,1003,Davie,SKU001,Bananas,produce,produce,12,0.69,8.28,false
2026-06-03T11:00:00,1003,Davie,SKU002,Avocados,produce,produce,7,1.49,10.43,false
2026-06-03T11:00:00,1003,Davie,SKU003,Whole Milk,dairy,dairy,6,4.29,25.74,false
2026-06-03T11:00:00,1003,Davie,SKU004,Greek Yogurt,dairy,dairy,3,1.39,4.17,false
2026-06-03T11:00:00,1003,Davie,SKU005,Chicken Breast,meat,meat,2,8.49,16.98,false
2026-06-03T11:00:00,1003,Davie,SKU006,Ground Beef,meat,meat,5,7.99,39.95,false
2026-06-03T11:00:00,1003,Davie,SKU007,Italian Bread,bakery,bakery,3,3.99,11.97,false
2026-06-03T11:00:00,1003,Davie,SKU008,Croissants,bakery,bakery,1,4.99,4.99,false
2026-06-03T11:00:00,1003,Davie,SKU009,Sparkling Water,beverages,grocery,3,5.49,16.47,false
2026-06-03T11:00:00,1003,Davie,SKU010,Orange Juice,beverages,grocery,2,4.99,9.98,false
2026-06-03T11:00:00,1003,Davie,SKU011,Frozen Pizza,frozen,frozen,1,6.99,6.99,false
2026-06-03T11:00:00,1003,Davie,SKU012,Ice Cream,frozen,frozen,3,5.99,17.97,false
2026-06-03T11:00:00,1003,Davie,SKU014,Pasta,grocery,grocery,2,1.89,3.78,false
2026-06-03T11:00:00,1003,Davie,SKU015,Paper Towels,household,grocery,1,12.99,12.99,false
2026-06-03T12:00:00,1001,Fort Lauderdale East,SKU001,Bananas,produce,produce,16,0.69,11.04,false
2026-06-03T12:00:00,1001,Fort Lauderdale East,SKU002,Avocados,produce,produce,5,1.49,7.45,false
2026-06-03T12:00:00,1001,Fort Lauderdale East,SKU003,Whole Milk,dairy,dairy,2,4.29,8.58,false
2026-06-03T12:00:00,1001,Fort Lauderdale East,SKU004,Greek Yogurt,dairy,dairy,3,1.39,4.17,false
2026-06-03T12:00:00,1001,Fort Lauderdale East,SKU005,Chicken Breast,meat,meat,4,8.49,33.96,false
2026-06-03T12:00:00,1001,Fort Lauderdale East,SKU006,Ground Beef,meat,meat,3,7.99,23.97,false
2026-06-03T12:00:00,1001,Fort Lauderdale East,SKU007,Italian Bread,bakery,bakery,3,3.99,11.97,false
2026-06-03T12:00:00,1001,Fort Lauderdale East,SKU009,Sparkling Water,beverages,grocery,2,5.49,10.98,false
2026-06-03T12:00:00,1001,Fort Lauderdale East,SKU010,Orange Juice,beverages,grocery,2,4.99,9.98,false
2026-06-03T12:00:00,1001,Fort Lauderdale East,SKU011,Frozen Pizza,frozen,frozen,1,6.99,6.99,false
2026-06-03T12:00:00,1001,Fort Lauderdale East,SKU012,Ice Cream,frozen,frozen,2,5.99,11.98,false
2026-06-03T12:00:00,1001,Fort Lauderdale East,SKU013,Peanut Butter,grocery,grocery,2,3.49,6.98,false
2026-06-03T12:00:00,1002,Pembroke Pines,SKU001,Bananas,produce,produce,15,0.69,10.35,false
2026-06-03T12:00:00,1002,Pembroke Pines,SKU002,Avocados,produce,produce,5,1.49,7.45,false
2026-06-03T12:00:00,1002,Pembroke Pines,SKU003,Whole Milk,dairy,dairy,4,4.29,17.16,false
2026-06-03T12:00:00,1002,Pembroke Pines,SKU004,Greek Yogurt,dairy,dairy,3,1.39,4.17,false
2026-06-03T12:00:00,1002,Pembroke Pines,SKU005,Chicken Breast,meat,meat,2,8.49,16.98,false
2026-06-03T12:00:00,1002,Pembroke Pines,SKU006,Ground Beef,meat,meat,4,7.99,31.96,false
2026-06-03T12:00:00,1002,Pembroke Pines,SKU007,Italian Bread,bakery,bakery,3,3.99,11.97,false
2026-06-03T12:00:00,1002,Pembroke Pines,SKU008,Croissants,bakery,bakery,1,4.99,4.99,false
2026-06-03T12:00:00,1002,Pembroke Pines,SKU011,Frozen Pizza,frozen,frozen,1,6.99,6.99,false
2026-06-03T12:00:00,1002,Pembroke Pines,SKU012,Ice Cream,frozen,frozen,2,5.99,11.98,false
2026-06-03T12:00:00,1002,Pembroke Pines,SKU013,Peanut Butter,grocery,grocery,1,3.49,3.49,false
2026-06-03T12:00:00,1002,Pembroke Pines,SKU014,Pasta,grocery,grocery,1,1.89,1.89,false
2026-06-03T12:00:00,1003,Davie,SKU001,Bananas,produce,produce,18,0.69,12.42,false
2026-06-03T12:00:00,1003,Davie,SKU002,Avocados,produce,produce,8,1.49,11.92,false
2026-06-03T12:00:00,1003,Davie,SKU003,Whole Milk,dairy,dairy,1,4.29,4.29,false
2026-06-03T12:00:00,1003,Davie,SKU004,Greek Yogurt,dairy,dairy,3,1.39,4.17,false
2026-06-03T12:00:00,1003,Davie,SKU005,Chicken Breast,meat,meat,3,8.49,25.47,false
2026-06-03T12:00:00,1003,Davie,SKU006,Ground Beef,meat,meat,3,7.99,23.97,false
2026-06-03T12:00:00,1003,Davie,SKU007,Italian Bread,bakery,bakery,2,3.99,7.98,false
2026-06-03T12:00:00,1003,Davie,SKU008,Croissants,bakery,bakery,1,4.99,4.99,false
2026-06-03T12:00:00,1003,Davie,SKU009,Sparkling Water,beverages,grocery,3,5.49,16.47,false
2026-06-03T12:00:00,1003,Davie,SKU010,Orange Juice,beverages,grocery,4,4.99,19.96,false
2026-06-03T12:00:00,1003,Davie,SKU012,Ice Cream,frozen,frozen,1,5.99,5.99,false
2026-06-03T12:00:00,1003,Davie,SKU013,Peanut Butter,grocery,grocery,2,3.49,6.98,false
2026-06-03T13:00:00,1001,Fort Lauderdale East,SKU001,Bananas,produce,produce,13,0.69,8.97,false
2026-06-03T13:00:00,1001,Fort Lauderdale East,SKU002,Avocados,produce,produce,4,1.49,5.96,false
2026-06-03T13:00:00,1001,Fort Lauderdale East,SKU003,Whole Milk,dairy,dairy,2,4.29,8.58,false
2026-06-03T13:00:00,1001,Fort Lauderdale East,SKU004,Greek Yogurt,dairy,dairy,3,1.39,4.17,false
2026-06-03T13:00:00,1001,Fort Lauderdale East,SKU005,Chicken Breast,meat,meat,1,8.49,8.49,false
2026-06-03T13:00:00,1001,Fort Lauderdale East,SKU006,Ground Beef,meat,meat,2,7.99,15.98,false
2026-06-03T13:00:00,1001,Fort Lauderdale East,SKU007,Italian Bread,bakery,bakery,2,3.99,7.98,false
2026-06-03T13:00:00,1001,Fort Lauderdale East,SKU008,Croissants,bakery,bakery,2,4.99,9.98,false
2026-06-03T13:00:00,1001,Fort Lauderdale East,SKU009,Sparkling Water,beverages,grocery,2,5.49,10.98,false
2026-06-03T13:00:00,1001,Fort Lauderdale East,SKU010,Orange Juice,beverages,grocery,2,4.99,9.98,false
2026-06-03T13:00:00,1001,Fort Lauderdale East,SKU011,Frozen Pizza,frozen,frozen,1,6.99,6.99,false
2026-06-03T13:00:00,1001,Fort Lauderdale East,SKU012,Ice Cream,frozen,frozen,1,5.99,5.99,false
2026-06-03T13:00:00,1001,Fort Lauderdale East,SKU013,Peanut Butter,grocery,grocery,2,3.49,6.98,false
2026-06-03T13:00:00,1001,Fort Lauderdale East,SKU014,Pasta,grocery,grocery,2,1.89,3.78,false
2026-06-03T13:00:00,1001,Fort Lauderdale East,SKU015,Paper Towels,household,grocery,1,12.99,12.99,false
2026-06-03T13:00:00,1002,Pembroke Pines,SKU001,Bananas,produce,produce,9,0.69,6.21,false
2026-06-03T13:00:00,1002,Pembroke Pines,SKU002,Avocados,produce,produce,2,1.49,2.98,false
2026-06-03T13:00:00,1002,Pembroke Pines,SKU003,Whole Milk,dairy,dairy,1,4.29,4.29,false
2026-06-03T13:00:00,1002,Pembroke Pines,SKU004,Greek Yogurt,dairy,dairy,2,1.39,2.78,false
2026-06-03T13:00:00,1002,Pembroke Pines,SKU005,Chicken Breast,meat,meat,3,8.49,25.47,false
2026-06-03T13:00:00,1002,Pembroke Pines,SKU006,Ground Beef,meat,meat,2,7.99,15.98,false
2026-06-03T13:00:00,1002,Pembroke Pines,SKU007,Italian Bread,bakery,bakery,3,3.99,11.97,false
2026-06-03T13:00:00,1002,Pembroke Pines,SKU008,Croissants,bakery,bakery,1,4.99,4.99,false
2026-06-03T13:00:00,1002,Pembroke Pines,SKU010,Orange Juice,beverages,grocery,1,4.99,4.99,false
2026-06-03T13:00:00,1002,Pembroke Pines,SKU011,Frozen Pizza,frozen,frozen,2,6.99,13.98,false
2026-06-03T13:00:00,1002,Pembroke Pines,SKU012,Ice Cream,frozen,frozen,1,5.99,5.99,false
2026-06-03T13:00:00,1002,Pembroke Pines,SKU013,Peanut Butter,grocery,grocery,1,3.49,3.49,false
2026-06-03T13:00:00,1002,Pembroke Pines,SKU014,Pasta,grocery,grocery,1,1.89,1.89,false
2026-06-03T13:00:00,1003,Davie,SKU001,Bananas,produce,produce,10,0.69,6.90,false
2026-06-03T13:00:00,1003,Davie,SKU002,Avocados,produce,produce,3,1.49,4.47,false
2026-06-03T13:00:00,1003,Davie,SKU003,Whole Milk,dairy,dairy,3,4.29,12.87,false
2026-06-03T13:00:00,1003,Davie,SKU004,Greek Yogurt,dairy,dairy,2,1.39,2.78,false
2026-06-03T13:00:00,1003,Davie,SKU006,Ground Beef,meat,meat,3,7.99,23.97,false
2026-06-03T13:00:00,1003,Davie,SKU007,Italian Bread,bakery,bakery,1,3.99,3.99,false
2026-06-03T13:00:00,1003,Davie,SKU008,Croissants,bakery,bakery,2,4.99,9.98,false
2026-06-03T13:00:00,1003,Davie,SKU009,Sparkling Water,beverages,grocery,2,5.49,10.98,false
2026-06-03T13:00:00,1003,Davie,SKU010,Orange Juice,beverages,grocery,1,4.99,4.99,false
2026-06-03T13:00:00,1003,Davie,SKU012,Ice Cream,frozen,frozen,1,5.99,5.99,false
2026-06-03T14:00:00,1001,Fort Lauderdale East,SKU001,Bananas,produce,produce,6,0.69,4.14,false
2026-06-03T14:00:00,1001,Fort Lauderdale East,SKU002,Avocados,produce,produce,2,1.49,2.98,false
2026-06-03T14:00:00,1001,Fort Lauderdale East,SKU003,Whole Milk,dairy,dairy,3,4.29,12.87,false
2026-06-03T14:00:00,1001,Fort Lauderdale East,SKU004,Greek Yogurt,dairy,dairy,3,1.39,4.17,false
2026-06-03T14:00:00,1001,Fort Lauderdale East,SKU006,Ground Beef,meat,meat,2,7.99,15.98,false
2026-06-03T14:00:00,1001,Fort Lauderdale East,SKU007,Italian Bread,bakery,bakery,3,3.99,11.97,false
2026-06-03T14:00:00,1001,Fort Lauderdale East,SKU008,Croissants,bakery,bakery,2,4.99,9.98,false
2026-06-03T14:00:00,1001,Fort Lauderdale East,SKU009,Sparkling Water,beverages,grocery,3,5.49,16.47,false
2026-06-03T14:00:00,1001,Fort Lauderdale East,SKU013,Peanut Butter,grocery,grocery,2,3.49,6.98,false
2026-06-03T14:00:00,1001,Fort Lauderdale East,SKU014,Pasta,grocery,grocery,3,1.89,5.67,false
2026-06-03T14:00:00,1002,Pembroke Pines,SKU001,Bananas,produce,produce,9,0.69,6.21,false
2026-06-03T14:00:00,1002,Pembroke Pines,SKU002,Avocados,produce,produce,2,1.49,2.98,false
2026-06-03T14:00:00,1002,Pembroke Pines,SKU003,Whole Milk,dairy,dairy,1,4.29,4.29,false
2026-06-03T14:00:00,1002,Pembroke Pines,SKU004,Greek Yogurt,dairy,dairy,1,1.39,1.39,false
2026-06-03T14:00:00,1002,Pembroke Pines,SKU005,Chicken Breast,meat,meat,3,8.49,25.47,false
2026-06-03T14:00:00,1002,Pembroke Pines,SKU006,Ground Beef,meat,meat,1,7.99,7.99,false
2026-06-03T14:00:00,1002,Pembroke Pines,SKU007,Italian Bread,bakery,bakery,2,3.99,7.98,false
2026-06-03T14:00:00,1002,Pembroke Pines,SKU008,Croissants,bakery,bakery,2,4.99,9.98,false
2026-06-03T14:00:00,1002,Pembroke Pines,SKU010,Orange Juice,beverages,grocery,3,4.99,14.97,false
2026-06-03T14:00:00,1002,Pembroke Pines,SKU013,Peanut Butter,grocery,grocery,1,3.49,3.49,false
2026-06-03T14:00:00,1003,Davie,SKU001,Bananas,produce,produce,11,0.69,7.59,false
2026-06-03T14:00:00,1003,Davie,SKU002,Avocados,produce,produce,4,1.49,5.96,false
2026-06-03T14:00:00,1003,Davie,SKU003,Whole Milk,dairy,dairy,1,4.29,4.29,false
2026-06-03T14:00:00,1003,Davie,SKU004,Greek Yogurt,dairy,dairy,2,1.39,2.78,false
2026-06-03T14:00:00,1003,Davie,SKU005,Chicken Breast,meat,meat,3,8.49,25.47,false
2026-06-03T14:00:00,1003,Davie,SKU006,Ground Beef,meat,meat,3,7.99,23.97,false
2026-06-03T14:00:00,1003,Davie,SKU009,Sparkling Water,beverages,grocery,1,5.49,5.49,false
2026-06-03T14:00:00,1003,Davie,SKU010,Orange Juice,beverages,grocery,1,4.99,4.99,false
2026-06-03T14:00:00,1003,Davie,SKU011,Frozen Pizza,frozen,frozen,1,6.99,6.99,false
2026-06-03T14:00:00,1003,Davie,SKU012,Ice Cream,frozen,frozen,1,5.99,5.99,false
2026-06-03T14:00:00,1003,Davie,SKU013,Peanut Butter,grocery,grocery,1,3.49,3.49,false
2026-06-03T15:00:00,1001,Fort Lauderdale East,SKU001,Bananas,produce,produce,12,0.69,8.28,false
2026-06-03T15:00:00,1001,Fort Lauderdale East,SKU002,Avocados,produce,produce,4,1.49,5.96,false
2026-06-03T15:00:00,1001,Fort Lauderdale East,SKU003,Whole Milk,dairy,dairy,3,4.29,12.87,false
2026-06-03T15:00:00,1001,Fort Lauderdale East,SKU004,Greek Yogurt,dairy,dairy,2,1.39,2.78,false
2026-06-03T15:00:00,1001,Fort Lauderdale East,SKU005,Chicken Breast,meat,meat,1,8.49,8.49,false
2026-06-03T15:00:00,1001,Fort Lauderdale East,SKU006,Ground Beef,meat,meat,1,7.99,7.99,false
2026-06-03T15:00:00,1001,Fort Lauderdale East,SKU007,Italian Bread,bakery,bakery,2,3.99,7.98,false
2026-06-03T15:00:00,1001,Fort Lauderdale East,SKU008,Croissants,bakery,bakery,2,4.99,9.98,false
2026-06-03T15:00:00,1001,Fort Lauderdale East,SKU010,Orange Juice,beverages,grocery,2,4.99,9.98,false
2026-06-03T15:00:00,1001,Fort Lauderdale East,SKU011,Frozen Pizza,frozen,frozen,1,6.99,6.99,false
2026-06-03T15:00:00,1001,Fort Lauderdale East,SKU012,Ice Cream,frozen,frozen,1,5.99,5.99,false
2026-06-03T15:00:00,1001,Fort Lauderdale East,SKU013,Peanut Butter,grocery,grocery,1,3.49,3.49,false
2026-06-03T15:00:00,1001,Fort Lauderdale East,SKU014,Pasta,grocery,grocery,1,1.89,1.89,false
2026-06-03T15:00:00,1002,Pembroke Pines,SKU001,Bananas,produce,produce,12,0.69,8.28,false
2026-06-03T15:00:00,1002,Pembroke Pines,SKU002,Avocados,produce,produce,1,1.49,1.49,false
2026-06-03T15:00:00,1002,Pembroke Pines,SKU003,Whole Milk,dairy,dairy,3,4.29,12.87,false
2026-06-03T15:00:00,1002,Pembroke Pines,SKU004,Greek Yogurt,dairy,dairy,3,1.39,4.17,false
2026-06-03T15:00:00,1002,Pembroke Pines,SKU005,Chicken Breast,meat,meat,3,8.49,25.47,false
2026-06-03T15:00:00,1002,Pembroke Pines,SKU007,Italian Bread,bakery,bakery,1,3.99,3.99,false
2026-06-03T15:00:00,1002,Pembroke Pines,SKU008,Croissants,bakery,bakery,2,4.99,9.98,false
2026-06-03T15:00:00,1002,Pembroke Pines,SKU010,Orange Juice,beverages,grocery,1,4.99,4.99,false
2026-06-03T15:00:00,1002,Pembroke Pines,SKU011,Frozen Pizza,frozen,frozen,2,6.99,13.98,false
2026-06-03T15:00:00,1003,Davie,SKU001,Bananas,produce,produce,7,0.69,4.83,false
2026-06-03T15:00:00,1003,Davie,SKU002,Avocados,produce,produce,3,1.49,4.47,false
2026-06-03T15:00:00,1003,Davie,SKU003,Whole Milk,dairy,dairy,2,4.29,8.58,false
2026-06-03T15:00:00,1003,Davie,SKU004,Greek Yogurt,dairy,dairy,3,1.39,4.17,false
2026-06-03T15:00:00,1003,Davie,SKU005,Chicken Breast,meat,meat,1,8.49,8.49,false
2026-06-03T15:00:00,1003,Davie,SKU006,Ground Beef,meat,meat,2,7.99,15.98,false
2026-06-03T15:00:00,1003,Davie,SKU007,Italian Bread,bakery,bakery,3,3.99,11.97,false
2026-06-03T15:00:00,1003,Davie,SKU008,Croissants,bakery,bakery,2,4.99,9.98,false
2026-06-03T15:00:00,1003,Davie,SKU009,Sparkling Water,beverages,grocery,2,5.49,10.98,false
2026-06-03T15:00:00,1003,Davie,SKU010,Orange Juice,beverages,grocery,1,4.99,4.99,false
2026-06-03T15:00:00,1003,Davie,SKU011,Frozen Pizza,frozen,frozen,1,6.99,6.99,false
2026-06-03T15:00:00,1003,Davie,SKU013,Peanut Butter,grocery,grocery,1,3.49,3.49,false
2026-06-03T15:00:00,1003,Davie,SKU014,Pasta,grocery,grocery,1,1.89,1.89,false
2026-06-03T16:00:00,1001,Fort Lauderdale East,SKU001,Bananas,produce,produce,14,0.69,9.66,false
2026-06-03T16:00:00,1001,Fort Lauderdale East,SKU002,Avocados,produce,produce,4,1.49,5.96,false
2026-06-03T16:00:00,1001,Fort Lauderdale East,SKU003,Whole Milk,dairy,dairy,5,4.29,21.45,false
2026-06-03T16:00:00,1001,Fort Lauderdale East,SKU004,Greek Yogurt,dairy,dairy,1,1.39,1.39,false
2026-06-03T16:00:00,1001,Fort Lauderdale East,SKU005,Chicken Breast,meat,meat,2,8.49,16.98,false
2026-06-03T16:00:00,1001,Fort Lauderdale East,SKU006,Ground Beef,meat,meat,1,7.99,7.99,false
2026-06-03T16:00:00,1001,Fort Lauderdale East,SKU007,Italian Bread,bakery,bakery,1,3.99,3.99,false
2026-06-03T16:00:00,1001,Fort Lauderdale East,SKU008,Croissants,bakery,bakery,2,4.99,9.98,false
2026-06-03T16:00:00,1001,Fort Lauderdale East,SKU009,Sparkling Water,beverages,grocery,2,5.49,10.98,false
2026-06-03T16:00:00,1001,Fort Lauderdale East,SKU010,Orange Juice,beverages,grocery,1,4.99,4.99,false
2026-06-03T16:00:00,1001,Fort Lauderdale East,SKU011,Frozen Pizza,frozen,frozen,1,6.99,6.99,false
2026-06-03T16:00:00,1001,Fort Lauderdale East,SKU013,Peanut Butter,grocery,grocery,1,3.49,3.49,false
2026-06-03T16:00:00,1001,Fort Lauderdale East,SKU014,Pasta,grocery,grocery,1,1.89,1.89,false
2026-06-03T16:00:00,1001,Fort Lauderdale East,SKU015,Paper Towels,household,grocery,1,12.99,12.99,false
2026-06-03T16:00:00,1002,Pembroke Pines,SKU001,Bananas,produce,produce,11,0.69,7.59,false
2026-06-03T16:00:00,1002,Pembroke Pines,SKU002,Avocados,produce,produce,3,1.49,4.47,false
2026-06-03T16:00:00,1002,Pembroke Pines,SKU003,Whole Milk,dairy,dairy,2,4.29,8.58,false
2026-06-03T16:00:00,1002,Pembroke Pines,SKU004,Greek Yogurt,dairy,dairy,3,1.39,4.17,false
2026-06-03T16:00:00,1002,Pembroke Pines,SKU005,Chicken Breast,meat,meat,2,8.49,16.98,false
2026-06-03T16:00:00,1002,Pembroke Pines,SKU007,Italian Bread,bakery,bakery,3,3.99,11.97,false
2026-06-03T16:00:00,1002,Pembroke Pines,SKU009,Sparkling Water,beverages,grocery,2,5.49,10.98,false
2026-06-03T16:00:00,1002,Pembroke Pines,SKU010,Orange Juice,beverages,grocery,1,4.99,4.99,false
2026-06-03T16:00:00,1002,Pembroke Pines,SKU011,Frozen Pizza,frozen,frozen,1,6.99,6.99,false
2026-06-03T16:00:00,1002,Pembroke Pines,SKU012,Ice Cream,frozen,frozen,3,5.99,17.97,false
2026-06-03T16:00:00,1003,Davie,SKU001,Bananas,produce,produce,8,0.69,5.52,false
2026-06-03T16:00:00,1003,Davie,SKU002,Avocados,produce,produce,3,1.49,4.47,false
2026-06-03T16:00:00,1003,Davie,SKU003,Whole Milk,dairy,dairy,3,4.29,12.87,false
2026-06-03T16:00:00,1003,Davie,SKU004,Greek Yogurt,dairy,dairy,2,1.39,2.78,false
2026-06-03T16:00:00,1003,Davie,SKU005,Chicken Breast,meat,meat,1,8.49,8.49,false
2026-06-03T16:00:00,1003,Davie,SKU006,Ground Beef,meat,meat,3,7.99,23.97,false
2026-06-03T16:00:00,1003,Davie,SKU007,Italian Bread,bakery,bakery,3,3.99,11.97,false
2026-06-03T16:00:00,1003,Davie,SKU009,Sparkling Water,beverages,grocery,1,5.49,5.49,false
2026-06-03T16:00:00,1003,Davie,SKU010,Orange Juice,beverages,grocery,1,4.99,4.99,false
2026-06-03T16:00:00,1003,Davie,SKU011,Frozen Pizza,frozen,frozen,1,6.99,6.99,false
2026-06-03T16:00:00,1003,Davie,SKU013,Peanut Butter,grocery,grocery,1,3.49,3.49,false
2026-06-03T17:00:00,1001,Fort Lauderdale East,SKU001,Bananas,produce,produce,12,0.69,8.28,false
2026-06-03T17:00:00,1001,Fort Lauderdale East,SKU002,Avocados,produce,produce,4,1.49,5.96,false
2026-06-03T17:00:00,1001,Fort Lauderdale East,SKU003,Whole Milk,dairy,dairy,5,4.29,21.45,false
2026-06-03T17:00:00,1001,Fort Lauderdale East,SKU004,Greek Yogurt,dairy,dairy,2,1.39,2.78,false
2026-06-03T17:00:00,1001,Fort Lauderdale East,SKU005,Chicken Breast,meat,meat,3,8.49,25.47,false
2026-06-03T17:00:00,1001,Fort Lauderdale East,SKU006,Ground Beef,meat,meat,3,7.99,23.97,false
2026-06-03T17:00:00,1001,Fort Lauderdale East,SKU007,Italian Bread,bakery,bakery,4,3.99,15.96,false
2026-06-03T17:00:00,1001,Fort Lauderdale East,SKU008,Croissants,bakery,bakery,1,4.99,4.99,false
2026-06-03T17:00:00,1001,Fort Lauderdale East,SKU009,Sparkling Water,beverages,grocery,3,5.49,16.47,false
2026-06-03T17:00:00,1001,Fort Lauderdale East,SKU010,Orange Juice,beverages,grocery,2,4.99,9.98,false
2026-06-03T17:00:00,1001,Fort Lauderdale East,SKU011,Frozen Pizza,frozen,frozen,2,6.99,13.98,false
2026-06-03T17:00:00,1001,Fort Lauderdale East,SKU012,Ice Cream,frozen,frozen,2,5.99,11.98,false
2026-06-03T17:00:00,1001,Fort Lauderdale East,SKU014,Pasta,grocery,grocery,3,1.89,5.67,false
2026-06-03T17:00:00,1001,Fort Lauderdale East,SKU015,Paper Towels,household,grocery,1,12.99,12.99,false
2026-06-03T17:00:00,1002,Pembroke Pines,SKU001,Bananas,produce,produce,11,0.69,7.59,false
2026-06-03T17:00:00,1002,Pembroke Pines,SKU002,Avocados,produce,produce,4,1.49,5.96,false
2026-06-03T17:00:00,1002,Pembroke Pines,SKU003,Whole Milk,dairy,dairy,7,4.29,30.03,false
2026-06-03T17:00:00,1002,Pembroke Pines,SKU004,Greek Yogurt,dairy,dairy,3,1.39,4.17,false
2026-06-03T17:00:00,1002,Pembroke Pines,SKU005,Chicken Breast,meat,meat,3,8.49,25.47,false
2026-06-03T17:00:00,1002,Pembroke Pines,SKU006,Ground Beef,meat,meat,1,7.99,7.99,false
2026-06-03T17:00:00,1002,Pembroke Pines,SKU007,Italian Bread,bakery,bakery,2,3.99,7.98,false
2026-06-03T17:00:00,1002,Pembroke Pines,SKU008,Croissants,bakery,bakery,2,4.99,9.98,false
2026-06-03T17:00:00,1002,Pembroke Pines,SKU009,Sparkling Water,beverages,grocery,1,5.49,5.49,false
2026-06-03T17:00:00,1002,Pembroke Pines,SKU010,Orange Juice,beverages,grocery,2,4.99,9.98,false
2026-06-03T17:00:00,1002,Pembroke Pines,SKU011,Frozen Pizza,frozen,frozen,2,6.99,13.98,false
2026-06-03T17:00:00,1002,Pembroke Pines,SKU012,Ice Cream,frozen,frozen,1,5.99,5.99,false
2026-06-03T17:00:00,1002,Pembroke Pines,SKU013,Peanut Butter,grocery,grocery,2,3.49,6.98,false
2026-06-03T17:00:00,1002,Pembroke Pines,SKU014,Pasta,grocery,grocery,1,1.89,1.89,false
2026-06-03T17:00:00,1003,Davie,SKU001,Bananas,produce,produce,13,0.69,8.97,false
2026-06-03T17:00:00,1003,Davie,SKU002,Avocados,produce,produce,2,1.49,2.98,false
2026-06-03T17:00:00,1003,Davie,SKU003,Whole Milk,dairy,dairy,5,4.29,21.45,false
2026-06-03T17:00:00,1003,Davie,SKU004,Greek Yogurt,dairy,dairy,4,1.39,5.56,false
2026-06-03T17:00:00,1003,Davie,SKU005,Chicken Breast,meat,meat,4,8.49,33.96,false
2026-06-03T17:00:00,1003,Davie,SKU006,Ground Beef,meat,meat,3,7.99,23.97,false
2026-06-03T17:00:00,1003,Davie,SKU007,Italian Bread,bakery,bakery,3,3.99,11.97,false
2026-06-03T17:00:00,1003,Davie,SKU008,Croissants,bakery,bakery,2,4.99,9.98,false
2026-06-03T17:00:00,1003,Davie,SKU009,Sparkling Water,beverages,grocery,5,5.49,27.45,false
2026-06-03T17:00:00,1003,Davie,SKU010,Orange Juice,beverages,grocery,1,4.99,4.99,false
2026-06-03T17:00:00,1003,Davie,SKU011,Frozen Pizza,frozen,frozen,2,6.99,13.98,false
2026-06-03T17:00:00,1003,Davie,SKU012,Ice Cream,frozen,frozen,2,5.99,11.98,false
2026-06-03T17:00:00,1003,Davie,SKU013,Peanut Butter,grocery,grocery,2,3.49,6.98,false
2026-06-03T17:00:00,1003,Davie,SKU015,Paper Towels,household,grocery,2,12.99,25.98,false
2026-06-03T18:00:00,1001,Fort Lauderdale East,SKU001,Bananas,produce,produce,19,0.69,13.11,false
2026-06-03T18:00:00,1001,Fort Lauderdale East,SKU002,Avocados,produce,produce,5,1.49,7.45,false
2026-06-03T18:00:00,1001,Fort Lauderdale East,SKU003,Whole Milk,dairy,dairy,7,4.29,30.03,false
2026-06-03T18:00:00,1001,Fort Lauderdale East,SKU004,Greek Yogurt,dairy,dairy,4,1.39,5.56,false
2026-06-03T18:00:00,1001,Fort Lauderdale East,SKU005,Chicken Breast,meat,meat,5,8.49,42.45,false
2026-06-03T18:00:00,1001,Fort Lauderdale East,SKU006,Ground Beef,meat,meat,3,7.99,23.97,false
2026-06-03T18:00:00,1001,Fort Lauderdale East,SKU007,Italian Bread,bakery,bakery,1,3.99,3.99,false
2026-06-03T18:00:00,1001,Fort Lauderdale East,SKU008,Croissants,bakery,bakery,2,4.99,9.98,false
2026-06-03T18:00:00,1001,Fort Lauderdale East,SKU009,Sparkling Water,beverages,grocery,2,5.49,10.98,false
2026-06-03T18:00:00,1001,Fort Lauderdale East,SKU010,Orange Juice,beverages,grocery,1,4.99,4.99,false
2026-06-03T18:00:00,1001,Fort Lauderdale East,SKU011,Frozen Pizza,frozen,frozen,1,6.99,6.99,false
2026-06-03T18:00:00,1001,Fort Lauderdale East,SKU012,Ice Cream,frozen,frozen,2,5.99,11.98,false
2026-06-03T18:00:00,1001,Fort Lauderdale East,SKU013,Peanut Butter,grocery,grocery,1,3.49,3.49,false
2026-06-03T18:00:00,1001,Fort Lauderdale East,SKU014,Pasta,grocery,grocery,2,1.89,3.78,false
2026-06-03T18:00:00,1002,Pembroke Pines,SKU001,Bananas,produce,produce,12,0.69,8.28,false
2026-06-03T18:00:00,1002,Pembroke Pines,SKU002,Avocados,produce,produce,5,1.49,7.45,false
2026-06-03T18:00:00,1002,Pembroke Pines,SKU003,Whole Milk,dairy,dairy,4,4.29,17.16,false
2026-06-03T18:00:00,1002,Pembroke Pines,SKU004,Greek Yogurt,dairy,dairy,3,1.39,4.17,false
2026-06-03T18:00:00,1002,Pembroke Pines,SKU005,Chicken Breast,meat,meat,3,8.49,25.47,false
2026-06-03T18:00:00,1002,Pembroke Pines,SKU006,Ground Beef,meat,meat,1,7.99,7.99,false
2026-06-03T18:00:00,1002,Pembroke Pines,SKU007,Italian Bread,bakery,bakery,2,3.99,7.98,false
2026-06-03T18:00:00,1002,Pembroke Pines,SKU009,Sparkling Water,beverages,grocery,3,5.49,16.47,false
2026-06-03T18:00:00,1002,Pembroke Pines,SKU010,Orange Juice,beverages,grocery,2,4.99,9.98,false
2026-06-03T18:00:00,1002,Pembroke Pines,SKU012,Ice Cream,frozen,frozen,1,5.99,5.99,false
2026-06-03T18:00:00,1002,Pembroke Pines,SKU013,Peanut Butter,grocery,grocery,3,3.49,10.47,false
2026-06-03T18:00:00,1002,Pembroke Pines,SKU014,Pasta,grocery,grocery,3,1.89,5.67,false
2026-06-03T18:00:00,1003,Davie,SKU001,Bananas,produce,produce,19,0.69,13.11,false
2026-06-03T18:00:00,1003,Davie,SKU002,Avocados,produce,produce,5,1.49,7.45,false
2026-06-03T18:00:00,1003,Davie,SKU003,Whole Milk,dairy,dairy,5,4.29,21.45,false
2026-06-03T18:00:00,1003,Davie,SKU004,Greek Yogurt,dairy,dairy,4,1.39,5.56,false
2026-06-03T18:00:00,1003,Davie,SKU005,Chicken Breast,meat,meat,2,8.49,16.98,false
2026-06-03T18:00:00,1003,Davie,SKU006,Ground Beef,meat,meat,2,7.99,15.98,false
2026-06-03T18:00:00,1003,Davie,SKU007,Italian Bread,bakery,bakery,1,3.99,3.99,false
2026-06-03T18:00:00,1003,Davie,SKU008,Croissants,bakery,bakery,2,4.99,9.98,false
2026-06-03T18:00:00,1003,Davie,SKU009,Sparkling Water,beverages,grocery,2,5.49,10.98,false
2026-06-03T18:00:00,1003,Davie,SKU010,Orange Juice,beverages,grocery,2,4.99,9.98,false
2026-06-03T18:00:00,1003,Davie,SKU012,Ice Cream,frozen,frozen,2,5.99,11.98,false
2026-06-03T18:00:00,1003,Davie,SKU013,Peanut Butter,grocery,grocery,2,3.49,6.98,false
2026-06-03T18:00:00,1003,Davie,SKU014,Pasta,grocery,grocery,1,1.89,1.89,false
2026-06-03T19:00:00,1001,Fort Lauderdale East,SKU001,Bananas,produce,produce,11,0.69,7.59,false
2026-06-03T19:00:00,1001,Fort Lauderdale East,SKU002,Avocados,produce,produce,3,1.49,4.47,false
2026-06-03T19:00:00,1001,Fort Lauderdale East,SKU003,Whole Milk,dairy,dairy,3,4.29,12.87,false
2026-06-03T19:00:00,1001,Fort Lauderdale East,SKU004,Greek Yogurt,dairy,dairy,3,1.39,4.17,false
2026-06-03T19:00:00,1001,Fort Lauderdale East,SKU005,Chicken Breast,meat,meat,3,8.49,25.47,false
2026-06-03T19:00:00,1001,Fort Lauderdale East,SKU006,Ground Beef,meat,meat,4,7.99,31.96,false
2026-06-03T19:00:00,1001,Fort Lauderdale East,SKU007,Italian Bread,bakery,bakery,4,3.99,15.96,false
2026-06-03T19:00:00,1001,Fort Lauderdale East,SKU008,Croissants,bakery,bakery,2,4.99,9.98,false
2026-06-03T19:00:00,1001,Fort Lauderdale East,SKU009,Sparkling Water,beverages,grocery,1,5.49,5.49,false
2026-06-03T19:00:00,1001,Fort Lauderdale East,SKU010,Orange Juice,beverages,grocery,2,4.99,9.98,false
2026-06-03T19:00:00,1001,Fort Lauderdale East,SKU012,Ice Cream,frozen,frozen,1,5.99,5.99,false
2026-06-03T19:00:00,1001,Fort Lauderdale East,SKU013,Peanut Butter,grocery,grocery,1,3.49,3.49,false
2026-06-03T19:00:00,1001,Fort Lauderdale East,SKU015,Paper Towels,household,grocery,1,12.99,12.99,false
2026-06-03T19:00:00,1002,Pembroke Pines,SKU001,Bananas,produce,produce,8,0.69,5.52,false
2026-06-03T19:00:00,1002,Pembroke Pines,SKU002,Avocados,produce,produce,5,1.49,7.45,false
2026-06-03T19:00:00,1002,Pembroke Pines,SKU003,Whole Milk,dairy,dairy,2,4.29,8.58,false
2026-06-03T19:00:00,1002,Pembroke Pines,SKU004,Greek Yogurt,dairy,dairy,4,1.39,5.56,false
2026-06-03T19:00:00,1002,Pembroke Pines,SKU005,Chicken Breast,meat,meat,2,8.49,16.98,false
2026-06-03T19:00:00,1002,Pembroke Pines,SKU007,Italian Bread,bakery,bakery,2,3.99,7.98,false
2026-06-03T19:00:00,1002,Pembroke Pines,SKU008,Croissants,bakery,bakery,3,4.99,14.97,false
2026-06-03T19:00:00,1002,Pembroke Pines,SKU009,Sparkling Water,beverages,grocery,1,5.49,5.49,false
2026-06-03T19:00:00,1002,Pembroke Pines,SKU010,Orange Juice,beverages,grocery,1,4.99,4.99,false
2026-06-03T19:00:00,1002,Pembroke Pines,SKU011,Frozen Pizza,frozen,frozen,1,6.99,6.99,false
2026-06-03T19:00:00,1002,Pembroke Pines,SKU012,Ice Cream,frozen,frozen,2,5.99,11.98,false
2026-06-03T19:00:00,1002,Pembroke Pines,SKU013,Peanut Butter,grocery,grocery,1,3.49,3.49,false
2026-06-03T19:00:00,1003,Davie,SKU001,Bananas,produce,produce,8,0.69,5.52,false
2026-06-03T19:00:00,1003,Davie,SKU002,Avocados,produce,produce,6,1.49,8.94,false
2026-06-03T19:00:00,1003,Davie,SKU003,Whole Milk,dairy,dairy,2,4.29,8.58,false
2026-06-03T19:00:00,1003,Davie,SKU004,Greek Yogurt,dairy,dairy,2,1.39,2.78,false
2026-06-03T19:00:00,1003,Davie,SKU005,Chicken Breast,meat,meat,5,8.49,42.45,false
2026-06-03T19:00:00,1003,Davie,SKU006,Ground Beef,meat,meat,2,7.99,15.98,false
2026-06-03T19:00:00,1003,Davie,SKU007,Italian Bread,bakery,bakery,3,3.99,11.97,false
2026-06-03T19:00:00,1003,Davie,SKU008,Croissants,bakery,bakery,2,4.99,9.98,false
2026-06-03T19:00:00,1003,Davie,SKU010,Orange Juice,beverages,grocery,1,4.99,4.99,false
2026-06-03T19:00:00,1003,Davie,SKU011,Frozen Pizza,frozen,frozen,1,6.99,6.99,false
2026-06-03T19:00:00,1003,Davie,SKU014,Pasta,grocery,grocery,2,1.89,3.78,false
2026-06-03T19:00:00,1003,Davie,SKU015,Paper Towels,household,grocery,2,12.99,25.98,false
2026-06-03T20:00:00,1001,Fort Lauderdale East,SKU001,Bananas,produce,produce,7,0.69,4.83,false
2026-06-03T20:00:00,1001,Fort Lauderdale East,SKU002,Avocados,produce,produce,3,1.49,4.47,false
2026-06-03T20:00:00,1001,Fort Lauderdale East,SKU003,Whole Milk,dairy,dairy,4,4.29,17.16,false
2026-06-03T20:00:00,1001,Fort Lauderdale East,SKU004,Greek Yogurt,dairy,dairy,3,1.39,4.17,false
2026-06-03T20:00:00,1001,Fort Lauderdale East,SKU005,Chicken Breast,meat,meat,1,8.49,8.49,false
2026-06-03T20:00:00,1001,Fort Lauderdale East,SKU006,Ground Beef,meat,meat,2,7.99,15.98,false
2026-06-03T20:00:00,1001,Fort Lauderdale East,SKU007,Italian Bread,bakery,bakery,2,3.99,7.98,false
2026-06-03T20:00:00,1001,Fort Lauderdale East,SKU009,Sparkling Water,beverages,grocery,1,5.49,5.49,false
2026-06-03T20:00:00,1001,Fort Lauderdale East,SKU010,Orange Juice,beverages,grocery,1,4.99,4.99,false
2026-06-03T20:00:00,1001,Fort Lauderdale East,SKU013,Peanut Butter,grocery,grocery,1,3.49,3.49,false
2026-06-03T20:00:00,1001,Fort Lauderdale East,SKU014,Pasta,grocery,grocery,1,1.89,1.89,false
2026-06-03T20:00:00,1002,Pembroke Pines,SKU001,Bananas,produce,produce,10,0.69,6.90,false
2026-06-03T20:00:00,1002,Pembroke Pines,SKU002,Avocados,produce,produce,3,1.49,4.47,false
2026-06-03T20:00:00,1002,Pembroke Pines,SKU003,Whole Milk,dairy,dairy,2,4.29,8.58,false
2026-06-03T20:00:00,1002,Pembroke Pines,SKU004,Greek Yogurt,dairy,dairy,1,1.39,1.39,false
2026-06-03T20:00:00,1002,Pembroke Pines,SKU006,Ground Beef,meat,meat,2,7.99,15.98,false
2026-06-03T20:00:00,1002,Pembroke Pines,SKU007,Italian Bread,bakery,bakery,2,3.99,7.98,false
2026-06-03T20:00:00,1002,Pembroke Pines,SKU008,Croissants,bakery,bakery,1,4.99,4.99,false
2026-06-03T20:00:00,1002,Pembroke Pines,SKU009,Sparkling Water,beverages,grocery,1,5.49,5.49,false
2026-06-03T20:00:00,1002,Pembroke Pines,SKU011,Frozen Pizza,frozen,frozen,1,6.99,6.99,false
2026-06-03T20:00:00,1002,Pembroke Pines,SKU013,Peanut Butter,grocery,grocery,1,3.49,3.49,false
2026-06-03T20:00:00,1002,Pembroke Pines,SKU014,Pasta,grocery,grocery,1,1.89,1.89,false
2026-06-03T20:00:00,1003,Davie,SKU001,Bananas,produce,produce,7,0.69,4.83,false
2026-06-03T20:00:00,1003,Davie,SKU002,Avocados,produce,produce,3,1.49,4.47,false
2026-06-03T20:00:00,1003,Davie,SKU003,Whole Milk,dairy,dairy,3,4.29,12.87,false
2026-06-03T20:00:00,1003,Davie,SKU005,Chicken Breast,meat,meat,2,8.49,16.98,false
2026-06-03T20:00:00,1003,Davie,SKU007,Italian Bread,bakery,bakery,1,3.99,3.99,false
2026-06-03T20:00:00,1003,Davie,SKU008,Croissants,bakery,bakery,3,4.99,14.97,false
2026-06-03T20:00:00,1003,Davie,SKU012,Ice Cream,frozen,frozen,1,5.99,5.99,false
2026-06-03T20:00:00,1003,Davie,SKU014,Pasta,grocery,grocery,1,1.89,1.89,false
2026-06-03T20:00:00,1003,Davie,SKU015,Paper Towels,household,grocery,1,12.99,12.99,false
2026-06-03T21:00:00,1001,Fort Lauderdale East,SKU001,Bananas,produce,produce,11,0.69,7.59,false
2026-06-03T21:00:00,1001,Fort Lauderdale East,SKU002,Avocados,produce,produce,4,1.49,5.96,false
2026-06-03T21:00:00,1001,Fort Lauderdale East,SKU003,Whole Milk,dairy,dairy,3,4.29,12.87,false
2026-06-03T21:00:00,1001,Fort Lauderdale East,SKU004,Greek Yogurt,dairy,dairy,1,1.39,1.39,false
2026-06-03T21:00:00,1001,Fort Lauderdale East,SKU005,Chicken Breast,meat,meat,2,8.49,16.98,false
2026-06-03T21:00:00,1001,Fort Lauderdale East,SKU006,Ground Beef,meat,meat,2,7.99,15.98,false
2026-06-03T21:00:00,1001,Fort Lauderdale East,SKU007,Italian Bread,bakery,bakery,1,3.99,3.99,false
2026-06-03T21:00:00,1001,Fort Lauderdale East,SKU008,Croissants,bakery,bakery,1,4.99,4.99,false
2026-06-03T21:00:00,1001,Fort Lauderdale East,SKU009,Sparkling Water,beverages,grocery,1,5.49,5.49,false
2026-06-03T21:00:00,1001,Fort Lauderdale East,SKU010,Orange Juice,beverages,grocery,4,4.99,19.96,false
2026-06-03T21:00:00,1001,Fort Lauderdale East,SKU011,Frozen Pizza,frozen,frozen,2,6.99,13.98,false
2026-06-03T21:00:00,1001,Fort Lauderdale East,SKU012,Ice Cream,frozen,frozen,2,5.99,11.98,false
2026-06-03T21:00:00,1001,Fort Lauderdale East,SKU013,Peanut Butter,grocery,grocery,1,3.49,3.49,false
2026-06-03T21:00:00,1001,Fort Lauderdale East,SKU015,Paper Towels,household,grocery,1,12.99,12.99,false
2026-06-03T21:00:00,1002,Pembroke Pines,SKU001,Bananas,produce,produce,13,0.69,8.97,false
2026-06-03T21:00:00,1002,Pembroke Pines,SKU002,Avocados,produce,produce,2,1.49,2.98,false
2026-06-03T21:00:00,1002,Pembroke Pines,SKU003,Whole Milk,dairy,dairy,3,4.29,12.87,false
2026-06-03T21:00:00,1002,Pembroke Pines,SKU004,Greek Yogurt,dairy,dairy,2,1.39,2.78,false
2026-06-03T21:00:00,1002,Pembroke Pines,SKU005,Chicken Breast,meat,meat,2,8.49,16.98,false
2026-06-03T21:00:00,1002,Pembroke Pines,SKU006,Ground Beef,meat,meat,3,7.99,23.97,false
2026-06-03T21:00:00,1002,Pembroke Pines,SKU007,Italian Bread,bakery,bakery,1,3.99,3.99,false
2026-06-03T21:00:00,1002,Pembroke Pines,SKU008,Croissants,bakery,bakery,1,4.99,4.99,false
2026-06-03T21:00:00,1002,Pembroke Pines,SKU009,Sparkling Water,beverages,grocery,4,5.49,21.96,false
2026-06-03T21:00:00,1002,Pembroke Pines,SKU010,Orange Juice,beverages,grocery,1,4.99,4.99,false
2026-06-03T21:00:00,1002,Pembroke Pines,SKU012,Ice Cream,frozen,frozen,1,5.99,5.99,false
2026-06-03T21:00:00,1003,Davie,SKU001,Bananas,produce,produce,4,0.69,2.76,false
2026-06-03T21:00:00,1003,Davie,SKU002,Avocados,produce,produce,3,1.49,4.47,false
2026-06-03T21:00:00,1003,Davie,SKU003,Whole Milk,dairy,dairy,3,4.29,12.87,false
2026-06-03T21:00:00,1003,Davie,SKU004,Greek Yogurt,dairy,dairy,3,1.39,4.17,false
2026-06-03T21:00:00,1003,Davie,SKU005,Chicken Breast,meat,meat,2,8.49,16.98,false
2026-06-03T21:00:00,1003,Davie,SKU006,Ground Beef,meat,meat,3,7.99,23.97,false
2026-06-03T21:00:00,1003,Davie,SKU007,Italian Bread,bakery,bakery,3,3.99,11.97,false
2026-06-03T21:00:00,1003,Davie,SKU008,Croissants,bakery,bakery,2,4.99,9.98,false
2026-06-03T21:00:00,1003,Davie,SKU009,Sparkling Water,beverages,grocery,2,5.49,10.98,false
2026-06-03T21:00:00,1003,Davie,SKU010,Orange Juice,beverages,grocery,1,4.99,4.99,false
2026-06-03T21:00:00,1003,Davie,SKU011,Frozen Pizza,frozen,frozen,1,6.99,6.99,false
2026-06-03T21:00:00,1003,Davie,SKU012,Ice Cream,frozen,frozen,1,5.99,5.99,false
2026-06-03T21:00:00,1003,Davie,SKU015,Paper Towels,household,grocery,1,12.99,12.99,false
2026-06-04T06:00:00,1001,Fort Lauderdale East,SKU001,Bananas,produce,produce,12,0.69,8.28,false
2026-06-04T06:00:00,1001,Fort Lauderdale East,SKU002,Avocados,produce,produce,3,1.49,4.47,false
2026-06-04T06:00:00,1001,Fort Lauderdale East,SKU003,Whole Milk,dairy,dairy,2,4.29,8.58,false
2026-06-04T06:00:00,1001,Fort Lauderdale East,SKU004,Greek Yogurt,dairy,dairy,2,1.39,2.78,false
2026-06-04T06:00:00,1001,Fort Lauderdale East,SKU005,Chicken Breast,meat,meat,2,8.49,16.98,false
2026-06-04T06:00:00,1001,Fort Lauderdale East,SKU006,Ground Beef,meat,meat,1,7.99,7.99,false
2026-06-04T06:00:00,1001,Fort Lauderdale East,SKU007,Italian Bread,bakery,bakery,1,3.99,3.99,false
2026-06-04T06:00:00,1001,Fort Lauderdale East,SKU008,Croissants,bakery,bakery,1,4.99,4.99,false
2026-06-04T06:00:00,1001,Fort Lauderdale East,SKU009,Sparkling Water,beverages,grocery,1,5.49,5.49,false
2026-06-04T06:00:00,1001,Fort Lauderdale East,SKU010,Orange Juice,beverages,grocery,2,4.99,9.98,false
2026-06-04T06:00:00,1001,Fort Lauderdale East,SKU013,Peanut Butter,grocery,grocery,1,3.49,3.49,false
2026-06-04T06:00:00,1001,Fort Lauderdale East,SKU014,Pasta,grocery,grocery,2,1.89,3.78,false
2026-06-04T06:00:00,1002,Pembroke Pines,SKU001,Bananas,produce,produce,7,0.69,4.83,false
2026-06-04T06:00:00,1002,Pembroke Pines,SKU002,Avocados,produce,produce,2,1.49,2.98,false
2026-06-04T06:00:00,1002,Pembroke Pines,SKU003,Whole Milk,dairy,dairy,4,4.29,17.16,false
2026-06-04T06:00:00,1002,Pembroke Pines,SKU004,Greek Yogurt,dairy,dairy,3,1.39,4.17,false
2026-06-04T06:00:00,1002,Pembroke Pines,SKU005,Chicken Breast,meat,meat,2,8.49,16.98,false
2026-06-04T06:00:00,1002,Pembroke Pines,SKU006,Ground Beef,meat,meat,2,7.99,15.98,false
2026-06-04T06:00:00,1002,Pembroke Pines,SKU007,Italian Bread,bakery,bakery,1,3.99,3.99,false
2026-06-04T06:00:00,1002,Pembroke Pines,SKU008,Croissants,bakery,bakery,1,4.99,4.99,false
2026-06-04T06:00:00,1002,Pembroke Pines,SKU013,Peanut Butter,grocery,grocery,1,3.49,3.49,false
2026-06-04T06:00:00,1002,Pembroke Pines,SKU015,Paper Towels,household,grocery,1,12.99,12.99,false
2026-06-04T06:00:00,1003,Davie,SKU001,Bananas,produce,produce,10,0.69,6.90,false
2026-06-04T06:00:00,1003,Davie,SKU002,Avocados,produce,produce,3,1.49,4.47,false
2026-06-04T06:00:00,1003,Davie,SKU003,Whole Milk,dairy,dairy,4,4.29,17.16,false
2026-06-04T06:00:00,1003,Davie,SKU004,Greek Yogurt,dairy,dairy,2,1.39,2.78,false
2026-06-04T06:00:00,1003,Davie,SKU005,Chicken Breast,meat,meat,1,8.49,8.49,false
2026-06-04T06:00:00,1003,Davie,SKU006,Ground Beef,meat,meat,1,7.99,7.99,false
2026-06-04T06:00:00,1003,Davie,SKU007,Italian Bread,bakery,bakery,2,3.99,7.98,false
2026-06-04T06:00:00,1003,Davie,SKU009,Sparkling Water,beverages,grocery,2,5.49,10.98,false
2026-06-04T06:00:00,1003,Davie,SKU010,Orange Juice,beverages,grocery,1,4.99,4.99,false
2026-06-04T06:00:00,1003,Davie,SKU011,Frozen Pizza,frozen,frozen,1,6.99,6.99,false
2026-06-04T06:00:00,1003,Davie,SKU012,Ice Cream,frozen,frozen,1,5.99,5.99,false
2026-06-04T06:00:00,1003,Davie,SKU014,Pasta,grocery,grocery,2,1.89,3.78,false
2026-06-04T07:00:00,1001,Fort Lauderdale East,SKU001,Bananas,produce,produce,11,0.69,7.59,false
2026-06-04T07:00:00,1001,Fort Lauderdale East,SKU002,Avocados,produce,produce,3,1.49,4.47,false
2026-06-04T07:00:00,1001,Fort Lauderdale East,SKU003,Whole Milk,dairy,dairy,2,4.29,8.58,false
2026-06-04T07:00:00,1001,Fort Lauderdale East,SKU004,Greek Yogurt,dairy,dairy,2,1.39,2.78,false
2026-06-04T07:00:00,1001,Fort Lauderdale East,SKU005,Chicken Breast,meat,meat,2,8.49,16.98,false
2026-06-04T07:00:00,1001,Fort Lauderdale East,SKU006,Ground Beef,meat,meat,2,7.99,15.98,false
2026-06-04T07:00:00,1001,Fort Lauderdale East,SKU007,Italian Bread,bakery,bakery,2,3.99,7.98,false
2026-06-04T07:00:00,1001,Fort Lauderdale East,SKU008,Croissants,bakery,bakery,1,4.99,4.99,false
2026-06-04T07:00:00,1001,Fort Lauderdale East,SKU009,Sparkling Water,beverages,grocery,2,5.49,10.98,false
2026-06-04T07:00:00,1001,Fort Lauderdale East,SKU010,Orange Juice,beverages,grocery,2,4.99,9.98,false
2026-06-04T07:00:00,1002,Pembroke Pines,SKU001,Bananas,produce,produce,10,0.69,6.90,false
2026-06-04T07:00:00,1002,Pembroke Pines,SKU002,Avocados,produce,produce,4,1.49,5.96,false
2026-06-04T07:00:00,1002,Pembroke Pines,SKU003,Whole Milk,dairy,dairy,1,4.29,4.29,false
2026-06-04T07:00:00,1002,Pembroke Pines,SKU004,Greek Yogurt,dairy,dairy,1,1.39,1.39,false
2026-06-04T07:00:00,1002,Pembroke Pines,SKU005,Chicken Breast,meat,meat,2,8.49,16.98,false
2026-06-04T07:00:00,1002,Pembroke Pines,SKU006,Ground Beef,meat,meat,1,7.99,7.99,false
2026-06-04T07:00:00,1002,Pembroke Pines,SKU007,Italian Bread,bakery,bakery,2,3.99,7.98,false
2026-06-04T07:00:00,1002,Pembroke Pines,SKU009,Sparkling Water,beverages,grocery,1,5.49,5.49,false
2026-06-04T07:00:00,1002,Pembroke Pines,SKU012,Ice Cream,frozen,frozen,1,5.99,5.99,false
2026-06-04T07:00:00,1002,Pembroke Pines,SKU013,Peanut Butter,grocery,grocery,1,3.49,3.49,false
2026-06-04T07:00:00,1002,Pembroke Pines,SKU015,Paper Towels,household,grocery,1,12.99,12.99,false
2026-06-04T07:00:00,1003,Davie,SKU001,Bananas,produce,produce,9,0.69,6.21,false
2026-06-04T07:00:00,1003,Davie,SKU002,Avocados,produce,produce,4,1.49,5.96,false
2026-06-04T07:00:00,1003,Davie,SKU003,Whole Milk,dairy,dairy,3,4.29,12.87,false
2026-06-04T07:00:00,1003,Davie,SKU004,Greek Yogurt,dairy,dairy,2,1.39,2.78,false
2026-06-04T07:00:00,1003,Davie,SKU005,Chicken Breast,meat,meat,3,8.49,25.47,false
2026-06-04T07:00:00,1003,Davie,SKU006,Ground Beef,meat,meat,1,7.99,7.99,false
2026-06-04T07:00:00,1003,Davie,SKU007,Italian Bread,bakery,bakery,1,3.99,3.99,false
2026-06-04T07:00:00,1003,Davie,SKU010,Orange Juice,beverages,grocery,3,4.99,14.97,false
2026-06-04T07:00:00,1003,Davie,SKU011,Frozen Pizza,frozen,frozen,1,6.99,6.99,false
2026-06-04T07:00:00,1003,Davie,SKU013,Peanut Butter,grocery,grocery,3,3.49,10.47,false
2026-06-04T07:00:00,1003,Davie,SKU015,Paper Towels,household,grocery,1,12.99,12.99,false
2026-06-04T08:00:00,1001,Fort Lauderdale East,SKU001,Bananas,produce,produce,11,0.69,7.59,false
2026-06-04T08:00:00,1001,Fort Lauderdale East,SKU002,Avocados,produce,produce,3,1.49,4.47,false
2026-06-04T08:00:00,1001,Fort Lauderdale East,SKU003,Whole Milk,dairy,dairy,3,4.29,12.87,false
2026-06-04T08:00:00,1001,Fort Lauderdale East,SKU004,Greek Yogurt,dairy,dairy,2,1.39,2.78,false
2026-06-04T08:00:00,1001,Fort Lauderdale East,SKU005,Chicken Breast,meat,meat,4,8.49,33.96,false
2026-06-04T08:00:00,1001,Fort Lauderdale East,SKU006,Ground Beef,meat,meat,3,7.99,23.97,false
2026-06-04T08:00:00,1001,Fort Lauderdale East,SKU007,Italian Bread,bakery,bakery,2,3.99,7.98,false
2026-06-04T08:00:00,1001,Fort Lauderdale East,SKU009,Sparkling Water,beverages,grocery,1,5.49,5.49,false
2026-06-04T08:00:00,1001,Fort Lauderdale East,SKU012,Ice Cream,frozen,frozen,1,5.99,5.99,false
2026-06-04T08:00:00,1002,Pembroke Pines,SKU001,Bananas,produce,produce,6,0.69,4.14,false
2026-06-04T08:00:00,1002,Pembroke Pines,SKU002,Avocados,produce,produce,5,1.49,7.45,false
2026-06-04T08:00:00,1002,Pembroke Pines,SKU004,Greek Yogurt,dairy,dairy,3,1.39,4.17,false
2026-06-04T08:00:00,1002,Pembroke Pines,SKU005,Chicken Breast,meat,meat,3,8.49,25.47,false
2026-06-04T08:00:00,1002,Pembroke Pines,SKU006,Ground Beef,meat,meat,1,7.99,7.99,false
2026-06-04T08:00:00,1002,Pembroke Pines,SKU007,Italian Bread,bakery,bakery,1,3.99,3.99,false
2026-06-04T08:00:00,1002,Pembroke Pines,SKU008,Croissants,bakery,bakery,1,4.99,4.99,false
2026-06-04T08:00:00,1002,Pembroke Pines,SKU009,Sparkling Water,beverages,grocery,1,5.49,5.49,false
2026-06-04T08:00:00,1002,Pembroke Pines,SKU010,Orange Juice,beverages,grocery,2,4.99,9.98,false
2026-06-04T08:00:00,1002,Pembroke Pines,SKU011,Frozen Pizza,frozen,frozen,1,6.99,6.99,false
2026-06-04T08:00:00,1002,Pembroke Pines,SKU014,Pasta,grocery,grocery,1,1.89,1.89,false
2026-06-04T08:00:00,1002,Pembroke Pines,SKU015,Paper Towels,household,grocery,1,12.99,12.99,false
2026-06-04T08:00:00,1003,Davie,SKU001,Bananas,produce,produce,11,0.69,7.59,false
2026-06-04T08:00:00,1003,Davie,SKU002,Avocados,produce,produce,3,1.49,4.47,false
2026-06-04T08:00:00,1003,Davie,SKU003,Whole Milk,dairy,dairy,5,4.29,21.45,false
2026-06-04T08:00:00,1003,Davie,SKU005,Chicken Breast,meat,meat,4,8.49,33.96,false
2026-06-04T08:00:00,1003,Davie,SKU006,Ground Beef,meat,meat,1,7.99,7.99,false
2026-06-04T08:00:00,1003,Davie,SKU007,Italian Bread,bakery,bakery,2,3.99,7.98,false
2026-06-04T08:00:00,1003,Davie,SKU008,Croissants,bakery,bakery,3,4.99,14.97,false
2026-06-04T08:00:00,1003,Davie,SKU009,Sparkling Water,beverages,grocery,3,5.49,16.47,false
2026-06-04T08:00:00,1003,Davie,SKU010,Orange Juice,beverages,grocery,3,4.99,14.97,false
2026-06-04T08:00:00,1003,Davie,SKU011,Frozen Pizza,frozen,frozen,2,6.99,13.98,false
2026-06-04T08:00:00,1003,Davie,SKU012,Ice Cream,frozen,frozen,1,5.99,5.99,false
2026-06-04T09:00:00,1001,Fort Lauderdale East,SKU001,Bananas,produce,produce,11,0.69,7.59,false
2026-06-04T09:00:00,1001,Fort Lauderdale East,SKU002,Avocados,produce,produce,4,1.49,5.96,false
2026-06-04T09:00:00,1001,Fort Lauderdale East,SKU003,Whole Milk,dairy,dairy,4,4.29,17.16,false
2026-06-04T09:00:00,1001,Fort Lauderdale East,SKU004,Greek Yogurt,dairy,dairy,4,1.39,5.56,false
2026-06-04T09:00:00,1001,Fort Lauderdale East,SKU005,Chicken Breast,meat,meat,3,8.49,25.47,false
2026-06-04T09:00:00,1001,Fort Lauderdale East,SKU006,Ground Beef,meat,meat,2,7.99,15.98,false
2026-06-04T09:00:00,1001,Fort Lauderdale East,SKU008,Croissants,bakery,bakery,2,4.99,9.98,false
2026-06-04T09:00:00,1001,Fort Lauderdale East,SKU009,Sparkling Water,beverages,grocery,1,5.49,5.49,false
2026-06-04T09:00:00,1001,Fort Lauderdale East,SKU010,Orange Juice,beverages,grocery,1,4.99,4.99,false
2026-06-04T09:00:00,1001,Fort Lauderdale East,SKU011,Frozen Pizza,frozen,frozen,1,6.99,6.99,false
2026-06-04T09:00:00,1001,Fort Lauderdale East,SKU013,Peanut Butter,grocery,grocery,1,3.49,3.49,false
2026-06-04T09:00:00,1002,Pembroke Pines,SKU001,Bananas,produce,produce,7,0.69,4.83,false
2026-06-04T09:00:00,1002,Pembroke Pines,SKU002,Avocados,produce,produce,5,1.49,7.45,false
2026-06-04T09:00:00,1002,Pembroke Pines,SKU003,Whole Milk,dairy,dairy,3,4.29,12.87,false
2026-06-04T09:00:00,1002,Pembroke Pines,SKU004,Greek Yogurt,dairy,dairy,3,1.39,4.17,false
2026-06-04T09:00:00,1002,Pembroke Pines,SKU005,Chicken Breast,meat,meat,2,8.49,16.98,false
2026-06-04T09:00:00,1002,Pembroke Pines,SKU006,Ground Beef,meat,meat,2,7.99,15.98,false
2026-06-04T09:00:00,1002,Pembroke Pines,SKU011,Frozen Pizza,frozen,frozen,1,6.99,6.99,false
2026-06-04T09:00:00,1002,Pembroke Pines,SKU012,Ice Cream,frozen,frozen,1,5.99,5.99,false
2026-06-04T09:00:00,1002,Pembroke Pines,SKU013,Peanut Butter,grocery,grocery,1,3.49,3.49,false
2026-06-04T09:00:00,1002,Pembroke Pines,SKU014,Pasta,grocery,grocery,1,1.89,1.89,false
2026-06-04T09:00:00,1002,Pembroke Pines,SKU015,Paper Towels,household,grocery,1,12.99,12.99,false
2026-06-04T09:00:00,1003,Davie,SKU001,Bananas,produce,produce,9,0.69,6.21,false
2026-06-04T09:00:00,1003,Davie,SKU002,Avocados,produce,produce,3,1.49,4.47,false
2026-06-04T09:00:00,1003,Davie,SKU003,Whole Milk,dairy,dairy,2,4.29,8.58,false
2026-06-04T09:00:00,1003,Davie,SKU004,Greek Yogurt,dairy,dairy,3,1.39,4.17,false
2026-06-04T09:00:00,1003,Davie,SKU005,Chicken Breast,meat,meat,2,8.49,16.98,false
2026-06-04T09:00:00,1003,Davie,SKU007,Italian Bread,bakery,bakery,1,3.99,3.99,false
2026-06-04T09:00:00,1003,Davie,SKU008,Croissants,bakery,bakery,2,4.99,9.98,false
2026-06-04T09:00:00,1003,Davie,SKU010,Orange Juice,beverages,grocery,1,4.99,4.99,false
2026-06-04T09:00:00,1003,Davie,SKU011,Frozen Pizza,frozen,frozen,2,6.99,13.98,false
2026-06-04T09:00:00,1003,Davie,SKU012,Ice Cream,frozen,frozen,2,5.99,11.98,false
2026-06-04T09:00:00,1003,Davie,SKU013,Peanut Butter,grocery,grocery,2,3.49,6.98,false
2026-06-04T09:00:00,1003,Davie,SKU014,Pasta,grocery,grocery,1,1.89,1.89,false
2026-06-04T10:00:00,1001,Fort Lauderdale East,SKU001,Bananas,produce,produce,5,0.69,3.45,false
2026-06-04T10:00:00,1001,Fort Lauderdale East,SKU002,Avocados,produce,produce,6,1.49,8.94,false
2026-06-04T10:00:00,1001,Fort Lauderdale East,SKU003,Whole Milk,dairy,dairy,4,4.29,17.16,false
2026-06-04T10:00:00,1001,Fort Lauderdale East,SKU004,Greek Yogurt,dairy,dairy,1,1.39,1.39,false
2026-06-04T10:00:00,1001,Fort Lauderdale East,SKU005,Chicken Breast,meat,meat,2,8.49,16.98,false
2026-06-04T10:00:00,1001,Fort Lauderdale East,SKU006,Ground Beef,meat,meat,1,7.99,7.99,false
2026-06-04T10:00:00,1001,Fort Lauderdale East,SKU007,Italian Bread,bakery,bakery,2,3.99,7.98,false
2026-06-04T10:00:00,1001,Fort Lauderdale East,SKU008,Croissants,bakery,bakery,2,4.99,9.98,false
2026-06-04T10:00:00,1001,Fort Lauderdale East,SKU009,Sparkling Water,beverages,grocery,1,5.49,5.49,false
2026-06-04T10:00:00,1001,Fort Lauderdale East,SKU010,Orange Juice,beverages,grocery,3,4.99,14.97,false
2026-06-04T10:00:00,1001,Fort Lauderdale East,SKU011,Frozen Pizza,frozen,frozen,1,6.99,6.99,false
2026-06-04T10:00:00,1001,Fort Lauderdale East,SKU012,Ice Cream,frozen,frozen,1,5.99,5.99,false
2026-06-04T10:00:00,1001,Fort Lauderdale East,SKU013,Peanut Butter,grocery,grocery,2,3.49,6.98,false
2026-06-04T10:00:00,1002,Pembroke Pines,SKU001,Bananas,produce,produce,14,0.69,9.66,false
2026-06-04T10:00:00,1002,Pembroke Pines,SKU002,Avocados,produce,produce,3,1.49,4.47,false
2026-06-04T10:00:00,1002,Pembroke Pines,SKU003,Whole Milk,dairy,dairy,3,4.29,12.87,false
2026-06-04T10:00:00,1002,Pembroke Pines,SKU004,Greek Yogurt,dairy,dairy,1,1.39,1.39,false
2026-06-04T10:00:00,1002,Pembroke Pines,SKU005,Chicken Breast,meat,meat,1,8.49,8.49,false
2026-06-04T10:00:00,1002,Pembroke Pines,SKU006,Ground Beef,meat,meat,1,7.99,7.99,false
2026-06-04T10:00:00,1002,Pembroke Pines,SKU007,Italian Bread,bakery,bakery,4,3.99,15.96,false
2026-06-04T10:00:00,1002,Pembroke Pines,SKU008,Croissants,bakery,bakery,2,4.99,9.98,false
2026-06-04T10:00:00,1002,Pembroke Pines,SKU009,Sparkling Water,beverages,grocery,2,5.49,10.98,false
2026-06-04T10:00:00,1002,Pembroke Pines,SKU010,Orange Juice,beverages,grocery,2,4.99,9.98,false
2026-06-04T10:00:00,1002,Pembroke Pines,SKU011,Frozen Pizza,frozen,frozen,2,6.99,13.98,false
2026-06-04T10:00:00,1002,Pembroke Pines,SKU012,Ice Cream,frozen,frozen,1,5.99,5.99,false
2026-06-04T10:00:00,1002,Pembroke Pines,SKU013,Peanut Butter,grocery,grocery,1,3.49,3.49,false
2026-06-04T10:00:00,1002,Pembroke Pines,SKU014,Pasta,grocery,grocery,1,1.89,1.89,false
2026-06-04T10:00:00,1002,Pembroke Pines,SKU015,Paper Towels,household,grocery,1,12.99,12.99,false
2026-06-04T10:00:00,1003,Davie,SKU001,Bananas,produce,produce,7,0.69,4.83,false
2026-06-04T10:00:00,1003,Davie,SKU002,Avocados,produce,produce,2,1.49,2.98,false
2026-06-04T10:00:00,1003,Davie,SKU003,Whole Milk,dairy,dairy,2,4.29,8.58,false
2026-06-04T10:00:00,1003,Davie,SKU004,Greek Yogurt,dairy,dairy,2,1.39,2.78,false
2026-06-04T10:00:00,1003,Davie,SKU005,Chicken Breast,meat,meat,1,8.49,8.49,false
2026-06-04T10:00:00,1003,Davie,SKU006,Ground Beef,meat,meat,2,7.99,15.98,false
2026-06-04T10:00:00,1003,Davie,SKU007,Italian Bread,bakery,bakery,1,3.99,3.99,false
2026-06-04T10:00:00,1003,Davie,SKU008,Croissants,bakery,bakery,1,4.99,4.99,false
2026-06-04T10:00:00,1003,Davie,SKU010,Orange Juice,beverages,grocery,2,4.99,9.98,false
2026-06-04T10:00:00,1003,Davie,SKU013,Peanut Butter,grocery,grocery,1,3.49,3.49,false
2026-06-04T10:00:00,1003,Davie,SKU014,Pasta,grocery,grocery,1,1.89,1.89,false
2026-06-04T10:00:00,1003,Davie,SKU015,Paper Towels,household,grocery,1,12.99,12.99,false
2026-06-04T11:00:00,1001,Fort Lauderdale East,SKU001,Bananas,produce,produce,15,0.69,10.35,false
2026-06-04T11:00:00,1001,Fort Lauderdale East,SKU002,Avocados,produce,produce,6,1.49,8.94,false
2026-06-04T11:00:00,1001,Fort Lauderdale East,SKU003,Whole Milk,dairy,dairy,5,4.29,21.45,false
2026-06-04T11:00:00,1001,Fort Lauderdale East,SKU004,Greek Yogurt,dairy,dairy,4,1.39,5.56,false
2026-06-04T11:00:00,1001,Fort Lauderdale East,SKU005,Chicken Breast,meat,meat,5,8.49,42.45,false
2026-06-04T11:00:00,1001,Fort Lauderdale East,SKU006,Ground Beef,meat,meat,2,7.99,15.98,false
2026-06-04T11:00:00,1001,Fort Lauderdale East,SKU007,Italian Bread,bakery,bakery,2,3.99,7.98,false
2026-06-04T11:00:00,1001,Fort Lauderdale East,SKU008,Croissants,bakery,bakery,3,4.99,14.97,false
2026-06-04T11:00:00,1001,Fort Lauderdale East,SKU009,Sparkling Water,beverages,grocery,3,5.49,16.47,false
2026-06-04T11:00:00,1001,Fort Lauderdale East,SKU010,Orange Juice,beverages,grocery,3,4.99,14.97,false
2026-06-04T11:00:00,1001,Fort Lauderdale East,SKU011,Frozen Pizza,frozen,frozen,1,6.99,6.99,false
2026-06-04T11:00:00,1001,Fort Lauderdale East,SKU012,Ice Cream,frozen,frozen,2,5.99,11.98,false
2026-06-04T11:00:00,1001,Fort Lauderdale East,SKU013,Peanut Butter,grocery,grocery,3,3.49,10.47,false
2026-06-04T11:00:00,1001,Fort Lauderdale East,SKU014,Pasta,grocery,grocery,1,1.89,1.89,false
2026-06-04T11:00:00,1001,Fort Lauderdale East,SKU015,Paper Towels,household,grocery,1,12.99,12.99,false
2026-06-04T11:00:00,1002,Pembroke Pines,SKU001,Bananas,produce,produce,9,0.69,6.21,false
2026-06-04T11:00:00,1002,Pembroke Pines,SKU002,Avocados,produce,produce,3,1.49,4.47,false
2026-06-04T11:00:00,1002,Pembroke Pines,SKU003,Whole Milk,dairy,dairy,5,4.29,21.45,false
2026-06-04T11:00:00,1002,Pembroke Pines,SKU004,Greek Yogurt,dairy,dairy,4,1.39,5.56,false
2026-06-04T11:00:00,1002,Pembroke Pines,SKU005,Chicken Breast,meat,meat,3,8.49,25.47,false
2026-06-04T11:00:00,1002,Pembroke Pines,SKU006,Ground Beef,meat,meat,1,7.99,7.99,false
2026-06-04T11:00:00,1002,Pembroke Pines,SKU007,Italian Bread,bakery,bakery,2,3.99,7.98,false
2026-06-04T11:00:00,1002,Pembroke Pines,SKU008,Croissants,bakery,bakery,4,4.99,19.96,false
2026-06-04T11:00:00,1002,Pembroke Pines,SKU009,Sparkling Water,beverages,grocery,2,5.49,10.98,false
2026-06-04T11:00:00,1002,Pembroke Pines,SKU010,Orange Juice,beverages,grocery,3,4.99,14.97,false
2026-06-04T11:00:00,1002,Pembroke Pines,SKU011,Frozen Pizza,frozen,frozen,2,6.99,13.98,false
2026-06-04T11:00:00,1002,Pembroke Pines,SKU012,Ice Cream,frozen,frozen,2,5.99,11.98,false
2026-06-04T11:00:00,1002,Pembroke Pines,SKU013,Peanut Butter,grocery,grocery,2,3.49,6.98,false
2026-06-04T11:00:00,1002,Pembroke Pines,SKU014,Pasta,grocery,grocery,1,1.89,1.89,false
2026-06-04T11:00:00,1002,Pembroke Pines,SKU015,Paper Towels,household,grocery,2,12.99,25.98,false
2026-06-04T11:00:00,1003,Davie,SKU001,Bananas,produce,produce,13,0.69,8.97,false
2026-06-04T11:00:00,1003,Davie,SKU002,Avocados,produce,produce,4,1.49,5.96,false
2026-06-04T11:00:00,1003,Davie,SKU003,Whole Milk,dairy,dairy,5,4.29,21.45,false
2026-06-04T11:00:00,1003,Davie,SKU004,Greek Yogurt,dairy,dairy,3,1.39,4.17,false
2026-06-04T11:00:00,1003,Davie,SKU005,Chicken Breast,meat,meat,3,8.49,25.47,false
2026-06-04T11:00:00,1003,Davie,SKU006,Ground Beef,meat,meat,2,7.99,15.98,false
2026-06-04T11:00:00,1003,Davie,SKU007,Italian Bread,bakery,bakery,1,3.99,3.99,false
2026-06-04T11:00:00,1003,Davie,SKU010,Orange Juice,beverages,grocery,1,4.99,4.99,false
2026-06-04T11:00:00,1003,Davie,SKU011,Frozen Pizza,frozen,frozen,1,6.99,6.99,false
2026-06-04T11:00:00,1003,Davie,SKU012,Ice Cream,frozen,frozen,1,5.99,5.99,false
2026-06-04T11:00:00,1003,Davie,SKU013,Peanut Butter,grocery,grocery,2,3.49,6.98,false
2026-06-04T11:00:00,1003,Davie,SKU014,Pasta,grocery,grocery,2,1.89,3.78,false
2026-06-04T12:00:00,1001,Fort Lauderdale East,SKU001,Bananas,produce,produce,22,0.69,15.18,false
2026-06-04T12:00:00,1001,Fort Lauderdale East,SKU002,Avocados,produce,produce,5,1.49,7.45,false
2026-06-04T12:00:00,1001,Fort Lauderdale East,SKU003,Whole Milk,dairy,dairy,4,4.29,17.16,false
2026-06-04T12:00:00,1001,Fort Lauderdale East,SKU004,Greek Yogurt,dairy,dairy,3,1.39,4.17,false
2026-06-04T12:00:00,1001,Fort Lauderdale East,SKU005,Chicken Breast,meat,meat,3,8.49,25.47,false
2026-06-04T12:00:00,1001,Fort Lauderdale East,SKU006,Ground Beef,meat,meat,3,7.99,23.97,false
2026-06-04T12:00:00,1001,Fort Lauderdale East,SKU007,Italian Bread,bakery,bakery,2,3.99,7.98,false
2026-06-04T12:00:00,1001,Fort Lauderdale East,SKU008,Croissants,bakery,bakery,3,4.99,14.97,false
2026-06-04T12:00:00,1001,Fort Lauderdale East,SKU009,Sparkling Water,beverages,grocery,1,5.49,5.49,false
2026-06-04T12:00:00,1001,Fort Lauderdale East,SKU010,Orange Juice,beverages,grocery,3,4.99,14.97,false
2026-06-04T12:00:00,1001,Fort Lauderdale East,SKU011,Frozen Pizza,frozen,frozen,2,6.99,13.98,false
2026-06-04T12:00:00,1001,Fort Lauderdale East,SKU012,Ice Cream,frozen,frozen,2,5.99,11.98,false
2026-06-04T12:00:00,1001,Fort Lauderdale East,SKU014,Pasta,grocery,grocery,1,1.89,1.89,false
2026-06-04T12:00:00,1001,Fort Lauderdale East,SKU015,Paper Towels,household,grocery,1,12.99,12.99,false
2026-06-04T12:00:00,1002,Pembroke Pines,SKU001,Bananas,produce,produce,13,0.69,8.97,false
2026-06-04T12:00:00,1002,Pembroke Pines,SKU002,Avocados,produce,produce,4,1.49,5.96,false
2026-06-04T12:00:00,1002,Pembroke Pines,SKU003,Whole Milk,dairy,dairy,2,4.29,8.58,false
2026-06-04T12:00:00,1002,Pembroke Pines,SKU004,Greek Yogurt,dairy,dairy,3,1.39,4.17,false
2026-06-04T12:00:00,1002,Pembroke Pines,SKU005,Chicken Breast,meat,meat,1,8.49,8.49,false
2026-06-04T12:00:00,1002,Pembroke Pines,SKU006,Ground Beef,meat,meat,3,7.99,23.97,false
2026-06-04T12:00:00,1002,Pembroke Pines,SKU007,Italian Bread,bakery,bakery,2,3.99,7.98,false
2026-06-04T12:00:00,1002,Pembroke Pines,SKU008,Croissants,bakery,bakery,3,4.99,14.97,false
2026-06-04T12:00:00,1002,Pembroke Pines,SKU009,Sparkling Water,beverages,grocery,3,5.49,16.47,false
2026-06-04T12:00:00,1002,Pembroke Pines,SKU010,Orange Juice,beverages,grocery,2,4.99,9.98,false
2026-06-04T12:00:00,1002,Pembroke Pines,SKU011,Frozen Pizza,frozen,frozen,1,6.99,6.99,false
2026-06-04T12:00:00,1002,Pembroke Pines,SKU012,Ice Cream,frozen,frozen,3,5.99,17.97,false
2026-06-04T12:00:00,1002,Pembroke Pines,SKU013,Peanut Butter,grocery,grocery,1,3.49,3.49,false
2026-06-04T12:00:00,1002,Pembroke Pines,SKU014,Pasta,grocery,grocery,1,1.89,1.89,false
2026-06-04T12:00:00,1003,Davie,SKU001,Bananas,produce,produce,11,0.69,7.59,false
2026-06-04T12:00:00,1003,Davie,SKU002,Avocados,produce,produce,5,1.49,7.45,false
2026-06-04T12:00:00,1003,Davie,SKU003,Whole Milk,dairy,dairy,4,4.29,17.16,false
2026-06-04T12:00:00,1003,Davie,SKU005,Chicken Breast,meat,meat,2,8.49,16.98,false
2026-06-04T12:00:00,1003,Davie,SKU006,Ground Beef,meat,meat,4,7.99,31.96,false
2026-06-04T12:00:00,1003,Davie,SKU007,Italian Bread,bakery,bakery,3,3.99,11.97,false
2026-06-04T12:00:00,1003,Davie,SKU008,Croissants,bakery,bakery,4,4.99,19.96,false
2026-06-04T12:00:00,1003,Davie,SKU011,Frozen Pizza,frozen,frozen,2,6.99,13.98,false
2026-06-04T12:00:00,1003,Davie,SKU013,Peanut Butter,grocery,grocery,2,3.49,6.98,false
2026-06-04T12:00:00,1003,Davie,SKU015,Paper Towels,household,grocery,2,12.99,25.98,false
2026-06-04T13:00:00,1001,Fort Lauderdale East,SKU001,Bananas,produce,produce,9,0.69,6.21,false
2026-06-04T13:00:00,1001,Fort Lauderdale East,SKU002,Avocados,produce,produce,3,1.49,4.47,false
2026-06-04T13:00:00,1001,Fort Lauderdale East,SKU003,Whole Milk,dairy,dairy,4,4.29,17.16,false
2026-06-04T13:00:00,1001,Fort Lauderdale East,SKU004,Greek Yogurt,dairy,dairy,3,1.39,4.17,false
2026-06-04T13:00:00,1001,Fort Lauderdale East,SKU005,Chicken Breast,meat,meat,1,8.49,8.49,false
2026-06-04T13:00:00,1001,Fort Lauderdale East,SKU007,Italian Bread,bakery,bakery,3,3.99,11.97,false
2026-06-04T13:00:00,1001,Fort Lauderdale East,SKU008,Croissants,bakery,bakery,1,4.99,4.99,false
2026-06-04T13:00:00,1001,Fort Lauderdale East,SKU009,Sparkling Water,beverages,grocery,2,5.49,10.98,false
2026-06-04T13:00:00,1001,Fort Lauderdale East,SKU010,Orange Juice,beverages,grocery,1,4.99,4.99,false
2026-06-04T13:00:00,1001,Fort Lauderdale East,SKU011,Frozen Pizza,frozen,frozen,1,6.99,6.99,false
2026-06-04T13:00:00,1001,Fort Lauderdale East,SKU015,Paper Towels,household,grocery,1,12.99,12.99,false
2026-06-04T13:00:00,1002,Pembroke Pines,SKU001,Bananas,produce,produce,9,0.69,6.21,false
2026-06-04T13:00:00,1002,Pembroke Pines,SKU002,Avocados,produce,produce,2,1.49,2.98,false
2026-06-04T13:00:00,1002,Pembroke Pines,SKU003,Whole Milk,dairy,dairy,4,4.29,17.16,false
2026-06-04T13:00:00,1002,Pembroke Pines,SKU004,Greek Yogurt,dairy,dairy,2,1.39,2.78,false
2026-06-04T13:00:00,1002,Pembroke Pines,SKU005,Chicken Breast,meat,meat,1,8.49,8.49,false
2026-06-04T13:00:00,1002,Pembroke Pines,SKU007,Italian Bread,bakery,bakery,3,3.99,11.97,false
2026-06-04T13:00:00,1002,Pembroke Pines,SKU008,Croissants,bakery,bakery,3,4.99,14.97,false
2026-06-04T13:00:00,1002,Pembroke Pines,SKU012,Ice Cream,frozen,frozen,2,5.99,11.98,false
2026-06-04T13:00:00,1002,Pembroke Pines,SKU013,Peanut Butter,grocery,grocery,1,3.49,3.49,false
2026-06-04T13:00:00,1002,Pembroke Pines,SKU015,Paper Towels,household,grocery,1,12.99,12.99,false
2026-06-04T13:00:00,1003,Davie,SKU001,Bananas,produce,produce,9,0.69,6.21,false
2026-06-04T13:00:00,1003,Davie,SKU002,Avocados,produce,produce,3,1.49,4.47,false
2026-06-04T13:00:00,1003,Davie,SKU003,Whole Milk,dairy,dairy,2,4.29,8.58,false
2026-06-04T13:00:00,1003,Davie,SKU004,Greek Yogurt,dairy,dairy,2,1.39,2.78,false
2026-06-04T13:00:00,1003,Davie,SKU005,Chicken Breast,meat,meat,3,8.49,25.47,false
2026-06-04T13:00:00,1003,Davie,SKU006,Ground Beef,meat,meat,1,7.99,7.99,false
2026-06-04T13:00:00,1003,Davie,SKU007,Italian Bread,bakery,bakery,2,3.99,7.98,false
2026-06-04T13:00:00,1003,Davie,SKU008,Croissants,bakery,bakery,1,4.99,4.99,false
2026-06-04T13:00:00,1003,Davie,SKU009,Sparkling Water,beverages,grocery,2,5.49,10.98,false
2026-06-04T13:00:00,1003,Davie,SKU010,Orange Juice,beverages,grocery,1,4.99,4.99,false
2026-06-04T13:00:00,1003,Davie,SKU011,Frozen Pizza,frozen,frozen,3,6.99,20.97,false
2026-06-04T13:00:00,1003,Davie,SKU014,Pasta,grocery,grocery,1,1.89,1.89,false
2026-06-04T14:00:00,1001,Fort Lauderdale East,SKU001,Bananas,produce,produce,9,0.69,6.21,false
2026-06-04T14:00:00,1001,Fort Lauderdale East,SKU002,Avocados,produce,produce,7,1.49,10.43,false
2026-06-04T14:00:00,1001,Fort Lauderdale East,SKU003,Whole Milk,dairy,dairy,3,4.29,12.87,false
2026-06-04T14:00:00,1001,Fort Lauderdale East,SKU004,Greek Yogurt,dairy,dairy,4,1.39,5.56,false
2026-06-04T14:00:00,1001,Fort Lauderdale East,SKU005,Chicken Breast,meat,meat,3,8.49,25.47,false
2026-06-04T14:00:00,1001,Fort Lauderdale East,SKU006,Ground Beef,meat,meat,2,7.99,15.98,false
2026-06-04T14:00:00,1001,Fort Lauderdale East,SKU007,Italian Bread,bakery,bakery,1,3.99,3.99,false
2026-06-04T14:00:00,1001,Fort Lauderdale East,SKU008,Croissants,bakery,bakery,1,4.99,4.99,false
2026-06-04T14:00:00,1001,Fort Lauderdale East,SKU009,Sparkling Water,beverages,grocery,2,5.49,10.98,false
2026-06-04T14:00:00,1001,Fort Lauderdale East,SKU012,Ice Cream,frozen,frozen,2,5.99,11.98,false
2026-06-04T14:00:00,1001,Fort Lauderdale East,SKU013,Peanut Butter,grocery,grocery,1,3.49,3.49,false
2026-06-04T14:00:00,1001,Fort Lauderdale East,SKU014,Pasta,grocery,grocery,1,1.89,1.89,false
2026-06-04T14:00:00,1002,Pembroke Pines,SKU001,Bananas,produce,produce,11,0.69,7.59,false
2026-06-04T14:00:00,1002,Pembroke Pines,SKU002,Avocados,produce,produce,2,1.49,2.98,false
2026-06-04T14:00:00,1002,Pembroke Pines,SKU003,Whole Milk,dairy,dairy,2,4.29,8.58,false
2026-06-04T14:00:00,1002,Pembroke Pines,SKU004,Greek Yogurt,dairy,dairy,1,1.39,1.39,false
2026-06-04T14:00:00,1002,Pembroke Pines,SKU005,Chicken Breast,meat,meat,3,8.49,25.47,false
2026-06-04T14:00:00,1002,Pembroke Pines,SKU006,Ground Beef,meat,meat,1,7.99,7.99,false
2026-06-04T14:00:00,1002,Pembroke Pines,SKU007,Italian Bread,bakery,bakery,1,3.99,3.99,false
2026-06-04T14:00:00,1002,Pembroke Pines,SKU008,Croissants,bakery,bakery,2,4.99,9.98,false
2026-06-04T14:00:00,1002,Pembroke Pines,SKU009,Sparkling Water,beverages,grocery,2,5.49,10.98,false
2026-06-04T14:00:00,1002,Pembroke Pines,SKU010,Orange Juice,beverages,grocery,1,4.99,4.99,false
2026-06-04T14:00:00,1002,Pembroke Pines,SKU011,Frozen Pizza,frozen,frozen,1,6.99,6.99,false
2026-06-04T14:00:00,1003,Davie,SKU001,Bananas,produce,produce,11,0.69,7.59,false
2026-06-04T14:00:00,1003,Davie,SKU002,Avocados,produce,produce,2,1.49,2.98,false
2026-06-04T14:00:00,1003,Davie,SKU003,Whole Milk,dairy,dairy,3,4.29,12.87,false
2026-06-04T14:00:00,1003,Davie,SKU004,Greek Yogurt,dairy,dairy,3,1.39,4.17,false
2026-06-04T14:00:00,1003,Davie,SKU005,Chicken Breast,meat,meat,1,8.49,8.49,false
2026-06-04T14:00:00,1003,Davie,SKU006,Ground Beef,meat,meat,4,7.99,31.96,false
2026-06-04T14:00:00,1003,Davie,SKU007,Italian Bread,bakery,bakery,1,3.99,3.99,false
2026-06-04T14:00:00,1003,Davie,SKU010,Orange Juice,beverages,grocery,2,4.99,9.98,false
2026-06-04T14:00:00,1003,Davie,SKU011,Frozen Pizza,frozen,frozen,1,6.99,6.99,false
2026-06-04T14:00:00,1003,Davie,SKU012,Ice Cream,frozen,frozen,1,5.99,5.99,false
2026-06-04T15:00:00,1001,Fort Lauderdale East,SKU001,Bananas,produce,produce,12,0.69,8.28,false
2026-06-04T15:00:00,1001,Fort Lauderdale East,SKU002,Avocados,produce,produce,3,1.49,4.47,false
2026-06-04T15:00:00,1001,Fort Lauderdale East,SKU003,Whole Milk,dairy,dairy,2,4.29,8.58,false
2026-06-04T15:00:00,1001,Fort Lauderdale East,SKU004,Greek Yogurt,dairy,dairy,2,1.39,2.78,false
2026-06-04T15:00:00,1001,Fort Lauderdale East,SKU005,Chicken Breast,meat,meat,3,8.49,25.47,false
2026-06-04T15:00:00,1001,Fort Lauderdale East,SKU006,Ground Beef,meat,meat,3,7.99,23.97,false
2026-06-04T15:00:00,1001,Fort Lauderdale East,SKU007,Italian Bread,bakery,bakery,3,3.99,11.97,false
2026-06-04T15:00:00,1001,Fort Lauderdale East,SKU009,Sparkling Water,beverages,grocery,1,5.49,5.49,false
2026-06-04T15:00:00,1001,Fort Lauderdale East,SKU010,Orange Juice,beverages,grocery,2,4.99,9.98,false
2026-06-04T15:00:00,1001,Fort Lauderdale East,SKU012,Ice Cream,frozen,frozen,1,5.99,5.99,false
2026-06-04T15:00:00,1001,Fort Lauderdale East,SKU013,Peanut Butter,grocery,grocery,1,3.49,3.49,false
2026-06-04T15:00:00,1001,Fort Lauderdale East,SKU014,Pasta,grocery,grocery,1,1.89,1.89,false
2026-06-04T15:00:00,1002,Pembroke Pines,SKU001,Bananas,produce,produce,8,0.69,5.52,false
2026-06-04T15:00:00,1002,Pembroke Pines,SKU002,Avocados,produce,produce,3,1.49,4.47,false
2026-06-04T15:00:00,1002,Pembroke Pines,SKU003,Whole Milk,dairy,dairy,4,4.29,17.16,false
2026-06-04T15:00:00,1002,Pembroke Pines,SKU004,Greek Yogurt,dairy,dairy,3,1.39,4.17,false
2026-06-04T15:00:00,1002,Pembroke Pines,SKU005,Chicken Breast,meat,meat,1,8.49,8.49,false
2026-06-04T15:00:00,1002,Pembroke Pines,SKU006,Ground Beef,meat,meat,1,7.99,7.99,false
2026-06-04T15:00:00,1002,Pembroke Pines,SKU007,Italian Bread,bakery,bakery,2,3.99,7.98,false
2026-06-04T15:00:00,1002,Pembroke Pines,SKU008,Croissants,bakery,bakery,2,4.99,9.98,false
2026-06-04T15:00:00,1002,Pembroke Pines,SKU010,Orange Juice,beverages,grocery,1,4.99,4.99,false
2026-06-04T15:00:00,1002,Pembroke Pines,SKU011,Frozen Pizza,frozen,frozen,2,6.99,13.98,false
2026-06-04T15:00:00,1002,Pembroke Pines,SKU012,Ice Cream,frozen,frozen,1,5.99,5.99,false
2026-06-04T15:00:00,1002,Pembroke Pines,SKU015,Paper Towels,household,grocery,1,12.99,12.99,false
2026-06-04T15:00:00,1003,Davie,SKU001,Bananas,produce,produce,9,0.69,6.21,false
2026-06-04T15:00:00,1003,Davie,SKU002,Avocados,produce,produce,4,1.49,5.96,false
2026-06-04T15:00:00,1003,Davie,SKU003,Whole Milk,dairy,dairy,4,4.29,17.16,false
2026-06-04T15:00:00,1003,Davie,SKU004,Greek Yogurt,dairy,dairy,1,1.39,1.39,false
2026-06-04T15:00:00,1003,Davie,SKU005,Chicken Breast,meat,meat,2,8.49,16.98,false
2026-06-04T15:00:00,1003,Davie,SKU006,Ground Beef,meat,meat,1,7.99,7.99,false
2026-06-04T15:00:00,1003,Davie,SKU008,Croissants,bakery,bakery,1,4.99,4.99,false
2026-06-04T15:00:00,1003,Davie,SKU009,Sparkling Water,beverages,grocery,2,5.49,10.98,false
2026-06-04T15:00:00,1003,Davie,SKU010,Orange Juice,beverages,grocery,1,4.99,4.99,false
2026-06-04T15:00:00,1003,Davie,SKU011,Frozen Pizza,frozen,frozen,1,6.99,6.99,false
2026-06-04T15:00:00,1003,Davie,SKU013,Peanut Butter,grocery,grocery,1,3.49,3.49,false
2026-06-04T15:00:00,1003,Davie,SKU014,Pasta,grocery,grocery,1,1.89,1.89,false
2026-06-04T16:00:00,1001,Fort Lauderdale East,SKU001,Bananas,produce,produce,9,0.69,6.21,false
2026-06-04T16:00:00,1001,Fort Lauderdale East,SKU002,Avocados,produce,produce,3,1.49,4.47,false
2026-06-04T16:00:00,1001,Fort Lauderdale East,SKU003,Whole Milk,dairy,dairy,3,4.29,12.87,false
2026-06-04T16:00:00,1001,Fort Lauderdale East,SKU004,Greek Yogurt,dairy,dairy,3,1.39,4.17,false
2026-06-04T16:00:00,1001,Fort Lauderdale East,SKU006,Ground Beef,meat,meat,2,7.99,15.98,false
2026-06-04T16:00:00,1001,Fort Lauderdale East,SKU007,Italian Bread,bakery,bakery,2,3.99,7.98,false
2026-06-04T16:00:00,1001,Fort Lauderdale East,SKU008,Croissants,bakery,bakery,1,4.99,4.99,false
2026-06-04T16:00:00,1001,Fort Lauderdale East,SKU009,Sparkling Water,beverages,grocery,2,5.49,10.98,false
2026-06-04T16:00:00,1001,Fort Lauderdale East,SKU010,Orange Juice,beverages,grocery,2,4.99,9.98,false
2026-06-04T16:00:00,1001,Fort Lauderdale East,SKU011,Frozen Pizza,frozen,frozen,3,6.99,20.97,false
2026-06-04T16:00:00,1001,Fort Lauderdale East,SKU012,Ice Cream,frozen,frozen,1,5.99,5.99,false
2026-06-04T16:00:00,1001,Fort Lauderdale East,SKU013,Peanut Butter,grocery,grocery,1,3.49,3.49,false
2026-06-04T16:00:00,1001,Fort Lauderdale East,SKU015,Paper Towels,household,grocery,1,12.99,12.99,false
2026-06-04T16:00:00,1002,Pembroke Pines,SKU001,Bananas,produce,produce,6,0.69,4.14,false
2026-06-04T16:00:00,1002,Pembroke Pines,SKU002,Avocados,produce,produce,4,1.49,5.96,false
2026-06-04T16:00:00,1002,Pembroke Pines,SKU003,Whole Milk,dairy,dairy,1,4.29,4.29,false
2026-06-04T16:00:00,1002,Pembroke Pines,SKU004,Greek Yogurt,dairy,dairy,1,1.39,1.39,false
2026-06-04T16:00:00,1002,Pembroke Pines,SKU005,Chicken Breast,meat,meat,2,8.49,16.98,false
2026-06-04T16:00:00,1002,Pembroke Pines,SKU006,Ground Beef,meat,meat,2,7.99,15.98,false
2026-06-04T16:00:00,1002,Pembroke Pines,SKU007,Italian Bread,bakery,bakery,3,3.99,11.97,false
2026-06-04T16:00:00,1002,Pembroke Pines,SKU008,Croissants,bakery,bakery,1,4.99,4.99,false
2026-06-04T16:00:00,1002,Pembroke Pines,SKU009,Sparkling Water,beverages,grocery,1,5.49,5.49,false
2026-06-04T16:00:00,1002,Pembroke Pines,SKU010,Orange Juice,beverages,grocery,1,4.99,4.99,false
2026-06-04T16:00:00,1002,Pembroke Pines,SKU013,Peanut Butter,grocery,grocery,1,3.49,3.49,false
2026-06-04T16:00:00,1003,Davie,SKU001,Bananas,produce,produce,5,0.69,3.45,false
2026-06-04T16:00:00,1003,Davie,SKU002,Avocados,produce,produce,3,1.49,4.47,false
2026-06-04T16:00:00,1003,Davie,SKU003,Whole Milk,dairy,dairy,1,4.29,4.29,false
2026-06-04T16:00:00,1003,Davie,SKU004,Greek Yogurt,dairy,dairy,3,1.39,4.17,false
2026-06-04T16:00:00,1003,Davie,SKU005,Chicken Breast,meat,meat,3,8.49,25.47,false
2026-06-04T16:00:00,1003,Davie,SKU006,Ground Beef,meat,meat,2,7.99,15.98,false
2026-06-04T16:00:00,1003,Davie,SKU007,Italian Bread,bakery,bakery,1,3.99,3.99,false
2026-06-04T16:00:00,1003,Davie,SKU008,Croissants,bakery,bakery,1,4.99,4.99,false
2026-06-04T16:00:00,1003,Davie,SKU010,Orange Juice,beverages,grocery,2,4.99,9.98,false
2026-06-04T16:00:00,1003,Davie,SKU011,Frozen Pizza,frozen,frozen,2,6.99,13.98,false
2026-06-04T16:00:00,1003,Davie,SKU012,Ice Cream,frozen,frozen,1,5.99,5.99,false
2026-06-04T17:00:00,1001,Fort Lauderdale East,SKU001,Bananas,produce,produce,14,0.69,9.66,false
2026-06-04T17:00:00,1001,Fort Lauderdale East,SKU002,Avocados,produce,produce,8,1.49,11.92,false
2026-06-04T17:00:00,1001,Fort Lauderdale East,SKU003,Whole Milk,dairy,dairy,3,4.29,12.87,false
2026-06-04T17:00:00,1001,Fort Lauderdale East,SKU004,Greek Yogurt,dairy,dairy,2,1.39,2.78,false
2026-06-04T17:00:00,1001,Fort Lauderdale East,SKU005,Chicken Breast,meat,meat,4,8.49,33.96,false
2026-06-04T17:00:00,1001,Fort Lauderdale East,SKU006,Ground Beef,meat,meat,2,7.99,15.98,false
2026-06-04T17:00:00,1001,Fort Lauderdale East,SKU007,Italian Bread,bakery,bakery,6,3.99,23.94,false
2026-06-04T17:00:00,1001,Fort Lauderdale East,SKU008,Croissants,bakery,bakery,1,4.99,4.99,false
2026-06-04T17:00:00,1001,Fort Lauderdale East,SKU009,Sparkling Water,beverages,grocery,4,5.49,21.96,false
2026-06-04T17:00:00,1001,Fort Lauderdale East,SKU010,Orange Juice,beverages,grocery,1,4.99,4.99,false
2026-06-04T17:00:00,1001,Fort Lauderdale East,SKU011,Frozen Pizza,frozen,frozen,1,6.99,6.99,false
2026-06-04T17:00:00,1001,Fort Lauderdale East,SKU012,Ice Cream,frozen,frozen,1,5.99,5.99,false
2026-06-04T17:00:00,1001,Fort Lauderdale East,SKU014,Pasta,grocery,grocery,3,1.89,5.67,false
2026-06-04T17:00:00,1001,Fort Lauderdale East,SKU015,Paper Towels,household,grocery,1,12.99,12.99,false
2026-06-04T17:00:00,1002,Pembroke Pines,SKU001,Bananas,produce,produce,10,0.69,6.90,false
2026-06-04T17:00:00,1002,Pembroke Pines,SKU002,Avocados,produce,produce,6,1.49,8.94,false
2026-06-04T17:00:00,1002,Pembroke Pines,SKU003,Whole Milk,dairy,dairy,3,4.29,12.87,false
2026-06-04T17:00:00,1002,Pembroke Pines,SKU004,Greek Yogurt,dairy,dairy,4,1.39,5.56,false
2026-06-04T17:00:00,1002,Pembroke Pines,SKU005,Chicken Breast,meat,meat,3,8.49,25.47,false
2026-06-04T17:00:00,1002,Pembroke Pines,SKU006,Ground Beef,meat,meat,2,7.99,15.98,false
2026-06-04T17:00:00,1002,Pembroke Pines,SKU007,Italian Bread,bakery,bakery,3,3.99,11.97,false
2026-06-04T17:00:00,1002,Pembroke Pines,SKU008,Croissants,bakery,bakery,1,4.99,4.99,false
2026-06-04T17:00:00,1002,Pembroke Pines,SKU010,Orange Juice,beverages,grocery,3,4.99,14.97,false
2026-06-04T17:00:00,1002,Pembroke Pines,SKU011,Frozen Pizza,frozen,frozen,1,6.99,6.99,false
2026-06-04T17:00:00,1002,Pembroke Pines,SKU012,Ice Cream,frozen,frozen,1,5.99,5.99,false
2026-06-04T17:00:00,1002,Pembroke Pines,SKU014,Pasta,grocery,grocery,1,1.89,1.89,false
2026-06-04T17:00:00,1003,Davie,SKU001,Bananas,produce,produce,10,0.69,6.90,false
2026-06-04T17:00:00,1003,Davie,SKU002,Avocados,produce,produce,5,1.49,7.45,false
2026-06-04T17:00:00,1003,Davie,SKU003,Whole Milk,dairy,dairy,3,4.29,12.87,false
2026-06-04T17:00:00,1003,Davie,SKU004,Greek Yogurt,dairy,dairy,4,1.39,5.56,false
2026-06-04T17:00:00,1003,Davie,SKU005,Chicken Breast,meat,meat,4,8.49,33.96,false
2026-06-04T17:00:00,1003,Davie,SKU006,Ground Beef,meat,meat,3,7.99,23.97,false
2026-06-04T17:00:00,1003,Davie,SKU007,Italian Bread,bakery,bakery,2,3.99,7.98,false
2026-06-04T17:00:00,1003,Davie,SKU008,Croissants,bakery,bakery,1,4.99,4.99,false
2026-06-04T17:00:00,1003,Davie,SKU009,Sparkling Water,beverages,grocery,1,5.49,5.49,false
2026-06-04T17:00:00,1003,Davie,SKU010,Orange Juice,beverages,grocery,4,4.99,19.96,false
2026-06-04T17:00:00,1003,Davie,SKU011,Frozen Pizza,frozen,frozen,2,6.99,13.98,false
2026-06-04T17:00:00,1003,Davie,SKU012,Ice Cream,frozen,frozen,2,5.99,11.98,false
2026-06-04T17:00:00,1003,Davie,SKU013,Peanut Butter,grocery,grocery,2,3.49,6.98,false
2026-06-04T17:00:00,1003,Davie,SKU014,Pasta,grocery,grocery,3,1.89,5.67,false
2026-06-04T17:00:00,1003,Davie,SKU015,Paper Towels,household,grocery,2,12.99,25.98,false
2026-06-04T18:00:00,1001,Fort Lauderdale East,SKU001,Bananas,produce,produce,8,0.69,5.52,false
2026-06-04T18:00:00,1001,Fort Lauderdale East,SKU002,Avocados,produce,produce,6,1.49,8.94,false
2026-06-04T18:00:00,1001,Fort Lauderdale East,SKU003,Whole Milk,dairy,dairy,7,4.29,30.03,false
2026-06-04T18:00:00,1001,Fort Lauderdale East,SKU004,Greek Yogurt,dairy,dairy,3,1.39,4.17,false
2026-06-04T18:00:00,1001,Fort Lauderdale East,SKU005,Chicken Breast,meat,meat,3,8.49,25.47,false
2026-06-04T18:00:00,1001,Fort Lauderdale East,SKU006,Ground Beef,meat,meat,2,7.99,15.98,false
2026-06-04T18:00:00,1001,Fort Lauderdale East,SKU007,Italian Bread,bakery,bakery,3,3.99,11.97,false
2026-06-04T18:00:00,1001,Fort Lauderdale East,SKU008,Croissants,bakery,bakery,2,4.99,9.98,false
2026-06-04T18:00:00,1001,Fort Lauderdale East,SKU009,Sparkling Water,beverages,grocery,3,5.49,16.47,false
2026-06-04T18:00:00,1001,Fort Lauderdale East,SKU010,Orange Juice,beverages,grocery,1,4.99,4.99,false
2026-06-04T18:00:00,1001,Fort Lauderdale East,SKU011,Frozen Pizza,frozen,frozen,1,6.99,6.99,false
2026-06-04T18:00:00,1001,Fort Lauderdale East,SKU012,Ice Cream,frozen,frozen,2,5.99,11.98,false
2026-06-04T18:00:00,1001,Fort Lauderdale East,SKU013,Peanut Butter,grocery,grocery,1,3.49,3.49,false
2026-06-04T18:00:00,1001,Fort Lauderdale East,SKU014,Pasta,grocery,grocery,1,1.89,1.89,false
2026-06-04T18:00:00,1001,Fort Lauderdale East,SKU015,Paper Towels,household,grocery,1,12.99,12.99,false
2026-06-04T18:00:00,1002,Pembroke Pines,SKU001,Bananas,produce,produce,12,0.69,8.28,false
2026-06-04T18:00:00,1002,Pembroke Pines,SKU002,Avocados,produce,produce,5,1.49,7.45,false
2026-06-04T18:00:00,1002,Pembroke Pines,SKU003,Whole Milk,dairy,dairy,2,4.29,8.58,false
2026-06-04T18:00:00,1002,Pembroke Pines,SKU004,Greek Yogurt,dairy,dairy,4,1.39,5.56,false
2026-06-04T18:00:00,1002,Pembroke Pines,SKU005,Chicken Breast,meat,meat,1,8.49,8.49,false
2026-06-04T18:00:00,1002,Pembroke Pines,SKU006,Ground Beef,meat,meat,2,7.99,15.98,false
2026-06-04T18:00:00,1002,Pembroke Pines,SKU007,Italian Bread,bakery,bakery,4,3.99,15.96,false
2026-06-04T18:00:00,1002,Pembroke Pines,SKU009,Sparkling Water,beverages,grocery,4,5.49,21.96,false
2026-06-04T18:00:00,1002,Pembroke Pines,SKU010,Orange Juice,beverages,grocery,2,4.99,9.98,false
2026-06-04T18:00:00,1002,Pembroke Pines,SKU011,Frozen Pizza,frozen,frozen,1,6.99,6.99,false
2026-06-04T18:00:00,1002,Pembroke Pines,SKU012,Ice Cream,frozen,frozen,1,5.99,5.99,false
2026-06-04T18:00:00,1002,Pembroke Pines,SKU013,Peanut Butter,grocery,grocery,2,3.49,6.98,false
2026-06-04T18:00:00,1002,Pembroke Pines,SKU014,Pasta,grocery,grocery,1,1.89,1.89,false
2026-06-04T18:00:00,1002,Pembroke Pines,SKU015,Paper Towels,household,grocery,1,12.99,12.99,false
2026-06-04T18:00:00,1003,Davie,SKU001,Bananas,produce,produce,16,0.69,11.04,false
2026-06-04T18:00:00,1003,Davie,SKU002,Avocados,produce,produce,7,1.49,10.43,false
2026-06-04T18:00:00,1003,Davie,SKU003,Whole Milk,dairy,dairy,4,4.29,17.16,false
2026-06-04T18:00:00,1003,Davie,SKU004,Greek Yogurt,dairy,dairy,3,1.39,4.17,false
2026-06-04T18:00:00,1003,Davie,SKU005,Chicken Breast,meat,meat,2,8.49,16.98,false
2026-06-04T18:00:00,1003,Davie,SKU006,Ground Beef,meat,meat,2,7.99,15.98,false
2026-06-04T18:00:00,1003,Davie,SKU007,Italian Bread,bakery,bakery,2,3.99,7.98,false
2026-06-04T18:00:00,1003,Davie,SKU008,Croissants,bakery,bakery,1,4.99,4.99,false
2026-06-04T18:00:00,1003,Davie,SKU009,Sparkling Water,beverages,grocery,3,5.49,16.47,false
2026-06-04T18:00:00,1003,Davie,SKU011,Frozen Pizza,frozen,frozen,1,6.99,6.99,false
2026-06-04T18:00:00,1003,Davie,SKU012,Ice Cream,frozen,frozen,2,5.99,11.98,false
2026-06-04T18:00:00,1003,Davie,SKU013,Peanut Butter,grocery,grocery,1,3.49,3.49,false
2026-06-04T18:00:00,1003,Davie,SKU014,Pasta,grocery,grocery,1,1.89,1.89,false
2026-06-04T18:00:00,1003,Davie,SKU015,Paper Towels,household,grocery,1,12.99,12.99,false
2026-06-04T19:00:00,1001,Fort Lauderdale East,SKU001,Bananas,produce,produce,14,0.69,9.66,false
2026-06-04T19:00:00,1001,Fort Lauderdale East,SKU002,Avocados,produce,produce,5,1.49,7.45,false
2026-06-04T19:00:00,1001,Fort Lauderdale East,SKU003,Whole Milk,dairy,dairy,2,4.29,8.58,false
2026-06-04T19:00:00,1001,Fort Lauderdale East,SKU005,Chicken Breast,meat,meat,2,8.49,16.98,false
2026-06-04T19:00:00,1001,Fort Lauderdale East,SKU006,Ground Beef,meat,meat,1,7.99,7.99,false
2026-06-04T19:00:00,1001,Fort Lauderdale East,SKU007,Italian Bread,bakery,bakery,1,3.99,3.99,false
2026-06-04T19:00:00,1001,Fort Lauderdale East,SKU009,Sparkling Water,beverages,grocery,2,5.49,10.98,false
2026-06-04T19:00:00,1001,Fort Lauderdale East,SKU010,Orange Juice,beverages,grocery,1,4.99,4.99,false
2026-06-04T19:00:00,1001,Fort Lauderdale East,SKU011,Frozen Pizza,frozen,frozen,1,6.99,6.99,false
2026-06-04T19:00:00,1001,Fort Lauderdale East,SKU012,Ice Cream,frozen,frozen,2,5.99,11.98,false
2026-06-04T19:00:00,1001,Fort Lauderdale East,SKU013,Peanut Butter,grocery,grocery,1,3.49,3.49,false
2026-06-04T19:00:00,1002,Pembroke Pines,SKU001,Bananas,produce,produce,13,0.69,8.97,false
2026-06-04T19:00:00,1002,Pembroke Pines,SKU002,Avocados,produce,produce,4,1.49,5.96,false
2026-06-04T19:00:00,1002,Pembroke Pines,SKU003,Whole Milk,dairy,dairy,2,4.29,8.58,false
2026-06-04T19:00:00,1002,Pembroke Pines,SKU004,Greek Yogurt,dairy,dairy,2,1.39,2.78,false
2026-06-04T19:00:00,1002,Pembroke Pines,SKU005,Chicken Breast,meat,meat,2,8.49,16.98,false
2026-06-04T19:00:00,1002,Pembroke Pines,SKU006,Ground Beef,meat,meat,3,7.99,23.97,false
2026-06-04T19:00:00,1002,Pembroke Pines,SKU007,Italian Bread,bakery,bakery,1,3.99,3.99,false
2026-06-04T19:00:00,1002,Pembroke Pines,SKU008,Croissants,bakery,bakery,2,4.99,9.98,false
2026-06-04T19:00:00,1002,Pembroke Pines,SKU009,Sparkling Water,beverages,grocery,3,5.49,16.47,false
2026-06-04T19:00:00,1002,Pembroke Pines,SKU011,Frozen Pizza,frozen,frozen,1,6.99,6.99,false
2026-06-04T19:00:00,1002,Pembroke Pines,SKU012,Ice Cream,frozen,frozen,2,5.99,11.98,false
2026-06-04T19:00:00,1002,Pembroke Pines,SKU013,Peanut Butter,grocery,grocery,3,3.49,10.47,false
2026-06-04T19:00:00,1002,Pembroke Pines,SKU014,Pasta,grocery,grocery,1,1.89,1.89,false
2026-06-04T19:00:00,1002,Pembroke Pines,SKU015,Paper Towels,household,grocery,1,12.99,12.99,false
2026-06-04T19:00:00,1003,Davie,SKU001,Bananas,produce,produce,9,0.69,6.21,false
2026-06-04T19:00:00,1003,Davie,SKU002,Avocados,produce,produce,1,1.49,1.49,false
2026-06-04T19:00:00,1003,Davie,SKU003,Whole Milk,dairy,dairy,2,4.29,8.58,false
2026-06-04T19:00:00,1003,Davie,SKU004,Greek Yogurt,dairy,dairy,3,1.39,4.17,false
2026-06-04T19:00:00,1003,Davie,SKU005,Chicken Breast,meat,meat,1,8.49,8.49,false
2026-06-04T19:00:00,1003,Davie,SKU006,Ground Beef,meat,meat,1,7.99,7.99,false
2026-06-04T19:00:00,1003,Davie,SKU007,Italian Bread,bakery,bakery,2,3.99,7.98,false
2026-06-04T19:00:00,1003,Davie,SKU008,Croissants,bakery,bakery,1,4.99,4.99,false
2026-06-04T19:00:00,1003,Davie,SKU009,Sparkling Water,beverages,grocery,1,5.49,5.49,false
2026-06-04T19:00:00,1003,Davie,SKU011,Frozen Pizza,frozen,frozen,1,6.99,6.99,false
2026-06-04T19:00:00,1003,Davie,SKU012,Ice Cream,frozen,frozen,1,5.99,5.99,false
2026-06-04T19:00:00,1003,Davie,SKU013,Peanut Butter,grocery,grocery,1,3.49,3.49,false
2026-06-04T19:00:00,1003,Davie,SKU015,Paper Towels,household,grocery,1,12.99,12.99,false
2026-06-04T20:00:00,1001,Fort Lauderdale East,SKU001,Bananas,produce,produce,8,0.69,5.52,false
2026-06-04T20:00:00,1001,Fort Lauderdale East,SKU002,Avocados,produce,produce,5,1.49,7.45,false
2026-06-04T20:00:00,1001,Fort Lauderdale East,SKU003,Whole Milk,dairy,dairy,4,4.29,17.16,false
2026-06-04T20:00:00,1001,Fort Lauderdale East,SKU004,Greek Yogurt,dairy,dairy,3,1.39,4.17,false
2026-06-04T20:00:00,1001,Fort Lauderdale East,SKU005,Chicken Breast,meat,meat,2,8.49,16.98,false
2026-06-04T20:00:00,1001,Fort Lauderdale East,SKU007,Italian Bread,bakery,bakery,1,3.99,3.99,false
2026-06-04T20:00:00,1001,Fort Lauderdale East,SKU009,Sparkling Water,beverages,grocery,1,5.49,5.49,false
2026-06-04T20:00:00,1001,Fort Lauderdale East,SKU010,Orange Juice,beverages,grocery,2,4.99,9.98,false
2026-06-04T20:00:00,1001,Fort Lauderdale East,SKU011,Frozen Pizza,frozen,frozen,3,6.99,20.97,false
2026-06-04T20:00:00,1001,Fort Lauderdale East,SKU015,Paper Towels,household,grocery,3,12.99,38.97,false
2026-06-04T20:00:00,1002,Pembroke Pines,SKU001,Bananas,produce,produce,10,0.69,6.90,false
2026-06-04T20:00:00,1002,Pembroke Pines,SKU002,Avocados,produce,produce,4,1.49,5.96,false
2026-06-04T20:00:00,1002,Pembroke Pines,SKU003,Whole Milk,dairy,dairy,2,4.29,8.58,false
2026-06-04T20:00:00,1002,Pembroke Pines,SKU004,Greek Yogurt,dairy,dairy,2,1.39,2.78,false
2026-06-04T20:00:00,1002,Pembroke Pines,SKU005,Chicken Breast,meat,meat,2,8.49,16.98,false
2026-06-04T20:00:00,1002,Pembroke Pines,SKU007,Italian Bread,bakery,bakery,1,3.99,3.99,false
2026-06-04T20:00:00,1002,Pembroke Pines,SKU008,Croissants,bakery,bakery,1,4.99,4.99,false
2026-06-04T20:00:00,1002,Pembroke Pines,SKU009,Sparkling Water,beverages,grocery,1,5.49,5.49,false
2026-06-04T20:00:00,1002,Pembroke Pines,SKU010,Orange Juice,beverages,grocery,2,4.99,9.98,false
2026-06-04T20:00:00,1002,Pembroke Pines,SKU011,Frozen Pizza,frozen,frozen,1,6.99,6.99,false
2026-06-04T20:00:00,1002,Pembroke Pines,SKU015,Paper Towels,household,grocery,2,12.99,25.98,false
2026-06-04T20:00:00,1003,Davie,SKU001,Bananas,produce,produce,9,0.69,6.21,false
2026-06-04T20:00:00,1003,Davie,SKU002,Avocados,produce,produce,3,1.49,4.47,false
2026-06-04T20:00:00,1003,Davie,SKU003,Whole Milk,dairy,dairy,4,4.29,17.16,false
2026-06-04T20:00:00,1003,Davie,SKU004,Greek Yogurt,dairy,dairy,3,1.39,4.17,false
2026-06-04T20:00:00,1003,Davie,SKU005,Chicken Breast,meat,meat,2,8.49,16.98,false
2026-06-04T20:00:00,1003,Davie,SKU007,Italian Bread,bakery,bakery,3,3.99,11.97,false
2026-06-04T20:00:00,1003,Davie,SKU009,Sparkling Water,beverages,grocery,1,5.49,5.49,false
2026-06-04T20:00:00,1003,Davie,SKU011,Frozen Pizza,frozen,frozen,2,6.99,13.98,false
2026-06-04T20:00:00,1003,Davie,SKU012,Ice Cream,frozen,frozen,1,5.99,5.99,false
2026-06-04T21:00:00,1001,Fort Lauderdale East,SKU001,Bananas,produce,produce,11,0.69,7.59,false
2026-06-04T21:00:00,1001,Fort Lauderdale East,SKU002,Avocados,produce,produce,1,1.49,1.49,false
2026-06-04T21:00:00,1001,Fort Lauderdale East,SKU003,Whole Milk,dairy,dairy,4,4.29,17.16,false
2026-06-04T21:00:00,1001,Fort Lauderdale East,SKU004,Greek Yogurt,dairy,dairy,3,1.39,4.17,false
2026-06-04T21:00:00,1001,Fort Lauderdale East,SKU005,Chicken Breast,meat,meat,2,8.49,16.98,false
2026-06-04T21:00:00,1001,Fort Lauderdale East,SKU006,Ground Beef,meat,meat,2,7.99,15.98,false
2026-06-04T21:00:00,1001,Fort Lauderdale East,SKU007,Italian Bread,bakery,bakery,3,3.99,11.97,false
2026-06-04T21:00:00,1001,Fort Lauderdale East,SKU008,Croissants,bakery,bakery,2,4.99,9.98,false
2026-06-04T21:00:00,1001,Fort Lauderdale East,SKU009,Sparkling Water,beverages,grocery,2,5.49,10.98,false
2026-06-04T21:00:00,1001,Fort Lauderdale East,SKU010,Orange Juice,beverages,grocery,1,4.99,4.99,false
2026-06-04T21:00:00,1001,Fort Lauderdale East,SKU011,Frozen Pizza,frozen,frozen,1,6.99,6.99,false
2026-06-04T21:00:00,1001,Fort Lauderdale East,SKU012,Ice Cream,frozen,frozen,1,5.99,5.99,false
2026-06-04T21:00:00,1001,Fort Lauderdale East,SKU014,Pasta,grocery,grocery,1,1.89,1.89,false
2026-06-04T21:00:00,1002,Pembroke Pines,SKU001,Bananas,produce,produce,9,0.69,6.21,false
2026-06-04T21:00:00,1002,Pembroke Pines,SKU002,Avocados,produce,produce,3,1.49,4.47,false
2026-06-04T21:00:00,1002,Pembroke Pines,SKU003,Whole Milk,dairy,dairy,2,4.29,8.58,false
2026-06-04T21:00:00,1002,Pembroke Pines,SKU005,Chicken Breast,meat,meat,2,8.49,16.98,false
2026-06-04T21:00:00,1002,Pembroke Pines,SKU006,Ground Beef,meat,meat,2,7.99,15.98,false
2026-06-04T21:00:00,1002,Pembroke Pines,SKU007,Italian Bread,bakery,bakery,2,3.99,7.98,false
2026-06-04T21:00:00,1002,Pembroke Pines,SKU008,Croissants,bakery,bakery,1,4.99,4.99,false
2026-06-04T21:00:00,1002,Pembroke Pines,SKU010,Orange Juice,beverages,grocery,2,4.99,9.98,false
2026-06-04T21:00:00,1002,Pembroke Pines,SKU011,Frozen Pizza,frozen,frozen,1,6.99,6.99,false
2026-06-04T21:00:00,1002,Pembroke Pines,SKU012,Ice Cream,frozen,frozen,2,5.99,11.98,false
2026-06-04T21:00:00,1003,Davie,SKU001,Bananas,produce,produce,10,0.69,6.90,false
2026-06-04T21:00:00,1003,Davie,SKU002,Avocados,produce,produce,3,1.49,4.47,false
2026-06-04T21:00:00,1003,Davie,SKU003,Whole Milk,dairy,dairy,4,4.29,17.16,false
2026-06-04T21:00:00,1003,Davie,SKU005,Chicken Breast,meat,meat,2,8.49,16.98,false
2026-06-04T21:00:00,1003,Davie,SKU007,Italian Bread,bakery,bakery,3,3.99,11.97,false
2026-06-04T21:00:00,1003,Davie,SKU008,Croissants,bakery,bakery,1,4.99,4.99,false
2026-06-04T21:00:00,1003,Davie,SKU009,Sparkling Water,beverages,grocery,3,5.49,16.47,false
2026-06-04T21:00:00,1003,Davie,SKU010,Orange Juice,beverages,grocery,3,4.99,14.97,false
2026-06-04T21:00:00,1003,Davie,SKU013,Peanut Butter,grocery,grocery,2,3.49,6.98,false
